cluster_id,year,n_hotspot,total_frp,burned_ha_raw,lat,lon,date,burned_ha,emission_tco2,claimable_emission_tco2,loss_idr,grid_lat,grid_lon,grid_id
0,2012,390,2320.610107421875,130227.13225538353,1.6431539058685303,118.03964233398438,2012-01-20,808.2689604759017,1927.2066821424562,1349.0446774997192,33726116.93749298,1.6,118.0,1.6_118.0
1,2012,180,1470.2099609375,18594.50806193656,2.4244487285614014,117.91838073730469,2012-01-20,115.40885099357574,275.17660542382475,192.62362379667732,4815590.594916933,2.4000000000000004,117.9,2.4000000000000004_117.9
2,2012,867,10335.279296875,435388.92489340785,2.096963882446289,117.27882385253906,2012-01-20,2702.2890516869793,6443.23829338343,4510.2668053684,112756670.13421,2.1,117.30000000000001,2.1_117.30000000000001
3,2012,1371,9521.279296875,584415.5729457126,-2.0811498165130615,116.14971160888672,2012-01-20,3627.2392661186955,8648.655451617911,6054.058816132538,151351470.40331343,-2.1,116.10000000000001,-2.1_116.10000000000001
4,2012,5553,89889.140625,4497148.772559489,-1.2804462909698486,114.69415283203125,2012-01-20,27912.04644185713,66552.4535092195,46586.71745645365,1164667936.4113412,-1.3,114.7,-1.3_114.7
5,2012,4004,35842.76171875,3714689.423623604,-0.2568519711494446,116.64424896240234,2012-01-20,23055.62678778067,54972.9857004923,38481.08999034461,962027249.7586153,-0.30000000000000004,116.60000000000001,-0.30000000000000004_116.60000000000001
6,2012,211,1710.2099609375,59641.651316622534,0.6678674817085266,117.25879669189453,2012-01-20,370.1724416093011,882.6255094521881,617.8378566165317,15445946.415413292,0.7000000000000001,117.30000000000001,0.7000000000000001_117.30000000000001
7,2012,730,9393.3701171875,364359.23938691657,0.7776278853416443,116.79859924316406,2012-01-20,2261.4355285158235,5392.083421369974,3774.4583949589814,94361459.87397453,0.8,116.80000000000001,0.8_116.80000000000001
8,2012,2039,12424.189453125,234291.9152766965,-2.281177282333374,113.96453094482422,2012-01-29,1454.1584347971004,3467.241709720884,2427.0691968046185,60676729.92011546,-2.3000000000000003,114.0,-2.3000000000000003_114.0
9,2012,3,46.630001068115234,371.6537040911904,0.759636640548706,117.69225311279297,2012-01-30,2.3067094226855063,5.50003282390431,3.8500229767330167,96250.57441832541,0.8,117.7,0.8_117.7
10,2012,862,10753.75,448825.46024344227,0.22477315366268158,116.09940338134766,2012-01-30,2785.68438007732,6642.08303689393,4649.45812582575,116236453.14564376,0.2,116.10000000000001,0.2_116.10000000000001
11,2012,221,3150.56005859375,50410.03501964078,1.2329355478286743,117.02428436279297,2012-01-30,312.87540389798056,746.0085671422805,522.2059969995963,13055149.924989909,1.2000000000000002,117.0,1.2000000000000002_117.0
12,2012,73,504.1200256347656,47695.79730517211,1.1789731979370117,117.7557373046875,2012-01-30,296.02919022527345,705.8410769299569,494.0887538509698,12352218.846274246,1.2000000000000002,117.80000000000001,1.2000000000000002_117.80000000000001
13,2012,78,462.01995849609375,38355.7643722848,0.9072548151016235,117.92687225341797,2012-01-30,238.05925278803537,567.6196973453128,397.33378814171897,9933344.703542974,0.9,117.9,0.9_117.9
14,2012,453,3301.72998046875,320305.1098247428,-1.4203720092773438,116.42231750488281,2012-01-31,1988.008748019266,4740.134696109757,3318.0942872768296,82952357.18192074,-1.4000000000000001,116.4,-1.4000000000000001_116.4
15,2012,8,8.84000015258789,192.684145708697,-0.7440462708473206,117.56359100341797,2012-02-02,1.195915255560866,2.8514962029916036,1.9960473420941223,49901.18355235305,-0.7000000000000001,117.60000000000001,-0.7000000000000001_117.60000000000001
16,2012,17,403.94000244140625,3442.0553378470495,0.03665882349014282,115.88431549072266,2012-02-04,21.363493472053726,50.938325466571236,35.656827826599866,891420.6956649966,0.0,115.9,0.0_115.9
17,2012,61,380.800048828125,61379.69462161341,-1.1079894304275513,116.88259887695312,2012-02-04,380.959797754349,908.3464833630829,635.842538354158,15896063.45885395,-1.1,116.9,-1.1_116.9
18,2012,10,82.86000061035156,1176.627551418027,-0.04185200110077858,117.01997375488281,2012-02-06,7.3028677770998,17.412688432997392,12.188881903098174,304722.04757745436,-0.0,117.0,-0.0_117.0
19,2012,194,809.4000244140625,21164.841003913552,1.4315544366836548,117.94883728027344,2012-02-07,131.36190393353115,313.21447614491757,219.25013330144228,5481253.332536057,1.4000000000000001,117.9,1.4000000000000001_117.9
20,2012,389,2315.780029296875,100560.56975113275,-2.1430633068084717,114.84302520751953,2012-02-15,624.1401908337914,1488.1768386358974,1041.7237870451281,26043094.6761282,-2.1,114.80000000000001,-2.1_114.80000000000001
21,2012,103,839.7799682617188,37170.48216116539,1.5112532377243042,117.17605590820312,2012-02-23,230.70266891753047,550.0789302414631,385.0552511690242,9626381.279225605,1.5,117.2,1.5_117.2
22,2012,3,19.3799991607666,1950.6782934614812,0.8319933414459229,117.82048797607422,2012-02-23,12.107098491480745,28.867718859821544,20.207403201875078,505185.0800468769,0.8,117.80000000000001,0.8_117.80000000000001
23,2012,140,546.0999755859375,4484.740738350198,1.229610562324524,118.04436492919922,2012-02-24,27.835034618451346,66.36882935942633,46.458180551598424,1161454.5137899606,1.2000000000000002,118.0,1.2000000000000002_118.0
24,2012,27,165.4099884033203,2550.1159333467467,-1.899032711982727,113.53614807128906,2012-02-25,15.827573861467725,37.73868303684949,26.41707812579464,660426.9531448659,-1.9000000000000001,113.5,-1.9000000000000001_113.5
25,2012,127,1379.260009765625,74086.02708263411,-1.478035807609558,113.57205963134766,2012-02-29,459.8230419329126,1096.3850925246572,767.4695647672601,19186739.119181503,-1.5,113.60000000000001,-1.5_113.60000000000001
26,2012,82,1093.5,18374.213519571087,-1.799652338027954,113.95362854003906,2012-02-29,114.04156878692255,271.91650818653255,190.34155573057276,4758538.893264319,-1.8,114.0,-1.8_114.0
27,2012,3,7.609999656677246,784.2968968932752,0.9856166839599609,117.6805419921875,2012-03-07,4.867824596745637,11.606661333155696,8.124662933208986,203116.57333022467,1.0,117.7,1.0_117.7
28,2012,13,120.30999755859375,8110.805795998189,-1.5854837894439697,114.47982788085938,2012-03-07,50.340604571535934,120.03027984178993,84.02119588925295,2100529.8972313236,-1.6,114.5,-1.6_114.5
29,2012,13,602.1300048828125,5088.348578339847,-1.3725491762161255,113.95979309082031,2012-03-18,31.581392792159573,75.30150753850478,52.711055276953346,1317776.3819238336,-1.4000000000000001,114.0,-1.4000000000000001_114.0
30,2012,6,63.980003356933594,878.9342710988154,-2.478749990463257,116.3018798828125,2012-03-20,5.45520182564195,13.007181921996303,9.105027345397412,227625.6836349353,-2.5,116.30000000000001,-2.5_116.30000000000001
31,2012,42,56.19999694824219,1137.1546362261581,0.6021157503128052,117.43265533447266,2012-03-22,7.05787480538544,16.828536232116324,11.779975362481427,294499.38406203565,0.6000000000000001,117.4,0.6000000000000001_117.4
32,2012,31,348.3800354003906,2791.7975150178486,-1.6681938171386719,113.63667297363281,2012-03-24,17.32759707015201,41.31528302089812,28.92069811462868,723017.452865717,-1.7000000000000002,113.60000000000001,-1.7000000000000002_113.60000000000001
33,2012,4,12.959999084472656,991.4511896366587,-2.033412456512451,116.44194030761719,2012-03-24,6.153550404831942,14.672298503347157,10.270608952343009,256765.22380857522,-2.0,116.4,-2.0_116.4
34,2012,208,2727.2802734375,42526.39223476218,-1.9754741191864014,114.19540405273438,2012-04-07,263.9447114367423,629.3400297068789,440.5380207948152,11013450.51987038,-2.0,114.2,-2.0_114.2
35,2012,35,175.71998596191406,9442.092284879585,0.8808982968330383,117.16842651367188,2012-04-12,58.603379984217234,139.73173661799206,97.81221563259443,2445305.390814861,0.9,117.2,0.9_117.2
36,2012,29,243.37998962402344,10353.410694625945,-1.9448118209838867,114.36294555664062,2012-04-24,64.25957751349817,153.21816527848355,107.25271569493849,2681317.892373462,-1.9000000000000001,114.4,-1.9000000000000001_114.4
37,2012,14,79.7099838256836,979.7200879305063,-0.4551413953304291,117.5984115600586,2012-04-24,6.080740037153153,14.498692149544839,10.149084504681387,253727.11261703467,-0.5,117.60000000000001,-0.5_117.60000000000001
38,2012,82,2266.530029296875,26204.078832529485,-1.473968744277954,113.81465911865234,2012-04-29,162.63848547829494,387.78920299345566,271.4524420954189,6786311.052385473,-1.5,113.80000000000001,-1.5_113.80000000000001
39,2012,15,97.79000854492188,7851.530524228306,1.3565374612808228,117.63658142089844,2012-05-01,48.73138419816871,116.19331416792926,81.33531991755048,2033382.997938762,1.4000000000000001,117.60000000000001,1.4000000000000001_117.60000000000001
40,2012,23,185.8300018310547,13801.062292740637,-1.7734382152557373,114.48545837402344,2012-05-05,85.65780478787667,204.2393087415508,142.96751611908553,3574187.9029771383,-1.8,114.5,-1.8_114.5
41,2012,2543,14135.9697265625,113452.75712308486,-2.414597988128662,114.37169647216797,2012-05-11,704.156963874246,1678.9658794475645,1175.2761156132951,29381902.89033238,-2.4000000000000004,114.4,-2.4000000000000004_114.4
42,2012,35,502.26995849609375,7912.80439487091,-0.6102303266525269,116.78561401367188,2012-05-11,49.111687187806154,117.1000945822563,81.9700662075794,2049251.6551894853,-0.6000000000000001,116.80000000000001,-0.6000000000000001_116.80000000000001
43,2012,38,360.2399597167969,7057.406588137768,-0.8094289898872375,116.24051666259766,2012-05-15,43.802567006262876,104.44122434165818,73.10885703916072,1827721.4259790182,-0.8,116.2,-0.8_116.2
44,2012,23,229.6300048828125,11642.44039766726,-1.640550971031189,114.3203353881836,2012-05-16,72.26008155636204,172.29427187898523,120.60599031528965,3015149.757882241,-1.6,114.30000000000001,-1.6_114.30000000000001
45,2012,104,1340.889892578125,65896.8050893358,0.8481979966163635,114.61238098144531,2012-05-17,408.9957386436936,975.1943462208659,682.636042354606,17065901.058865152,0.8,114.60000000000001,0.8_114.60000000000001
46,2012,8,49.349998474121094,733.345664123872,0.8489087224006653,118.8228759765625,2012-05-17,4.55159018973489,10.852643682947244,7.59685057806307,189921.26445157675,0.8,118.80000000000001,0.8_118.80000000000001
119,2012,5,16.190000534057617,1087.6847096268887,-0.6145939230918884,116.4409408569336,2012-05-17,6.7508342873711324,16.096440151552684,11.26750810608688,281687.70265217195,-0.6000000000000001,116.4,-0.6000000000000001_116.4
47,2012,138,1252.659912109375,23807.54664578756,2.2366943359375,117.9552001953125,2012-05-22,147.76414596257655,352.32337675379677,246.62636372765772,6165659.093191443,2.2,118.0,2.2_118.0
48,2012,64,662.7900390625,17343.670930217577,1.6771496534347534,117.02816772460938,2012-05-27,107.64539332796038,256.66570345760965,179.66599242032675,4491649.810508168,1.7000000000000002,117.0,1.7000000000000002_117.0
49,2012,3,4.400000095367432,275.6174914082714,2.307530164718628,117.2594223022461,2012-05-28,1.7106501495607491,4.078811089195303,2.8551677624367118,71379.1940609178,2.3000000000000003,117.30000000000001,2.3000000000000003_117.30000000000001
50,2012,5,44.72999954223633,1108.0376792054988,-0.6200779676437378,116.6933822631836,2012-05-28,6.877157222377027,16.397639896137537,11.478347927296275,286958.6981824069,-0.6000000000000001,116.7,-0.6000000000000001_116.7
51,2012,318,1037.2900390625,9487.617442279567,-0.6906535029411316,115.50511932373047,2012-06-14,58.88593686011484,140.40545480580238,98.28381836406166,2457095.4591015414,-0.7000000000000001,115.5,-0.7000000000000001_115.5
52,2012,3,10.269999504089355,980.1892461012544,-1.932003378868103,114.49758911132812,2012-06-15,6.083651918728075,14.505635132516117,10.153944592761281,253848.61481903202,-1.9000000000000001,114.5,-1.9000000000000001_114.5
53,2012,4,111.7300033569336,623.2479122503327,-1.7424649000167847,113.88068389892578,2012-06-15,3.868256433424821,9.223327891185457,6.45632952382982,161408.2380957455,-1.7000000000000002,113.9,-1.7000000000000002_113.9
54,2012,4,21.760000228881836,1301.5628411382982,1.0474023818969727,117.97903442382812,2012-06-16,8.078292337251584,19.26158213905039,13.483107497335272,337077.6874333818,1.0,118.0,1.0_118.0
55,2012,199,2655.849853515625,69756.19344299404,0.2645077407360077,115.4292984008789,2012-06-16,432.94945519000254,1032.308703999757,722.6160927998299,18065402.319995746,0.30000000000000004,115.4,0.30000000000000004_115.4
56,2012,39,331.3700256347656,19250.90440017439,0.3735577166080475,116.60552215576172,2012-06-17,119.48284676372943,284.8904905971926,199.4233434180348,4985583.58545087,0.4,116.60000000000001,0.4_116.60000000000001
57,2012,25,232.5399932861328,12135.450208805316,0.8549278974533081,117.6984634399414,2012-06-17,75.32000094989921,179.59023076199117,125.7131615333938,3142829.038334845,0.9,117.7,0.9_117.7
58,2012,11,132.5699920654297,3373.2149465730613,-1.4202227592468262,114.63027954101562,2012-06-17,20.93622804333597,49.91956954553662,34.94369868187563,873592.4670468908,-1.4000000000000001,114.60000000000001,-1.4000000000000001_114.60000000000001
59,2012,3,2.5399999618530273,107.08143986561207,0.1437000036239624,117.283203125,2012-06-18,0.6646126854479903,1.5846779612542072,1.109274572877945,27731.864321948622,0.1,117.30000000000001,0.1_117.30000000000001
60,2012,23,132.8199920654297,2456.2733483303214,1.3559134006500244,118.43394470214844,2012-06-18,15.24512957872908,36.34992438278874,25.444947067952118,636123.676698803,1.4000000000000001,118.4,1.4000000000000001_118.4
61,2012,10,70.5,1564.1499541911087,-1.7281110286712646,115.0060806274414,2012-06-20,9.708068016296297,23.147559125224504,16.203291387657153,405082.2846914288,-1.7000000000000002,115.0,-1.7000000000000002_115.0
62,2012,6,84.7699966430664,1397.346796642222,0.9653916358947754,118.93569946289062,2012-06-20,8.672785948564492,20.679070767512197,14.475349537258538,361883.7384314634,1.0,118.9,1.0_118.9
63,2012,3,35.38999938964844,245.0129120777566,-1.7176433801651,114.83284759521484,2012-06-27,1.5206994757428907,3.6258997122154204,2.538129798550794,63453.24496376985,-1.7000000000000002,114.80000000000001,-1.7000000000000002_114.80000000000001
64,2012,38,1392.030029296875,3865.907860700579,-1.468279242515564,113.97201538085938,2012-06-27,23.994180580866633,57.21083872966271,40.04758711076389,1001189.6777690973,-1.5,114.0,-1.5_114.0
65,2012,38,285.2400207519531,8230.414643819247,-0.3615797162055969,115.92656707763672,2012-07-01,51.082969986620554,121.80034854231279,85.26024397961895,2131506.0994904735,-0.4,115.9,-0.4_115.9
66,2012,16,79.54999542236328,12916.518963764012,0.9450012445449829,118.13978576660156,2012-07-03,80.1677897301407,191.14911943364785,133.8043836035535,3345109.590088838,0.9,118.10000000000001,0.9_118.10000000000001
67,2012,5,181.4099884033203,160.99962404576044,-1.3447339534759521,114.73067474365234,2012-07-04,0.9992618013678038,2.3826029638350263,1.6678220746845183,41695.551867112954,-1.3,114.7,-1.3_114.7
68,2012,5,13.8100004196167,1062.5696343726129,-0.8041200637817383,116.0315933227539,2012-07-22,6.5949548218828005,15.724766906397967,11.007336834478576,275183.4208619644,-0.8,116.0,-0.8_116.0
69,2012,13,139.4600067138672,6956.392418897444,-1.5909955501556396,114.57176971435547,2012-07-23,43.17561150051543,102.94633477003457,72.0624343390242,1801560.8584756048,-1.6,114.60000000000001,-1.6_114.60000000000001
70,2012,22,259.6499938964844,6723.885370519267,-1.5473271608352661,115.81449890136719,2012-07-29,41.73253103762532,99.50550696772288,69.653854877406,1741346.3719351501,-1.5,115.80000000000001,-1.5_115.80000000000001
71,2012,13,120.06999969482422,4579.205384562453,-1.7800862789154053,114.26017761230469,2012-07-29,28.421339792137967,67.76679377938656,47.43675564557059,1185918.891139265,-1.8,114.30000000000001,-1.8_114.30000000000001
72,2012,3,7.8600006103515625,734.9691345003368,1.2903733253479004,118.35140991210938,2012-07-29,4.561666436449556,10.876669113774115,7.61366837964188,190341.70949104702,1.3,118.4,1.3_118.4
73,2012,5,175.75,382.2715098363183,-1.5190179347991943,114.6672134399414,2012-07-29,2.3726099970398558,5.65716372149309,3.9600146050451626,99000.36512612907,-1.5,114.7,-1.5_114.7
74,2012,4,17.6200008392334,164.77168212631437,1.3309299945831299,117.19292449951172,2012-07-29,1.0226734930085681,2.4384249374312583,1.7068974562018808,42672.43640504702,1.3,117.2,1.3_117.2
75,2012,5,16.030000686645508,721.9673904242665,2.3021037578582764,117.12068939208984,2012-07-30,4.480969687724947,10.684258764034013,7.478981134823808,186974.52837059522,2.3000000000000003,117.10000000000001,2.3000000000000003_117.10000000000001
76,2012,3,23.579999923706055,341.50745333837506,-1.1937066316604614,114.48989868164062,2012-07-30,2.1196034153871186,5.053904164797898,3.5377329153585286,88443.32288396322,-1.2000000000000002,114.5,-1.2000000000000002_114.5
77,2012,72,2101.60986328125,15692.454659305993,1.4286772012710571,115.36851501464844,2012-07-30,97.3969386803274,232.22966639029107,162.56076647320373,4064019.1618300932,1.4000000000000001,115.4,1.4000000000000001_115.4
78,2012,17,108.4000015258789,2422.328208102864,0.6899135112762451,116.50801086425781,2012-08-01,15.034445347803606,35.84757667736338,25.093303674154363,627332.5918538591,0.7000000000000001,116.5,0.7000000000000001_116.5
79,2012,6,16.739999771118164,230.79154699715184,-2.3584768772125244,116.16475677490234,2012-08-01,1.4324330156652252,3.415440422067028,2.390808295446919,59770.20738617298,-2.4000000000000004,116.2,-2.4000000000000004_116.2
80,2012,5,31.23000144958496,1732.691062808922,2.0478057861328125,116.4734878540039,2012-08-01,10.754136867699915,25.641767091863652,17.949236964304557,448730.9241076139,2.0,116.5,2.0_116.5
81,2012,95,1944.8800048828125,24509.32059327973,1.746532917022705,114.93213653564453,2012-08-02,152.11978283490055,362.70879657789396,253.89615760452577,6347403.940113144,1.7000000000000002,114.9,1.7000000000000002_114.9
82,2012,14,64.81999969482422,6142.738143712142,-2.1827385425567627,116.44706726074219,2012-08-02,38.125577119806636,90.90521915200966,63.63365340640676,1590841.335160169,-2.2,116.4,-2.2_116.4
83,2012,23,329.83001708984375,6765.652833663753,0.7630195617675781,114.26659393310547,2012-08-02,41.991765372535696,100.12361574946537,70.08653102462576,1752163.275615644,0.8,114.30000000000001,0.8_114.30000000000001
84,2012,7,101.91000366210938,594.6599615606275,1.6813029050827026,115.10079193115234,2012-08-03,3.6908221861529813,8.800260219773373,6.160182153841361,154004.55384603402,1.7000000000000002,115.10000000000001,1.7000000000000002_115.10000000000001
85,2012,32,315.16998291015625,4879.951391774376,1.4265575408935547,115.72499084472656,2012-08-03,30.28795282742893,72.2174770178829,50.55223391251803,1263805.8478129506,1.4000000000000001,115.7,1.4000000000000001_115.7
86,2012,4,35.79999923706055,201.92010873810815,1.2802624702453613,118.63845825195312,2012-08-03,1.253239271743119,2.988177471772027,2.091724230240419,52293.105756010475,1.3,118.60000000000001,1.3_118.60000000000001
87,2012,3,25.40999984741211,674.2834217358668,1.965256690979004,115.16443634033203,2012-08-03,4.185013913105292,9.978592736564867,6.985014915595406,174625.37288988516,2.0,115.2,2.0_115.2
88,2012,61,671.0999755859375,16970.89367872743,0.4947722554206848,115.2370834350586,2012-08-04,105.33171048527804,251.14904346840214,175.8043304278815,4395108.260697037,0.5,115.2,0.5_115.2
89,2012,3,52.470001220703125,653.7625679270178,0.05089333653450012,115.45897674560547,2012-08-04,4.057648986235603,9.674908505032176,6.772435953522523,169310.89883806306,0.1,115.5,0.1_115.5
90,2012,12,65.16000366210938,3704.137910821264,-1.63510000705719,115.7356185913086,2012-08-04,22.990137667836983,54.81683585961657,38.3717851017316,959294.6275432899,-1.6,115.7,-1.6_115.7
91,2012,29,223.66000366210938,5518.962938373881,-1.3284199237823486,116.46957397460938,2012-08-05,34.25404798407574,81.67408795021679,57.171861565151744,1429296.5391287936,-1.3,116.5,-1.3_116.5
92,2012,6,69.9000015258789,476.303474217521,1.407436728477478,118.1331787109375,2012-08-05,2.9562296835492297,7.048724964929315,4.93410747545052,123352.68688626299,1.4000000000000001,118.10000000000001,1.4000000000000001_118.10000000000001
93,2012,25,355.19000244140625,6308.249595546568,2.2158656120300293,117.21104431152344,2012-08-06,39.152842074537595,93.35459180133498,65.34821426093448,1633705.356523362,2.2,117.2,2.2_117.2
94,2012,7,26.719999313354492,428.8167980662914,2.156761407852173,117.31963348388672,2012-08-06,2.661498426671511,6.345978632376168,4.442185042663318,111054.62606658295,2.2,117.30000000000001,2.2_117.30000000000001
95,2012,6,23.149999618530273,601.421538811201,0.0939316675066948,116.67945098876953,2012-08-06,3.7327886559726577,8.900323521740072,6.23022646521805,155755.66163045124,0.1,116.7,0.1_116.7
96,2012,12,66.43000030517578,653.6090194477473,-0.5763091444969177,117.51302337646484,2012-08-06,4.056695970780427,9.672636170149591,6.770845319104714,169271.13297761785,-0.6000000000000001,117.5,-0.6000000000000001_117.5
97,2012,8,148.30999755859375,1095.4994734329443,1.6913824081420898,117.18968200683594,2012-08-07,6.799337474905804,16.212089362017217,11.348462553412052,283711.5638353013,1.7000000000000002,117.2,1.7000000000000002_117.2
98,2012,50,540.2899780273438,15065.320209648067,-2.4309592247009277,115.9301528930664,2012-08-08,93.5045600267793,222.94882236761603,156.06417565733122,3901604.3914332804,-2.4000000000000004,115.9,-2.4000000000000004_115.9
99,2012,6,41.18000030517578,758.3881708310219,-1.3248167037963867,113.85601806640625,2012-08-08,4.707019250586855,11.223242999908104,7.8562700999356725,196406.7524983918,-1.3,113.9,-1.3_113.9
100,2012,13,412.9400329589844,970.6527484401314,0.8345538377761841,113.68254852294922,2012-08-09,6.024462601435724,14.364506308603215,10.05515441602225,251378.86040055624,0.8,113.7,0.8_113.7
101,2012,19,133.6699981689453,3061.173279906442,0.9317026734352112,114.09074401855469,2012-08-09,18.999507260395056,45.30172398070105,31.71120678649073,792780.1696622683,0.9,114.10000000000001,0.9_114.10000000000001
102,2012,31,379.3199768066406,14699.165943358374,-0.6517009139060974,113.6068344116211,2012-08-09,91.2319834671772,217.53017468285682,152.27112227799978,3806778.0569499945,-0.7000000000000001,113.60000000000001,-0.7000000000000001_113.60000000000001
103,2012,3,21.46000099182129,677.0740008299329,1.3835865259170532,117.75785064697266,2012-08-09,4.202333947912351,10.019889988404712,7.013922991883298,175348.07479708246,1.4000000000000001,117.80000000000001,1.4000000000000001_117.80000000000001
104,2012,4,17.31999969482422,855.2501655711488,1.9336249828338623,115.06424713134766,2012-08-10,5.308203830499834,12.656685326985864,8.859679728890104,221491.99322225258,1.9000000000000001,115.10000000000001,1.9000000000000001_115.10000000000001
105,2012,32,788.02001953125,2816.754891848691,0.7529178261756897,116.41531372070312,2012-08-13,17.482497763102167,41.68462251693206,29.17923576185244,729480.894046311,0.8,116.4,0.8_116.4
106,2012,26,145.10000610351562,323.5434940897052,-2.2346367835998535,114.62079620361328,2012-08-13,2.008108134668813,4.788058931917557,3.3516412523422896,83791.03130855724,-2.2,114.60000000000001,-2.2_114.60000000000001
107,2012,4,60.47999954223633,191.84304964990204,2.3021252155303955,116.84394836425781,2012-08-13,1.1906949007444105,2.839048981611849,1.9873342871282942,49683.357178207356,2.3000000000000003,116.80000000000001,2.3000000000000003_116.80000000000001
108,2012,9,190.04998779296875,2624.986253991241,-0.8892188668251038,116.76483917236328,2012-08-14,16.292264707298134,38.84667474135277,27.19267231894694,679816.8079736735,-0.9,116.80000000000001,-0.9_116.80000000000001
109,2012,3,25.130001068115234,185.63606898905434,-2.0846335887908936,116.01522827148438,2012-08-16,1.152170595405344,2.7471930496079393,1.9230351347255574,48075.87836813893,-2.1,116.0,-2.1_116.0
110,2012,11,131.2100067138672,2127.8157258992983,0.8004881143569946,114.14042663574219,2012-08-16,13.206521368252002,31.489142195645684,22.042399536951976,551059.9884237994,0.8,114.10000000000001,0.8_114.10000000000001
111,2012,6,60.43000030517578,128.7186267969129,-2.499311685562134,116.47897338867188,2012-08-16,0.7989062561171879,1.9048825953775588,1.3334178167642912,33335.44541910728,-2.5,116.5,-2.5_116.5
112,2012,58,429.73004150390625,1603.023478535875,-2.056828498840332,113.9651870727539,2012-08-16,9.949340803065201,23.722841054406082,16.605988738084257,415149.7184521064,-2.1,114.0,-2.1_114.0
113,2012,6,38.53999710083008,1769.5927970885846,-1.665985107421875,114.6695556640625,2012-08-16,10.98317152345421,26.1878688730727,18.331508211150886,458287.70527877216,-1.7000000000000002,114.7,-1.7000000000000002_114.7
114,2012,254,2331.2900390625,4136.66436997891,-2.2789535522460938,114.54830932617188,2012-08-17,25.67466051240128,61.2177130643557,42.852399145048985,1071309.9786262247,-2.3000000000000003,114.5,-2.3000000000000003_114.5
115,2012,4,45.73999786376953,386.69360703778415,1.9271425008773804,116.77255249023438,2012-08-17,2.400056227685117,5.722605501006715,4.0058238507047,100145.5962676175,1.9000000000000001,116.80000000000001,1.9000000000000001_116.80000000000001
116,2012,3,57.75,150.70621043467528,1.8509365320205688,116.8708267211914,2012-08-17,0.9353746023249457,2.230272684040208,1.5611908788281454,39029.77197070364,1.9000000000000001,116.9,1.9000000000000001_116.9
117,2012,3,14.119999885559082,151.0932995133502,-1.8871999979019165,114.9683609008789,2012-08-18,0.9377771130906637,2.2360011420511214,1.5652007994357848,39130.01998589462,-1.9000000000000001,115.0,-1.9000000000000001_115.0
118,2012,4,21.899999618530273,549.1472873654882,2.4548375606536865,116.6621322631836,2012-08-19,3.408342788633553,8.126726768548817,5.688708737984172,142217.7184496043,2.5,116.7,2.5_116.7
120,2012,3,13.40000057220459,553.9184966645345,-1.7082332372665405,114.74304962158203,2012-08-23,3.4379558217516473,8.197334991918046,5.738134494342632,143453.3623585658,-1.7000000000000002,114.7,-1.7000000000000002_114.7
121,2012,3,15.770000457763672,271.0531275627595,-0.6284900307655334,116.58568572998047,2012-08-26,1.682320925406363,4.011263932543266,2.807884752780286,70197.11881950716,-0.6000000000000001,116.60000000000001,-0.6000000000000001_116.60000000000001
122,2012,19,144.1300048828125,1733.8011989906256,-2.0306742191314697,114.44891357421875,2012-09-01,10.7610270495079,25.658195787101075,17.960737050970753,449018.42627426883,-2.0,114.4,-2.0_114.4
123,2012,13,80.07999420166016,6513.985978107455,-0.6539515256881714,116.38619995117188,2012-09-02,40.42976746776866,96.39924558710369,67.47947191097258,1686986.7977743144,-0.7000000000000001,116.4,-0.7000000000000001_116.4
124,2012,45,473.4300231933594,10005.818035340264,0.0006395558593794703,114.322265625,2012-09-04,62.1022056008699,148.07420730261913,103.65194511183338,2591298.6277958346,0.0,114.30000000000001,0.0_114.30000000000001
125,2012,4,77.70999908447266,1078.7969357516824,0.29545748233795166,115.57402801513672,2012-09-04,6.69567134531256,15.964911668163536,11.175438167714475,279385.95419286186,0.30000000000000004,115.60000000000001,0.30000000000000004_115.60000000000001
126,2012,4,28.209999084472656,282.5554331903685,0.3220849931240082,115.50016784667969,2012-09-04,1.7537112451630146,4.181484376483483,2.927039063538438,73175.97658846095,0.30000000000000004,115.5,0.30000000000000004_115.5
127,2012,4,78.51000213623047,1040.5258046912804,-1.645512580871582,114.91328430175781,2012-09-04,6.458137378444842,15.39854444318222,10.778981110227553,269474.5277556888,-1.6,114.9,-1.6_114.9
128,2012,15,150.74998474121094,2010.8386032383016,0.6482407450675964,115.2118911743164,2012-09-04,12.48049004363334,29.758019897659654,20.830613928361757,520765.3482090439,0.6000000000000001,115.2,0.6000000000000001_115.2
129,2012,3,16.32000160217285,202.12642362183166,0.49599000811576843,115.88284301757812,2012-09-04,1.2545197876671808,2.9912306866870084,2.0938614806809057,52346.537017022645,0.5,115.9,0.5_115.9
130,2012,12,74.38999938964844,5297.572389584552,-1.0219908952713013,115.74065399169922,2012-09-05,32.87996329350433,78.39777112129927,54.87843978490949,1371960.9946227372,-1.0,115.7,-1.0_115.7
131,2012,4,36.97999954223633,414.71439280105,0.9874899983406067,118.54375457763672,2012-09-05,2.5739703037178905,6.137279806019798,4.296095864213858,107402.39660534645,1.0,118.5,1.0_118.5
132,2012,3,11.410000801086426,134.87238534541356,1.0661700963974,117.7554702758789,2012-09-05,0.8371002325864095,1.9959509034142005,1.3971656323899402,34929.140809748504,1.1,117.80000000000001,1.1_117.80000000000001
133,2012,4,22.479999542236328,810.446339187621,0.9008949995040894,118.3248519897461,2012-09-05,5.030123974565205,11.993641980361634,8.395549386253144,209888.7346563286,0.9,118.30000000000001,0.9_118.30000000000001
134,2012,13,57.40999984741211,1218.5745077925812,0.8747768402099609,118.43523406982422,2012-09-06,7.563216156402971,18.033453501078945,12.62341745075526,315585.4362688815,0.9,118.4,0.9_118.4
135,2012,3,8.069999694824219,229.83647238867684,0.17157332599163055,116.74017333984375,2012-09-07,1.4265052404957992,3.401306453703292,2.3809145175923043,59522.86293980761,0.2,116.7,0.2_116.7
136,2012,12,27.310001373291016,225.0230688621059,1.3445643186569214,118.2970199584961,2012-09-08,1.3966303242829243,3.3300738059470323,2.3310516641629224,58276.29160407306,1.3,118.30000000000001,1.3_118.30000000000001
137,2012,34,442.260009765625,8741.67168775106,-1.1316335201263428,115.60758209228516,2012-09-08,54.25614282916133,129.36634476977756,90.55644133884428,2263911.033471107,-1.1,115.60000000000001,-1.1_115.60000000000001
138,2012,17,67.04000091552734,304.1974174076925,-2.10870361328125,114.44534301757812,2012-09-09,1.888034590713375,4.5017600047347095,3.1512320033142966,78780.80008285741,-2.1,114.4,-2.1_114.4
139,2012,6,254.85000610351562,248.89236134473495,-0.8127999901771545,113.87665557861328,2012-09-13,1.5447777025450475,3.683310947653604,2.578317663357523,64457.941583938074,-0.8,113.9,-0.8_113.9
140,2012,7,81.97000122070312,679.3068710397525,0.18741856515407562,113.94380950927734,2012-09-13,4.216192501441959,10.05293381202422,7.037053668416953,175926.34171042382,0.2,113.9,0.2_113.9
141,2012,7,62.599998474121094,2142.303581685807,-0.07992713898420334,115.8106689453125,2012-09-13,13.296441832085312,31.70354523131202,22.192481661918414,554812.0415479604,-0.1,115.80000000000001,-0.1_115.80000000000001
142,2012,5,201.23001098632812,365.31083766084646,-0.34359198808670044,114.37454986572266,2012-09-14,2.2673417274341228,5.406165944116742,3.784316160881719,94607.90402204297,-0.30000000000000004,114.4,-0.30000000000000004_114.4
143,2012,15,227.14999389648438,4451.901458547383,-0.15090332925319672,113.78059387207031,2012-09-14,27.631214031379322,65.88284707311891,46.11799295118323,1152949.8237795809,-0.2,113.80000000000001,-0.2_113.80000000000001
144,2012,12,168.94000244140625,1586.739664574705,-0.8090400099754333,115.24380493164062,2012-09-14,9.848273528104658,23.481859973634148,16.437301981543904,410932.5495385976,-0.8,115.2,-0.8_115.2
145,2012,4,100.09000396728516,193.638404938919,-0.8465024828910828,114.50090026855469,2012-09-14,1.2018379699958541,2.8656181047268996,2.0059326733088296,50148.31683272074,-0.8,114.5,-0.8_114.5
146,2012,3,32.31999969482422,208.0348216333347,-0.13773666322231293,115.8012924194336,2012-09-14,1.2911909070885181,3.0786679505760413,2.1550675654032285,53876.68913508071,-0.1,115.80000000000001,-0.1_115.80000000000001
147,2012,55,387.7900085449219,723.2282263090926,-2.2651853561401367,113.5365219116211,2012-09-15,4.488795203746913,10.702917635654996,7.492042344958497,187301.05862396242,-2.3000000000000003,113.5,-2.3000000000000003_113.5
148,2012,5,157.489990234375,894.9877225447744,-1.3692560195922852,113.66792297363281,2012-09-15,5.554839330419602,13.244753911506367,9.271327738054456,231783.1934513614,-1.4000000000000001,113.7,-1.4000000000000001_113.7
149,2012,3,45.849998474121094,396.9193447089974,-0.27176332473754883,114.3705062866211,2012-09-16,2.4635233885944303,5.873934257376403,4.111753980163482,102793.84950408705,-0.30000000000000004,114.4,-0.30000000000000004_114.4
150,2012,3,36.369998931884766,151.45564128898604,0.429666668176651,116.93408203125,2012-09-16,0.9400260270094303,2.241363369408285,1.5689543585857995,39223.858964644984,0.4,116.9,0.4_116.9
151,2012,3,16.010000228881836,131.82048071532896,0.1107499971985817,114.1845932006836,2012-09-16,0.8181582522163541,1.950786344427934,1.3655504410995538,34138.76102748884,0.1,114.2,0.1_114.2
152,2012,15,233.93002319335938,2925.419226820501,-0.10462866723537445,114.08462524414062,2012-09-16,18.156934860405592,43.29272544326814,30.304907810287695,757622.6952571924,-0.1,114.10000000000001,-0.1_114.10000000000001
153,2012,7,242.52000427246094,915.3897359431643,-1.4493684768676758,114.2618408203125,2012-09-16,5.681466661264863,13.546679446297611,9.482675612408327,237066.89031020817,-1.4000000000000001,114.30000000000001,-1.4000000000000001_114.30000000000001
154,2012,8,171.22000122070312,678.0948419232378,-0.9017624855041504,114.31294250488281,2012-09-18,4.208669909973456,10.034997222529814,7.024498055770869,175612.45139427172,-0.9,114.30000000000001,-0.9_114.30000000000001
155,2012,5,80.29000091552734,251.13635673068538,-0.5946159958839417,113.70294189453125,2012-09-18,1.5587053056988818,3.7165194106490085,2.6015635874543057,65039.08968635764,-0.6000000000000001,113.7,-0.6000000000000001_113.7
156,2012,26,384.1900329589844,6986.420609512596,-0.17194117605686188,113.92810821533203,2012-09-18,43.36198475463795,103.39071627950894,72.37350139565625,1809337.5348914063,-0.2,113.9,-0.2_113.9
157,2012,4,32.439998626708984,861.847958157585,0.4937549829483032,116.49383544921875,2012-09-18,5.349153752861761,12.754324810707535,8.928027367495273,223200.68418738185,0.5,116.5,0.5_116.5
158,2012,6,113.33000183105469,590.8988522285645,-0.0913766622543335,113.62171173095703,2012-09-18,3.6674784491189723,8.744600274633786,6.1212201922436495,153030.50480609125,-0.1,113.60000000000001,-0.1_113.60000000000001
159,2012,4,40.290000915527344,1128.3128507965498,-1.2704250812530518,114.75128173828125,2012-09-19,7.002997295651711,16.69768832302934,11.688381826120537,292209.5456530134,-1.3,114.80000000000001,-1.3_114.80000000000001
160,2012,3,21.970001220703125,557.0360920560938,-0.8548833727836609,116.01387786865234,2012-09-22,3.4573055190280835,8.243471696050078,5.770430187235054,144260.75468087636,-0.9,116.0,-0.9_116.0
161,2012,6,36.769996643066406,758.2411458264503,-2.2467050552368164,114.9847183227539,2012-09-22,4.706106723791931,11.221067204692888,7.8547470432850215,196368.67608212554,-2.2,115.0,-2.2_115.0
162,2012,3,14.920000076293945,419.09387105236056,-1.6417332887649536,115.8480224609375,2012-09-23,2.601152015180843,6.202090875756569,4.341463613029598,108536.59032573995,-1.6,115.80000000000001,-1.6_115.80000000000001
163,2012,13,160.63002014160156,1343.6620528109868,0.07716154307126999,115.32972717285156,2012-09-25,8.339585705739566,19.88460040447166,13.91922028313016,347980.507078254,0.1,115.30000000000001,0.1_115.30000000000001
164,2012,14,495.510009765625,2406.022082479262,-0.6463442444801331,115.20060729980469,2012-09-25,14.933239593066318,35.606265410522035,24.924385787365424,623109.6446841356,-0.6000000000000001,115.2,-0.6000000000000001_115.2
165,2012,5,295.3999938964844,889.5295837742716,-0.9729920625686646,116.0213851928711,2012-09-25,5.520962794295655,13.163979948904275,9.214785964232993,230369.64910582482,-1.0,116.0,-1.0_116.0
166,2012,6,76.75,439.1412447915893,0.14887167513370514,115.07449340820312,2012-09-25,2.725578236136872,6.49876816535458,4.549137715748206,113728.44289370514,0.1,115.10000000000001,0.1_115.10000000000001
167,2012,6,34.43000030517578,662.2082940049102,0.29576167464256287,114.23230743408203,2012-09-25,4.110068310221447,9.799895206735316,6.859926644714721,171498.16611786804,0.30000000000000004,114.2,0.30000000000000004_114.2
168,2012,22,432.72003173828125,4360.1916653114495,0.29200318455696106,114.44513702392578,2012-09-25,27.062007154436795,64.5256512009439,45.167955840660724,1129198.8960165181,0.30000000000000004,114.4,0.30000000000000004_114.4
169,2012,17,413.5299987792969,1206.9811301793713,-0.8461430072784424,115.54305267333984,2012-09-26,7.491260588392325,17.861885300061026,12.503319710042717,312582.9927510679,-0.8,115.5,-0.8_115.5
170,2012,8,234.8800048828125,1868.3318982139067,-0.5602924823760986,115.21585845947266,2012-09-26,11.596006569751482,27.64909014226481,19.354363099585367,483859.07748963416,-0.6000000000000001,115.2,-0.6000000000000001_115.2
171,2012,3,88.30999755859375,155.9379974248484,-0.6301299929618835,115.25824737548828,2012-09-26,0.9678462613313488,2.3076969094868276,1.6153878366407792,40384.69591601948,-0.6000000000000001,115.30000000000001,-0.6000000000000001_115.30000000000001
172,2012,22,164.17999267578125,834.2358999232707,-2.087679862976074,114.04076385498047,2012-09-26,5.177776489006466,12.345699187035498,8.641989430924848,216049.7357731212,-2.1,114.0,-2.1_114.0
173,2012,4,87.26000213623047,182.49918951553857,0.22148749232292175,114.31372833251953,2012-09-26,1.132701209362007,2.7007709639969346,1.890539674797854,47263.49186994635,0.2,114.30000000000001,0.2_114.30000000000001
174,2012,4,17.18000030517578,660.170580762804,1.0228824615478516,118.81919860839844,2012-09-26,4.097421019788027,9.769739474143616,6.838817631900531,170970.44079751326,1.0,118.80000000000001,1.0_118.80000000000001
175,2012,4,28.139999389648438,345.3092828357181,-1.2694225311279297,116.30406188964844,2012-09-26,2.1431998865871287,5.110166719956352,3.577116703969446,89427.91759923616,-1.3,116.30000000000001,-1.3_116.30000000000001
176,2012,4,45.51000213623047,839.0947450068032,-0.4696274995803833,115.35284423828125,2012-09-28,5.20793344321996,12.417604315792502,8.69232302105475,217308.07552636878,-0.5,115.4,-0.5_115.4
177,2012,5,145.4099884033203,256.9326890177452,-1.0023740530014038,114.6048355102539,2012-09-28,1.5946808769265979,3.8022982350926986,2.661608764564889,66540.21911412223,-1.0,114.60000000000001,-1.0_114.60000000000001
178,2012,7,140.49000549316406,866.6186287959026,-0.5786199569702148,115.45233917236328,2012-09-28,5.3787634427230415,12.824925062538593,8.977447543777014,224436.18859442536,-0.6000000000000001,115.5,-0.6000000000000001_115.5
179,2012,10,392.8699951171875,904.1816354441502,0.21090099215507507,114.64041900634766,2012-09-28,5.611902357863925,13.38081288837123,9.36656902185986,234164.22554649648,0.2,114.60000000000001,0.2_114.60000000000001
180,2012,4,64.27999877929688,1132.1675397177548,-1.1527400016784668,116.48127746582031,2012-09-28,7.026921844655757,16.754733134796815,11.72831319435777,293207.8298589443,-1.2000000000000002,116.5,-1.2000000000000002_116.5
181,2012,5,68.79000091552734,1166.329992792354,-1.2992079257965088,114.56318664550781,2012-09-28,7.238954851569887,17.260296811916213,12.082207768341348,302055.1942085337,-1.3,114.60000000000001,-1.3_114.60000000000001
191,2012,3,9.989999771118164,1068.1291884341626,-0.8007100224494934,116.1103286743164,2012-09-30,6.629460803118923,15.807041694697375,11.064929186288161,276623.229657204,-0.8,116.10000000000001,-0.8_116.10000000000001
182,2012,5,69.80000305175781,484.09293707886457,0.2765119969844818,113.9050064086914,2012-10-01,3.004575837999264,7.163999751501768,5.014799826051237,125369.99565128093,0.30000000000000004,113.9,0.30000000000000004_113.9
183,2012,3,44.06999969482422,118.57717436747609,-1.987906575202942,114.69308471679688,2012-10-01,0.7359622207929528,1.754801160348243,1.22836081224377,30709.020306094248,-2.0,114.7,-2.0_114.7
184,2012,5,36.0,1794.116071106993,-2.490473985671997,116.08573150634766,2012-10-01,11.13537790975053,26.55078416374811,18.585548914623676,464638.7228655919,-2.5,116.10000000000001,-2.5_116.10000000000001
185,2012,3,5.180000305175781,142.7630745945904,-1.8263367414474487,114.94497680664062,2012-10-03,0.8860746597001331,2.1127237201410662,1.4789066040987462,36972.66510246866,-1.8,114.9,-1.8_114.9
186,2012,5,39.30000305175781,259.51990180450133,-2.191663980484009,113.5586166381836,2012-10-04,1.6107386964720705,3.840585907441828,2.6884101352092795,67210.25338023198,-2.2,113.60000000000001,-2.2_113.60000000000001
187,2012,10,189.17999267578125,176.89145342501746,-0.6886869668960571,117.49800872802734,2012-10-13,1.097896181085564,2.617783138970196,1.832448197279137,45811.20493197843,-0.7000000000000001,117.5,-0.7000000000000001_117.5
188,2012,3,20.580001831054688,115.12912315817569,-1.871773362159729,114.54108428955078,2012-10-16,0.7145615132879797,1.7037741031148728,1.1926418721804108,29816.04680451027,-1.9000000000000001,114.5,-1.9000000000000001_114.5
189,2012,3,76.36000061035156,150.62048202876863,-1.0099800825119019,114.67166137695312,2012-10-23,0.9348425195836201,2.2290040055870213,1.5603028039109148,39007.57009777287,-1.0,114.7,-1.0_114.7
190,2012,3,14.239999771118164,546.5182775528403,-0.7459666728973389,117.46501922607422,2012-11-09,3.392025551268741,8.087820549924444,5.661474384947111,141536.85962367777,-0.7000000000000001,117.5,-0.7000000000000001_117.5
0,2013,361,2659.030029296875,138262.8670583583,0.6302239298820496,117.53451538085938,2013-01-02,858.1436287065072,2046.1260005671884,1432.2882003970317,37239493.21032283,0.6000000000000001,117.5,0.6000000000000001_117.5
1,2013,6,10.449999809265137,697.953765365835,-0.4662066400051117,117.58031463623047,2013-01-03,4.331926493521966,10.328885671855984,7.2302199702991885,187985.7192277789,-0.5,117.60000000000001,-0.5_117.60000000000001
2,2013,1324,12294.599609375,955532.3810442417,-0.09497641772031784,116.8924331665039,2013-01-03,5930.616385018067,14140.742853345195,9898.519997341637,257361519.93088254,-0.1,116.9,-0.1_116.9
3,2013,7,62.099998474121094,2577.1443038242046,0.15707428753376007,116.41664123535156,2013-01-04,15.99532840332718,38.13867077588246,26.69706954311772,694123.8081210607,0.2,116.4,0.2_116.4
4,2013,338,2665.360107421875,226571.78804707894,-0.7285621166229248,117.00655364990234,2013-01-06,1406.2426195398946,3352.9930080391823,2347.0951056274275,61024472.74631312,-0.7000000000000001,117.0,-0.7000000000000001_117.0
5,2013,243,1988.6500244140625,104835.6268134703,-1.9893131256103516,115.93791961669922,2013-01-06,650.6738007498456,1551.4425989608674,1086.009819272607,28236255.30108778,-2.0,115.9,-2.0_115.9
6,2013,6,304.489990234375,2154.8644494821037,-1.4171417951583862,116.32256317138672,2013-01-06,13.374402233889127,31.88943113643246,22.32260179550272,580387.6466830707,-1.4000000000000001,116.30000000000001,-1.4000000000000001_116.30000000000001
7,2013,4,11.0600004196167,749.7223378666157,-1.177412509918213,116.8116683959961,2013-01-06,4.653233809100956,11.094998978051104,7.766499284635772,201928.9814005301,-1.2000000000000002,116.80000000000001,-1.2000000000000002_116.80000000000001
8,2013,1771,25898.5,1770546.8070163648,-1.5487295389175415,115.21458435058594,2013-01-06,10989.092690566285,26201.987085428344,18341.39095979984,476876164.95479584,-1.5,115.2,-1.5_115.2
9,2013,504,5342.9599609375,190280.33887976085,-0.6398775577545166,115.59503173828125,2013-01-08,1180.9957651815578,2815.9227206989844,1971.145904489289,51249793.51672152,-0.6000000000000001,115.60000000000001,-0.6000000000000001_115.60000000000001
10,2013,6,52.22999954223633,1205.0414696462383,-1.8449000120162964,114.5386734008789,2013-01-09,7.479221872837128,17.833180630950974,12.48322644166568,324563.8874833077,-1.8,114.5,-1.8_114.5
11,2013,14,192.28001403808594,2717.1464824047716,0.10546714067459106,116.32984924316406,2013-01-10,16.86426725950781,40.21053651846711,28.147375562926975,731831.7646361013,0.1,116.30000000000001,0.1_116.30000000000001
12,2013,90,2477.55029296875,46119.55046123324,-0.4292764365673065,114.10366821289062,2013-01-10,286.2460415377523,682.514498222935,477.7601487560545,12421763.867657417,-0.4,114.10000000000001,-0.4_114.10000000000001
13,2013,1065,17652.609375,734725.6642168844,-0.677216649055481,114.37199401855469,2013-01-10,4560.155311467345,10873.066043130953,7611.146230191667,197889801.98498335,-0.7000000000000001,114.4,-0.7000000000000001_114.4
14,2013,71,722.0499877929688,43349.969215088066,-1.2222100496292114,116.57259368896484,2013-01-10,269.0563321737671,641.5279895602077,449.06959269214536,11675809.40999578,-1.2000000000000002,116.60000000000001,-1.2000000000000002_116.60000000000001
15,2013,196,2974.83984375,84063.98888720619,-1.6237964630126953,113.6112060546875,2013-01-10,521.7523547863508,1244.04706074049,870.832942518343,22641656.505476918,-1.6,113.60000000000001,-1.6_113.60000000000001
16,2013,7,123.37999725341797,1768.658988606951,-1.3932985067367554,113.97593688964844,2013-01-10,10.97737573883036,26.174049618095044,18.32183473266653,476367.7030493298,-1.4000000000000001,114.0,-1.4000000000000001_114.0
17,2013,11,65.98999786376953,4844.418261389686,-0.6898527145385742,116.34833526611328,2013-01-10,30.0674125616557,71.69162894667973,50.184140262675804,1304787.6468295709,-0.7000000000000001,116.30000000000001,-0.7000000000000001_116.30000000000001
18,2013,43,118.16999053955078,15594.773838607507,-0.5458125472068787,117.39080810546875,2013-01-11,96.79067196741562,230.78410641283483,161.54887448898438,4200270.736713594,-0.5,117.4,-0.5_117.4
19,2013,31,144.86997985839844,15715.158223204095,-1.084504246711731,116.92111206054688,2013-01-11,97.53785083644422,232.56565213531283,162.79595649471898,4232694.868862693,-1.1,116.9,-1.1_116.9
20,2013,508,8649.470703125,338583.0293118803,-1.0382672548294067,113.68907928466797,2013-01-11,2101.452657346542,5010.626167135889,3507.438316995122,91193396.24187317,-1.0,113.7,-1.0_113.7
21,2013,316,4274.9599609375,190283.14465321286,-0.5978631377220154,116.04415893554688,2013-01-11,1181.0131795218117,2815.964242809252,1971.1749699664763,51250549.219128385,-0.6000000000000001,116.0,-0.6000000000000001_116.0
22,2013,28,213.04998779296875,20323.802896158184,-1.6057547330856323,114.59284210205078,2013-01-11,126.1419087965504,300.7681123716295,210.53767866014064,5473979.645163657,-1.6,114.60000000000001,-1.6_114.60000000000001
23,2013,237,3249.5400390625,102007.64075752012,-0.08467595279216766,116.04187774658203,2013-01-11,633.1215955365675,1509.591768572121,1056.7142380004848,27474570.188012604,-0.1,116.0,-0.1_116.0
24,2013,245,1875.429931640625,285445.0189049032,-2.2677550315856934,116.17952728271484,2013-01-11,1771.6457754044761,4224.246808560647,2956.972765992453,76881291.91580378,-2.3000000000000003,116.2,-2.3000000000000003_116.2
25,2013,7,43.38999557495117,379.8620469445037,-2.4724459648132324,116.40482330322266,2013-01-11,2.3576554016867686,5.621506536196457,3.93505457533752,102311.41895877552,-2.5,116.4,-2.5_116.4
26,2013,26,280.52001953125,11377.690842366192,-1.3671681880950928,116.19417572021484,2013-01-11,70.61688444264533,168.37629331926487,117.86340532348541,3064448.5384106208,-1.4000000000000001,116.2,-1.4000000000000001_116.2
27,2013,47,537.5699462890625,32034.038936769957,-1.8527451753616333,116.20760345458984,2013-01-12,198.82277143668918,474.0656791388611,331.8459753972028,8627995.360327272,-1.9000000000000001,116.2,-1.9000000000000001_116.2
28,2013,3,20.009998321533203,234.05125721373093,-1.2823467254638672,116.1102294921875,2013-01-12,1.4526647641693708,3.463680256596437,2.424576179617506,63038.98067005515,-1.3,116.10000000000001,-1.3_116.10000000000001
29,2013,303,3161.2900390625,200592.10324325395,-1.3342393636703491,114.3088607788086,2013-01-13,1244.9968601792439,2968.5245698054396,2077.9671988638074,54027147.170458995,-1.3,114.30000000000001,-1.3_114.30000000000001
30,2013,1218,8690.939453125,204281.1440261843,-2.203568696975708,113.88650512695312,2013-01-13,1267.8932958691964,3023.1179861268342,2116.182590288784,55020747.347508386,-2.2,113.9,-2.2_113.9
31,2013,44,1303.3798828125,5921.686717936046,-1.2912495136260986,113.98550415039062,2013-01-15,36.75359723336193,87.63392094037914,61.34374465826539,1594937.3611149003,-1.3,114.0,-1.3_114.0
32,2013,329,4162.740234375,29559.802827249438,-1.9966561794281006,114.16688537597656,2013-01-15,183.46615401312292,437.4499272530326,306.2149490771228,7961588.676005193,-2.0,114.2,-2.0_114.2
33,2013,213,2054.699951171875,136089.0652056616,0.4530169665813446,116.11689758300781,2013-01-15,844.6516894053013,2013.9563183848677,1409.7694228694072,36654004.99460459,0.5,116.10000000000001,0.5_116.10000000000001
34,2013,42,192.2899932861328,2622.0087517984207,-1.895463466644287,113.53843688964844,2013-01-17,16.27378451380446,38.80261124995342,27.161827874967393,706207.5247491522,-1.9000000000000001,113.5,-1.9000000000000001_113.5
35,2013,103,659.6099243164062,50546.03008165598,0.6779993772506714,117.26195526123047,2013-01-17,313.71947214628784,748.0211323252418,523.6147926276692,13613984.6083194,0.7000000000000001,117.30000000000001,0.7000000000000001_117.30000000000001
36,2013,55,420.1900329589844,25520.03570619223,1.1892728805541992,117.712890625,2013-01-18,158.39289688957408,377.6661782357153,264.3663247650007,6873524.443890017,1.2000000000000002,117.7,1.2000000000000002_117.7
37,2013,6,18.920001983642578,2113.6646555099064,-1.2101649045944214,116.88040161132812,2013-01-18,13.118691199874918,31.279723183327867,21.895806228329505,569290.9619365671,-1.2000000000000002,116.9,-1.2000000000000002_116.9
50,2013,9,47.150001525878906,2761.8388738655617,1.417009949684143,118.0369873046875,2013-01-19,17.141655482388693,40.87193076076104,28.610351532532725,743869.1398458509,1.4000000000000001,118.0,1.4000000000000001_118.0
38,2013,402,5806.2099609375,93931.80875538105,2.0412278175354004,117.21249389648438,2013-01-19,582.9980596473931,1390.079059286158,973.0553415003106,25299438.879008077,2.0,117.2,2.0_117.2
39,2013,10,22.950000762939453,262.87709101258616,0.04315999895334244,116.88859558105469,2013-01-20,1.6315754590141363,3.89026831511667,2.7231878205816686,70802.88333512339,0.0,116.9,0.0_116.9
40,2013,313,2484.60986328125,189316.04220643395,1.2442538738250732,117.07193756103516,2013-01-20,1175.0107522565106,2801.6522767429674,1961.1565937200771,50990071.436722,1.2000000000000002,117.10000000000001,1.2000000000000002_117.10000000000001
41,2013,21,115.16999053955078,3127.9976660814305,0.21249286830425262,117.47410583496094,2013-01-20,19.414260132647335,46.2906454238451,32.40345179669157,842489.7467139808,0.2,117.5,0.2_117.5
42,2013,235,2960.5400390625,116610.44850821032,0.2816224992275238,115.42047882080078,2013-01-21,723.7555213265741,1725.6959565994084,1207.9871696195858,31407666.41010923,0.30000000000000004,115.4,0.30000000000000004_115.4
43,2013,4,13.6899995803833,488.5829961162427,-0.43112000823020935,115.8406982421875,2013-01-21,3.0324438812231604,7.2304472853619135,5.061313099753339,131594.1405935868,-0.4,115.80000000000001,-0.4_115.80000000000001
44,2013,296,3814.760009765625,2888.8489084779853,-2.1018457412719727,114.23806762695312,2013-01-21,17.929957173966088,42.75152822378579,29.92606975665005,778077.8136729014,-2.1,114.2,-2.1_114.2
45,2013,33,192.04000854492188,20571.4796274925,-0.07805726677179337,116.39257049560547,2013-01-22,127.67914155828451,304.4334334408414,213.10340340858895,5540688.488623313,-0.1,116.4,-0.1_116.4
46,2013,8,79.48999786376953,902.9755083258829,-0.06328624486923218,116.2210693359375,2013-01-22,5.604416397794007,13.362963641431817,9.354074549002272,243205.93827405907,-0.1,116.2,-0.1_116.2
47,2013,5,108.94001007080078,800.1770568707767,-0.5073679685592651,117.1480941772461,2013-01-22,4.96638654904322,11.841668815022954,8.289168170516067,215518.37243341774,-0.5,117.10000000000001,-0.5_117.10000000000001
48,2013,23,225.11001586914062,16324.388222662252,-0.020540868863463402,115.56358337402344,2013-01-22,101.3191035587042,241.5815315882589,169.10707211178124,4396783.874906312,-0.0,115.60000000000001,-0.0_115.60000000000001
49,2013,129,1219.5,111976.1106248828,-0.24028092622756958,115.51200866699219,2013-01-22,694.9919956420379,1657.1132674057324,1159.9792871840125,30159461.466784324,-0.2,115.5,-0.2_115.5
51,2013,19,250.07000732421875,6498.917590977255,-0.44598469138145447,117.30816650390625,2013-02-02,40.33624387256355,96.1762513779593,67.32337596457151,1750407.7750788592,-0.4,117.30000000000001,-0.4_117.30000000000001
52,2013,4,24.75,142.03443038174592,0.22910501062870026,116.7416763305664,2013-02-03,0.8815522495827266,2.1019406523457587,1.471358456642031,38255.31987269281,0.2,116.7,0.2_116.7
53,2013,6,59.650001525878906,487.4126318264451,-1.6689400672912598,114.14240264892578,2013-02-05,3.0251798870653395,7.213127285752187,5.049189100026531,131278.91660068982,-1.7000000000000002,114.10000000000001,-1.7000000000000002_114.10000000000001
54,2013,315,3240.8701171875,163550.64252529258,0.6687904000282288,116.82830810546875,2013-02-07,1015.0949769810296,2420.3550034820487,1694.248502437434,44050461.06337328,0.7000000000000001,116.80000000000001,0.7000000000000001_116.80000000000001
55,2013,15,236.97996520996094,2391.3586701817,1.0628893375396729,116.7685775756836,2013-02-11,14.842229518517971,35.389264347276224,24.772485043093354,644084.6111204273,1.1,116.80000000000001,1.1_116.80000000000001
56,2013,236,1818.2200927734375,91236.0180972461,1.6119768619537354,118.08769989013672,2013-02-11,566.2663396503776,1350.1845635690406,945.1291944983284,24573359.056956537,1.6,118.10000000000001,1.6_118.10000000000001
57,2013,22,306.5,9603.67692914831,0.3667272627353668,116.49458312988281,2013-02-11,59.60627277767773,142.1229971853799,99.48609802976591,2586638.5487739136,0.4,116.5,0.4_116.5
58,2013,22,148.2100067138672,24883.54668799623,-1.9301490783691406,116.36013793945312,2013-02-11,154.44245808176302,368.2468977237856,257.7728284066499,6702093.538572898,-1.9000000000000001,116.4,-1.9000000000000001_116.4
59,2013,203,1123.8699951171875,22610.19172382743,1.2161809206008911,118.0376205444336,2013-02-16,140.33263148988178,334.6039478872187,234.22276352105305,6089791.851547379,1.2000000000000002,118.0,1.2000000000000002_118.0
60,2013,41,253.37001037597656,10047.726889779575,-1.7330209016799927,114.99862670898438,2013-02-16,62.36231749633858,148.69440850737257,104.0860859551608,2706238.2348341807,-1.7000000000000002,115.0,-1.7000000000000002_115.0
61,2013,73,577.7599487304688,38840.64960618502,2.1274142265319824,117.58824157714844,2013-02-22,241.0687461030388,574.7954221475156,402.3567955032609,10461276.683084784,2.1,117.60000000000001,2.1_117.60000000000001
62,2013,26,103.39999389648438,326.1725235308848,-1.2486846446990967,116.81999969482422,2013-02-24,2.0244254938602575,4.826965441020857,3.3788758087145996,87850.77102657959,-1.2000000000000002,116.80000000000001,-1.2000000000000002_116.80000000000001
63,2013,6,27.409997940063477,2117.3183046140502,-0.525463342666626,117.05510711669922,2013-02-24,13.141367973233935,31.333792844893487,21.93365499142544,570275.0297770614,-0.5,117.10000000000001,-0.5_117.10000000000001
64,2013,17,87.20999908447266,2545.660460848735,0.8246911764144897,118.771484375,2013-02-25,15.799920483388766,37.67274734263923,26.370923139847456,685644.0016360339,0.8,118.80000000000001,0.8_118.80000000000001
65,2013,28,159.41000366210938,8945.255472407565,0.8582995533943176,118.44747161865234,2013-02-27,55.51970788771894,132.3791426665818,92.66539986660726,2409300.3965317886,0.9,118.4,0.9_118.4
66,2013,101,561.7599487304688,48893.69800128274,0.8920001983642578,117.92424011230469,2013-03-02,303.46409210501344,723.5685826048896,506.49800782342265,13168948.203408988,0.9,117.9,0.9_117.9
67,2013,3,4.449999809265137,120.01486829766168,0.2924533188343048,116.62638092041016,2013-03-04,0.7448854256451858,1.7760773207085565,1.2432541244959894,32324.607236895725,0.30000000000000004,116.60000000000001,0.30000000000000004_116.60000000000001
68,2013,47,386.91998291015625,10816.008099081111,2.2315313816070557,117.1766357421875,2013-03-04,67.13073897380416,160.06405671114925,112.04483969780446,2913165.832142916,2.2,117.2,2.2_117.2
69,2013,3,1.909999966621399,778.8786563633735,1.4930599927902222,117.880615234375,2013-03-07,4.834195693422143,11.526477817064716,8.0685344719453,209781.8962705778,1.5,117.9,1.5_117.9
70,2013,17,75.37000274658203,1248.7646831633665,1.3027722835540771,116.78469848632812,2013-03-12,7.750594786653973,18.48023219229308,12.936162534605156,336340.22589973407,1.3,116.80000000000001,1.3_116.80000000000001
71,2013,10,22.459999084472656,1919.8391156442174,2.4068410396575928,117.92695617675781,2013-03-13,11.915691756458667,28.41133570423875,19.88793499296712,517086.3098171452,2.4000000000000004,117.9,2.4000000000000004_117.9
72,2013,18,165.12998962402344,297.16695709130545,-0.6891005039215088,117.49771881103516,2013-03-14,1.8443992686942314,4.397717553168565,3.0784022872179957,80038.45946766788,-0.7000000000000001,117.5,-0.7000000000000001_117.5
73,2013,19,276.0699768066406,7272.228887445119,1.692142128944397,117.05972290039062,2013-03-15,45.135885136986104,107.62033888966525,75.33423722276567,1958690.1677919072,1.7000000000000002,117.10000000000001,1.7000000000000002_117.10000000000001
74,2013,3,29.8700008392334,532.4662697350648,1.4573198556900024,117.96382904052734,2013-03-15,3.3048102255929876,7.879867545854392,5.515907282098074,143413.58933454994,1.5,118.0,1.5_118.0
75,2013,49,525.8399658203125,17232.83361351044,2.2406511306762695,117.93231201171875,2013-03-16,106.95746938150404,255.025442985853,178.5178100900971,4641463.0623425245,2.2,117.9,2.2_117.9
76,2013,17,85.17000579833984,7469.544328652415,-0.8469030261039734,116.88616943359375,2013-03-16,46.36054503533745,110.54037275817478,77.37826093072235,2011834.784198781,-0.8,116.9,-0.8_116.9
77,2013,14,237.49000549316406,3705.0673200866586,2.4803314208984375,117.8709945678711,2013-03-16,22.995906148243385,54.83059001142574,38.38141300799801,997916.7382079484,2.5,117.9,2.5_117.9
78,2013,71,398.5899963378906,46595.47092357286,-1.5585185289382935,116.4112319946289,2013-03-19,289.19989401612906,689.5575550675761,482.6902885473032,12549947.502229884,-1.6,116.4,-1.6_116.4
79,2013,8,13.399999618530273,167.48657799475075,-0.744958758354187,117.56462097167969,2013-03-20,1.0395237915859652,2.4786021675395813,1.7350215172777068,45110.559449220375,-0.7000000000000001,117.60000000000001,-0.7000000000000001_117.60000000000001
80,2013,4,48.18000030517578,261.212502316549,-1.9182624816894531,114.50812530517578,2013-03-24,1.6212440069452432,3.8656343820609185,2.7059440674426427,70354.5457535087,-1.9000000000000001,114.5,-1.9000000000000001_114.5
81,2013,19,193.24000549316406,5813.1634040051495,-0.34559422731399536,115.81134033203125,2013-03-26,36.080035398595356,86.02790495773647,60.21953347041552,1565707.8702308035,-0.30000000000000004,115.80000000000001,-0.30000000000000004_115.80000000000001
82,2013,4,22.029998779296875,236.35370848648762,-1.5822925567626953,114.78318786621094,2013-03-30,1.466955180187501,3.4977537971967347,2.4484276580377142,63659.11910898057,-1.6,114.80000000000001,-1.6_114.80000000000001
83,2013,15,79.60999298095703,2927.7901912648163,-1.0734219551086426,117.06564331054688,2013-04-01,18.17165051092743,43.32781289732683,30.329469028128777,788566.1947313482,-1.1,117.10000000000001,-1.1_117.10000000000001
84,2013,8,59.380001068115234,1419.7516038559615,0.9041862487792969,118.89938354492188,2013-04-03,8.811843838596188,21.010635268907773,14.70744468823544,382393.56189412146,0.9,118.9,0.9_118.9
85,2013,5,21.209999084472656,349.1293982260658,-2.49483585357666,116.34712219238281,2013-04-17,2.1669098511849763,5.166699884584409,3.616689919209086,94033.93789943623,-2.5,116.30000000000001,-2.5_116.30000000000001
86,2013,38,414.9500732421875,11732.191140886203,-1.137100338935852,115.60385131835938,2013-04-17,72.81712937479404,173.62247614074846,121.53573329852391,3159929.0657616216,-1.1,115.60000000000001,-1.1_115.60000000000001
87,2013,8,35.56999969482422,6786.960974491528,-1.3610899448394775,116.67034912109375,2013-04-17,42.12401668252204,100.43895089258123,70.30726562480686,1827988.9062449783,-1.4000000000000001,116.7,-1.4000000000000001_116.7
186,2013,4,13.699999809265137,1536.5938907763834,-1.2516350746154785,116.72976684570312,2013-04-22,9.537038290422046,22.739762158289416,15.91783351080259,413863.6712808673,-1.3,116.7,-1.3_116.7
88,2013,6,58.6099967956543,2700.9996549643856,0.7589367032051086,117.6780014038086,2013-04-22,16.76405020639302,39.97158267528881,27.980107872702163,727482.8046902562,0.8,117.7,0.8_117.7
89,2013,10,61.589996337890625,1492.7610580134024,0.39840298891067505,116.71714782714844,2013-04-22,9.264985012748921,22.091088362475585,15.463761853732908,402057.8081970556,0.4,116.7,0.4_116.7
90,2013,3,16.110000610351562,191.39347103101943,0.1878499984741211,117.3691635131836,2013-04-22,1.1879045418027439,2.832395752722805,1.9826770269059633,51549.60269955504,0.2,117.4,0.2_117.4
91,2013,114,692.4299926757812,47365.62318785066,-1.5605825185775757,115.80647277832031,2013-04-30,293.9799284012466,700.9548926598117,490.6684248618681,12757379.046408571,-1.6,115.80000000000001,-1.6_115.80000000000001
92,2013,4,57.09000015258789,396.60070590289666,-1.415619969367981,116.56150817871094,2013-04-30,2.4615457219429886,5.869218781993722,4.108453147395605,106819.78183228573,-1.4000000000000001,116.60000000000001,-1.4000000000000001_116.60000000000001
93,2013,17,152.48001098632812,6741.803529712386,0.21378706395626068,116.35089874267578,2013-05-17,41.84374205528225,99.77067441424971,69.83947208997479,1815826.2743393446,0.2,116.4,0.2_116.4
94,2013,5,28.979999542236328,572.3403750624967,-1.9964020252227783,115.42972564697266,2013-05-22,3.5522932278271684,8.469956883618352,5.928969818532845,154153.21528185398,-2.0,115.4,-2.0_115.4
95,2013,183,3787.830322265625,69327.633931281,-0.9975230097770691,115.36256408691406,2013-05-25,430.2895536392638,1025.9665328994258,718.176573029598,18672590.898769546,-1.0,115.4,-1.0_115.4
96,2013,3,7.539999961853027,412.59178829229484,-0.8851532936096191,117.0256576538086,2013-05-25,2.5607961263396426,6.105867783640341,4.274107448548238,111126.7936622542,-0.9,117.0,-0.9_117.0
97,2013,22,154.03001403808594,6697.742625512269,0.9189281463623047,118.10791778564453,2013-05-25,41.57027322725325,99.11862543240481,69.38303780268336,1803958.9828697674,0.9,118.10000000000001,0.9_118.10000000000001
113,2013,64,927.260009765625,23397.89998672675,1.9600472450256348,117.74144744873047,2013-06-02,145.22162910340015,346.26109338022815,242.38276536615967,6301951.899520151,2.0,117.7,2.0_117.7
98,2013,30,550.0899658203125,31224.15581992785,-0.08124399930238724,115.73110961914062,2013-06-02,193.7961431633027,462.08037217938966,323.45626052557276,8409862.773664892,-0.1,115.7,-0.1_115.7
99,2013,11,112.99998474121094,3548.7248870761296,0.08601909130811691,115.66203308105469,2013-06-03,22.02554971315058,52.516907936254,36.7618355553778,955807.7244398228,0.1,115.7,0.1_115.7
100,2013,11,43.380001068115234,3352.5803810586344,0.41624727845191956,116.6214370727539,2013-06-03,20.808157352310456,49.6142025159953,34.729941761196706,902978.4857911144,0.4,116.60000000000001,0.4_116.60000000000001
101,2013,10,50.35000228881836,4408.4462606492825,1.241260051727295,117.57643127441406,2013-06-08,27.36150458585845,65.23976182419544,45.667833276936804,1187363.6652003569,1.2000000000000002,117.60000000000001,1.2000000000000002_117.60000000000001
102,2013,38,244.75997924804688,17650.339611794585,2.26251482963562,117.5113296508789,2013-06-08,109.54876609042492,261.20403523304964,182.84282466313473,4753913.441241503,2.3000000000000003,117.5,2.3000000000000003_117.5
103,2013,3,10.369999885559082,428.15904569703986,1.112736701965332,118.07535552978516,2013-06-15,2.6574160145463406,6.336244679556484,4.435371275689539,115319.653167928,1.1,118.10000000000001,1.1_118.10000000000001
104,2013,6,23.619998931884766,1323.1305109714338,0.8967733383178711,118.29988861083984,2013-06-17,8.212154442436622,19.580758002795505,13.706530601956853,356369.79565087816,0.9,118.30000000000001,0.9_118.30000000000001
105,2013,11,79.1199951171875,1659.2231893916528,0.9970436692237854,118.961181640625,2013-06-17,10.298150464199145,24.554529938434708,17.188170956904294,446892.44487951166,1.0,119.0,1.0_119.0
106,2013,5,18.509998321533203,3129.0970815377036,-2.1037662029266357,115.4200210571289,2013-06-19,19.42108377509867,46.30691546509599,32.41484082556719,842785.8614647469,-2.1,115.4,-2.1_115.4
107,2013,4,27.810001373291016,219.28424630016488,1.6583224534988403,115.14307403564453,2013-06-20,1.3610116934633552,3.2451460570405026,2.2716022399283515,59061.65823813714,1.7000000000000002,115.10000000000001,1.7000000000000002_115.10000000000001
108,2013,3,14.579999923706055,586.5711082106101,-0.879936695098877,116.79999542236328,2013-06-21,3.6406178318419364,8.68055481002471,6.076388367017296,157986.09754244972,-0.9,116.80000000000001,-0.9_116.80000000000001
109,2013,14,83.5899887084961,1875.1999453848623,-2.216779947280884,114.4001693725586,2013-06-21,11.63863385679395,27.750729072431668,19.425510350702165,505063.2691182563,-2.2,114.4,-2.2_114.4
110,2013,6,16.720001220703125,650.2935547703947,0.29998835921287537,116.3812484741211,2013-06-21,4.036118176108553,9.623571235907848,6.736499865135493,175148.99649352283,0.30000000000000004,116.4,0.30000000000000004_116.4
111,2013,17,325.0899963378906,1955.8554072547645,1.7006105184555054,117.18672943115234,2013-06-22,12.139230815302147,28.944333986975394,20.261033790882774,526786.8785629522,1.7000000000000002,117.2,1.7000000000000002_117.2
112,2013,6,27.81999969482422,4332.466507204601,-1.8983416557312012,115.04747772216797,2013-06-22,26.88992792383448,64.11535183366466,44.88074628356526,1166899.4033726968,-1.9000000000000001,115.0,-1.9000000000000001_115.0
114,2013,16,88.22999572753906,2173.1472697926456,-1.5573899745941162,113.66588592529297,2013-06-24,13.487876560713662,32.15999513381657,22.5119965936716,585311.9114354616,-1.6,113.7,-1.6_113.7
115,2013,1176,6135.169921875,59365.13974023874,-2.3838346004486084,114.51817321777344,2013-06-25,368.4562422234082,878.5334669686637,614.9734268780645,15989309.098829677,-2.4000000000000004,114.5,-2.4000000000000004_114.5
116,2013,5,22.18000030517578,603.0622550786505,0.9398159980773926,117.73697662353516,2013-06-27,3.7429719411987095,8.924604171243493,6.2472229198704445,162427.79591663156,0.9,117.7,0.9_117.7
117,2013,57,305.92999267578125,1371.9570309796172,-2.4036858081817627,114.38723754882812,2013-06-28,8.515201586969276,20.303332430995304,14.212332701696711,369520.6502441145,-2.4000000000000004,114.4,-2.4000000000000004_114.4
118,2013,7,39.13999938964844,947.7500612459127,-1.8042242527008057,114.04137420654297,2013-06-29,5.882314564771032,14.025573775610326,9.817901642927227,255265.4427161079,-1.8,114.0,-1.8_114.0
119,2013,4,63.61000061035156,780.2183987865944,-1.589400053024292,114.3123779296875,2013-07-08,4.842510951517505,11.546304411612754,8.082413088128927,210142.7402913521,-1.6,114.30000000000001,-1.6_114.30000000000001
120,2013,16,103.81999969482422,3998.105997127008,-0.9998068809509277,116.81285095214844,2013-07-22,24.814682794619586,59.16721392948026,41.41704975063618,1076843.2935165407,-1.0,116.80000000000001,-1.0_116.80000000000001
121,2013,11,87.64999389648438,4680.944954965245,1.7845656871795654,114.91051483154297,2013-07-23,29.05279757965544,69.27241842551678,48.49069289786174,1260758.0153444053,1.8,114.9,1.8_114.9
122,2013,12,50.25,2878.722102839784,-1.5325384140014648,113.86507415771484,2013-07-23,17.86710404555596,42.60166354384777,29.821164480693437,775350.2764980294,-1.5,113.9,-1.5_113.9
123,2013,22,419.8399963378906,8286.714581250295,1.6940414905548096,115.06228637695312,2013-07-23,51.432401714971995,122.63352066045893,85.84346446232125,2231930.0760203525,1.7000000000000002,115.10000000000001,1.7000000000000002_115.10000000000001
124,2013,67,1066.1199951171875,18200.12536602816,1.4352144002914429,115.37030792236328,2013-07-23,112.96107159360828,269.3402105519366,188.5381473863556,4901991.832045246,1.4000000000000001,115.4,1.4000000000000001_115.4
125,2013,48,515.3599853515625,29067.903786580413,-1.6924400329589844,116.13458251953125,2013-07-27,180.41312873816753,430.17040645196226,301.11928451637357,7829101.397425713,-1.7000000000000002,116.10000000000001,-1.7000000000000002_116.10000000000001
126,2013,9,69.35999298095703,1990.6471060683966,-0.9556066989898682,116.90726470947266,2013-07-27,12.355169304818586,29.459209752689322,20.621446826882526,536157.6174989457,-1.0,116.9,-1.0_116.9
127,2013,6,71.94999694824219,812.6862943521533,-2.238978385925293,116.25382232666016,2013-07-29,5.044026501642271,12.026790652884966,8.418753457019475,218887.58988250635,-2.2,116.30000000000001,-2.2_116.30000000000001
128,2013,5,61.08000183105469,820.1182702684029,-1.7414979934692383,114.36544036865234,2013-07-30,5.09015387421106,12.136775057818568,8.495742540472996,220889.3060522979,-1.7000000000000002,114.4,-1.7000000000000002_114.4
129,2013,52,1140.08984375,20698.0156785598,-1.099770426750183,114.39102172851562,2013-07-31,128.4645014190724,306.3060165110928,214.41421155776496,5574769.500501889,-1.1,114.4,-1.1_114.4
130,2013,62,806.489990234375,26567.575844681145,0.8923388719558716,114.70146942138672,2013-08-01,164.89456949903303,393.16852647716485,275.21796853401537,7155667.1818844,0.9,114.7,0.9_114.7
131,2013,43,614.4699096679688,14152.391625849801,0.7692897915840149,114.28874206542969,2013-08-01,87.83836877587846,209.43856504608823,146.60699553226175,3811781.8838388054,0.8,114.30000000000001,0.8_114.30000000000001
132,2013,7,37.11000061035156,1654.9888801590607,0.7647742629051208,114.48291015625,2013-08-01,10.271869760151628,24.491867197529796,17.144307038270856,445751.9829950423,0.8,114.5,0.8_114.5
133,2013,4,11.480000495910645,1748.221867165878,-0.19181250035762787,116.51500701904297,2013-08-01,10.850530506072708,25.87160452602504,18.110123168217527,470863.2023736557,-0.2,116.5,-0.2_116.5
134,2013,17,271.40997314453125,4580.395421175873,-0.5766993761062622,115.43384552001953,2013-08-01,28.42872588472711,67.78440490599019,47.44908343419313,1233676.1692890213,-0.6000000000000001,115.4,-0.6000000000000001_115.4
135,2013,163,1191.64013671875,54290.92364174324,-2.4062211513519287,114.83434295654297,2013-08-01,336.96256421537163,803.4411033245192,562.4087723271634,14622628.080506248,-2.4000000000000004,114.80000000000001,-2.4000000000000004_114.80000000000001
136,2013,5,20.17999839782715,1404.7010672196106,-1.8968960046768188,113.9777603149414,2013-08-01,8.718431034436362,20.787905225843293,14.551533658090303,378339.8751103479,-1.9000000000000001,114.0,-1.9000000000000001_114.0
137,2013,8,55.400001525878906,1047.1670472229696,1.0114550590515137,116.71113586425781,2013-08-07,6.499356977651173,15.496826934419914,10.847778854093939,282042.2502064424,1.0,116.7,1.0_116.7
138,2013,4,31.43000030517578,600.1591515326396,0.6981325149536133,116.48042297363281,2013-08-07,3.7249535110555456,8.881641691336833,6.217149183935783,161645.87878233037,0.7000000000000001,116.5,0.7000000000000001_116.5
139,2013,27,443.760009765625,9682.311697749927,2.289076328277588,116.98319244384766,2013-08-09,60.09432808208427,143.2866982427031,100.30068876989216,2607817.908017196,2.3000000000000003,117.0,2.3000000000000003_117.0
140,2013,7,53.17000198364258,1399.7994794020326,-0.10234000533819199,116.61711120605469,2013-08-12,8.688008792762286,20.71536755545507,14.500757288818548,377019.68950928224,-0.1,116.60000000000001,-0.1_116.60000000000001
141,2013,3,89.38999938964844,289.8818179348844,-0.6311133503913879,116.4495620727539,2013-08-12,1.7991832545587492,4.289906157651854,3.0029343103562973,78076.29206926373,-0.6000000000000001,116.4,-0.6000000000000001_116.4
142,2013,11,57.26000213623047,294.88571947463186,0.17676907777786255,116.6391830444336,2013-08-13,1.830240517556171,4.363957949449531,3.0547705646146714,79424.03467998146,0.2,116.60000000000001,0.2_116.60000000000001
143,2013,3,12.600000381469727,568.9804592790464,1.4265899658203125,118.24411010742188,2013-08-13,3.5314395424964475,8.420234125870735,5.894163888109514,153248.26109084734,1.4000000000000001,118.2,1.4000000000000001_118.2
144,2013,5,25.959999084472656,363.18613306715685,-2.05743408203125,113.9529037475586,2013-08-13,2.254154515648701,5.374722842977823,3.7623059900844757,97819.95574219637,-2.1,114.0,-2.1_114.0
145,2013,48,821.4500122070312,18386.825649030947,0.7812069058418274,116.5738754272461,2013-08-14,114.1198473498561,272.1031527033098,190.47220689231682,4952277.379200237,0.8,116.60000000000001,0.8_116.60000000000001
146,2013,7,84.37000274658203,1552.1645169245976,2.243145704269409,116.73681640625,2013-08-17,9.633679087104074,22.97018890760256,16.07913223532179,418057.4381183665,2.2,116.7,2.2_116.7
147,2013,6,63.900001525878906,2300.5229361269517,2.2331583499908447,117.72891998291016,2013-08-17,14.27844758562156,34.0450035114903,23.831502458043207,619619.0639091234,2.2,117.7,2.2_117.7
148,2013,8,99.0,635.7025537078753,1.879211187362671,116.94873046875,2013-08-17,3.945557529821896,9.407641772824146,6.585349240976901,171219.08026539945,1.9000000000000001,116.9,1.9000000000000001_116.9
149,2013,18,142.82998657226562,912.2683007331873,1.8514372110366821,116.86824798583984,2013-08-17,5.6620931317348315,13.50048591741958,9.450340142193705,245708.84369703633,1.9000000000000001,116.9,1.9000000000000001_116.9
150,2013,18,274.6399841308594,5097.768054128051,0.668168306350708,116.72500610351562,2013-08-17,31.639855800379923,75.44090457786909,52.80863320450836,1373024.4633172173,0.7000000000000001,116.7,0.7000000000000001_116.7
151,2013,5,36.2400016784668,704.0114967729977,1.9987061023712158,117.53102111816406,2013-08-17,4.369524467020359,10.418532892403034,7.292973024682123,189617.2986417352,2.0,117.5,2.0_117.5
152,2013,3,4.989999771118164,192.63678891076114,-2.0232865810394287,114.273193359375,2013-08-18,1.195621330407358,2.850795378702178,1.9955567650915242,51884.47589237963,-2.0,114.30000000000001,-2.0_114.30000000000001
153,2013,8,81.83999633789062,2685.8172143250526,0.8159275054931641,114.55486297607422,2013-08-18,16.66981872559088,39.74690060984968,27.822830426894775,723393.5910992641,0.8,114.60000000000001,0.8_114.60000000000001
154,2013,23,383.71002197265625,6805.825100726966,1.841625690460205,117.23541259765625,2013-08-20,42.24109894824147,100.71811752632406,70.50268226842684,1833069.7389790977,1.8,117.2,1.8_117.2
155,2013,57,533.0399780273438,18992.064828347684,0.47558915615081787,115.23115539550781,2013-08-20,117.87633060978294,281.059972764326,196.74198093502818,5115291.504310733,0.5,115.2,0.5_115.2
156,2013,4,20.689998626708984,207.57018803666077,0.8756200075149536,116.75263214111328,2013-08-20,1.2883071077781767,3.0717919259201203,2.150254348144084,55906.613051746186,0.9,116.80000000000001,0.9_116.80000000000001
157,2013,16,74.56999969482422,2399.8650638513113,0.703971266746521,117.08831787109375,2013-08-20,14.895025382556906,35.51514885718665,24.860604200030654,646375.709200797,0.7000000000000001,117.10000000000001,0.7000000000000001_117.10000000000001
158,2013,15,100.06000518798828,8154.935684078562,-1.3440868854522705,114.87545776367188,2013-08-22,50.61450155557373,120.68334970302216,84.47834479211551,2196436.964595003,-1.3,114.9,-1.3_114.9
159,2013,5,22.990001678466797,3171.6870215762765,0.874057948589325,114.05887603759766,2013-08-23,19.685422902940328,46.93719592672377,32.85603714870663,854256.9658663725,0.9,114.10000000000001,0.9_114.10000000000001
160,2013,4,34.5,204.08796695625247,1.3024375438690186,115.43123626708984,2013-08-23,1.2666943212254533,3.02025919523156,2.1141814366620917,54968.717353214386,1.3,115.4,1.3_115.4
161,2013,10,64.41999816894531,2550.1260573655277,-1.7663400173187256,115.65403747558594,2013-08-23,15.827636697299202,37.73883286028725,26.417183002201075,686846.7580572279,-1.8,115.7,-1.8_115.7
162,2013,7,164.56997680664062,303.51305340977115,-1.0988514423370361,116.75467681884766,2013-08-23,1.8837870106000214,4.491632231459127,3.1441425620213885,81747.7066125561,-1.1,116.80000000000001,-1.1_116.80000000000001
163,2013,6,47.849998474121094,619.3222464996959,1.4519681930541992,117.79686737060547,2013-08-25,3.843891358954621,9.165232706753011,6.415662894727108,166807.2352629048,1.5,117.80000000000001,1.5_117.80000000000001
164,2013,4,21.65999984741211,535.4999297852726,0.9917774796485901,118.53775024414062,2013-08-25,3.323638968979659,7.924762106756215,5.54733347472935,144230.6703429631,1.0,118.5,1.0_118.5
165,2013,3,13.620000839233398,191.6782784996501,-2.380603551864624,115.01516723632812,2013-08-26,1.1896722305525387,2.836610564545526,1.9856273951818681,51626.312274728574,-2.4000000000000004,115.0,-2.4000000000000004_115.0
166,2013,31,456.0799560546875,15369.825451508308,-0.8879935145378113,115.92919158935547,2013-08-26,95.39450516367428,227.45513780816205,159.21859646571343,4139683.5081085493,-0.9,115.9,-0.9_115.9
167,2013,3,7.789999961853027,542.4969370566677,0.9681532979011536,116.96610260009766,2013-08-26,3.3670666610108566,8.028309493041183,5.619816645128828,146115.23277334953,1.0,117.0,1.0_117.0
168,2013,6,67.08999633789062,738.8787556651771,1.1641266345977783,116.70523834228516,2013-08-26,4.585931928440603,10.934526857418119,7.654168800192682,199008.38880500974,1.2000000000000002,116.7,1.2000000000000002_116.7
169,2013,12,120.88999938964844,1701.5267037812587,0.8058750033378601,113.68567657470703,2013-08-27,10.560711859877507,25.180571641095238,17.626400148766667,458286.4038679333,0.8,113.7,0.8_113.7
170,2013,4,72.34000396728516,1043.9461343166354,0.7974975109100342,114.15780639648438,2013-08-27,6.479366028902637,15.449161253941648,10.814412877759153,281174.734821738,0.8,114.2,0.8_114.2
171,2013,5,32.0099983215332,684.1164973240429,0.923274040222168,113.65287780761719,2013-08-27,4.246043973786887,10.124110561086887,7.086877392760821,184258.81221178133,0.9,113.7,0.9_113.7
172,2013,3,17.459999084472656,143.610866727414,2.0496933460235596,117.5008544921875,2013-08-27,0.8913365744334867,2.125270035453004,1.4876890248171029,38679.91464524467,2.0,117.5,2.0_117.5
173,2013,6,52.96000289916992,449.692637042011,-0.6428516507148743,117.28787231445312,2013-08-27,2.7910666078618758,6.654916222205291,4.658441355543703,121119.47524413627,-0.6000000000000001,117.30000000000001,-0.6000000000000001_117.30000000000001
174,2013,12,220.17999267578125,4358.958935445487,0.6519783139228821,115.21136474609375,2013-08-27,27.05435608149944,64.50740826497646,45.15518578548352,1174034.8304225714,0.7000000000000001,115.2,0.7000000000000001_115.2
175,2013,3,56.540000915527344,455.89250029424556,2.4892265796661377,115.64068603515625,2013-08-28,2.829546738224796,6.7466668250262485,4.7226667775183735,122789.33621547771,2.5,115.60000000000001,2.5_115.60000000000001
176,2013,17,204.01998901367188,2915.307561072613,-2.4124953746795654,115.87036895751953,2013-08-28,18.094175699383005,43.143084815701336,30.20015937099093,785204.1436457642,-2.4000000000000004,115.9,-2.4000000000000004_115.9
177,2013,7,85.96000671386719,926.7130511518848,2.474045991897583,116.6357192993164,2013-09-02,5.751746057381374,13.714251044906234,9.599975731434363,249599.36901729341,2.5,116.60000000000001,2.5_116.60000000000001
178,2013,178,1437.8900146484375,27430.038007549672,-2.378077268600464,115.16361999511719,2013-09-03,170.24753538070877,405.93194078713907,284.15235855099735,7387961.322325931,-2.4000000000000004,115.2,-2.4000000000000004_115.2
179,2013,3,30.729999542236328,145.77491917146932,2.410656690597534,116.95675659179688,2013-09-05,0.9047680029620806,2.1572954379821128,1.5101068065874788,39262.77697127445,2.4000000000000004,117.0,2.4000000000000004_117.0
180,2013,24,185.33999633789062,3486.027463055569,-2.0588150024414062,114.982177734375,2013-09-07,21.63641128354717,51.589060624922695,36.11234243744588,938920.9033735929,-2.1,115.0,-2.1_115.0
181,2013,35,460.3899841308594,16545.330463193925,1.3543745279312134,117.67096710205078,2013-09-08,102.69040577497003,244.8512139881227,171.3958497916859,4456292.094583834,1.4000000000000001,117.7,1.4000000000000001_117.7
208,2013,9,130.36000061035156,4019.213984969757,0.14599667489528656,116.19908142089844,2013-09-15,24.94569183318107,59.479587046453716,41.6357109325176,1082528.4842454575,0.1,116.2,0.1_116.2
182,2013,3,8.630000114440918,479.7333264624664,2.171466827392578,117.3770523071289,2013-09-16,2.9775174371885513,7.099482699133715,4.9696378893936,129210.5851242336,2.2,117.4,2.2_117.4
183,2013,4,51.05999755859375,171.40599412038222,1.6507200002670288,117.0038070678711,2013-09-19,1.0638500770740316,2.5366048649544406,1.7756234054681084,46166.20854217082,1.7000000000000002,117.0,1.7000000000000002_117.0
184,2013,4,60.35000228881836,216.50527918829252,1.977717638015747,117.05401611328125,2013-09-19,1.3437637296956746,3.2040206487273424,2.2428144541091397,58313.17580683763,2.0,117.10000000000001,2.0_117.10000000000001
185,2013,3,16.189998626708984,141.71027116852085,-0.9064666628837585,117.17999267578125,2013-09-19,0.8795403199198027,2.097143481502894,1.4680004370520257,38168.01136335266,-0.9,117.2,-0.9_117.2
187,2013,9,109.54000091552734,1796.5054507335276,-1.980033278465271,116.10714721679688,2013-09-20,11.15020785611788,26.58614414060302,18.610300898422114,483867.82335897494,-2.0,116.10000000000001,-2.0_116.10000000000001
188,2013,4,60.55000305175781,591.2749478339592,-2.402279853820801,116.08905792236328,2013-09-20,3.669812727688632,8.750166042314364,6.125116229620054,159253.0219701214,-2.4000000000000004,116.10000000000001,-2.4000000000000004_116.10000000000001
229,2013,3,12.199999809265137,1119.0656063573904,-2.170789957046509,116.4610366821289,2013-09-20,6.945603260164171,16.560840102801283,11.592588071960897,301407.28987098334,-2.2,116.5,-2.2_116.5
189,2013,10,91.5,2161.4823638513144,-2.2010388374328613,116.36714172363281,2013-09-20,13.415477044299838,31.98736839860896,22.39115787902627,582170.104854683,-2.2,116.4,-2.2_116.4
190,2013,24,161.8699951171875,6851.512023118665,-1.5133261680603027,116.1829833984375,2013-09-20,42.52465983627872,101.39422964362952,70.97596075054065,1845374.9795140568,-1.5,116.2,-1.5_116.2
191,2013,4,23.240001678466797,525.7684829147257,-1.589247465133667,115.63301849365234,2013-09-20,3.2632396780657014,7.78074826639111,5.446523786473777,141609.6184483182,-1.6,115.60000000000001,-1.6_115.60000000000001
192,2013,11,51.68000411987305,938.6614131107917,-1.1663672924041748,113.99663543701172,2013-09-21,5.825904874615993,13.891072592068197,9.723750814447737,252817.52117564116,-1.2000000000000002,114.0,-1.2000000000000002_114.0
193,2013,15,137.22000122070312,1641.6698614060306,0.9470226168632507,113.52816772460938,2013-09-21,10.189203811392508,24.294761559895985,17.00633309192719,442164.6603901069,0.9,113.5,0.9_113.5
194,2013,40,877.68994140625,9548.6866078609,-0.24529977142810822,114.6605224609375,2013-09-22,59.264969325367595,141.30920582867222,98.91644408007055,2571827.5460818345,-0.2,114.7,-0.2_114.7
195,2013,5,43.400001525878906,1143.1189198532784,-1.669842004776001,113.90689849853516,2013-09-22,7.094892785001409,16.916800536653398,11.841760375657378,307885.76976709184,-1.7000000000000002,113.9,-1.7000000000000002_113.9
196,2013,10,39.4900016784668,646.9949365518839,-1.8214679956436157,113.94035339355469,2013-09-22,4.015644940828718,9.574755609221974,6.702328926455381,174260.55208783993,-1.8,113.9,-1.8_113.9
197,2013,4,24.18000030517578,774.346854143926,-1.11114501953125,115.40809631347656,2013-09-23,4.8060685665664895,11.459412533753865,8.021588773627705,208561.30811432033,-1.1,115.4,-1.1_115.4
198,2013,53,999.4099731445312,14781.077741475412,-0.6312035322189331,113.65814971923828,2013-09-23,91.74037801421319,218.74237187973503,153.1196603158145,3981111.1682111775,-0.6000000000000001,113.7,-0.6000000000000001_113.7
199,2013,3,22.990001678466797,1665.4561177480814,-0.4829533100128174,115.3722152709961,2013-09-23,10.336835816752957,24.6467698654744,17.25273890583208,448571.2115516341,-0.5,115.4,-0.5_115.4
200,2013,4,34.52000045776367,698.1520102282203,1.355832576751709,118.45288848876953,2013-09-23,4.333156921974661,10.331819460052596,7.232273622036817,188039.11417295723,1.4000000000000001,118.5,1.4000000000000001_118.5
201,2013,4,22.280000686645508,164.4984318317917,0.7623000144958496,115.01217651367188,2013-09-23,1.0209775351257633,2.434381158040733,1.704066810628513,44305.73707634134,0.8,115.0,0.8_115.0
202,2013,4,56.12000274658203,530.6095324844894,0.5940625071525574,115.13059997558594,2013-09-23,3.293286182473798,7.852390042708009,5.496673029895606,142913.49877728577,0.6000000000000001,115.10000000000001,0.6000000000000001_115.10000000000001
203,2013,19,339.45001220703125,6398.408967818513,-0.7504994869232178,115.88671875,2013-09-24,39.71242609394528,94.68884328711226,66.28219030097858,1723336.9478254432,-0.8,115.9,-0.8_115.9
204,2013,12,64.69999694824219,5016.641840145975,0.05388250574469566,115.33145904541016,2013-09-24,31.13633706732476,74.24033309191661,51.968233164341626,1351174.0622728823,0.1,115.30000000000001,0.1_115.30000000000001
205,2013,20,165.1899871826172,6258.019419868871,-0.922205924987793,116.12147521972656,2013-09-24,38.84108298734587,92.61124493855212,64.82787145698649,1685524.6578816487,-0.9,116.10000000000001,-0.9_116.10000000000001
206,2013,12,227.09002685546875,1007.7368197078714,-1.0605500936508179,115.5477523803711,2013-09-24,6.254628951678389,14.913306460387874,10.439314522271511,271422.17757905927,-1.1,115.5,-1.1_115.5
207,2013,5,120.0999984741211,285.08971263891135,-0.519711971282959,113.9914779663086,2013-09-24,1.7694405281469336,4.218988698379094,2.9532920888653655,76785.59431049951,-0.5,114.0,-0.5_114.0
209,2013,10,109.82999420166016,5058.608387242955,0.09609399735927582,115.84769439697266,2013-09-24,31.396807038592495,74.86138807939142,52.40297165557399,1362477.2630449238,0.1,115.80000000000001,0.1_115.80000000000001
210,2013,13,280.9200134277344,2845.2764681232766,-0.0839800015091896,113.58289337158203,2013-09-24,17.659520050296397,42.106707925937485,29.474695548156237,766342.0842520621,-0.1,113.60000000000001,-0.1_113.60000000000001
211,2013,4,55.540000915527344,404.3984575126634,-2.3070826530456543,115.83739471435547,2013-09-24,2.5099433214180005,5.984616232185276,4.189231362529693,108920.01542577201,-2.3000000000000003,115.80000000000001,-2.3000000000000003_115.80000000000001
212,2013,5,33.33000183105469,226.23503201835067,-1.7233378887176514,115.96330261230469,2013-09-24,1.4041525063617866,3.3480094193078864,2.34360659351552,60933.771431403526,-1.7000000000000002,116.0,-1.7000000000000002_116.0
213,2013,5,21.14000129699707,277.2925440434393,-0.028154000639915466,113.92686462402344,2013-09-24,1.721046547214001,4.103599876105739,2.8725199132740173,74685.51774512445,-0.0,113.9,-0.0_113.9
214,2013,15,249.85000610351562,1788.9929666064374,-0.10371466726064682,114.089111328125,2013-09-24,11.103580800520225,26.474968309894987,18.53247781692649,481844.42324008874,-0.1,114.10000000000001,-0.1_114.10000000000001
215,2013,5,40.61000061035156,681.9074446102899,-1.1189099550247192,116.5436782836914,2013-09-24,4.232333246155412,10.09141920808373,7.06399344565861,183663.82958712388,-1.1,116.5,-1.1_116.5
216,2013,9,122.14000701904297,1766.6850457959727,0.029516663402318954,114.12855529785156,2013-09-24,10.965124246562686,26.14483761204377,18.301386328430638,475836.0445391966,0.0,114.10000000000001,0.0_114.10000000000001
217,2013,3,15.890000343322754,911.582672627009,-0.15250666439533234,116.2215576171875,2013-09-25,5.657837705795119,13.490339436845158,9.44323760579161,245524.17775058188,-0.2,116.2,-0.2_116.2
218,2013,3,35.13999938964844,201.19134164838425,-2.4977834224700928,114.21649932861328,2013-09-25,1.2487160989769015,2.9773925855450383,2.0841748098815267,54188.54505691969,-2.5,114.2,-2.5_114.2
219,2013,9,98.2300033569336,1721.05201821912,-0.7261844277381897,115.46244049072266,2013-09-26,10.68189786259702,25.46952307390254,17.828666151731777,463545.3199450262,-0.7000000000000001,115.5,-0.7000000000000001_115.5
220,2013,3,13.25,98.89535437755131,-2.2206199169158936,115.55904388427734,2013-09-26,0.6138048492220781,1.4635336314977796,1.0244735420484457,26636.31209325959,-2.2,115.60000000000001,-2.2_115.60000000000001
221,2013,27,667.77001953125,9099.640742274369,-1.3977270126342773,114.60648345947266,2013-09-26,56.4779169753868,134.66386105482206,94.26470273837543,2450882.2711977614,-1.4000000000000001,114.60000000000001,-1.4000000000000001_114.60000000000001
222,2013,4,46.5,181.73018284378307,-1.490785002708435,113.78260803222656,2013-09-27,1.1279282852223589,2.68939057981161,1.8825734058681267,48946.908552571294,-1.5,113.80000000000001,-1.5_113.80000000000001
223,2013,17,67.61000061035156,5593.760787831064,-2.1706247329711914,114.84307861328125,2013-09-27,34.71828902954413,82.78100716733569,57.946705017134974,1506614.3304455094,-2.2,114.80000000000001,-2.2_114.80000000000001
224,2013,3,12.209999084472656,873.9091876962956,-0.24107666313648224,113.9461441040039,2013-09-28,5.424013095093125,12.932816663820551,9.052971664674386,235377.26328153405,-0.2,113.9,-0.2_113.9
225,2013,12,134.13999938964844,580.8601972574746,-1.936597466468811,114.05814361572266,2013-09-28,3.6051724374796534,8.59604011973406,6.017228083813841,156447.93017915988,-1.9000000000000001,114.10000000000001,-1.9000000000000001_114.10000000000001
226,2013,4,58.86000061035156,518.4337021312514,-0.9997174739837646,114.60063934326172,2013-09-28,3.21771555773453,7.672202233831314,5.370541563681919,139634.0806557299,-1.0,114.60000000000001,-1.0_114.60000000000001
227,2013,3,42.2599983215332,288.603883766119,-1.6321500539779663,114.28469848632812,2013-09-29,1.791251616164693,4.270994251763048,2.9896959762341333,77732.09538208747,-1.6,114.30000000000001,-1.6_114.30000000000001
228,2013,46,2615.309814453125,5041.150059981411,-1.924414038658142,114.9281234741211,2013-09-29,31.288450018185532,74.60302559858751,52.222117919011254,1357775.0658942927,-1.9000000000000001,114.9,-1.9000000000000001_114.9
230,2013,3,15.610000610351562,290.7054470038267,1.6189566850662231,117.1893539428711,2013-09-29,1.8042951985894773,4.302094888354758,3.0114664218483305,78298.12696805659,1.6,117.2,1.6_117.2
231,2013,6,30.139999389648438,512.6973306744434,-0.24512332677841187,116.38705444335938,2013-09-29,3.1821121399674452,7.587310758365726,5.311117530856008,138089.05580225622,-0.2,116.4,-0.2_116.4
232,2013,4,38.94999694824219,299.16542403749634,-0.6246975064277649,116.24982452392578,2013-09-29,1.8568029726932986,4.4272924872551656,3.099104741078616,80576.723268044,-0.6000000000000001,116.2,-0.6000000000000001_116.2
233,2013,12,175.75001525878906,2897.5437739924546,-0.9651532769203186,114.43279266357422,2013-09-29,17.98392280915397,42.880201892856185,30.016141324999328,780419.6744499826,-1.0,114.4,-1.0_114.4
234,2013,6,66.88999938964844,220.4442922332844,-0.5890366435050964,113.5530776977539,2013-10-01,1.3682116456102553,3.262313357242705,2.2836193500698934,59374.10310181723,-0.6000000000000001,113.60000000000001,-0.6000000000000001_113.60000000000001
235,2013,133,898.5399780273438,2882.228363813192,-2.3420066833496094,114.70137023925781,2013-10-01,17.888866038337742,42.653552036362804,29.85748642545396,776294.6470618029,-2.3000000000000003,114.7,-2.3000000000000003_114.7
236,2013,12,143.58001708984375,1741.9779278975468,-0.21951501071453094,114.45025634765625,2013-10-02,10.811776813088118,25.779201650584138,18.045441155408895,469181.47004063125,-0.2,114.5,-0.2_114.5
237,2013,9,93.7699966430664,1598.0358248101938,0.0981677770614624,113.91539001464844,2013-10-03,9.91838438390545,23.649029710933544,16.554320797653478,430412.3407389904,0.1,113.9,0.1_113.9
238,2013,5,74.2300033569336,833.2201466484574,0.18699601292610168,113.93501281738281,2013-10-03,5.171472105048111,12.33066724657328,8.631467072601295,224418.14388763366,0.2,113.9,0.2_113.9
239,2013,3,18.59000015258789,138.4122351273101,-0.6275566220283508,113.50594329833984,2013-10-03,0.8590706979871485,2.048336470348694,1.4338355292440859,37279.723760346234,-0.6000000000000001,113.5,-0.6000000000000001_113.5
240,2013,6,32.02000045776367,1700.071377857051,-0.15799999237060547,113.79586791992188,2013-10-03,10.551679220123095,25.159034548192597,17.611324183734816,457894.42877710523,-0.2,113.80000000000001,-0.2_113.80000000000001
241,2013,8,194.02999877929688,652.4821373385861,-0.15163250267505646,113.91278839111328,2013-10-03,4.049701853539448,9.655959655101226,6.759171758570858,175738.46572284232,-0.2,113.9,-0.2_113.9
242,2013,6,89.81999969482422,1155.7281982446702,-0.10640832781791687,114.23351287841797,2013-10-03,7.173153652466225,17.10340286100797,11.97238200270558,311281.93207034504,-0.1,114.2,-0.1_114.2
243,2013,7,83.32999420166016,718.088816115996,0.14513714611530304,115.08361053466797,2013-10-03,4.456896891449848,10.626860476944143,7.4388023338609,193408.8606803834,0.1,115.10000000000001,0.1_115.10000000000001
244,2013,12,332.3600158691406,2125.6500834447766,-0.01284249871969223,114.31204223632812,2013-10-03,13.19308007114929,31.457093262852624,22.019965283996836,572519.0973839178,-0.0,114.30000000000001,-0.0_114.30000000000001
245,2013,16,156.20999145507812,5344.0965174533785,-0.361433744430542,114.38961791992188,2013-10-03,33.16872038903678,79.08627288400277,55.360391018801934,1439370.1664888503,-0.4,114.4,-0.4_114.4
246,2013,3,28.559999465942383,773.8586816091198,-1.1491066217422485,116.4827651977539,2013-10-03,4.803038670258346,11.45218816080774,8.016531712565417,208429.82452670083,-1.1,116.5,-1.1_116.5
247,2013,3,95.6500015258789,542.8894347363672,-2.4627630710601807,116.2912826538086,2013-10-04,3.369502740851253,8.034117991914975,5.623882594340483,146220.94745285256,-2.5,116.30000000000001,-2.5_116.30000000000001
248,2013,3,20.099998474121094,604.6585856122578,-1.9418967962265015,114.39669036865234,2013-10-06,3.7528797415059785,8.948227964672673,6.263759575270871,162857.74895704264,-1.9000000000000001,114.4,-1.9000000000000001_114.4
249,2013,10,175.99000549316406,2371.8536608616246,-0.7990239858627319,115.26329040527344,2013-10-09,14.721169541736073,35.100613406063886,24.57042938424472,638831.1639903627,-0.8,115.30000000000001,-0.8_115.30000000000001
250,2013,3,11.869999885559082,472.60109471761666,-1.991510033607483,114.6946792602539,2013-10-12,2.9332504596513522,6.993934151460044,4.895753906022031,127289.6015565728,-2.0,114.7,-2.0_114.7
251,2013,5,56.58000183105469,207.9371599675534,1.2713639736175537,118.33988952636719,2013-10-13,1.290584759262698,3.077222674068579,2.1540558718480054,56005.45266804814,1.3,118.30000000000001,1.3_118.30000000000001
252,2013,9,30.28999900817871,898.9320253178563,1.2830866575241089,118.26740264892578,2013-10-13,5.579320077610971,13.303124901706544,9.31218743119458,242116.87321105908,1.3,118.30000000000001,1.3_118.30000000000001
253,2013,3,16.399999618530273,144.09312706045907,0.22894667088985443,115.16641235351562,2013-10-14,0.89432977601382,2.1324069148442666,1.4926848403909865,38809.80585016565,0.2,115.2,0.2_115.2
254,2013,6,15.139999389648438,296.8075784450732,-2.411928415298462,114.0313720703125,2013-10-14,1.842168745762668,4.3923991766026145,3.0746794236218298,79941.66501416758,-2.4000000000000004,114.0,-2.4000000000000004_114.0
255,2013,5,41.11000061035156,175.2346517896583,-2.03711199760437,114.4556655883789,2013-10-14,1.087613060261707,2.59326444515156,1.815285111606092,47197.41290175839,-2.0,114.5,-2.0_114.5
256,2013,4,51.040000915527344,2218.9640205408905,0.30495500564575195,114.44903564453125,2013-10-15,13.772243242666274,32.83802855639793,22.986619989478548,597652.1197264423,0.30000000000000004,114.4,0.30000000000000004_114.4
257,2013,3,24.770000457763672,223.92163536142954,0.37112000584602356,116.34976959228516,2013-10-15,1.3897941566179621,3.313773900038974,2.3196417300272816,60310.684980709324,0.4,116.30000000000001,0.4_116.30000000000001
258,2013,4,60.519996643066406,382.19346877061645,0.21813249588012695,114.64059448242188,2013-10-16,2.372125626617527,5.65600880653261,3.959206164572827,102939.3602788935,0.2,114.60000000000001,0.2_114.60000000000001
259,2013,12,172.9499969482422,575.529948501436,-1.591137409210205,113.93538665771484,2013-10-16,3.5720896647386207,8.517158777250268,5.962011144075187,155012.28974595485,-1.6,113.9,-1.6_113.9
260,2013,9,56.25,684.4544029940753,-1.5985578298568726,114.72090911865234,2013-10-16,4.248141222339672,10.12911116314225,7.090377814199575,184349.82316918895,-1.6,114.7,-1.6_114.7
261,2013,6,33.459999084472656,2585.0142084777135,-0.4116866886615753,116.27986907958984,2013-10-17,16.044173828571296,38.25513600531193,26.77859520371835,696243.4752966771,-0.4,116.30000000000001,-0.4_116.30000000000001
262,2013,4,18.020000457763672,201.00123332793234,-1.4352275133132935,114.69046783447266,2013-10-17,1.247536170862934,2.974579208492495,2.0822054459447465,54137.34159456341,-1.4000000000000001,114.7,-1.4000000000000001_114.7
263,2013,6,78.20999908447266,618.6153281945518,-0.7223634123802185,115.29031372070312,2013-10-18,3.839503793063055,9.154771156553698,6.408339809587589,166616.83504927732,-0.7000000000000001,115.30000000000001,-0.7000000000000001_115.30000000000001
264,2013,4,17.990001678466797,123.9619454964882,-1.9738775491714478,116.28411865234375,2013-10-25,0.7693833926138299,1.8344893691102147,1.2841425583771502,33387.706517805906,-2.0,116.30000000000001,-2.0_116.30000000000001
265,2013,3,14.0600004196167,316.2151208622484,-0.36231669783592224,116.1200942993164,2013-10-25,1.9626237835359022,4.679607723566505,3.2757254064965533,85168.86056891039,-0.4,116.10000000000001,-0.4_116.10000000000001
266,2013,4,31.919998168945312,171.8494883211829,-2.0098876953125,116.44661712646484,2013-11-02,1.0666026724084299,2.5431680516918886,1.7802176361843218,46285.65854079237,-2.0,116.4,-2.0_116.4
0,2014,12956,108145.6875,6007314.010564161,-0.03695938363671303,116.61099243164062,2014-01-01,37285.05240404915,88901.10303729466,62230.772126106254,1680230847.4048688,-0.0,116.60000000000001,-0.0_116.60000000000001
1,2014,27600,249741.03125,7753042.836390442,-1.9029537439346313,114.69203186035156,2014-01-11,48120.10957597804,114735.81351639323,80315.06946147526,2168506875.4598317,-1.9000000000000001,114.7,-1.9000000000000001_114.7
2,2014,136,411.19000244140625,5912.084459349806,1.268768548965454,118.2662353515625,2014-01-13,36.693999763684864,87.491818932982,61.24427325308739,1653595.3778333596,1.3,118.30000000000001,1.3_118.30000000000001
3,2014,311,2299.2900390625,24039.230805985462,2.23579478263855,117.94892883300781,2014-01-13,149.2021190798426,355.7520267896767,249.02641875277365,6723713.306324889,2.2,117.9,2.2_117.9
4,2014,12,169.80999755859375,268.111287860471,-0.6888332962989807,117.49886322021484,2014-01-21,1.6640620750663855,3.967728203591452,2.777409742514016,74990.06304787843,-0.7000000000000001,117.5,-0.7000000000000001_117.5
5,2014,255,1944.199951171875,143132.35920015164,1.2235081195831299,117.68522644042969,2014-01-21,888.3666650532987,2118.188693124225,1482.7320851869576,40033766.30004786,1.2000000000000002,117.7,1.2000000000000002_117.7
6,2014,52,564.719970703125,14788.860322087225,0.45616501569747925,115.24962615966797,2014-01-26,91.78868145322768,218.85754481719928,153.20028137203948,4136407.5970450663,0.5,115.2,0.5_115.2
7,2014,219,1089.300048828125,37014.92221002661,1.240476131439209,118.06233978271484,2014-01-28,229.73716904188205,547.776827967411,383.4437795771877,10352982.048584068,1.2000000000000002,118.10000000000001,1.2000000000000002_118.10000000000001
8,2014,133,1953.230224609375,100730.2602582472,0.8014564514160156,114.27459716796875,2014-01-30,625.1933935528613,1490.6880563333418,1043.4816394333393,28174004.26470016,0.8,114.30000000000001,0.8_114.30000000000001
9,2014,6,18.799999237060547,3887.0202001493,-0.787276566028595,117.43245697021484,2014-01-30,24.12521662814722,57.523276245229304,40.26629337166051,1087189.9210348336,-0.8,117.4,-0.8_117.4
10,2014,23,411.92999267578125,11031.002202482083,-0.3653082549571991,114.08688354492188,2014-01-30,68.46512342545262,163.24571375542044,114.2719996287943,3085343.9899774464,-0.4,114.10000000000001,-0.4_114.10000000000001
11,2014,1694,16073.470703125,409002.55392824905,2.1036362648010254,117.26234436035156,2014-01-31,2538.5191501205663,6052.751383621647,4236.925968535153,114397001.15044913,2.1,117.30000000000001,2.1_117.30000000000001
12,2014,310,2519.800048828125,20025.846993556974,2.419912099838257,117.9503402709961,2014-01-31,124.2926128511336,296.35871936318375,207.4511035542286,5601179.795964172,2.4000000000000004,118.0,2.4000000000000004_118.0
13,2014,10,73.12000274658203,1002.898194541069,2.1880218982696533,116.71043395996094,2014-02-01,6.224597494592823,14.841700562351534,10.389190393646073,280508.140628444,2.2,116.7,2.2_116.7
14,2014,21,99.35000610351562,10891.756415945702,0.8470494151115417,118.47764587402344,2014-02-01,67.60087919934391,161.18504171553528,112.82952920087469,3046397.2884236164,0.8,118.5,0.8_118.5
15,2014,50,177.75999450683594,264.4158737119685,-1.2506353855133057,116.8193130493164,2014-02-02,1.6411260823849174,3.913040469039243,2.73912832832747,73956.46486484169,-1.3,116.80000000000001,-1.3_116.80000000000001
16,2014,3,13.639999389648438,292.44693364118615,-2.0269734859466553,113.51219940185547,2014-02-02,1.8151039261540283,4.327866819489655,3.0295067736427583,81796.68288835448,-2.0,113.5,-2.0_113.5
17,2014,23,193.04998779296875,3914.0921154568337,-1.5493847131729126,113.87068176269531,2014-02-04,24.293241435764127,57.92390839596084,40.54673587717258,1094761.8686836597,-1.5,113.9,-1.5_113.9
18,2014,8,39.790000915527344,1971.079023939732,-1.4095726013183594,114.06875610351562,2014-02-04,12.23371785974164,29.169625408920467,20.418737786244325,551305.9202285968,-1.4000000000000001,114.10000000000001,-1.4000000000000001_114.10000000000001
19,2014,7,17.3799991607666,137.70812512810446,1.0242928266525269,118.17515563964844,2014-02-05,0.8547005621539906,2.0379164797374334,1.4265415358162032,38516.62146703749,1.0,118.2,1.0_118.2
20,2014,81,1100.3800048828125,16247.535472210977,0.5633496642112732,116.00924682617188,2014-02-05,100.84210854513705,240.4442022802598,168.31094159618183,4544395.423096909,0.6000000000000001,116.0,0.6000000000000001_116.0
21,2014,36,405.0299987792969,6239.762180875301,0.9315156936645508,118.09091186523438,2014-02-05,38.72776743376711,92.3410595142361,64.63874165996526,1745246.024819062,0.9,118.10000000000001,0.9_118.10000000000001
22,2014,8,41.25,563.7424988290173,1.2899212837219238,117.74900817871094,2014-02-05,3.4989295672352525,8.342718540560158,5.83990297839211,157677.38041658697,1.3,117.7,1.3_117.7
23,2014,3,22.75,285.1639376709505,1.0917733907699585,117.4485855102539,2014-02-06,1.7699012139383548,4.22008714057966,2.954060998405762,79759.64695695558,1.1,117.4,1.1_117.4
24,2014,3,13.229999542236328,364.7858212007698,0.8800600171089172,116.5818099975586,2014-02-06,2.264083155268173,5.398396324893997,3.7788774274257975,102029.69054049654,0.9,116.60000000000001,0.9_116.60000000000001
25,2014,8,236.52999877929688,382.51155305490715,-0.47631752490997314,115.38206481933594,2014-02-07,2.374099851568616,5.660716075651978,3.9625012529563843,106987.53382982238,-0.5,115.4,-0.5_115.4
26,2014,4,8.420000076293945,255.2508367873555,0.7827775478363037,117.7581558227539,2014-02-23,1.5842422768408237,3.777408822259535,2.6441861755816745,71393.02674070522,0.8,117.80000000000001,0.8_117.80000000000001
27,2014,19,192.50999450683594,3075.787949472481,0.6430467963218689,115.20571899414062,2014-02-26,19.09021480784128,45.518003709488596,31.862602596642017,860290.2701093345,0.6000000000000001,115.2,0.6000000000000001_115.2
30,2014,9,38.02000045776367,4880.212275410101,-0.5129677653312683,116.87895965576172,2014-02-26,30.289572030289353,72.22133778543052,50.55493644980136,1364983.2841446367,-0.5,116.9,-0.5_116.9
28,2014,78,937.66015625,30481.156657925396,0.8653755187988281,114.66651916503906,2014-02-27,189.18463748161042,451.08486820845593,315.75940774591913,8525504.009139817,0.9,114.7,0.9_114.7
29,2014,643,5923.5302734375,273318.4032345244,1.6129239797592163,118.06514739990234,2014-02-28,1696.3806069849923,4044.787318460716,2831.351122922501,76446480.31890753,1.6,118.10000000000001,1.6_118.10000000000001
31,2014,29,679.68994140625,7203.443962781383,1.718569278717041,117.06073760986328,2014-03-04,44.708963967860285,106.60240380849758,74.6216826659483,2014785.431980604,1.7000000000000002,117.10000000000001,1.7000000000000002_117.10000000000001
32,2014,17,151.57000732421875,5893.484166066156,1.0993976593017578,118.02738189697266,2014-03-07,36.57855500607906,87.21655671315702,61.051589699209906,1648392.9218786675,1.1,118.0,1.1_118.0
33,2014,4,18.729999542236328,241.75342217409127,0.9560025334358215,118.21923828125,2014-03-10,1.5004690946349757,3.5776631380551227,2.5043641966385857,67617.83330924182,1.0,118.2,1.0_118.2
34,2014,7,13.430000305175781,481.2618841687575,1.4060471057891846,117.855224609375,2014-03-11,2.98700459801974,7.122103535318817,4.985472474723172,134607.75681752563,1.4000000000000001,117.9,1.4000000000000001_117.9
35,2014,3,11.469999313354492,296.3324847509969,0.12894999980926514,115.6261978149414,2014-03-12,1.8392200247120758,4.385368354945019,3.069757848461513,82883.46190846086,0.1,115.60000000000001,0.1_115.60000000000001
36,2014,12,102.26000213623047,703.0580064940541,0.06300000101327896,115.66100311279297,2014-03-13,4.3636065251657055,10.404422370232167,7.283095659162516,196643.58279738793,0.1,115.7,0.1_115.7
37,2014,18,87.92000579833984,992.8114195885107,0.6041533946990967,116.53262329101562,2014-03-17,6.161992821017807,14.69242828895373,10.28469980226761,277686.8946612255,0.6000000000000001,116.5,0.6000000000000001_116.5
38,2014,22,117.30000305175781,521.2381933701157,1.3008309602737427,116.780029296875,2014-03-17,3.2351219397921134,7.713705368868872,5.39959375820821,145789.03147162168,1.3,116.80000000000001,1.3_116.80000000000001
39,2014,4,21.780000686645508,967.844354042943,0.907087504863739,118.88676452636719,2014-03-19,6.007031993998479,14.322945411464367,10.026061788025057,270703.66827667656,0.9,118.9,0.9_118.9
40,2014,25,134.8000030517578,7143.081753649205,0.8858324289321899,118.31999969482422,2014-03-27,44.33431930524408,105.70911490031305,73.99638043021913,1997902.2716159166,0.9,118.30000000000001,0.9_118.30000000000001
41,2014,6,52.52000045776367,763.928184943567,-0.4575766623020172,117.59420776367188,2014-03-30,4.741403954989217,11.305228620200522,7.9136600341403645,213668.82092178983,-0.5,117.60000000000001,-0.5_117.60000000000001
42,2014,14,146.3000030517578,1513.937011958517,0.35224494338035583,116.38701629638672,2014-04-03,9.396415890369246,22.404467296933987,15.68312710785379,423444.4319120523,0.4,116.4,0.4_116.4
43,2014,35,395.42999267578125,3890.2705569013683,0.7583211660385132,116.41507720947266,2014-04-04,24.14539032334937,57.571377659607755,40.29996436172543,1088099.0377665865,0.8,116.4,0.8_116.4
44,2014,7,23.69999885559082,1487.3950634069179,-1.187151551246643,116.79682159423828,2014-04-20,9.231680379471754,22.011678023916662,15.408174616741663,416020.7146520249,-1.2000000000000002,116.80000000000001,-1.2000000000000002_116.80000000000001
45,2014,19,25.170000076293945,1427.9942791046224,-0.7616658210754395,117.560546875,2014-04-21,8.863002905369695,21.13261705982057,14.792831941874399,399406.46243060875,-0.8,117.60000000000001,-0.8_117.60000000000001
46,2014,18,198.489990234375,4164.300603909664,0.988580584526062,118.95099639892578,2014-04-26,25.846187825364556,61.626696459583606,43.13868752170852,1164744.56308613,1.0,119.0,1.0_119.0
47,2014,25,349.3399963378906,8590.41391172184,-0.9394988417625427,116.09305572509766,2014-05-05,53.31734487455935,127.12790957089857,88.98953669962899,2402717.490889983,-0.9,116.10000000000001,-0.9_116.10000000000001
48,2014,6,69.30000305175781,1392.747420585383,2.0713448524475098,117.80145263671875,2014-05-06,8.64423941728552,20.61100547177149,14.427703830240043,389548.00341648114,2.1,117.80000000000001,2.1_117.80000000000001
49,2014,231,2977.2197265625,91636.83576202198,0.27339088916778564,115.43111419677734,2014-05-08,568.7540583894609,1356.1161883272514,949.281331829076,25630595.959385052,0.30000000000000004,115.4,0.30000000000000004_115.4
50,2014,36,254.38999938964844,16607.600999791182,-2.120181083679199,114.41859436035156,2014-05-22,103.07689468102257,245.77274387327358,172.0409207112915,4645104.859204871,-2.1,114.4,-2.1_114.4
109,2014,4,49.37000274658203,2529.660433675639,-1.2465349435806274,114.78328704833984,2014-05-30,15.700614562212344,37.435965968831646,26.20517617818215,707539.756810918,-1.2000000000000002,114.80000000000001,-1.2000000000000002_114.80000000000001
51,2014,20,531.2200317382812,11588.777384513485,-1.2308790683746338,114.67918395996094,2014-06-09,71.927016187367,171.50012310412748,120.05008617288922,3241352.326668009,-1.2000000000000002,114.7,-1.2000000000000002_114.7
52,2014,181,4640.27001953125,47817.13452299264,1.7760391235351562,114.9428939819336,2014-06-21,296.78228295807287,707.6367234509731,495.34570641568115,13374334.073223392,1.8,114.9,1.8_114.9
53,2014,20,396.04998779296875,1180.480595211258,1.828775405883789,114.83634948730469,2014-07-15,7.32678211543688,17.469708898827356,12.22879622917915,330177.498187837,1.8,114.80000000000001,1.8_114.80000000000001
54,2014,14,19.010000228881836,180.70591847539458,0.1519549936056137,117.28466796875,2014-07-17,1.1215710762294868,2.6742326852864684,1.8719628797005277,50542.99775191425,0.2,117.30000000000001,0.2_117.30000000000001
55,2014,38,299.949951171875,2835.9171186622184,-1.9821239709854126,114.4682846069336,2014-07-19,17.601430222711272,41.96820068470847,29.377740479295927,793198.99294099,-2.0,114.5,-2.0_114.5
56,2014,7,59.45000076293945,1341.639779213931,-1.4335830211639404,114.18706512451172,2014-07-19,8.327034243154298,19.854673160264795,13.898271212185357,375253.3227290046,-1.4000000000000001,114.2,-1.4000000000000001_114.2
57,2014,53,866.949951171875,19589.753318071213,1.4493789672851562,115.3655776977539,2014-07-23,121.58594968770191,289.9050515991723,202.93353611942058,5479205.475224355,1.4000000000000001,115.4,1.4000000000000001_115.4
58,2014,12,45.18000030517578,1954.3261399384428,-1.7196766138076782,114.72846221923828,2014-07-26,12.129739250198577,28.92170264940576,20.24519185458403,546620.1800737687,-1.7000000000000002,114.7,-1.7000000000000002_114.7
59,2014,5,38.92000198364258,355.58397078029185,-1.6513420343399048,114.84031677246094,2014-07-29,2.2069708627297104,5.2622198821566775,3.683553917509674,99455.9557727612,-1.7000000000000002,114.80000000000001,-1.7000000000000002_114.80000000000001
60,2014,10,248.2100067138672,4416.1454860295225,1.9768199920654297,115.10616302490234,2014-07-29,27.40929067149806,65.3537012033643,45.747590842355,1235184.952743585,2.0,115.10000000000001,2.0_115.10000000000001
61,2014,3,8.050000190734863,140.43446921483314,-1.433210015296936,113.50382232666016,2014-07-29,0.8716219153521735,2.0782631298614587,1.454784190903021,39279.17315438157,-1.4000000000000001,113.5,-1.4000000000000001_113.5
62,2014,3,13.210000038146973,490.5974126950055,0.6129699349403381,116.3421859741211,2014-07-29,3.044946578363792,7.260258255042157,5.0821807785295094,137218.88102029674,0.6000000000000001,116.30000000000001,0.6000000000000001_116.30000000000001
63,2014,12,159.1300048828125,5914.599388605504,-1.4364451169967651,114.61013793945312,2014-07-30,36.709608947577415,87.52903689503611,61.27032582652527,1654298.7973161824,-1.4000000000000001,114.60000000000001,-1.4000000000000001_114.60000000000001
64,2014,3,9.180000305175781,184.3124276149333,-1.5750932693481445,116.18242645263672,2014-07-31,1.1439552702348132,2.7276047314380842,1.9093233120066588,51551.729424179786,-1.6,116.2,-1.6_116.2
65,2014,11,64.31999969482422,1292.0163745651298,-2.4254064559936523,116.54287719726562,2014-07-31,8.019041146814702,19.120305787094946,13.384214050966461,361373.77937609446,-2.4000000000000004,116.5,-2.4000000000000004_116.5
66,2014,7,121.33999633789062,323.4896246178581,1.9144841432571411,115.01795959472656,2014-08-01,2.0077737878913244,4.787261727799574,3.351083209459702,90479.24665541196,1.9000000000000001,115.0,1.9000000000000001_115.0
67,2014,5,27.89000129699707,1988.859293995659,-1.8569481372833252,114.80403137207031,2014-08-03,12.344073053365209,29.432752260204285,20.602926582143,556279.017717861,-1.9000000000000001,114.80000000000001,-1.9000000000000001_114.80000000000001
68,2014,5,14.690000534057617,208.0676362664261,1.283216118812561,117.88749694824219,2014-08-07,1.291394574703076,3.0791535681203306,2.1554074976842315,58196.00243747425,1.3,117.9,1.3_117.9
69,2014,8,140.86000061035156,4221.4118116206355,0.9436050057411194,113.6440658569336,2014-08-07,26.200654791568997,62.47187441305313,43.730312089137186,1180718.4264067041,0.9,113.60000000000001,0.9_113.60000000000001
70,2014,57,591.4999389648438,8610.973179056937,0.056803688406944275,117.03943634033203,2014-08-08,53.44494821918724,127.43216227693567,89.20251359385496,2408467.8670340837,0.1,117.0,0.1_117.0
71,2014,10,137.67999267578125,3381.989512348796,2.2408769130706787,116.76778411865234,2014-08-11,20.99068834692518,50.04942268368859,35.03459587858201,945934.0887217143,2.2,116.80000000000001,2.2_116.80000000000001
72,2014,12,172.1000213623047,303.50114472189154,2.4682719707489014,116.61502075195312,2014-08-12,1.8837130980243055,4.491455997041156,3.1440191979288086,84888.51834407783,2.5,116.60000000000001,2.5_116.60000000000001
73,2014,8,12.770000457763672,776.5880940130259,-2.4332287311553955,116.14488220214844,2014-08-12,4.819979067303171,11.492580218376933,8.044806152863853,217209.76612732402,-2.4000000000000004,116.10000000000001,-2.4000000000000004_116.10000000000001
74,2014,8,245.27999877929688,402.5259170449918,2.3050899505615234,116.87893676757812,2014-08-13,2.4983211939009338,5.956904860220164,4.169833402154115,112585.50185816111,2.3000000000000003,116.9,2.3000000000000003_116.9
75,2014,262,1866.510009765625,17651.84606618369,-2.2314436435699463,113.54389953613281,2014-08-13,109.55811606459696,261.22632896642716,182.858430276499,4937177.617465473,-2.2,113.5,-2.2_113.5
76,2014,132,1253.780029296875,4818.209355402552,-2.093194007873535,114.22596740722656,2014-08-14,29.90474411591362,71.30376830753892,49.912637815277236,1347641.2210124854,-2.1,114.2,-2.1_114.2
77,2014,22,345.57000732421875,6586.504894700118,-1.1334487199783325,115.59970092773438,2014-08-14,40.87986406679569,97.47243930809447,68.23070751566613,1842229.1029229853,-1.1,115.60000000000001,-1.1_115.60000000000001
78,2014,61,788.1199951171875,24359.852916382435,0.03288410231471062,115.81929779052734,2014-08-16,151.19209532663533,360.4968527172561,252.34779690207927,6813390.51635614,0.0,115.80000000000001,0.0_115.80000000000001
79,2014,19,273.3199768066406,1211.9392698840018,-1.4810364246368408,113.79713439941406,2014-08-18,7.522033825547673,17.935259871122156,12.554681909785508,338976.4115642087,-1.5,113.80000000000001,-1.5_113.80000000000001
80,2014,3,33.34000015258789,338.90161017358884,1.8856333494186401,116.94893646240234,2014-08-20,2.103429964359766,5.015340785010475,3.5107385495073324,94789.94083669798,1.9000000000000001,116.9,1.9000000000000001_116.9
81,2014,3,8.350000381469727,233.03060107077482,1.9223700761795044,116.708251953125,2014-08-20,1.4463299500228637,3.4485757595165407,2.4140030316615784,65178.08185486262,1.9000000000000001,116.7,1.9000000000000001_116.7
82,2014,5,34.22999954223633,557.1970815886691,1.2344119548797607,116.70086669921875,2014-08-20,3.4583047181956346,8.245854149672152,5.772097904770506,155846.64342880365,1.2000000000000002,116.7,1.2000000000000002_116.7
83,2014,3,12.34000015258789,732.0227028220901,-0.4907033145427704,117.14813995361328,2014-08-21,4.543379085507823,10.83306542903922,7.583145800327453,204744.93660884124,-0.5,117.10000000000001,-0.5_117.10000000000001
84,2014,38,641.4000244140625,9210.346620226494,-0.6099202036857605,116.75186157226562,2014-08-21,57.16502513281331,136.30217638932075,95.41152347252452,2576111.133758162,-0.6000000000000001,116.80000000000001,-0.6000000000000001_116.80000000000001
85,2014,23,149.90000915527344,4667.5980268823005,1.383202314376831,115.71692657470703,2014-08-22,28.969958408583217,69.07489976299195,48.35242983409436,1305515.6055205476,1.4000000000000001,115.7,1.4000000000000001_115.7
86,2014,6,114.6399917602539,768.9026752608017,1.6073417663574219,117.2597427368164,2014-08-23,4.772278674012622,11.378845160882898,7.965191612618028,215060.17354068675,1.6,117.30000000000001,1.6_117.30000000000001
87,2014,12,152.35000610351562,1772.3208073197864,1.813531756401062,117.2372817993164,2014-08-23,11.000103217760563,26.22824018015343,18.3597681261074,495713.7394048998,1.8,117.2,1.8_117.2
88,2014,9,192.24000549316406,2053.386378641607,1.2177577018737793,118.72659301757812,2014-08-23,12.7445674720478,30.387676372830605,21.271373460981422,574327.0834464984,1.2000000000000002,118.7,1.2000000000000002_118.7
89,2014,6,69.04999542236328,664.3670567011372,0.7714149951934814,115.02239990234375,2014-08-23,4.123466907350744,9.831842327287506,6.882289629101254,185821.81998573386,0.8,115.0,0.8_115.0
90,2014,3,24.96000099182129,124.65119685084696,2.325160026550293,116.67825317382812,2014-08-25,0.7736613066402377,1.8446894694486833,1.2912826286140782,34864.63097258011,2.3000000000000003,116.7,2.3000000000000003_116.7
91,2014,4,56.409996032714844,233.32177262471205,0.2201949954032898,115.57466125488281,2014-08-25,1.4481371381651893,3.452884752233183,2.417019326563228,65259.521817207155,0.2,115.60000000000001,0.2_115.60000000000001
92,2014,7,198.58999633789062,314.1299351168802,1.595639944076538,117.0455551147461,2014-08-25,1.9496818498111943,4.648749454384157,3.25412461806891,87861.36468786057,1.6,117.0,1.6_117.0
93,2014,22,239.01002502441406,1975.9350827731628,1.8622727394104004,116.85327911376953,2014-08-25,12.263857520788694,29.241489304489576,20.469042513142703,552664.147854853,1.9000000000000001,116.9,1.9000000000000001_116.9
94,2014,5,38.21999740600586,330.85932484521175,1.6542079448699951,117.06648254394531,2014-08-25,2.053514639575754,4.896324526600132,3.4274271686200923,92540.53355274249,1.7000000000000002,117.10000000000001,1.7000000000000002_117.10000000000001
95,2014,12,190.9399871826172,1202.3535162383885,0.8394899368286133,113.70132446289062,2014-08-26,7.462538795592442,17.793402117217468,12.455381482052227,336295.3000154101,0.8,113.7,0.8_113.7
96,2014,5,46.75,785.7706137251171,0.9520899653434753,113.5253677368164,2014-08-26,4.876971381682686,11.628470589619562,8.139929412733693,219778.09414380972,1.0,113.5,1.0_113.5
97,2014,4,67.77999877929688,967.2185366979342,1.0466625690460205,118.8597412109375,2014-08-26,6.003147790099201,14.313684059024107,10.019578841316875,270528.62871555565,1.0,118.9,1.0_118.9
98,2014,4,52.769996643066406,298.4010493829333,2.480870246887207,115.64144897460938,2014-08-26,1.8520587976757132,4.41598065141557,3.091186455990899,83462.03431175427,2.5,115.60000000000001,2.5_115.60000000000001
99,2014,7,126.31000518798828,678.6554358572835,-2.087338447570801,115.42890167236328,2014-08-26,4.212149297628493,10.043293346056075,7.030305342239251,189818.24424045978,-2.1,115.4,-2.1_115.4
100,2014,12,95.5,3668.323271929904,-2.477259874343872,116.39781951904297,2014-08-27,22.767850188682708,54.286821797304334,38.00077525811303,1026020.9319690518,-2.5,116.4,-2.5_116.4
101,2014,6,123.29999542236328,817.0102140736687,-0.6978133320808411,116.79085540771484,2014-09-02,5.070863383004574,12.090779522454868,8.463545665718406,228515.732974397,-0.7000000000000001,116.80000000000001,-0.7000000000000001_116.80000000000001
102,2014,3,42.81999969482422,192.2741807896456,1.2989033460617065,115.43526458740234,2014-09-05,1.1933707633861983,2.8454292097486715,1.99180044682407,53778.612064249886,1.3,115.4,1.3_115.4
103,2014,7,61.040000915527344,966.5951764494633,1.9455242156982422,117.06427001953125,2014-09-05,5.9992788364387195,14.304459068690456,10.013121348083319,270354.2763982496,1.9000000000000001,117.10000000000001,1.9000000000000001_117.10000000000001
104,2014,5,72.9800033569336,609.7478771132355,0.14842800796031952,115.31353759765625,2014-09-06,3.784466986650771,9.02354342634483,6.316480398441381,170544.97075791727,0.1,115.30000000000001,0.1_115.30000000000001
105,2014,20,370.75,2643.016780620447,-1.711890459060669,115.65675354003906,2014-09-13,16.404173145755045,39.11350509229845,27.379453564608916,739245.2462444408,-1.7000000000000002,115.7,-1.7000000000000002_115.7
106,2014,3,15.269999504089355,561.0482043007745,-1.467246651649475,116.03048706054688,2014-09-13,3.4822071331322877,8.302846185786143,5.811992330050299,156923.7929113581,-1.5,116.0,-1.5_116.0
107,2014,5,129.5800018310547,1248.7128652963765,-0.0868300050497055,114.01200103759766,2014-09-14,7.750273173386748,18.479465349487068,12.935625744640946,349261.89510530554,-0.1,114.0,-0.1_114.0
108,2014,5,30.200000762939453,156.72915106838713,-1.335476040840149,114.6075439453125,2014-09-15,0.9727566430771876,2.3194050425158124,1.6235835297610686,43836.75530354885,-1.3,114.60000000000001,-1.3_114.60000000000001
110,2014,25,446.3800048828125,6833.353819147982,-0.14377999305725098,113.77185821533203,2014-09-15,42.41195895441709,101.12550981987282,70.78785687391097,1911272.1355955962,-0.1,113.80000000000001,-0.1_113.80000000000001
111,2014,8,602.3900146484375,779.0674851602646,-1.617588758468628,115.99736022949219,2014-09-16,4.835367680032981,11.52927225869026,8.070490581083181,217903.2456892459,-1.6,116.0,-1.6_116.0
112,2014,3,9.149999618530273,122.67770676280355,-2.2307064533233643,114.18441772460938,2014-09-16,0.7614126242470461,1.8154841631584349,1.2708389142109042,34312.65068369442,-2.2,114.2,-2.2_114.2
113,2014,5,62.68000411987305,410.98519021312393,1.2610238790512085,118.6629638671875,2014-09-16,2.5508245993862,6.0820920427477025,4.257464429923392,114951.53960793157,1.3,118.7,1.3_118.7
114,2014,7,229.27999877929688,1687.6822349849201,-0.10680713504552841,114.18302917480469,2014-09-16,10.474784647870617,24.975689967722495,17.482982977405744,472040.5403899551,-0.1,114.2,-0.1_114.2
115,2014,27,269.3700256347656,8036.658384910168,0.005518519319593906,114.30770874023438,2014-09-16,49.88040054305003,118.93298633898772,83.25309043729139,2247833.4418068677,0.0,114.30000000000001,0.0_114.30000000000001
116,2014,6,83.9800033569336,186.57353248123107,-0.10309666395187378,113.63323211669922,2014-09-16,1.1579890652524711,2.7610663943948346,1.9327464760763842,52184.15485406237,-0.1,113.60000000000001,-0.1_113.60000000000001
117,2014,3,57.380001068115234,143.4236840868998,-0.024843333289027214,113.92145538330078,2014-09-16,0.8901748048725104,2.1224999549841153,1.4857499684888806,40115.24914919978,-0.0,113.9,-0.0_113.9
118,2014,6,33.68000030517578,1547.3231766371514,0.02835833467543125,114.13094329833984,2014-09-16,9.603630778324836,22.8985428290097,16.02897998030679,432782.45946828334,0.0,114.10000000000001,0.0_114.10000000000001
119,2014,5,86.34000396728516,216.42757478147456,0.4418179988861084,115.00370025634766,2014-09-17,1.3432814487835836,3.2028707159179666,2.2420095011425762,60534.25653084956,0.4,115.0,0.4_115.0
120,2014,8,33.459999084472656,1672.5818261917593,0.9585174918174744,118.44110870361328,2014-09-17,10.381062306706918,24.752221876048694,17.326555313234085,467816.99345732026,1.0,118.4,1.0_118.4
121,2014,6,42.689998626708984,800.8709146623025,1.935086727142334,116.5943603515625,2014-09-18,4.97069305342646,11.851937085153198,8.296355959607238,224001.61090939544,1.9000000000000001,116.60000000000001,1.9000000000000001_116.60000000000001
122,2014,4,24.780000686645508,176.37059190909073,1.4358223676681519,117.51545715332031,2014-09-18,1.0946633970355828,2.6100750079795176,1.8270525055856621,49330.41765081288,1.4000000000000001,117.5,1.4000000000000001_117.5
123,2014,3,13.629999160766602,446.71079393568243,-0.44605663418769836,116.94283294677734,2014-09-18,2.772559472013042,6.610788490448538,4.627551943313977,124943.90246947737,-0.4,116.9,-0.4_116.9
124,2014,4,128.6800079345703,514.4720178195427,-1.1422799825668335,114.76544189453125,2014-09-20,3.1931269301198255,7.6135740175308015,5.329501812271561,143896.54893133213,-1.1,114.80000000000001,-1.1_114.80000000000001
125,2014,3,12.869999885559082,349.9562022479709,-0.7636733651161194,116.64702606201172,2014-09-21,2.172041500909029,5.178935600815286,3.6252549205706996,97881.88285540888,-0.8,116.60000000000001,-0.8_116.60000000000001
126,2014,3,106.08000183105469,151.66003765563602,-0.6356266140937805,115.26544189453125,2014-09-22,0.9412946354471347,2.244388192552213,1.571071734786549,42418.93683923683,-0.6000000000000001,115.30000000000001,-0.6000000000000001_115.30000000000001
127,2014,4,78.83999633789062,205.14590041831806,-1.4051399230957031,115.86915588378906,2014-09-22,1.2732605011361,3.0359153523014752,2.1251407466110326,57378.80015849788,-1.4000000000000001,115.9,-1.4000000000000001_115.9
128,2014,6,69.6300048828125,599.9951145305439,-1.7337199449539185,115.96206665039062,2014-09-23,3.7239353974346185,8.879214138790122,6.215449897153085,167817.14722313327,-1.7000000000000002,116.0,-1.7000000000000002_116.0
129,2014,303,1707.919921875,1827.4110889496114,-2.3788797855377197,113.78093719482422,2014-09-24,11.342027084884823,27.043510831048987,18.93045758173429,511122.35470682586,-2.4000000000000004,113.80000000000001,-2.4000000000000004_113.80000000000001
130,2014,6,33.20000076293945,642.8304517818475,0.9894766807556152,118.54720306396484,2014-09-24,3.989797609956115,9.513126187322737,6.6591883311259155,179798.0849403997,1.0,118.5,1.0_118.5
131,2014,3,27.299999237060547,316.32456264086204,-0.8550366759300232,114.30736541748047,2014-09-24,1.963303045922324,4.681227331734149,3.2768591322139042,88475.19656977542,-0.9,114.30000000000001,-0.9_114.30000000000001
132,2014,12,141.3699951171875,1407.8875696918624,-0.18559084832668304,113.94454193115234,2014-09-24,8.738208411056696,20.83506167282044,14.584543170974307,393782.6656163063,-0.2,113.9,-0.2_113.9
133,2014,6,248.9399871826172,834.4707387543565,0.19248832762241364,113.94467163085938,2014-09-25,5.179234041934137,12.349174522448763,8.644422165714133,233399.3984742816,0.2,113.9,0.2_113.9
134,2014,6,42.410003662109375,335.3084621950993,0.2938683032989502,114.23953247070312,2014-09-25,2.081128697863976,4.9621664681523585,3.473516527706651,93784.94624807958,0.30000000000000004,114.2,0.30000000000000004_114.2
135,2014,5,28.010000228881836,557.3390192585692,1.3145719766616821,116.6875991821289,2014-09-25,3.4591856698906898,8.247954658384444,5.77356826086911,155886.34304346598,1.3,116.7,1.3_116.7
136,2014,8,186.73001098632812,706.3033636882429,-0.6232999563217163,113.50728607177734,2014-09-25,4.38374919006426,10.452449797099822,7.316714857969875,197551.30116518663,-0.6000000000000001,113.5,-0.6000000000000001_113.5
137,2014,5,67.8899917602539,320.77319151273423,-0.09775599837303162,114.09693908691406,2014-09-25,1.9909139482860485,4.747061748416465,3.3229432238915253,89719.46704507119,-0.1,114.10000000000001,-0.1_114.10000000000001
138,2014,14,204.73001098632812,1863.1423948280114,0.25197142362594604,114.27915954589844,2014-09-26,11.56379734856647,27.572291663874875,19.30060416471241,521116.3124472351,0.30000000000000004,114.30000000000001,0.30000000000000004_114.30000000000001
139,2014,4,69.17000579833984,893.7965870731398,-0.46338000893592834,114.06759643554688,2014-09-26,5.547446417646586,13.227126523108,9.2589885661756,249992.69128674117,-0.5,114.10000000000001,-0.5_114.10000000000001
140,2014,4,16.059999465942383,949.0433447050128,-1.2244075536727905,116.8658676147461,2014-09-27,5.890341470216801,14.044712832741634,9.831298982919144,265445.0725388169,-1.2000000000000002,116.9,-1.2000000000000002_116.9
141,2014,5,105.42999267578125,240.46963608873085,0.32719600200653076,114.3839111328125,2014-10-01,1.492501135679596,3.5586646307602208,2.4910652415321546,67258.76152136817,0.30000000000000004,114.4,0.30000000000000004_114.4
142,2014,3,18.889999389648438,204.3444678228666,-1.266136646270752,116.29503631591797,2014-10-03,1.268286321949333,3.0240551030086325,2.1168385721060425,57154.64144686315,-1.3,116.30000000000001,-1.3_116.30000000000001
143,2014,5,149.72999572753906,353.1689826931508,-1.448441982269287,115.9171371459961,2014-10-09,2.1919819746466396,5.226480930540162,3.658536651378113,98780.48958720906,-1.4000000000000001,115.9,-1.4000000000000001_115.9
144,2014,3,9.84000015258789,547.6492368182517,-2.140723466873169,115.77130889892578,2014-10-09,3.3990449738265687,8.104557402036471,5.67319018142553,153176.1348984893,-2.1,115.80000000000001,-2.1_115.80000000000001
145,2014,4,4.71999979019165,169.55068045308096,-0.8219850063323975,116.3816146850586,2014-10-10,1.0523348695803616,2.5091484291474893,1.7564039004032423,47422.905310887545,-0.8,116.4,-0.8_116.4
146,2014,5,7.480000019073486,221.81310589827928,-1.516219973564148,115.48170471191406,2014-10-10,1.376707337551939,3.2825701715954376,2.297799120116806,62040.576243153766,-1.5,115.5,-1.5_115.5
147,2014,53,307.989990234375,501.55641739037566,-2.267557144165039,113.67794799804688,2014-10-10,3.1129648413752706,7.422438491316803,5.195706943921762,140284.08748588758,-2.3000000000000003,113.7,-2.3000000000000003_113.7
148,2014,5,28.900001525878906,270.8388756663417,-0.07196599245071411,117.1247329711914,2014-10-10,1.6809911475436514,4.008093259279661,2.805665281495763,75752.9626003856,-0.1,117.10000000000001,-0.1_117.10000000000001
149,2014,3,12.09000015258789,156.45831932005638,-1.9245667457580566,115.7517318725586,2014-10-11,0.971075696166233,2.3153970547326232,1.6207779383128362,43761.00433444658,-1.9000000000000001,115.80000000000001,-1.9000000000000001_115.80000000000001
150,2014,4,15.460000991821289,631.2755721560512,0.4472750127315521,116.96072387695312,2014-10-12,3.918080983921141,9.342127710734033,6.539489397513822,176566.2137328732,0.4,117.0,0.4_117.0
151,2014,3,46.040000915527344,502.57762825851376,-1.2887133359909058,116.10662078857422,2014-10-12,3.1193030984843806,7.437551197669675,5.206285838368772,140569.71763595685,-1.3,116.10000000000001,-1.3_116.10000000000001
152,2014,4,11.819999694824219,338.4929147479002,0.9614174962043762,116.7178955078125,2014-10-16,2.1008933514347055,5.009292578759542,3.506504805131679,94675.62973855533,1.0,116.7,1.0_116.7
153,2014,6,76.9699935913086,449.91833027453515,0.13653500378131866,116.48600006103516,2014-10-26,2.7924673976303325,6.658256213636432,4.660779349545502,125841.04243772854,0.1,116.5,0.1_116.5
0,2015,103692,661816.8125,15268058.104329135,-1.319968342781067,115.40460205078125,2015-01-01,94762.87497655173,225949.10209877547,158164.37146914282,4428602401.135999,-1.3,115.4,-1.3_115.4
1,2015,24,107.39999389648438,1157.0377248738425,-0.46116042137145996,117.5945816040039,2015-01-24,7.181281372926205,17.122782297738826,11.985947608417177,335606.53303568094,-0.5,117.60000000000001,-0.5_117.60000000000001
2,2015,55,732.9100341796875,1079.5385986521426,1.302018642425537,116.77957916259766,2015-01-25,6.7002745573406255,15.97588739705282,11.183121177936973,313127.39298223524,1.3,116.80000000000001,1.3_116.80000000000001
3,2015,20,36.63999938964844,3749.906101320754,-0.7594895362854004,117.55572509765625,2015-02-07,23.27420295528676,55.494150648267606,38.845905453787324,1087685.3527060451,-0.8,117.60000000000001,-0.8_117.60000000000001
4,2015,190,1100.2900390625,38633.27293891007,0.8945761322975159,118.22789764404297,2015-02-12,239.78164010306506,571.7264940987204,400.2085458691043,11205839.28433492,0.9,118.2,0.9_118.2
5,2015,7507,55890.30078125,1454691.7357562068,2.1286518573760986,117.72420501708984,2015-02-14,9028.703594322973,21527.707667776544,15069.39536744358,421943070.28842026,2.1,117.7,2.1_117.7
6,2015,65,961.6499633789062,14245.593176227716,2.2353296279907227,116.77118682861328,2015-02-18,88.41683440691892,210.81783714986236,147.57248600490365,4132029.608137302,2.2,116.80000000000001,2.2_116.80000000000001
7,2015,9,40.52000045776367,501.2150354122721,0.5945510864257812,115.115966796875,2015-02-28,3.110846016735672,7.417386444036256,5.192170510825379,145380.7743031106,0.6000000000000001,115.10000000000001,0.6000000000000001_115.10000000000001
8,2015,12,74.15999603271484,836.7532533451563,1.1010667085647583,117.44961547851562,2015-03-15,5.193400718751983,12.382953023866198,8.668067116706338,242705.87926777746,1.1,117.4,1.1_117.4
9,2015,3,2.8400001525878906,199.20639201472864,1.197830080986023,118.03836059570312,2015-03-25,1.2363962916586724,2.948017691608224,2.063612384125757,57781.14675552119,1.2000000000000002,118.0,1.2000000000000002_118.0
10,2015,70,938.3400268554688,37907.778550532654,-1.4614472389221191,114.18222045898438,2015-03-27,235.27877971622218,560.9900399595331,392.69302797167313,10995404.783206848,-1.5,114.2,-1.5_114.2
11,2015,90,1535.139892578125,57149.833057923206,0.8258390426635742,114.18324279785156,2015-03-28,354.7066986510358,845.7495626684379,592.0246938679064,16576691.42830138,0.8,114.2,0.8_114.2
12,2015,6,6.28000020980835,737.5415474955944,1.1308649778366089,118.08109283447266,2015-04-01,4.5776323994680315,10.914737766810015,7.64031643676701,213928.8602294763,1.1,118.10000000000001,1.1_118.10000000000001
13,2015,18,113.7800064086914,5130.640523979455,-0.7006549835205078,117.48699188232422,2015-04-01,31.843882385123912,75.9273780374237,53.14916462619658,1488176.6095335041,-0.7000000000000001,117.5,-0.7000000000000001_117.5
14,2015,37,792.739990234375,8899.044906118952,0.898786187171936,118.46565246582031,2015-04-07,55.232896946479336,131.69528124235606,92.18669686964924,2581227.512350179,0.9,118.5,0.9_118.5
15,2015,4,28.079999923706055,178.22920352466284,1.3473575115203857,116.59697723388672,2015-04-08,1.1061990736064289,2.6375802494987255,1.8463061746491076,51696.57289017501,1.3,116.60000000000001,1.3_116.60000000000001
16,2015,5,28.31999969482422,1393.5561253534863,1.029344081878662,116.5009994506836,2015-04-09,8.649258732008393,20.622973340571008,14.436081338399704,404210.27747519175,1.0,116.5,1.0_116.5
17,2015,3,4.730000019073486,270.08723365205014,0.20336000621318817,117.2505874633789,2015-04-20,1.6763259990525514,3.9969698513735343,2.7978788959614738,78340.60908692126,0.2,117.30000000000001,0.2_117.30000000000001
18,2015,26,682.2300415039062,9087.15036380827,1.7116879224777222,117.05867767333984,2015-04-28,56.400394073331746,134.4790183079577,94.13531281557037,2635788.7588359704,1.7000000000000002,117.10000000000001,1.7000000000000002_117.10000000000001
19,2015,6,27.559999465942383,381.1868412799633,1.1776500940322876,117.43975830078125,2015-05-04,2.365877882838134,5.64111191682294,3.9487783417760576,110565.7935697296,1.2000000000000002,117.4,1.2000000000000002_117.4
20,2015,121,1705.320068359375,50959.11491394549,1.7504794597625732,114.9528579711914,2015-05-09,316.28332840420063,754.1342965736784,527.8940076015748,14781032.212844094,1.8,115.0,1.8_115.0
21,2015,19,293.0599670410156,3081.3859566500946,1.9438185691833496,115.09296417236328,2015-05-20,19.12495945255413,45.60084755817461,31.920593290722223,893776.6121402222,1.9000000000000001,115.10000000000001,1.9000000000000001_115.10000000000001
22,2015,5,45.769996643066406,508.39000559393753,1.9768259525299072,116.53764343261719,2015-05-20,3.1553782550622254,7.523567469747255,5.266497228823078,147461.9224070462,2.0,116.5,2.0_116.5
23,2015,18,257.27001953125,1368.2967633419064,1.6956733465194702,117.18588256835938,2015-05-29,8.49248373495673,20.24916482300412,14.174415376102882,396883.6305308807,1.7000000000000002,117.2,1.7000000000000002_117.2
24,2015,9,68.77000427246094,2201.430745998574,0.5264565944671631,116.37397003173828,2015-05-31,13.663421053752021,32.57855694497117,22.804989861479818,638539.7161214349,0.5,116.4,0.5_116.4
25,2015,70,1869.1298828125,37245.05373807313,-0.3700534403324127,114.08209228515625,2015-06-27,231.1655055776365,551.1825008939495,385.8277506257646,10803177.01752141,-0.4,114.10000000000001,-0.4_114.10000000000001
26,2015,162,2529.85009765625,55839.29531526666,0.8705941438674927,114.64153289794922,2015-06-27,346.5727026044658,826.3551626604997,578.4486138623497,16196561.188145792,0.9,114.60000000000001,0.9_114.60000000000001
27,2015,5,66.58000183105469,728.5271993265923,-1.0644340515136719,114.69023132324219,2015-06-30,4.521683860190987,10.781336134403714,7.5469352940825996,211314.18823431278,-1.1,114.7,-1.1_114.7
28,2015,648,5096.18994140625,6372.333747951802,-2.480290651321411,113.58151245117188,2015-07-04,39.55058738575262,94.30296104356482,66.01207273049538,1848338.0364538706,-2.5,113.60000000000001,-2.5_113.60000000000001
119,2015,3,62.98999786376953,1566.5982797766176,0.18385666608810425,115.62882232666016,2015-07-05,9.723263817214535,23.183791432169574,16.228654002518702,454402.3120705237,0.2,115.60000000000001,0.2_115.60000000000001
29,2015,127,2540.010009765625,24159.43523644379,1.4282779693603516,115.36082458496094,2015-07-06,149.9481810438012,357.53090940492245,250.2716365834457,7007605.82433648,1.4000000000000001,115.4,1.4000000000000001_115.4
30,2015,69,266.3499450683594,3282.3889683776147,2.1153860092163086,117.86590576171875,2015-07-07,20.3725066612489,48.575453084866005,34.0028171594062,952078.8804633736,2.1,117.9,2.1_117.9
31,2015,4,6.510000228881836,163.75347495520265,-0.8074524998664856,117.4248275756836,2015-07-07,1.0163538786740556,2.4233566822221695,1.6963496775555185,47497.79097155452,-0.8,117.4,-0.8_117.4
32,2015,25,281.1199951171875,8315.398290398602,1.0569736957550049,118.83824157714844,2015-07-07,51.61043029760583,123.05800544317565,86.14060381022294,2411936.906686242,1.1,118.80000000000001,1.1_118.80000000000001
33,2015,9,53.98999786376953,577.7531173774127,0.13120444118976593,117.20068359375,2015-07-07,3.585888005877118,8.550059032666406,5.985041322866484,167581.15704026155,0.1,117.2,0.1_117.2
34,2015,67,472.73004150390625,21996.491884954517,-1.523612141609192,113.83758544921875,2015-07-13,136.52363621970042,325.5219201267807,227.86534408874647,6380229.634484901,-1.5,113.80000000000001,-1.5_113.80000000000001
35,2015,3,22.990001678466797,301.08032125139175,1.191143274307251,118.73116302490234,2015-07-13,1.8686879919952535,4.455630688690778,3.1189414820835446,87330.36149833925,1.2000000000000002,118.7,1.2000000000000002_118.7
36,2015,12,93.52000427246094,251.90833541826262,1.0063508749008179,118.26736450195312,2015-07-14,1.5634966759802604,3.727943777133965,2.6095606439937753,73067.69803182571,1.0,118.30000000000001,1.0_118.30000000000001
37,2015,35,430.2399597167969,6720.474023358248,-0.47234344482421875,115.33903503417969,2015-07-15,41.711358137816305,99.45502308675306,69.61851616072714,1949318.4525003599,-0.5,115.30000000000001,-0.5_115.30000000000001
38,2015,7,15.100000381469727,545.9523213439938,-2.2077956199645996,113.51294708251953,2015-07-15,3.388512882067809,8.079445071108326,5.655611549775828,158357.1233937232,-2.2,113.5,-2.2_113.5
39,2015,9,154.0,3347.608196242566,0.7017521262168884,114.41690063476562,2015-07-23,20.777296942632567,49.54062009398832,34.678434065791826,970996.1538421712,0.7000000000000001,114.4,0.7000000000000001_114.4
40,2015,3,32.810001373291016,172.35695703423525,-1.6557167768478394,114.1499252319336,2015-07-23,1.069752332560421,2.5506779851276864,1.7854745895893804,49993.28850850265,-1.7000000000000002,114.10000000000001,-1.7000000000000002_114.10000000000001
41,2015,5,13.119998931884766,762.1451999596482,-0.2151780128479004,114.36991119384766,2015-07-24,4.730337663391318,11.27884256288929,7.895189794022502,221065.31423263007,-0.2,114.4,-0.2_114.4
42,2015,14,50.98000717163086,2986.5584838499467,-1.899454951286316,113.77459716796875,2015-07-24,18.536402355908365,44.19751373621238,30.938259615348663,866271.2692297626,-1.9000000000000001,113.80000000000001,-1.9000000000000001_113.80000000000001
43,2015,7,71.5,1062.191870035191,-0.3483271598815918,115.31050109863281,2015-07-24,6.592610186145033,15.71917644346796,11.003423510427572,308095.858291972,-0.30000000000000004,115.30000000000001,-0.30000000000000004_115.30000000000001
44,2015,56,576.3099975585938,10597.4769153519,0.9487089514732361,118.91357421875,2015-07-30,65.77440124567242,156.83005508456404,109.78103855919483,3073869.079657455,0.9,118.9,0.9_118.9
45,2015,20,437.4200134277344,5657.193332215219,1.8380186557769775,117.2576904296875,2015-07-30,35.11199006420393,83.7197333857915,58.60381337005405,1640906.7743615133,1.8,117.30000000000001,1.8_117.30000000000001
46,2015,7,18.15999984741211,917.5409512896031,1.2585128545761108,118.14308166503906,2015-08-03,5.694818414941017,13.578514875048771,9.504960412534139,266138.8915509559,1.3,118.10000000000001,1.3_118.10000000000001
47,2015,8,71.87999725341797,384.0377574076265,2.3008875846862793,116.69622802734375,2015-08-04,2.3835724060530925,5.683302085002991,3.9783114595020934,111392.72086605862,2.3000000000000003,116.7,2.3000000000000003_116.7
48,2015,5,21.31999969482422,1894.575433348958,-1.5885140895843506,114.2994613647461,2015-08-08,11.758889945093136,28.03746325161139,19.62622427612797,549534.2797315832,-1.6,114.30000000000001,-1.6_114.30000000000001
49,2015,46,155.00999450683594,662.3861617878142,1.1609209775924683,118.14947509765625,2015-08-11,4.111172266098384,9.802527438389456,6.861769206872618,192129.53779243332,1.2000000000000002,118.10000000000001,1.2000000000000002_118.10000000000001
50,2015,29,514.9700317382812,4269.592039778271,1.4171724319458008,117.7880859375,2015-08-11,26.49969065494112,63.184884490480414,44.22941914333629,1238423.736013416,1.4000000000000001,117.80000000000001,1.4000000000000001_117.80000000000001
51,2015,27,478.3900146484375,3495.7417789165697,0.841243326663971,113.7127456665039,2015-08-11,21.696704248973973,51.73282094671992,36.21297466270394,1013963.2905557104,0.8,113.7,0.8_113.7
52,2015,19,313.7599792480469,594.7257358747102,0.44421789050102234,115.0174789428711,2015-08-11,3.6912304216377754,8.80123360139837,6.160863520978858,172504.17858740804,0.4,115.0,0.4_115.0
53,2015,6,197.5500030517578,883.054923572916,0.9603299498558044,113.55152130126953,2015-08-11,5.480777106568756,13.068162678044128,9.14771387463089,256135.98848966492,1.0,113.60000000000001,1.0_113.60000000000001
54,2015,4,15.300000190734863,963.8798420742395,0.27796751260757446,113.88870239257812,2015-08-12,5.982425816220915,14.264275349203182,9.984992744442227,279579.79684438236,0.30000000000000004,113.9,0.30000000000000004_113.9
55,2015,11,199.04998779296875,2103.4898344303647,0.32020458579063416,114.40951538085938,2015-08-12,13.055540058368848,31.129147931961338,21.790403552372936,610131.2994664422,0.30000000000000004,114.4,0.30000000000000004_114.4
56,2015,14,157.45999145507812,1592.6422049721548,0.922892153263092,113.66863250732422,2015-08-12,9.884908291602773,23.56921055180148,16.498447386261034,461956.52681530896,0.9,113.7,0.9_113.7
57,2015,6,36.26000213623047,718.2098288353079,1.3892632722854614,115.705810546875,2015-08-13,4.45764797014711,10.628651321273148,7.440055924891203,208321.5658969537,1.4000000000000001,115.7,1.4000000000000001_115.7
58,2015,10,171.6300048828125,1447.947209789479,1.6034590005874634,117.2551498413086,2015-08-15,8.986842955164159,21.42789670453218,14.999527693172526,419986.7754088307,1.6,117.30000000000001,1.6_117.30000000000001
59,2015,8,113.37999725341797,2137.5154898235933,1.8594225645065308,116.95417785644531,2015-08-15,13.266724015489727,31.63268716608584,22.142881016260088,620000.6684552825,1.9000000000000001,117.0,1.9000000000000001_117.0
60,2015,6,8.559999465942383,1418.2529063500435,-1.4488615989685059,115.5823974609375,2015-08-16,8.802542008369285,20.988456328176355,14.691919429723447,411373.7440322565,-1.4000000000000001,115.60000000000001,-1.4000000000000001_115.60000000000001
61,2015,5,64.30000305175781,878.7776237952348,0.21843400597572327,114.6503677368164,2015-08-17,5.454229576994271,13.004863728199267,9.103404609739487,254895.32907270562,0.2,114.7,0.2_114.7
62,2015,9,160.489990234375,1714.2796644486089,0.7780022025108337,115.00489807128906,2015-08-18,10.639864507125969,25.369300292256955,17.758510204579867,497238.28572823625,0.8,115.0,0.8_115.0
63,2015,27,352.3699951171875,9229.171807031316,-0.0016444444190710783,114.30980682373047,2015-08-18,57.281865716691485,136.58076676579995,95.60653673605997,2676983.028609679,-0.0,114.30000000000001,-0.0_114.30000000000001
64,2015,5,15.279998779296875,1268.30964258972,0.943801999092102,117.4001235961914,2015-08-20,7.871902718146331,18.769474347566867,13.138632043296806,367881.69721231057,0.9,117.4,0.9_117.4
65,2015,9,65.11000061035156,978.1779260085228,-0.08726666867733002,113.6228256225586,2015-08-22,6.071168440267162,14.475869987146577,10.133108991002603,283727.0517480729,-0.1,113.60000000000001,-0.1_113.60000000000001
66,2015,5,310.0199890136719,273.740339954126,0.7710700035095215,113.6928939819336,2015-08-22,1.698999403451079,4.051031480114086,2.83572203607986,79400.21701023608,0.8,113.7,0.8_113.7
67,2015,16,255.6199951171875,1459.8275677294478,1.863186240196228,116.85342407226562,2015-08-22,9.060579698006572,21.603711873089004,15.122598311162301,423432.75271254446,1.9000000000000001,116.9,1.9000000000000001_116.9
68,2015,17,1445.4498291015625,2029.6570718856667,1.547482967376709,117.04632568359375,2015-08-22,12.597288930531391,30.036510853398187,21.02555759737873,588715.6127266044,1.5,117.0,1.5_117.0
69,2015,7,47.07999801635742,1162.927256759861,2.467359781265259,116.66365814208984,2015-08-23,7.217835397673263,17.209940365407604,12.046958255785322,337314.831161989,2.5,116.7,2.5_116.7
70,2015,5,29.089996337890625,719.2430756179107,0.8954319953918457,115.0018310546875,2015-08-23,4.464060929477672,10.643942144846145,7.450759501392301,208621.2660389844,0.9,115.0,0.9_115.0
71,2015,4,129.8300018310547,205.07765630845415,0.8366125226020813,116.44938659667969,2015-08-25,1.2728369365932661,3.03490542063617,2.124433794445319,59484.14624446893,0.8,116.4,0.8_116.4
72,2015,7,279.58001708984375,402.16795412274746,0.6566171646118164,113.65380096435547,2015-08-25,2.4960994578153692,5.951607434685555,4.166125204279888,116651.50571983687,0.7000000000000001,113.7,0.7000000000000001_113.7
73,2015,3,28.299999237060547,223.49036040053034,2.4841766357421875,115.64239501953125,2015-08-27,1.387117401334419,3.3073915435200902,2.315174080464063,64824.87425299376,2.5,115.60000000000001,2.5_115.60000000000001
74,2015,3,109.30999755859375,135.60938910892253,0.8154366612434387,115.07769775390625,2015-08-28,0.8416745271706596,2.0068576826175786,1.4048003778323048,39334.41057930454,0.8,115.10000000000001,0.8_115.10000000000001
75,2015,3,6.409999847412109,499.3152089343101,1.3106800317764282,117.7669448852539,2015-08-28,3.099054535607027,7.3892712715692825,5.172489890098498,144829.71692275794,1.3,117.80000000000001,1.3_117.80000000000001
76,2015,3,4.369999885559082,130.9599659944105,0.14778999984264374,115.57192993164062,2015-09-01,0.8128173733464502,1.9380517499427867,1.3566362249599506,37985.81429887862,0.1,115.60000000000001,0.1_115.60000000000001
77,2015,6,70.81000518798828,664.1403369889829,0.983553409576416,118.54642486572266,2015-09-01,4.122059746624029,9.828487145178599,6.879941001625019,192638.34804550052,1.0,118.5,1.0_118.5
78,2015,11,87.41000366210938,1619.3424798462638,1.3268418312072754,118.28723907470703,2015-09-02,10.050626472162836,23.964342866099184,16.77504000626943,469701.120175544,1.3,118.30000000000001,1.3_118.30000000000001
79,2015,3,21.509998321533203,269.081224109849,-0.26807332038879395,114.33507537841797,2015-09-03,1.6700820906379121,3.9820821065660468,2.7874574745962324,78048.80928869451,-0.30000000000000004,114.30000000000001,-0.30000000000000004_114.30000000000001
80,2015,10,395.7400207519531,821.7514861877855,-0.1061370000243187,114.08931732177734,2015-09-04,5.100290607705301,12.16094471109054,8.512661297763378,238354.51633737457,-0.1,114.10000000000001,-0.1_114.10000000000001
81,2015,21,46.98999786376953,855.7148777018161,-1.6761033535003662,114.07464599609375,2015-09-05,5.311088117240007,12.663562513851486,8.86449375969604,248205.82527148913,-1.7000000000000002,114.10000000000001,-1.7000000000000002_114.10000000000001
82,2015,5,114.83000183105469,1987.0547654306174,0.3066679835319519,114.2808837890625,2015-09-06,12.332873049171345,29.406047383513574,20.5842331684595,576358.528716866,0.30000000000000004,114.30000000000001,0.30000000000000004_114.30000000000001
83,2015,11,201.4600067138672,946.1790093661751,-0.09262273460626602,114.01583862304688,2015-09-06,5.872563659197845,14.002324076195269,9.801626853336687,274445.55189342727,-0.1,114.0,-0.1_114.0
84,2015,3,61.290000915527344,211.99147286377718,-0.33452001214027405,114.32511138916016,2015-09-06,1.3157482963330565,3.1372216832595052,2.1960551782816533,61489.544991886294,-0.30000000000000004,114.30000000000001,-0.30000000000000004_114.30000000000001
85,2015,1120,5146.2099609375,12099.460383470165,-2.2697489261627197,113.6471176147461,2015-09-07,75.0966261568929,179.0576241486548,125.34033690405836,3509529.4333136342,-2.3000000000000003,113.60000000000001,-2.3000000000000003_113.60000000000001
86,2015,5,14.989998817443848,167.8564254710065,-1.7975400686264038,113.63838195800781,2015-09-07,1.041819290457749,2.4840754703396137,1.7388528292377294,48687.879218656424,-1.8,113.60000000000001,-1.8_113.60000000000001
87,2015,8,42.12999725341797,1399.5182535084502,0.8389637470245361,118.6037826538086,2015-09-07,8.686263333450329,20.711205746683607,14.497844022678525,405939.6326349987,0.8,118.60000000000001,0.8_118.60000000000001
90,2015,4,60.98999786376953,1264.656089762768,0.41200998425483704,115.92633056640625,2015-09-07,7.849226542342252,18.715406110789186,13.10078427755243,366821.959771468,0.4,115.9,0.4_115.9
88,2015,7,25.400001525878906,767.3849041362397,-1.5902513265609741,113.967529296875,2015-09-08,4.762858461282418,11.356383953279229,7.94946876729546,222585.12548427287,-1.6,114.0,-1.6_114.0
89,2015,21,21.40999984741211,3641.72306572939,-0.7791300415992737,116.65811920166016,2015-09-08,22.602753095306106,53.89317038036715,37.72521926625701,1056306.1394551962,-0.8,116.7,-0.8_116.7
102,2015,3,39.380001068115234,827.5957163181467,-0.9855700135231018,115.53564453125,2015-09-09,5.136563462143849,12.247432366651617,8.573202656656132,240049.6743863717,-1.0,115.5,-1.0_115.5
91,2015,3,5.159999847412109,247.63144838144453,-0.7710466384887695,114.47174835205078,2015-09-11,1.5369517081271507,3.6646509353630172,2.565255654754112,71827.15833311513,-0.8,114.5,-0.8_114.5
92,2015,20,429.5099792480469,9794.351952818473,-0.9690629243850708,114.4419937133789,2015-09-11,60.78971819724182,144.94476077158998,101.46133254011298,2840917.3111231634,-1.0,114.4,-1.0_114.4
93,2015,3,18.630001068115234,343.9834112884562,0.8193399906158447,118.79656982421875,2015-09-12,2.134970719602722,5.090545397876289,3.563381778513402,99774.68979837526,0.8,118.80000000000001,0.8_118.80000000000001
94,2015,4,37.63999938964844,270.36799540268476,-0.7326574921607971,113.66609954833984,2015-09-15,1.6780685776104654,4.001124791381366,2.800787353966956,78422.04591107476,-0.7000000000000001,113.7,-0.7000000000000001_113.7
95,2015,4,4.9800004959106445,303.7432154293418,-1.0300099849700928,115.81697845458984,2015-09-17,1.88521553638476,4.49503835562396,3.1465268489367717,88102.7517702296,-1.0,115.80000000000001,-1.0_115.80000000000001
96,2015,5,178.67999267578125,451.421321430967,0.2393999993801117,114.2506103515625,2015-09-17,2.8017958768694458,6.680498695289149,4.676349086702404,130937.7744276673,0.2,114.30000000000001,0.2_114.30000000000001
97,2015,5,44.59000015258789,182.5072064552233,-0.005312000401318073,113.89048767089844,2015-09-17,1.1327509673762775,2.7008896051699613,1.8906227236189728,52937.43626133124,-0.0,113.9,-0.0_113.9
98,2015,22,460.67999267578125,2018.2592854008772,0.05259136110544205,114.12621307373047,2015-09-17,12.526547320282914,29.867837168470203,20.90748601792914,585409.6085020159,0.1,114.10000000000001,0.1_114.10000000000001
99,2015,3,51.19000244140625,236.45756845904478,0.12261667102575302,114.26250457763672,2015-09-17,1.467599798483243,3.499290801273019,2.449503560891113,68586.09970495116,0.1,114.30000000000001,0.1_114.30000000000001
100,2015,3,22.899999618530273,122.78564325973396,-0.2804766595363617,113.96381378173828,2015-09-17,0.7620825439378235,1.8170814949473542,1.2719570464631478,35614.79730096814,-0.30000000000000004,114.0,-0.30000000000000004_114.0
101,2015,3,21.89000129699707,416.3074331053898,-0.06574666500091553,114.88094329833984,2015-09-19,2.5838576828568236,6.160854907968793,4.312598435578155,120752.75619618835,-0.1,114.9,-0.1_114.9
103,2015,3,14.049999237060547,138.97318733537708,-1.4486867189407349,115.9921646118164,2015-09-22,0.862552309309141,2.056637895904385,1.4396465271330696,40310.10275972595,-1.4000000000000001,116.0,-1.4000000000000001_116.0
104,2015,3,13.639999389648438,118.09465267747997,0.20699667930603027,115.85124969482422,2015-09-23,0.7329673970720756,1.7476604131849285,1.2233622892294498,34254.14409842459,0.2,115.9,0.2_115.9
105,2015,3,17.479999542236328,285.11315338257003,1.2452932596206665,118.70551300048828,2015-09-27,1.7695860156899799,4.219335593507866,2.953534915455506,82698.97763275416,1.2000000000000002,118.7,1.2000000000000002_118.7
106,2015,6,246.3699951171875,674.3130974748717,-0.6051166653633118,114.0352554321289,2015-09-29,4.185198098829892,9.979031902209671,6.98532233154677,195589.02528330954,-0.6000000000000001,114.0,-0.6000000000000001_114.0
107,2015,8,112.59999084472656,722.5082670830038,0.14574125409126282,115.05144500732422,2015-09-30,4.484326697951095,10.692263095334875,7.484584166734412,209568.35666856353,0.1,115.10000000000001,0.1_115.10000000000001
108,2015,4,13.55000114440918,1065.5951327444677,0.9692049622535706,117.51104736328125,2015-09-30,6.613732908918803,15.769540684166605,11.038678478916623,309082.99740966543,1.0,117.5,1.0_117.5
109,2015,3,7.210000038146973,287.53114368360264,0.23487000167369843,114.74114227294922,2015-09-30,1.784593537342409,4.255118974319533,2.978583282023673,83400.33189666284,0.2,114.7,0.2_114.7
110,2015,4,24.80000114440918,516.404871093649,1.284772515296936,118.36421966552734,2015-09-30,3.2051233956762557,7.64217794730293,5.34952456311205,149786.6877671374,1.3,118.4,1.3_118.4
111,2015,10,125.33000183105469,2137.8885023716875,-1.0009520053863525,114.60377502441406,2015-09-30,13.269039158726557,31.63820730818496,22.14674511572947,620108.8632404251,-1.0,114.60000000000001,-1.0_114.60000000000001
112,2015,4,94.4000015258789,554.5619688973547,-0.5931649804115295,115.20620727539062,2015-09-30,3.441949602645914,8.206857615701487,5.7448003309910405,160854.40926774914,-0.6000000000000001,115.2,-0.6000000000000001_115.2
113,2015,4,134.7100067138672,690.5347680088098,-1.1771774291992188,115.56298828125,2015-10-03,4.28587967380258,10.219093334163889,7.153365333914722,200294.2293496122,-1.2000000000000002,115.60000000000001,-1.2000000000000002_115.60000000000001
114,2015,5,10.49000072479248,1377.1193743598546,-1.6577720642089844,115.976318359375,2015-10-05,8.547242236604266,20.379728973602088,14.26581028152146,399442.6878826009,-1.7000000000000002,116.0,-1.7000000000000002_116.0
115,2015,3,26.439998626708984,654.4926853706114,0.2402133345603943,115.1568374633789,2015-10-07,4.062180540121021,9.685713374890502,6.779999362423351,189839.98214785382,0.2,115.2,0.2_115.2
116,2015,6,7.329999923706055,233.4601647526287,-0.9362366795539856,115.49506378173828,2015-10-07,1.4489960840655711,3.4549327911407266,2.4184529537985084,67716.68270635823,-0.9,115.5,-0.9_115.5
117,2015,3,20.479999542236328,207.2209990247866,1.450339913368225,117.97286224365234,2015-10-09,1.2861398279283551,3.0666243438244405,2.146637040677108,60105.837138959025,1.5,118.0,1.5_118.0
118,2015,4,16.670000076293945,572.5953939994578,-0.7290250062942505,115.30036926269531,2015-10-12,3.553876030792337,8.473730860598975,5.931611602419282,166085.12486773988,-0.7000000000000001,115.30000000000001,-0.7000000000000001_115.30000000000001
125,2015,4,58.939998626708984,2959.9778249228116,-0.2549299895763397,115.16729736328125,2015-10-15,18.371426584825056,43.80415159567421,30.662906116971946,858561.3712752145,-0.30000000000000004,115.2,-0.30000000000000004_115.2
120,2015,3,4.380000114440918,152.70756274735243,-1.091956615447998,116.1302261352539,2015-10-18,0.947796214667152,2.2598903181193246,1.5819232226835271,44293.85023513876,-1.1,116.10000000000001,-1.1_116.10000000000001
121,2015,9,23.280000686645508,272.1052690302788,1.5105088949203491,117.32102966308594,2015-10-18,1.688851156668445,4.026834374982142,2.8187840624874996,78925.95374964998,1.5,117.30000000000001,1.5_117.30000000000001
122,2015,3,7.609999656677246,145.82261997933225,-1.4970566034317017,115.4908447265625,2015-10-20,0.9050640632508814,2.1580013532093387,1.510600947246537,42296.82652290304,-1.5,115.5,-1.5_115.5
123,2015,13,19.209997177124023,382.2057593694559,0.9396215677261353,117.33988189697266,2015-10-23,2.3722019095654465,5.656190692778592,3.9593334849450144,110861.3375784604,0.9,117.30000000000001,0.9_117.30000000000001
124,2015,3,13.399999618530273,139.68690663713315,0.18769331276416779,114.7701644897461,2015-10-25,0.8669820863311111,2.067200092765335,1.4470400649357344,40517.12181820056,0.2,114.80000000000001,0.2_114.80000000000001
126,2015,4,23.349998474121094,201.83809342058677,-2.128044843673706,114.63417053222656,2015-11-27,1.2527302346915614,2.9869637426110778,2.0908746198277544,58544.489355177124,-2.1,114.60000000000001,-2.1_114.60000000000001
0,2016,16,71.24000549316406,12093.52738943702,-1.0729405879974365,116.93016815185547,2016-01-01,75.05980237956918,178.96982289289681,125.27887602502776,3633087.404725805,-1.1,116.9,-1.1_116.9
1,2016,1587,13960.41015625,246145.17817395306,0.28501540422439575,116.75531005859375,2016-01-01,1527.7270092891267,3642.6559038688915,2549.859132708224,73945914.8485385,0.30000000000000004,116.80000000000001,0.30000000000000004_116.80000000000001
2,2016,2476,14136.169921875,869041.2585231344,-0.1545170247554779,117.33406829833984,2016-01-01,5393.799759482345,12860.777101340476,9002.543970938334,261073775.15721166,-0.2,117.30000000000001,-0.2_117.30000000000001
3,2016,740,1734.260009765625,43323.64571377561,0.6669653654098511,117.48796081542969,2016-01-01,268.8929524795865,641.138433046537,448.79690313257584,13015110.1908447,0.7000000000000001,117.5,0.7000000000000001_117.5
4,2016,170,405.05999755859375,6407.8893598826635,-1.9195410013198853,115.8659439086914,2016-01-01,39.77126718570463,94.82914181491469,66.38039927044028,1925031.578842768,-1.9000000000000001,115.9,-1.9000000000000001_115.9
5,2016,17,25.969999313354492,1128.652579393446,-1.1690469980239868,116.79486846923828,2016-01-01,7.005105858399747,16.702715902234335,11.691901131564034,339065.132815357,-1.2000000000000002,116.80000000000001,-1.2000000000000002_116.80000000000001
6,2016,1135,6261.4697265625,505031.99158348044,1.0815811157226562,117.0301513671875,2016-01-01,3134.536373293893,7473.872855978216,5231.710999184751,151719618.9763578,1.1,117.0,1.1_117.0
7,2016,191,709.3399658203125,16781.5412291145,-2.1979541778564453,115.54188537597656,2016-01-01,104.15647376646531,248.34685240534128,173.8427966837389,5041441.103828428,-2.2,115.5,-2.2_115.5
8,2016,14,50.780006408691406,6696.077088840001,-1.062022089958191,117.05499267578125,2016-01-01,41.55993589146605,99.09397747042824,69.36578422929976,2011607.742649693,-1.1,117.10000000000001,-1.1_117.10000000000001
9,2016,37,176.75,12055.4066760183,-1.326398253440857,116.6764144897461,2016-01-01,74.8232019962702,178.40568167012515,124.8839771690876,3621635.3379035406,-1.3,116.7,-1.3_116.7
10,2016,11,27.509998321533203,2158.5567968345026,0.820391833782196,117.51943969726562,2016-01-01,13.397319192164662,31.944073486049582,22.360851440234708,648464.6917668065,0.8,117.5,0.8_117.5
11,2016,62,327.3599548339844,31743.737545813863,0.9023484587669373,117.9432601928711,2016-01-01,197.02098405621732,469.76956379948103,328.8386946596367,9536322.145129465,0.9,117.9,0.9_117.9
12,2016,28,74.00999450683594,3595.994572027708,0.9068568348884583,118.24195098876953,2016-01-01,22.318934190380023,53.21644305711346,37.251510139979416,1080293.794059403,0.9,118.2,0.9_118.2
13,2016,17,104.69000244140625,4241.999934600858,2.2641446590423584,117.71356201171875,2016-01-01,26.328437231918993,62.77655414832093,43.94358790382465,1274364.0492109149,2.3000000000000003,117.7,2.3000000000000003_117.7
14,2016,5,8.770000457763672,213.384188000212,-1.2449239492416382,116.82022857666016,2016-01-02,1.3243923353752254,3.1578322109642434,2.21048254767497,64103.993882574134,-1.2000000000000002,116.80000000000001,-1.2000000000000002_116.80000000000001
15,2016,19,97.58000183105469,7236.866610557735,0.5425573587417603,116.89126586914062,2016-01-02,44.916405292157954,107.09701924703126,74.96791347292188,2174069.4907147344,0.5,116.9,0.5_116.9
16,2016,157,657.9000244140625,44890.28930796879,1.1106737852096558,117.72380065917969,2016-01-02,278.61649754569083,664.3228950781806,465.0260265547264,13485754.770087065,1.1,117.7,1.1_117.7
17,2016,13,91.90999603271484,8457.243541908898,0.20157459378242493,116.24297332763672,2016-01-02,52.49080838780163,125.15714647320873,87.61000253124611,2540690.073406137,0.2,116.2,0.2_116.2
18,2016,3,14.610000610351562,1123.0097648375383,-0.603523313999176,116.34317016601562,2016-01-02,6.970083111785642,16.619208957637646,11.63344627034635,337369.94184004416,-0.6000000000000001,116.30000000000001,-0.6000000000000001_116.30000000000001
19,2016,12,98.0,1218.3149200233852,-0.44903168082237244,116.10986328125,2016-01-02,7.5616049964801,18.029611910814822,12.620728337570375,366001.12178954086,-0.4,116.10000000000001,-0.4_116.10000000000001
20,2016,487,3960.7099609375,216346.20395243345,-0.3492543697357178,116.4629898071289,2016-01-02,1342.776411820371,3201.6665244200535,2241.1665670940374,64993830.44572709,-0.30000000000000004,116.5,-0.30000000000000004_116.5
21,2016,581,5359.06982421875,82733.0468297105,-0.047970738261938095,116.47042846679688,2016-01-02,513.4917171247914,1224.3507011391744,857.045490797422,24854319.233125236,-0.0,116.5,-0.0_116.5
22,2016,144,1601.8900146484375,99466.78929569121,0.44238099455833435,116.11581420898438,2016-01-03,617.3515226323381,1471.9901886957764,1030.3931320870433,29881400.83052426,0.4,116.10000000000001,0.4_116.10000000000001
23,2016,3,6.460000038146973,283.09214523572246,-1.6504801511764526,113.69852447509766,2016-01-04,1.7570424072600377,4.189427076459123,2.932598953521386,85045.3696521202,-1.7000000000000002,113.7,-1.7000000000000002_113.7
24,2016,57,400.6600036621094,25892.351630180674,1.09099280834198,116.76696014404297,2016-01-04,160.70371645258663,383.17601112654063,268.2232077885784,7778473.025868773,1.1,116.80000000000001,1.1_116.80000000000001
25,2016,117,809.0100708007812,79562.88181175616,0.7685019969940186,116.60546875,2016-01-05,493.81574070403985,1177.4360290559819,824.2052203391872,23901951.38983643,0.8,116.60000000000001,0.8_116.60000000000001
26,2016,8,35.58000183105469,5659.593600855124,0.6933562755584717,116.49893951416016,2016-01-05,35.12688759442547,83.75525450709432,58.62867815496602,1700231.6664940144,0.7000000000000001,116.5,0.7000000000000001_116.5
27,2016,20,67.27000427246094,2696.8404177876337,0.3404045104980469,116.37784576416016,2016-01-05,16.738235445282918,39.910030911529375,27.93702163807056,810173.6275040463,0.30000000000000004,116.4,0.30000000000000004_116.4
28,2016,13,110.80000305175781,5348.500180951911,0.9070414900779724,117.73467254638672,2016-01-05,33.19605220888569,79.15144186663562,55.40600930664493,1606774.269892703,0.9,117.7,0.9_117.7
29,2016,7,18.920000076293945,635.8196854410694,-0.798158586025238,116.2279052734375,2016-01-05,3.9462845207537236,9.409375183174149,6.586562628221904,191010.3162184352,-0.8,116.2,-0.8_116.2
179,2016,3,12.229999542236328,718.3857479370793,-1.867293357849121,116.20284271240234,2016-01-05,4.458739831321153,10.631254714764033,7.441878300334823,215814.47070970986,-1.9000000000000001,116.2,-1.9000000000000001_116.2
30,2016,8,38.69000244140625,474.69386786231826,0.18562498688697815,116.873046875,2016-01-06,2.946239485401091,7.024904705129058,4.91743329359034,142605.56551411987,0.2,116.9,0.2_116.9
31,2016,90,505.989990234375,72045.94766624902,1.6554408073425293,118.04251098632812,2016-01-06,447.1610655796577,1066.1943433676504,746.3360403573553,21643745.170363303,1.7000000000000002,118.0,1.7000000000000002_118.0
32,2016,4,3.8000001907348633,337.86129706817866,-2.143392562866211,116.0842514038086,2016-01-06,2.096973147122707,4.999945388263697,3.4999617717845877,101498.89138175304,-2.1,116.10000000000001,-2.1_116.10000000000001
33,2016,84,491.54998779296875,22310.91734325734,1.1809366941452026,117.91162109375,2016-01-07,138.47515226653462,330.17504297285984,231.12253008100188,6702553.372349055,1.2000000000000002,117.9,1.2000000000000002_117.9
34,2016,3,5.159999847412109,118.11001637014228,-1.58148992061615,113.56226348876953,2016-01-07,0.7330627535134113,1.7478877775647501,1.223521444295325,35482.121884564425,-1.6,113.60000000000001,-1.6_113.60000000000001
35,2016,34,50.42000198364258,1316.0440145681016,-2.0634589195251465,115.57318115234375,2016-01-07,8.16817132630607,19.475886283784618,13.633120398649233,395360.49156082777,-2.1,115.60000000000001,-2.1_115.60000000000001
36,2016,44,123.90998840332031,5129.984847216001,-1.2401877641677856,116.64448547363281,2016-01-07,31.839812855473472,75.91767480110136,53.14237236077095,1541128.7984623576,-1.2000000000000002,116.60000000000001,-1.2000000000000002_116.60000000000001
37,2016,9,65.36000061035156,5095.204491282403,-0.7729044556617737,117.47140502929688,2016-01-07,31.623944766784383,75.40296689652219,52.782076827565525,1530680.2279994003,-0.8,117.5,-0.8_117.5
38,2016,3,10.579999923706055,539.8431339238379,-1.9125099182128906,115.60184478759766,2016-01-07,3.350595541188656,7.989036362764074,5.592325453934852,162177.4381641107,-1.9000000000000001,115.60000000000001,-1.9000000000000001_115.60000000000001
39,2016,10,34.54999923706055,1980.8260812275457,1.3222309350967407,117.66597747802734,2016-01-08,12.294214038420217,29.31387026489612,20.519709185427285,595071.5663773912,1.3,117.7,1.3_117.7
40,2016,6,11.179999351501465,1098.5603083462854,-0.930025041103363,115.9188003540039,2016-01-08,6.818334882057049,16.25738607857516,11.38017025500261,330024.9373950757,-0.9,115.9,-0.9_115.9
41,2016,6,3.9800000190734863,1075.9102339244073,-1.5417567491531372,113.6787109375,2016-01-08,6.677754714233255,15.922191914188092,11.145534339931665,323220.4958580183,-1.5,113.7,-1.5_113.7
42,2016,4,52.53999710083008,193.40748258587803,-0.03484000265598297,116.84139251708984,2016-01-09,1.2004047251181504,2.862200728530948,2.0035405099716637,58102.67478917824,-0.0,116.80000000000001,-0.0_116.80000000000001
43,2016,11,106.6199951171875,3940.509634647501,-0.21114908158779144,115.9930648803711,2016-01-09,24.457204662203907,58.31485626241649,40.820399383691544,1183791.5821270547,-0.2,116.0,-0.2_116.0
44,2016,21,155.87998962402344,18438.130415821997,-1.9137494564056396,115.23100280761719,2016-01-09,114.43827600449575,272.86240223659115,191.0036815656138,5539106.7654027995,-1.9000000000000001,115.2,-1.9000000000000001_115.2
45,2016,7,33.7599983215332,3965.5853075126493,-1.8788172006607056,116.02101135253906,2016-01-09,24.61283957244827,58.68594639907221,41.08016247935054,1191324.7119011658,-1.9000000000000001,116.0,-1.9000000000000001_116.0
46,2016,14,61.37000274658203,6238.596097563496,-2.3794078826904297,114.78601837158203,2016-01-09,38.72053000996811,92.32380286800942,64.6266620076066,1874173.1982205913,-2.4000000000000004,114.80000000000001,-2.4000000000000004_114.80000000000001
47,2016,3,13.639999389648438,577.395292099899,1.4598299264907837,117.79894256591797,2016-01-10,3.5836671240986515,8.544763644110114,5.981334550877079,173458.7019754353,1.5,117.80000000000001,1.5_117.80000000000001
48,2016,35,153.5800018310547,16731.931697513013,0.6016213893890381,117.27783203125,2016-01-10,103.84856677471342,247.61269033677286,173.328883235741,5026537.613836489,0.6000000000000001,117.30000000000001,0.6000000000000001_117.30000000000001
49,2016,31,153.30999755859375,13075.673806651237,-0.7901061177253723,115.80257415771484,2016-01-10,81.15560169518413,193.50442183027963,135.45309528119571,3928139.7631546757,-0.8,115.80000000000001,-0.8_115.80000000000001
50,2016,4,13.489999771118164,238.18088796263,-1.7856650352478027,116.03759002685547,2016-01-10,1.4782957697421286,3.524793880433687,2.467355716303581,71553.31577280385,-1.8,116.0,-1.8_116.0
51,2016,8,54.95000076293945,2566.8818882853593,-1.1359975337982178,116.57080078125,2016-01-10,15.931633597214981,37.98679923069171,26.590759461484193,771132.0243830417,-1.1,116.60000000000001,-1.1_116.60000000000001
52,2016,3,10.610000610351562,1796.1043439986993,-1.110159993171692,116.65436553955078,2016-01-10,11.147718343233853,26.580208237951815,18.606145766566268,539578.2272304217,-1.1,116.7,-1.1_116.7
53,2016,24,148.3000030517578,2927.9166608116716,-0.06317500025033951,116.72869873046875,2016-01-10,18.172435458022544,43.32968449621384,30.330779147349684,879592.5952731408,-0.1,116.7,-0.1_116.7
54,2016,6,53.470001220703125,1078.7614467593048,-0.09714499861001968,116.80096435546875,2016-01-10,6.695451078994162,15.964386473282344,11.17507053129764,324077.04540763155,-0.1,116.80000000000001,-0.1_116.80000000000001
55,2016,26,169.4499969482422,20748.408745749664,-0.1372242271900177,116.92442321777344,2016-01-10,128.77727151027634,307.0517739745337,214.9362417821736,6233151.011683035,-0.1,116.9,-0.1_116.9
56,2016,61,391.96002197265625,34207.51389933698,2.0110974311828613,117.30029296875,2016-01-11,212.31268185850007,506.2305237360232,354.36136661521624,10276479.63184127,2.0,117.30000000000001,2.0_117.30000000000001
57,2016,4,129.72000122070312,498.0348613800313,2.1418299674987793,117.08341217041016,2016-01-11,3.091107918271437,7.370323650445046,5.159226555311532,149617.57010403444,2.1,117.10000000000001,2.1_117.10000000000001
58,2016,3,19.729999542236328,284.0021052759077,0.9042633175849915,118.89871978759766,2016-01-11,1.7626901739198517,4.202893402865579,2.942025382005905,85318.73607817123,0.9,118.9,0.9_118.9
59,2016,145,846.7099609375,5588.828259145073,1.198927640914917,118.19587707519531,2016-01-11,34.68767474998122,82.70801160889202,57.89560812622441,1678972.635660508,1.2000000000000002,118.2,1.2000000000000002_118.2
60,2016,6,45.0,3050.024804324876,1.932336688041687,117.7457046508789,2016-01-11,18.93031302557514,45.136739800642765,31.595717860449934,916275.817953048,1.9000000000000001,117.7,1.9000000000000001_117.7
61,2016,6,41.22999954223633,193.36779466769948,-1.0446683168411255,116.61370086669922,2016-01-11,1.2001583977068495,2.861613394541561,2.0031293761790927,58090.75190919369,-1.0,116.60000000000001,-1.0_116.60000000000001
62,2016,4,54.72999954223633,639.4506451948729,-1.871537446975708,115.42420959472656,2016-01-11,3.968820470174627,9.463109069338499,6.624176348536949,192101.1141075715,-1.9000000000000001,115.4,-1.9000000000000001_115.4
63,2016,3,1.9300000667572021,118.05171898788346,0.1528233289718628,117.30118560791016,2016-01-12,0.7327009244249507,1.7470250456386542,1.222917531947058,35464.608426464685,0.2,117.30000000000001,0.2_117.30000000000001
64,2016,5,32.84000015258789,809.8150538478036,1.3815540075302124,117.763916015625,2016-01-12,5.026205832957224,11.98429970810113,8.389009795670791,243281.28407445294,1.4000000000000001,117.80000000000001,1.4000000000000001_117.80000000000001
65,2016,10,14.649999618530273,1805.1152821937546,0.871832013130188,118.35450744628906,2016-01-12,11.203645718134094,26.71355940679909,18.69949158475936,542285.2559580215,0.9,118.4,0.9_118.4
66,2016,9,73.58000183105469,884.9614564787101,-0.7348389029502869,115.93256378173828,2016-01-13,5.492610211876315,13.096377097667263,9.167463968367084,265856.4550826454,-0.7000000000000001,115.9,-0.7000000000000001_115.9
67,2016,3,32.11000061035156,129.24058632419485,-0.5869633555412292,115.8615951538086,2016-01-14,0.8021458550949135,1.912606975630462,1.3388248829413234,38825.921605298376,-0.6000000000000001,115.9,-0.6000000000000001_115.9
68,2016,6,20.719999313354492,1021.9691463697749,-2.0709733963012695,116.13773345947266,2016-01-14,6.342963446011037,15.123927968903208,10.586749578232245,307015.7377687351,-2.1,116.10000000000001,-2.1_116.10000000000001
69,2016,3,16.060001373291016,918.8262336973544,-0.154873326420784,116.1650161743164,2016-01-14,5.702795660985212,13.597535526135529,9.518274868294869,276029.9711805512,-0.2,116.2,-0.2_116.2
70,2016,19,254.19998168945312,739.1847350461675,-0.46519842743873596,117.58375549316406,2016-01-14,4.587831022983476,10.93905498836464,7.657338491855247,222062.81626380217,-0.5,117.60000000000001,-0.5_117.60000000000001
71,2016,81,610.4099731445312,47093.24709892488,-0.5431354641914368,114.449951171875,2016-01-14,292.28939637123307,696.9240504724542,487.84683533071785,14147558.224590817,-0.5,114.4,-0.5_114.4
72,2016,6,31.420000076293945,2551.0874710334815,-0.6996016502380371,114.27774047851562,2016-01-14,15.833603816535616,37.75306063919242,26.427142447434694,766387.1309756062,-0.7000000000000001,114.30000000000001,-0.7000000000000001_114.30000000000001
73,2016,15,56.11000061035156,4084.6782453168603,2.45570969581604,117.86384582519531,2016-01-14,25.35200293550429,60.448380244902076,42.31386617143145,1227102.118971512,2.5,117.9,2.5_117.9
177,2016,4,12.739999771118164,1317.9540832177413,-1.7270749807357788,114.49089050292969,2016-01-15,8.180026376595086,19.504153028211714,13.6529071197482,395934.3064726978,-1.7000000000000002,114.5,-1.7000000000000002_114.5
303,2016,3,110.74000549316406,642.4898190799722,-0.6422433257102966,115.9667739868164,2016-01-15,3.9876834357814976,9.508085228439276,6.655659659907493,193014.1301373173,-0.6000000000000001,116.0,-0.6000000000000001_116.0
74,2016,3,11.40999984741211,280.0590186138708,-1.4214833974838257,114.4325942993164,2016-01-16,1.7382169746548868,4.144540409662581,2.9011782867638067,84134.1703161504,-1.4000000000000001,114.4,-1.4000000000000001_114.4
75,2016,4,11.469999313354492,592.4213009971899,-2.243072509765625,113.96440887451172,2016-01-18,3.6769276941594105,8.767130705806613,6.136991494064628,177972.75332787423,-2.2,114.0,-2.2_114.0
76,2016,10,45.2599983215332,789.1403057215513,0.5986959934234619,116.38482666015625,2016-01-19,4.8978857441501065,11.678338023692783,8.174836616584948,237070.2618809635,0.6000000000000001,116.4,0.6000000000000001_116.4
77,2016,11,139.64999389648438,4553.48746288309,-0.5862300395965576,116.03136444091797,2016-01-19,28.26171869428092,67.3861991240878,47.17033938686146,1367939.8422189823,-0.6000000000000001,116.0,-0.6000000000000001_116.0
78,2016,28,163.53997802734375,4289.309699886801,0.8391638398170471,118.77342987060547,2016-01-25,26.622070472133785,63.47668241046266,44.43367768732386,1288576.652932392,0.8,118.80000000000001,0.8_118.80000000000001
79,2016,9,56.150001525878906,3575.355347493019,-2.2667012214660645,113.85360717773438,2016-01-25,22.19083458263494,52.9110070796131,37.03770495572917,1074093.4437161458,-2.3000000000000003,113.9,-2.3000000000000003_113.9
80,2016,4,5.550000190734863,551.5631966739576,-0.5369399785995483,117.09778594970703,2016-01-26,3.4233373943777017,8.162479353145411,5.713735547201788,165698.33086885183,-0.5,117.10000000000001,-0.5_117.10000000000001
81,2016,58,503.8199768066406,2151.970919260935,0.2764068841934204,116.48988342285156,2016-01-26,13.356443221635187,31.846610330348195,22.292627231243735,646486.1897060683,0.30000000000000004,116.5,0.30000000000000004_116.5
82,2016,3,7.599999904632568,259.869516109695,0.8209033012390137,118.5913314819336,2016-01-27,1.612908615951463,3.845759783372847,2.692031848360993,78068.9236024688,0.8,118.60000000000001,0.8_118.60000000000001
83,2016,3,12.489999771118164,154.2766528714935,-2.422686815261841,116.31941986083984,2016-01-27,0.957534944389353,2.283110985884612,1.5981776901192282,46347.15301345762,-2.4000000000000004,116.30000000000001,-2.4000000000000004_116.30000000000001
84,2016,19,72.80999755859375,1303.6927020655448,-0.1779705286026001,116.711669921875,2016-01-27,8.091511552386017,19.293101547793682,13.505171083455577,391649.96142021177,-0.2,116.7,-0.2_116.7
85,2016,4,4.599999904632568,169.32626657092752,-0.20216500759124756,116.28276062011719,2016-01-28,1.0509420202401119,2.505827370580343,1.75407915940624,50868.295622780955,-0.2,116.30000000000001,-0.2_116.30000000000001
86,2016,5,24.950000762939453,298.63175605290473,-0.1734979897737503,116.1139144897461,2016-01-28,1.8534907038928214,4.419394835758598,3.0935763850310183,89713.71516589953,-0.2,116.10000000000001,-0.2_116.10000000000001
87,2016,8,82.72000122070312,4076.4539618489794,-0.576057493686676,116.77383422851562,2016-01-28,25.300958019332697,60.32667063047203,42.22866944133042,1224631.413798582,-0.6000000000000001,116.80000000000001,-0.6000000000000001_116.80000000000001
88,2016,16,38.019996643066406,486.55497557440634,1.0580382347106934,118.10267639160156,2016-01-28,3.0198567495956334,7.200434993206969,5.040304495244878,146168.83036210146,1.1,118.10000000000001,1.1_118.10000000000001
128,2016,11,76.0300064086914,7987.639439160645,-0.27547451853752136,117.05945587158203,2016-01-28,49.57615908707684,118.20756423866229,82.7452949670636,2399613.5540448446,-0.30000000000000004,117.10000000000001,-0.30000000000000004_117.10000000000001
89,2016,6,23.639999389648438,510.5633722628039,-2.053568124771118,116.41410064697266,2016-01-28,3.1688674933473218,7.555730711726439,5.289011498208507,153381.3334480467,-2.1,116.4,-2.1_116.4
90,2016,16,183.9499969482422,886.0158873718215,-0.7695181369781494,116.88078308105469,2016-01-28,5.499154652709101,13.111981420882156,9.178386994617508,266173.2228439077,-0.8,116.9,-0.8_116.9
91,2016,3,23.10999870300293,683.3324356437174,-1.2096800804138184,116.57675170898438,2016-01-28,4.241177609087533,10.112507380679197,7.078755166475438,205283.8998277877,-1.2000000000000002,116.60000000000001,-1.2000000000000002_116.60000000000001
92,2016,11,48.23999786376953,7238.495345049487,-1.5518345832824707,114.4508285522461,2016-01-28,44.926514211180745,107.12112258050392,74.98478580635275,2174558.78838423,-1.6,114.5,-1.6_114.5
93,2016,4,30.779998779296875,690.1576292106992,-1.5554150342941284,116.08088684082031,2016-01-28,4.283538920543066,10.213512128471756,7.149458489930228,207334.29620797661,-1.6,116.10000000000001,-1.6_116.10000000000001
94,2016,31,175.6099853515625,32037.354620601032,-1.5552994012832642,116.42533111572266,2016-01-28,198.84335059156265,474.1147473163174,331.8803231214222,9624529.370521244,-1.6,116.4,-1.6_116.4
95,2016,3,21.469999313354492,332.7765554516643,-0.32100000977516174,115.6434326171875,2016-01-28,2.0654141413341978,4.924697259470557,3.44728808162939,99971.35436725231,-0.30000000000000004,115.60000000000001,-0.30000000000000004_115.60000000000001
96,2016,5,49.94000244140625,2693.3103178657916,-1.3940860033035278,113.90665435791016,2016-01-28,16.716325493456537,39.85778963092847,27.90045274164993,809113.129507848,-1.4000000000000001,113.9,-1.4000000000000001_113.9
97,2016,5,93.44000244140625,462.44279367744736,-0.6490460634231567,115.89778137207031,2016-01-29,2.870201851579132,6.843603377029437,4.790522363920606,138925.14855369757,-0.6000000000000001,115.9,-0.6000000000000001_115.9
98,2016,9,63.4900016784668,1944.7488915821814,-1.7683210372924805,115.10846710205078,2016-01-29,12.070297009253316,28.779970763668395,20.145979534567875,584233.4065024684,-1.8,115.10000000000001,-1.8_115.10000000000001
99,2016,3,35.08000183105469,134.90801098093849,-1.4301533699035645,113.807373046875,2016-01-29,0.8373213469954679,1.9964781204514652,1.3975346843160257,40528.50584516474,-1.4000000000000001,113.80000000000001,-1.4000000000000001_113.80000000000001
100,2016,8,560.6900024414062,1751.0853230886473,-1.300283670425415,114.62992858886719,2016-01-29,10.868302858899511,25.913980268259454,18.139786187781617,526053.7994456668,-1.3,114.60000000000001,-1.3_114.60000000000001
101,2016,7,53.59000015258789,2214.322831782618,-2.0755956172943115,113.73661041259766,2016-01-29,13.743437196275996,32.76934448240261,22.938541137681824,665217.6929927729,-2.1,113.7,-2.1_113.7
102,2016,3,13.440000534057617,562.9428113592257,-1.9490900039672852,116.0275650024414,2016-01-29,3.493966219362042,8.330884117051657,5.831618881936159,169116.9475761486,-1.9000000000000001,116.0,-1.9000000000000001_116.0
103,2016,5,21.459999084472656,1472.0479305123245,-2.423501968383789,115.4440689086914,2016-01-29,9.13642671814815,21.784558708963264,15.249191096274284,442226.54179195425,-2.4000000000000004,115.4,-2.4000000000000004_115.4
104,2016,4,36.77000045776367,1073.286462403816,-2.3714699745178223,116.23062133789062,2016-01-29,6.661469988901856,15.883363216056411,11.118354251239488,322432.2732859452,-2.4000000000000004,116.2,-2.4000000000000004_116.2
105,2016,8,38.439998626708984,3022.994789008589,-1.1934287548065186,114.89242553710938,2016-01-29,18.76254827484333,44.73672771995128,31.315709403965897,908155.5727150111,-1.2000000000000002,114.9,-1.2000000000000002_114.9
106,2016,3,16.40999984741211,151.62636735601296,-0.21495334804058075,114.18181610107422,2016-01-29,0.9410856570445245,2.2438899121608733,1.5707229385126111,45550.96521686572,-0.2,114.2,-0.2_114.2
107,2016,9,146.29998779296875,8068.263145640254,-0.38681331276893616,115.70110321044922,2016-01-29,50.076558952276926,119.4006992111954,83.58048944783678,2423834.1939872666,-0.4,115.7,-0.4_115.7
108,2016,9,72.05999755859375,2128.8089394887556,0.8928866982460022,118.49790954589844,2016-01-30,13.212685857184361,31.503840575570408,22.052688402899285,639527.9636840792,0.9,118.5,0.9_118.5
109,2016,3,11.8100004196167,229.25432418199773,-0.638106644153595,115.55423736572266,2016-01-30,1.422892073886765,3.392691352575909,2.374883946803136,68871.63445729094,-0.6000000000000001,115.60000000000001,-0.6000000000000001_115.60000000000001
110,2016,77,800.239990234375,68883.70672618126,-0.9365033507347107,115.05493927001953,2016-01-30,427.53427081625506,1019.3969382133102,713.5778567493171,20693757.845730197,-0.9,115.10000000000001,-0.9_115.10000000000001
111,2016,7,17.71000099182129,739.3733512814554,2.3357157707214355,118.03499603271484,2016-01-31,4.589001690307441,10.94184628433125,7.659292399031875,222119.47957192437,2.3000000000000003,118.0,2.3000000000000003_118.0
112,2016,127,979.9599609375,5598.185041232676,1.3113017082214355,116.66695404052734,2016-02-02,34.74574864288178,82.84648085604718,57.99253659923302,1681783.5613777577,1.3,116.7,1.3_116.7
113,2016,4,18.079999923706055,686.2426527987298,1.9188599586486816,116.78681945800781,2016-02-02,4.259240190624137,10.155575133539076,7.108902593477352,206158.1752108432,1.9000000000000001,116.80000000000001,1.9000000000000001_116.80000000000001
114,2016,11,39.56999969482422,892.3588581902914,-2.437213659286499,114.38829803466797,2016-02-02,5.538522995856822,13.205849845489844,9.24409489184289,268078.7518634438,-2.4000000000000004,114.4,-2.4000000000000004_114.4
115,2016,17,69.41999816894531,811.4871785713362,0.9498164057731628,118.41008758544922,2016-02-02,5.03658405820621,12.009045165401442,8.406331615781008,243783.61685764923,0.9,118.4,0.9_118.4
116,2016,14,132.17999267578125,2489.556539358095,-0.8050479292869568,114.24439239501953,2016-02-05,15.451705349441617,36.8424760272952,25.789733219106637,747902.2633540925,-0.8,114.2,-0.8_114.2
117,2016,3,15.329999923706055,157.74027454732686,0.5872266888618469,117.13170623779297,2016-02-05,0.9790322917003386,2.334368467505179,1.6340579272536253,47387.67989035513,0.6000000000000001,117.10000000000001,0.6000000000000001_117.10000000000001
118,2016,24,217.35000610351562,16810.592686880016,1.682024598121643,117.1009750366211,2016-02-05,104.33678482117236,248.77677943024023,174.14374560116815,5050168.622433877,1.7000000000000002,117.10000000000001,1.7000000000000002_117.10000000000001
119,2016,12,66.19000244140625,6159.727724025935,1.438096523284912,117.97048950195312,2016-02-06,38.231024810939246,91.15664473545358,63.8096513148175,1850479.8881297074,1.4000000000000001,118.0,1.4000000000000001_118.0
120,2016,10,15.559999465942383,1828.0459725542028,-0.5825999975204468,117.37886810302734,2016-02-08,11.345967559517252,27.052906353348842,18.93703444734419,549173.9989729815,-0.6000000000000001,117.4,-0.6000000000000001_117.4
121,2016,4,22.399999618530273,147.610525226103,0.16991500556468964,116.97290802001953,2016-02-09,0.9161608929991004,2.184460224559258,1.5291221571914804,44344.54255855293,0.2,117.0,0.2_117.0
122,2016,4,25.130001068115234,394.1136529781183,1.0021899938583374,118.2667007446289,2016-02-09,2.4461095555516637,5.832413356484733,4.082689349539313,118397.99113664009,1.0,118.30000000000001,1.0_118.30000000000001
123,2016,3,23.81999969482422,478.4293501250471,-0.5767533183097839,117.46942138671875,2016-02-10,2.969424165222275,7.080185400120006,4.956129780084003,143727.7636224361,-0.6000000000000001,117.5,-0.6000000000000001_117.5
124,2016,3,8.690000534057617,345.7005855492372,-0.899233341217041,113.51669311523438,2016-02-12,2.145628549739038,5.11595753475181,3.581170274326267,103853.93795546173,-0.9,113.5,-0.9_113.5
125,2016,53,769.0,48535.913880438755,-0.8463670015335083,114.75413513183594,2016-02-14,301.24346576992497,718.2738031183629,502.791662182854,14580958.203302765,-0.8,114.80000000000001,-0.8_114.80000000000001
126,2016,3,21.079999923706055,356.4685235058793,0.20557333528995514,116.33814239501953,2016-02-14,2.212460936108541,5.275310210523246,3.692717147366272,107088.7972736219,0.2,116.30000000000001,0.2_116.30000000000001
127,2016,6,35.57999801635742,2852.788531636182,-0.41396164894104004,115.8831558227539,2016-02-14,17.70614449530604,42.2178775320558,29.55251427243906,857022.9139007326,-0.4,115.9,-0.4_115.9
129,2016,20,234.91000366210938,8823.405266649143,2.0703189373016357,117.13572692871094,2016-02-16,54.76343123909402,130.57590453416597,91.40313317391617,2650690.862043569,2.1,117.10000000000001,2.1_117.10000000000001
130,2016,30,366.4900207519531,2610.240378197585,2.3952836990356445,117.94347381591797,2016-02-16,16.20074281402883,38.62845331643614,27.0399173215053,784157.6023236536,2.4000000000000004,117.9,2.4000000000000004_117.9
131,2016,12,576.4100341796875,424.44273607568556,0.25712499022483826,117.14752960205078,2016-02-16,2.63435033182388,6.281247716856431,4.3968734017995015,127509.32865218555,0.30000000000000004,117.10000000000001,0.30000000000000004_117.10000000000001
132,2016,4,27.549999237060547,1013.9286428950483,-0.4681199789047241,116.8339614868164,2016-02-16,6.293059180496878,15.004938079807788,10.50345665586545,304600.2430200981,-0.5,116.80000000000001,-0.5_116.80000000000001
133,2016,4,14.930000305175781,177.7776565471447,-0.5846824645996094,116.53324890136719,2016-02-20,1.103396497831291,2.6308978912427854,1.8416285238699497,53407.22719222854,-0.6000000000000001,116.5,-0.6000000000000001_116.5
134,2016,13,57.93000030517578,6721.807859181525,-2.2905020713806152,116.03086853027344,2016-02-20,41.71963673595214,99.47476227064645,69.63233358945251,2019337.6740941228,-2.3000000000000003,116.0,-2.3000000000000003_116.0
135,2016,3,16.829999923706055,540.9056803446674,-2.34773325920105,116.4906997680664,2016-02-20,3.357190351933141,8.004760786137641,5.603332550296349,162496.64395859413,-2.3000000000000003,116.5,-2.3000000000000003_116.5
136,2016,66,613.8099365234375,35552.02141100526,0.21998530626296997,115.44862365722656,2016-02-21,220.65751499724288,526.127635926104,368.28934514827273,10680391.00929991,0.2,115.4,0.2_115.4
137,2016,9,46.69000244140625,7798.027007075718,-0.11900777369737625,115.57694244384766,2016-02-21,48.39930875857507,115.40152574420523,80.78106802094365,2342650.972607366,-0.1,115.60000000000001,-0.1_115.60000000000001
138,2016,8,53.980003356933594,4667.500895868633,-0.627714991569519,116.13410186767578,2016-02-21,28.969355554307867,69.07346233950469,48.351423637653276,1402191.285491945,-0.6000000000000001,116.10000000000001,-0.6000000000000001_116.10000000000001
139,2016,3,7.53000020980835,122.40718834339266,-0.28229331970214844,116.7689208984375,2016-02-23,0.7597336220463524,1.811480812270627,1.2680365685894388,36773.060489093725,-0.30000000000000004,116.80000000000001,-0.30000000000000004_116.80000000000001
140,2016,21,95.30001831054688,3508.1318788569242,1.133591890335083,117.41217041015625,2016-02-25,21.77360476137521,51.91617969066152,36.34132578346306,1053898.447720429,1.1,117.4,1.1_117.4
141,2016,10,47.12000274658203,993.7006250615261,1.5016720294952393,117.21295166015625,2016-02-28,6.167511772183177,14.705587472448858,10.2939112307142,298523.42569071177,1.5,117.2,1.5_117.2
142,2016,3,21.950000762939453,459.6847908750177,0.905239999294281,118.15543365478516,2016-03-01,2.8530840050942854,6.802788215563802,4.761951750894661,138096.60077594517,0.9,118.2,0.9_118.2
143,2016,5,23.25,1517.5076228149571,1.4434059858322144,118.3438720703125,2016-03-01,9.418577277748485,22.457308091188498,15.720115663831947,455883.35425112647,1.4000000000000001,118.30000000000001,1.4000000000000001_118.30000000000001
144,2016,10,9.90000057220459,468.18983470283393,-0.5926380157470703,115.11827087402344,2016-03-03,2.9058714911922663,6.928652749420986,4.85005692459469,140651.650813246,-0.6000000000000001,115.10000000000001,-0.6000000000000001_115.10000000000001
145,2016,13,92.74999237060547,3095.897260982418,1.9338068962097168,117.18163299560547,2016-03-03,19.215025452355423,45.81559760443234,32.07091832310264,930056.6313699766,1.9000000000000001,117.2,1.9000000000000001_117.2
146,2016,5,35.27000045776367,2137.1020775929887,-0.11929599940776825,115.88875579833984,2016-03-04,13.264158127198312,31.626569156731712,22.1385984097122,642019.3538816537,-0.1,115.9,-0.1_115.9
147,2016,6,100.10999298095703,299.4909914982025,-0.6883516311645508,117.49810028076172,2016-03-06,1.8588236427984632,4.432110498485963,3.102477348940174,89971.84311926505,-0.7000000000000001,117.5,-0.7000000000000001_117.5
148,2016,60,314.5500183105469,814.7270049542445,1.2884252071380615,117.75126647949219,2016-03-07,5.0566923955187475,12.056990742839774,8.43989351998784,244756.9120796474,1.3,117.80000000000001,1.3_117.80000000000001
149,2016,4,22.170000076293945,999.6890358894925,1.4125699996948242,117.62899780273438,2016-03-07,6.204679499913916,14.794208830864696,10.355946181605287,300322.4392665533,1.4000000000000001,117.60000000000001,1.4000000000000001_117.60000000000001
150,2016,17,85.22000122070312,6808.922496704368,-0.20645353198051453,115.35893249511719,2016-03-07,42.26032327564144,100.76395530314912,70.53476871220438,2045508.292653927,-0.2,115.4,-0.2_115.4
151,2016,4,16.860000610351562,637.6678025794427,-0.7589950561523438,117.34601593017578,2016-03-07,3.9577550622023465,9.436725118911582,6.605707583238107,191565.51991390513,-0.8,117.30000000000001,-0.8_117.30000000000001
152,2016,3,24.18000030517578,198.239991323809,-1.8303298950195312,115.18009185791016,2016-03-07,1.230398219917977,2.9337161106940792,2.053601277485855,59554.4370470898,-1.8,115.2,-1.8_115.2
153,2016,5,55.70000076293945,1311.8337433486163,2.198065757751465,117.19183349609375,2016-03-08,8.142039816819848,19.413579276885994,13.589505493820194,394095.65932078566,2.2,117.2,2.2_117.2
154,2016,4,3.8499999046325684,897.9206298763676,0.6194000244140625,117.5112075805664,2016-03-09,5.573042741022471,13.28815745199489,9.301710216396422,269749.59627549624,0.6000000000000001,117.5,0.6000000000000001_117.5
155,2016,8,21.990001678466797,188.82149116085603,1.2138688564300537,118.10820007324219,2016-03-09,1.1719412670226068,2.794333509423195,1.9560334565962365,56724.97024129086,1.2000000000000002,118.10000000000001,1.2000000000000002_118.10000000000001
156,2016,59,727.72998046875,42768.13719578694,-0.619308590888977,114.18746185302734,2016-03-09,265.4451280163272,632.9175676299866,443.0422973409906,12848226.622888727,-0.6000000000000001,114.2,-0.6000000000000001_114.2
157,2016,3,39.269996643066406,138.58611944961365,0.7969500422477722,117.4401626586914,2016-03-10,0.8601499300795493,2.050909751523357,1.43563682606635,41633.46795592415,0.8,117.4,0.8_117.4
158,2016,6,35.59000015258789,660.3244305627892,0.9698049426078796,116.71607208251953,2016-03-12,4.098375905423223,9.772016268214427,6.840411387750099,198371.93024475288,1.0,116.7,1.0_116.7
159,2016,3,24.220001220703125,126.02032812858694,0.21122334897518158,116.78263092041016,2016-03-12,0.7821589698802127,1.864950984092316,1.305465688864621,37858.50497707401,0.2,116.80000000000001,0.2_116.80000000000001
160,2016,5,36.599998474121094,1228.2254801871302,0.9763139486312866,116.4981460571289,2016-03-13,7.623115973667059,18.17627641490517,12.723393490433619,368978.41122257494,1.0,116.5,1.0_116.5
161,2016,15,166.03001403808594,2397.2172421628507,-1.8847087621688843,114.10147094726562,2016-03-20,14.878591387224347,35.475964245172655,24.833174971620856,720162.0741770049,-1.9000000000000001,114.10000000000001,-1.9000000000000001_114.10000000000001
162,2016,3,14.40999984741211,174.8711094532702,1.2782200574874878,117.58002471923828,2016-03-29,1.0853566949311308,2.5878844509230543,1.8115191156461379,52534.054353738,1.3,117.60000000000001,1.3_117.60000000000001
163,2016,5,40.67000198364258,598.8104078940652,-2.3166160583496094,115.18095397949219,2016-03-29,3.7165823859311655,8.86168188950644,6.203177322654509,179892.14235698074,-2.3000000000000003,115.2,-2.3000000000000003_115.2
164,2016,3,17.75,148.12428383423276,-0.2521366775035858,116.96341705322266,2016-04-03,0.9193495920738389,2.192063240961817,1.5344442686732718,44498.88379152488,-0.30000000000000004,117.0,-0.30000000000000004_117.0
165,2016,4,10.579999923706055,309.4860388253196,0.34251001477241516,117.08939361572266,2016-04-04,1.920858998819001,4.580025312116161,3.206017718481313,92974.51383595807,0.30000000000000004,117.10000000000001,0.30000000000000004_117.10000000000001
166,2016,6,30.299999237060547,746.4341851026683,-0.009379999712109566,115.6972885131836,2016-04-05,4.632825528811178,11.046338227646512,7.732436759352558,224240.66602122417,-0.0,115.7,-0.0_115.7
167,2016,3,5.779999732971191,153.2262738105025,0.9788933396339417,117.28763580322266,2016-04-06,0.95101565169643,2.2675666249663773,1.587296637476464,46031.60248681746,1.0,117.30000000000001,1.0_117.30000000000001
261,2016,3,7.40000057220459,1443.8663101157954,0.7163066864013672,116.75640106201172,2016-04-06,8.961514404347373,21.367504242653705,14.957252969857592,433760.3361258702,0.7000000000000001,116.80000000000001,0.7000000000000001_116.80000000000001
168,2016,3,15.369999885559082,509.32747890644066,1.199600100517273,118.73909759521484,2016-04-06,3.1611967858602843,7.537440959863304,5.276208671904312,153010.05148522506,1.2000000000000002,118.7,1.2000000000000002_118.7
169,2016,3,25.920000076293945,130.84509556015007,-0.041156668215990067,116.2790298461914,2016-04-07,0.812104417414141,1.9363518041277075,1.355446262889395,39307.94162379246,-0.0,116.30000000000001,-0.0_116.30000000000001
170,2016,38,253.25,18062.12927530163,2.2373876571655273,117.91941833496094,2016-04-07,112.104583741426,267.2980325238113,187.10862276666788,5426150.060233369,2.2,117.9,2.2_117.9
171,2016,19,75.10999298095703,3996.5018399916844,-2.430530548095703,115.33980560302734,2016-04-13,24.804726417651498,59.143474311653634,41.40043201815754,1200612.5285265686,-2.4000000000000004,115.30000000000001,-2.4000000000000004_115.30000000000001
172,2016,6,42.31999969482422,2702.435724371163,-0.6734433174133301,114.57682037353516,2016-04-14,16.77296332846278,39.992834794634675,27.99498435624427,811854.5463310839,-0.7000000000000001,114.60000000000001,-0.7000000000000001_114.60000000000001
173,2016,8,42.689998626708984,2585.9241774812426,-1.8805099725723267,114.17530059814453,2016-04-17,16.049821650863088,38.26860246436522,26.788021725055653,776852.630026614,-1.9000000000000001,114.2,-1.9000000000000001_114.2
174,2016,3,5.130000114440918,852.8403591813682,2.2544667720794678,117.61881256103516,2016-04-24,5.293247103188996,12.621023058327845,8.83471614082949,256206.76808405522,2.3000000000000003,117.60000000000001,2.3000000000000003_117.60000000000001
175,2016,50,253.8100128173828,48547.61926581949,2.2056102752685547,117.55110168457031,2016-04-25,301.3161165264133,718.4470289011327,502.9129202307929,14584474.686692994,2.2,117.60000000000001,2.2_117.60000000000001
176,2016,4,36.5099983215332,913.799708583787,2.015974998474121,117.65735626220703,2016-04-25,5.671597982298856,13.523148932350857,9.4662042526456,274519.9233267224,2.0,117.7,2.0_117.7
178,2016,4,27.010000228881836,498.12620460089295,-1.3054025173187256,113.94893646240234,2016-04-28,3.091674849976787,7.371675421482036,5.1601727950374245,149645.01105608532,-1.3,113.9,-1.3_113.9
180,2016,8,120.54000854492188,4167.991215317138,-0.6229400038719177,115.7493896484375,2016-05-08,25.869094009307776,61.681313119280354,43.176919183496246,1252130.6563213912,-0.6000000000000001,115.7,-0.6000000000000001_115.7
181,2016,6,32.53000259399414,2401.4088613823997,-0.12294333428144455,115.688232421875,2016-05-11,14.904607131029959,35.53799522465449,24.87659665725814,721421.3030604861,-0.1,115.7,-0.1_115.7
182,2016,185,2152.14990234375,124083.43922924883,0.8204126358032227,114.45603942871094,2016-05-14,770.1374567737487,1836.287331866206,1285.4011323063442,37276632.83688398,0.8,114.5,0.8_114.5
275,2016,9,88.83999633789062,8059.853836466202,-0.6922855377197266,114.03382873535156,2016-05-26,50.02436565379361,119.27625143635956,83.49337600545168,2421307.9041580986,-0.7000000000000001,114.0,-0.7000000000000001_114.0
183,2016,10,28.060001373291016,3964.167719830334,-2.479741096496582,114.7829360961914,2016-05-28,24.604041159225737,58.664967787268615,41.06547745108803,1190898.8460815528,-2.5,114.80000000000001,-2.5_114.80000000000001
184,2016,20,71.34000396728516,7197.15817144662,-0.3026060163974762,115.52935791015625,2016-06-01,44.66995051544122,106.50938157224692,74.55656710057283,2162140.445916612,-0.30000000000000004,115.5,-0.30000000000000004_115.5
185,2016,4,35.93000030517578,604.6830418957297,-2.3795900344848633,115.96991729736328,2016-06-02,3.7530315321081105,8.94858988858293,6.2640129220080505,181656.37473823345,-2.4000000000000004,116.0,-2.4000000000000004_116.0
186,2016,19,25.709999084472656,179.0603407587911,2.2862424850463867,117.3728256225586,2016-06-04,1.1113576178867735,2.649880092117146,1.854916064482002,53792.565869978054,2.3000000000000003,117.4,2.3000000000000003_117.4
187,2016,4,34.439998626708984,140.51024330012706,-2.2960875034332275,115.60105895996094,2016-06-06,0.8720922155122923,2.079384496207953,1.455569147345567,42211.505273021445,-2.3000000000000003,115.60000000000001,-2.3000000000000003_115.60000000000001
188,2016,9,122.08999633789062,3404.149151691421,-1.0573643445968628,115.46852111816406,2016-06-16,21.1282245757109,50.377358992162506,35.26415129451375,1022660.3875408989,-1.1,115.5,-1.1_115.5
189,2016,14,46.35000228881836,1070.6244085045741,-1.3297721147537231,114.28639221191406,2016-06-26,6.64494765979419,15.843967984248794,11.090777588974156,321632.55008025054,-1.3,114.30000000000001,-1.3_114.30000000000001
190,2016,5,32.81999969482422,2435.9314271474423,-1.722100019454956,114.32206726074219,2016-06-27,15.11887521680145,36.04888814132118,25.234221698924824,731792.4292688199,-1.7000000000000002,114.30000000000001,-1.7000000000000002_114.30000000000001
191,2016,3,10.619999885559082,521.5615159075595,-1.6588834524154663,113.51860809326172,2016-07-03,3.2371286765351575,7.718490157905208,5.402943110533645,156685.3502054757,-1.7000000000000002,113.5,-1.7000000000000002_113.5
192,2016,48,1547.7598876953125,13301.234124316123,1.4433022737503052,115.36614227294922,2016-07-04,82.55556651300783,196.84244627957386,137.78971239570168,3995901.659475349,1.4000000000000001,115.4,1.4000000000000001_115.4
193,2016,28,204.52999877929688,24974.733355226683,-2.3277735710144043,115.71195220947266,2016-07-04,155.0084181198531,369.5963519532176,258.7174463672523,7502805.944650317,-2.3000000000000003,115.7,-2.3000000000000003_115.7
194,2016,3,13.129999160766602,784.9475445290225,-1.1535032987594604,115.5804443359375,2016-07-05,4.8718629125641115,11.616290144368964,8.131403101058275,235810.68993069,-1.2000000000000002,115.60000000000001,-1.2000000000000002_115.60000000000001
195,2016,7,42.36000061035156,284.8429956774004,-1.7968398332595825,113.96498107910156,2016-07-06,1.7679092523017343,4.215337580761841,2.9507363065332886,85571.35288946537,-1.8,114.0,-1.8_114.0
196,2016,7,60.60000228881836,2021.7324501778223,-0.7254971861839294,116.09052276611328,2016-07-07,12.548103897896231,29.9192358766379,20.94346511364653,607360.4882957493,-0.7000000000000001,116.10000000000001,-0.7000000000000001_116.10000000000001
197,2016,3,12.360000610351562,616.2139345782368,2.448246717453003,117.477294921875,2016-07-10,3.8245992805522055,9.11923338693791,6.383463370856537,185120.43775483957,2.4000000000000004,117.5,2.4000000000000004_117.5
198,2016,14,72.44999694824219,5769.195202565427,-0.15097357332706451,115.47869873046875,2016-07-12,35.80714194040273,85.37722786649677,59.76405950654773,1733157.7256898843,-0.2,115.5,-0.2_115.5
199,2016,19,110.73999786376953,12973.660471432438,-0.627647876739502,114.86955261230469,2016-07-15,80.52244475634991,191.99474579045287,134.396322053317,3897493.339546193,-0.6000000000000001,114.9,-0.6000000000000001_114.9
200,2016,4,19.25,254.17853904129677,-2.2414300441741943,114.05546569824219,2016-07-30,1.5775869434282146,3.761540090869535,2.6330780636086746,76359.26384465156,-2.2,114.10000000000001,-2.2_114.10000000000001
201,2016,3,23.860000610351562,357.55420077184027,-1.503369927406311,113.54154205322266,2016-08-03,2.2191993109769186,5.291376942895935,3.7039638600271543,107414.95194078748,-1.5,113.5,-1.5_113.5
202,2016,6,12.110000610351562,184.35080309895127,-1.4039382934570312,113.73855590820312,2016-08-03,1.144193451879742,2.7281726429627335,1.9097208500739133,55381.90465214349,-1.4000000000000001,113.7,-1.4000000000000001_113.7
203,2016,17,161.00999450683594,9124.0809510612,-1.1015723943710327,115.2869873046875,2016-08-03,56.62960780822497,135.02554707885713,94.51788295519998,2741018.6057007993,-1.1,115.30000000000001,-1.1_115.30000000000001
204,2016,4,34.529998779296875,1755.3756376829876,-2.3512399196624756,115.53865814208984,2016-08-04,10.89493116635914,25.97747182191274,18.184230275338916,527342.6779848286,-2.4000000000000004,115.5,-2.4000000000000004_115.5
205,2016,4,44.04999923706055,683.4474609500079,-1.2588849067687988,114.17438507080078,2016-08-07,4.24189152625006,10.114209618416139,7.079946732891297,205318.4552538476,-1.3,114.2,-1.3_114.2
206,2016,4,7.650000095367432,115.09294491940646,0.08753500133752823,115.64584350585938,2016-08-08,0.7143369690863574,1.7032387082067866,1.1922670957447505,34575.74577659777,0.1,115.60000000000001,0.1_115.60000000000001
209,2016,24,252.34999084472656,28167.52079095769,-1.1167799234390259,113.5716781616211,2016-08-08,174.82480305443067,416.8458089153393,291.7920662407375,8461969.920981387,-1.1,113.60000000000001,-1.1_113.60000000000001
207,2016,3,15.350000381469727,575.96210720795,-1.115523338317871,113.8690414428711,2016-08-08,3.574771905086121,8.523554212153236,5.966487948507265,173028.15050671066,-1.1,113.9,-1.1_113.9
208,2016,11,183.27000427246094,1878.036561754769,0.30499088764190674,114.4488525390625,2016-08-09,11.656239626996102,27.7927076212032,19.454895334842238,564191.9647104249,0.30000000000000004,114.4,0.30000000000000004_114.4
210,2016,25,320.6199951171875,11769.000643581492,1.807662010192871,114.90008544921875,2016-08-09,73.04559158511753,174.16721300419704,121.91704910293792,3535594.4239852,1.8,114.9,1.8_114.9
211,2016,3,23.599998474121094,791.9438113113976,-1.7835932970046997,114.24100494384766,2016-08-10,4.915286008669098,11.719826572297078,8.203878600607954,237912.47941763068,-1.8,114.2,-1.8_114.2
212,2016,3,19.750001907348633,625.8435448310305,1.6883100271224976,115.03777313232422,2016-08-11,3.884366511343636,9.261740166471515,6.48321811653006,188013.32537937176,1.7000000000000002,115.0,1.7000000000000002_115.0
213,2016,3,99.13999938964844,125.02726241421506,2.2950799465179443,117.10099029541016,2016-08-11,0.7759953987507683,1.8502547925429933,1.2951783547800952,37560.172288622765,2.3000000000000003,117.10000000000001,2.3000000000000003_117.10000000000001
295,2016,3,18.149999618530273,736.2451839206731,-1.003083348274231,114.59278106689453,2016-08-11,4.569586376946045,10.895553127627643,7.6268871893393495,221179.72849084114,-1.0,114.60000000000001,-1.0_114.60000000000001
214,2016,6,192.6199951171875,1547.1175503794993,-1.6744848489761353,115.02407836914062,2016-08-12,9.602354536433914,22.89549980494161,16.026849863459127,464778.6460403147,-1.7000000000000002,115.0,-1.7000000000000002_115.0
250,2016,5,27.610000610351562,3301.9115471255427,-0.12167400121688843,115.76458740234375,2016-08-12,20.49367568460919,48.86436403271576,34.20505482290103,991946.58986413,-0.1,115.80000000000001,-0.1_115.80000000000001
215,2016,3,7.460000038146973,576.3829046832174,-2.022526741027832,115.25263214111328,2016-08-13,3.5773836307074625,8.52978151434533,5.970847060041731,173154.5647412102,-2.0,115.30000000000001,-2.0_115.30000000000001
216,2016,15,206.9300079345703,2159.6820253200854,1.9315400123596191,115.03894805908203,2016-08-13,13.404303046009776,31.960725529435592,22.372507870604913,648802.7282475425,1.9000000000000001,115.0,1.9000000000000001_115.0
217,2016,5,28.420000076293945,502.6265604293852,-1.638051986694336,114.8794174194336,2016-08-13,3.1196068013625684,7.438275335605004,5.206792734923503,150996.98931278157,-1.6,114.9,-1.6_114.9
218,2016,18,346.19000244140625,9246.55254474147,-1.2033038139343262,114.27671813964844,2016-08-13,57.38974116904914,136.83798101351817,95.78658670946271,2777811.014574419,-1.2000000000000002,114.30000000000001,-1.2000000000000002_114.30000000000001
219,2016,6,48.32999801635742,556.2952225670408,1.9595383405685425,115.12207794189453,2016-08-13,3.452707231394821,8.23250770870604,5.762755396094227,167119.9064867326,2.0,115.10000000000001,2.0_115.10000000000001
220,2016,5,125.47999572753906,365.8879021916077,0.9578620195388794,113.56815338134766,2016-08-13,2.2709233416517436,5.414705812886404,3.7902940690204825,109918.528001594,1.0,113.60000000000001,1.0_113.60000000000001
221,2016,12,109.65999603271484,3820.357160940324,-1.5102124214172363,113.8466567993164,2016-08-14,23.71146517351227,56.53674254529711,39.575719781707974,1147695.8736695312,-1.5,113.80000000000001,-1.5_113.80000000000001
222,2016,3,16.31999969482422,732.3836029100628,-1.4333667755126953,113.59506225585938,2016-08-14,4.545619051434196,10.838406321133524,7.586884424793467,220019.64831901054,-1.4000000000000001,113.60000000000001,-1.4000000000000001_113.60000000000001
223,2016,10,198.6300048828125,2063.8758527168675,0.9241650700569153,113.67095947265625,2016-08-18,12.809671541836602,30.54290811432637,21.380035680028456,620021.0347208253,0.9,113.7,0.9_113.7
224,2016,3,12.289999008178711,666.0682649165431,-1.268426537513733,114.98841094970703,2016-08-18,4.134025642477635,9.857018185679413,6.899912729975589,200097.46916929208,-1.3,115.0,-1.3_115.0
263,2016,10,46.130001068115234,6557.077410712857,-1.768630027770996,115.28861236572266,2016-08-19,40.6972191641562,97.03694754231043,67.92586327961729,1969850.0351089013,-1.8,115.30000000000001,-1.8_115.30000000000001
225,2016,4,66.94999694824219,769.3667971903803,-1.154325008392334,113.67634582519531,2016-08-19,4.775159297605092,11.38571361347432,7.969999529432023,231129.9863535287,-1.2000000000000002,113.7,-1.2000000000000002_113.7
226,2016,8,36.470001220703125,2735.5893656968788,-2.377836227416992,114.90785217285156,2016-08-21,16.978735034759563,40.483469257620264,28.338428480334183,821814.4259296913,-2.4000000000000004,114.9,-2.4000000000000004_114.9
227,2016,4,14.550000190734863,940.2400314308651,-2.202049970626831,115.27003479003906,2016-08-21,5.8357027421298975,13.914434265801683,9.740103986061177,282463.0155957741,-2.2,115.30000000000001,-2.2_115.30000000000001
228,2016,3,44.90999984741211,338.70064845198544,-1.600303292274475,114.27852630615234,2016-08-23,2.1021826734227496,5.0123667905285165,3.5086567533699613,101751.04584772888,-1.6,114.30000000000001,-1.6_114.30000000000001
229,2016,8,36.150001525878906,558.445208758972,-1.8956737518310547,113.5339584350586,2016-08-23,3.466051356188891,8.264324947432284,5.785027463202598,167765.79643287536,-1.9000000000000001,113.5,-1.9000000000000001_113.5
230,2016,3,96.19999694824219,168.77099846772177,1.889306664466858,114.96834564208984,2016-08-24,1.0474956879375361,2.497610063016662,1.7483270441116634,50701.48427923824,1.9000000000000001,115.0,1.9000000000000001_115.0
231,2016,3,28.68000030517578,185.4848134370666,-2.3569366931915283,114.19672393798828,2016-08-24,1.1512318112544992,2.7449546473222295,1.9214682531255605,55722.579340641256,-2.4000000000000004,114.2,-2.4000000000000004_114.2
232,2016,5,80.39999389648438,655.3517535524891,1.6153438091278076,117.24715423583984,2016-08-25,4.067512440887925,9.698426562318172,6.78889859362272,196878.0592150589,1.6,117.2,1.6_117.2
233,2016,10,71.6199951171875,5057.076375004211,-1.6790469884872437,115.16700744628906,2016-08-27,31.387298436827248,74.83871612023437,52.38710128416405,1519225.9372407575,-1.7000000000000002,115.2,-1.7000000000000002_115.2
234,2016,8,62.92000198364258,749.1319824258077,-1.2856725454330444,113.868896484375,2016-08-28,4.64956970339434,11.08626241961923,7.76038369373346,225051.12711827035,-1.3,113.9,-1.3_113.9
235,2016,11,116.20999145507812,3399.1278238629466,0.4871363639831543,115.22261047363281,2016-08-29,21.097059154543743,50.30304931201623,35.212134518411354,1021151.9010339292,0.5,115.2,0.5_115.2
236,2016,4,129.6999969482422,540.7197790209824,-0.1438024938106537,113.74595642089844,2016-08-30,3.356036535005411,8.002009667633994,5.6014067673437955,162440.79625297006,-0.1,113.7,-0.1_113.7
237,2016,10,96.83000183105469,4685.443904778933,0.9182879328727722,114.07112884521484,2016-08-30,29.08072080445633,69.33899753229277,48.537298272604936,1407581.649905543,0.9,114.10000000000001,0.9_114.10000000000001
238,2016,3,15.739999771118164,312.33893914741424,0.3394233286380768,115.49491119384766,2016-09-01,1.9385658371540322,4.6222448440140536,3.235571390809837,93831.57033348527,0.30000000000000004,115.5,0.30000000000000004_115.5
239,2016,34,1063.919921875,8517.473178164268,0.41824468970298767,115.46339416503906,2016-09-01,52.86463022233686,126.04847346048145,88.23393142233701,2558784.011247773,0.4,115.5,0.4_115.5
240,2016,22,499.64996337890625,9102.588218556735,-0.3147772550582886,114.63528442382812,2016-09-01,56.49621080977842,134.7074801984556,94.29523613891892,2734561.8480286486,-0.30000000000000004,114.60000000000001,-0.30000000000000004_114.60000000000001
241,2016,4,109.49000549316406,246.48297989972806,0.7943624258041382,113.67859649658203,2016-09-01,1.5298236127004934,3.647654967672863,2.553358477371004,74047.3958437591,0.8,113.7,0.8_113.7
242,2016,3,109.45999908447266,140.09100444133855,2.2667133808135986,116.8087387084961,2016-09-02,0.8694901636148462,2.073180259686131,1.4512261817802916,42085.55927162846,2.3000000000000003,116.80000000000001,2.3000000000000003_116.80000000000001
243,2016,3,9.760000228881836,785.351837663239,-2.4516098499298096,115.05461883544922,2016-09-04,4.874372202184956,11.622273201941624,8.135591241359137,235932.14599941496,-2.5,115.10000000000001,-2.5_115.10000000000001
244,2016,128,2365.85986328125,132880.88183341845,-0.43451759219169617,114.79743194580078,2016-09-05,824.7397479044023,1966.4790198722937,1376.5353139106055,39919524.10340756,-0.4,114.80000000000001,-0.4_114.80000000000001
245,2016,5,41.880001068115234,1052.5030587871693,-2.471735715866089,114.44962310791016,2016-09-05,6.532475517892274,15.575793559610956,10.903055491727669,316188.6092601024,-2.5,114.4,-2.5_114.4
246,2016,4,65.87999725341797,491.7030681190932,-2.3811373710632324,116.05256652832031,2016-09-05,3.051808949858845,7.276620640395695,5.093634448276986,147715.3990000326,-2.4000000000000004,116.10000000000001,-2.4000000000000004_116.10000000000001
247,2016,3,16.880001068115234,241.70099172900194,-2.489959955215454,116.3761978149414,2016-09-06,1.5001436793346792,3.5768872298217627,2.5038210608752336,72610.81076538177,-2.5,116.4,-2.5_116.4
248,2016,9,46.47999954223633,835.4554151399113,-2.4873499870300293,114.54188537597656,2016-09-07,5.185345543775372,12.36374656190877,8.654622593336137,250984.055206748,-2.5,114.5,-2.5_114.5
249,2016,3,53.44000244140625,200.0291110419764,-1.5384999513626099,114.68827056884766,2016-09-08,1.2415025874159438,2.960192954776334,2.072135068343434,60091.916981959585,-1.5,114.7,-1.5_114.7
251,2016,19,197.97999572753906,4300.000378885909,-0.7657915949821472,113.6705551147461,2016-09-14,26.688423342320966,63.63489174554435,44.544424221881044,1291788.3024345504,-0.8,113.7,-0.8_113.7
252,2016,3,14.210000991821289,548.9717085459646,-1.3910499811172485,114.8965835571289,2016-09-14,3.4072530394585527,8.124128410830512,5.686889887581358,164919.80673985937,-1.4000000000000001,114.9,-1.4000000000000001_114.9
253,2016,5,29.659997940063477,1538.8551865802626,-0.07640399783849716,113.61503601074219,2016-09-14,9.551073270514717,22.773226646895296,15.941258652826706,462296.5009319745,-0.1,113.60000000000001,-0.1_113.60000000000001
254,2016,4,20.25,905.2871279173421,2.181767463684082,116.68563842773438,2016-09-16,5.618763717986395,13.397172862245304,9.378021003571712,271962.60910357966,2.2,116.7,2.2_116.7
255,2016,4,25.810001373291016,1750.9724312330447,2.272427558898926,117.0386734008789,2016-09-16,10.86760218323236,25.912309603055448,18.138616722138813,526019.8849420256,2.3000000000000003,117.0,2.3000000000000003_117.0
271,2016,4,10.070000648498535,2830.40725436795,1.842710018157959,117.2436752319336,2016-09-16,17.567232646458436,41.88666124587027,29.32066287210919,850299.2232911665,1.8,117.2,1.8_117.2
256,2016,7,86.83000946044922,3226.851796650226,-2.1103999614715576,115.28394317626953,2016-09-16,20.027809121785015,47.753568991999536,33.427498294399676,969397.4505375907,-2.1,115.30000000000001,-2.1_115.30000000000001
257,2016,3,23.439998626708984,318.28470052892095,-0.19709999859333038,115.68868255615234,2016-09-16,1.975468856423809,4.710235041344,3.2971645289408,95617.7713392832,-0.2,115.7,-0.2_115.7
258,2016,4,90.3499984741211,299.9649960399538,0.6577975153923035,113.65141296386719,2016-09-17,1.8617656039058526,4.439125201984445,3.1073876413891113,90114.24160028422,0.7000000000000001,113.7,0.7000000000000001_113.7
259,2016,4,20.350000381469727,1439.0710251688618,-1.6474674940109253,115.75318908691406,2016-09-17,8.931751943083594,21.29653972832819,14.907577809829734,432319.7564850623,-1.6,115.80000000000001,-1.6_115.80000000000001
260,2016,4,28.06999969482422,287.05243666549234,1.6290174722671509,115.20765686035156,2016-09-20,1.7816223898004226,4.248034679763453,2.973624275834417,86235.1039991981,1.6,115.2,1.6_115.2
262,2016,3,21.979999542236328,134.3833164618803,-2.255579948425293,115.4031982421875,2016-09-20,0.834064772991712,1.9887132655729178,1.3920992859010424,40370.87929113023,-2.3000000000000003,115.4,-2.3000000000000003_115.4
264,2016,4,47.44000244140625,469.525289054803,-1.5621925592422485,115.12857055664062,2016-09-20,2.9141601349037187,6.948415885614171,4.863891119929919,141052.84247796764,-1.6,115.10000000000001,-1.6_115.10000000000001
265,2016,5,40.76000213623047,631.0146743914644,-0.14897200465202332,113.91914367675781,2016-09-25,3.916461693368389,9.338266734096063,6.536786713867244,189566.81470215006,-0.1,113.9,-0.1_113.9
266,2016,3,26.869998931884766,140.84289356382078,-0.013640000484883785,113.72838592529297,2016-09-25,0.8741568458099978,2.084307324499601,1.4590151271497205,42311.43868734189,-0.0,113.7,-0.0_113.7
267,2016,4,17.619998931884766,992.8107483452549,-2.079619884490967,115.12276458740234,2016-09-25,6.161988654873017,14.692418355351833,10.284692848746282,298256.09261364216,-2.1,115.10000000000001,-2.1_115.10000000000001
268,2016,5,46.070003509521484,924.0394044727578,-0.31185999512672424,114.49397277832031,2016-09-25,5.735151776415563,13.674684253743266,9.572278977620286,277596.09035098826,-0.30000000000000004,114.5,-0.30000000000000004_114.5
269,2016,27,446.53997802734375,5474.766453864472,-0.6357088685035706,113.63819885253906,2016-09-26,33.97973766200664,81.02003254103597,56.71402277872518,1644706.6605830302,-0.6000000000000001,113.60000000000001,-0.6000000000000001_113.60000000000001
270,2016,3,16.56999969482422,348.15793364956505,-0.25129663944244385,115.82178497314453,2016-09-26,2.1608803498837603,5.152323364185991,3.606626354930193,104592.1642929756,-0.30000000000000004,115.80000000000001,-0.30000000000000004_115.80000000000001
272,2016,8,211.42001342773438,649.9898228639445,-0.3784099817276001,115.4831771850586,2016-10-03,4.034233030762585,9.619076364911665,6.7333534554381655,195267.2502077068,-0.4,115.5,-0.4_115.5
273,2016,7,66.5,2564.2556901861044,-1.7034655809402466,116.08441925048828,2016-10-03,15.915333811057318,37.94793462208166,26.56355423545716,770343.0728282577,-1.7000000000000002,116.10000000000001,-1.7000000000000002_116.10000000000001
274,2016,6,53.91999816894531,692.4363475703351,-0.25429999828338623,114.466064453125,2016-10-05,4.297682035636381,10.24723445018271,7.173064115127896,208018.85933870898,-0.30000000000000004,114.5,-0.30000000000000004_114.5
276,2016,4,22.84000015258789,288.15354094544034,-1.600557565689087,115.45732879638672,2016-10-05,1.788456514120874,4.264329713596265,2.9850307995173853,86565.89318600418,-1.6,115.5,-1.6_115.5
278,2016,3,37.290000915527344,779.8512712161447,-0.02911333180963993,114.324951171875,2016-10-05,4.840232334039024,11.540871360183948,8.078609952128764,234279.68861173413,-0.0,114.30000000000001,-0.0_114.30000000000001
305,2016,3,13.5,644.6191707091925,-0.6736499667167664,114.38088989257812,2016-10-05,4.000899489901943,9.53959710017747,6.677717970124229,193653.82113360264,-0.7000000000000001,114.4,-0.7000000000000001_114.4
277,2016,19,185.3800048828125,20034.064135499273,-0.9597089886665344,114.01673126220703,2016-10-05,124.34361344264444,296.48032329152835,207.53622630406983,6018550.562818025,-1.0,114.0,-1.0_114.0
279,2016,5,62.970001220703125,518.7346740172148,-0.8418499827384949,113.79130554199219,2016-10-11,3.219583572711034,7.676656259806702,5.373659381864691,155836.12207407603,-0.8,113.80000000000001,-0.8_113.80000000000001
280,2016,3,26.34000015258789,455.10844968548565,-1.0911099910736084,114.1064682006836,2016-10-11,2.8246804422423266,6.735063808464563,4.714544665925194,136721.79531183062,-1.1,114.10000000000001,-1.1_114.10000000000001
281,2016,15,211.3500213623047,6076.834809520553,-0.762538731098175,113.52814483642578,2016-10-11,37.71654085757466,89.92992818284033,62.950949727988224,1825577.5421116585,-0.8,113.5,-0.8_113.5
282,2016,3,47.459999084472656,173.39171753382598,-0.8651399612426758,113.59915924072266,2016-10-11,1.0761746869412698,2.5659912099118856,1.7961938469383198,52089.62156121128,-0.9,113.60000000000001,-0.9_113.60000000000001
283,2016,5,28.5,1251.0139151149763,-1.8490240573883057,115.3515625,2016-10-16,7.7645548911261475,18.51351815023255,12.959462705162784,375824.4184497207,-1.8,115.4,-1.8_115.4
284,2016,6,55.25,679.3380486738977,-0.7202367186546326,113.57009887695312,2016-10-16,4.216386008843251,10.053395203930938,7.037376642751656,204083.92263979802,-0.7000000000000001,113.60000000000001,-0.7000000000000001_113.60000000000001
285,2016,4,15.860000610351562,762.718837773287,-0.9386475086212158,115.41768646240234,2016-10-17,4.733898009313781,11.28733172032083,7.901132204224581,229132.83392251286,-0.9,115.4,-0.9_115.4
286,2016,5,27.90999984741211,1458.7717064675903,-0.9808980226516724,115.30204772949219,2016-10-17,9.054026379433491,21.588086382117762,15.111660467482432,438238.15355699055,-1.0,115.30000000000001,-1.0_115.30000000000001
287,2016,7,62.290000915527344,4466.987254890221,-0.8921899795532227,115.720458984375,2016-10-18,27.72484567876955,66.10609891790608,46.27426924253425,1341953.8080334933,-0.9,115.7,-0.9_115.7
288,2016,3,32.650001525878906,122.16511260949439,-0.7738533020019531,113.80260467529297,2016-10-18,0.7582311524886977,1.8078983793023697,1.2655288655116588,36700.33709983811,-0.8,113.80000000000001,-0.8_113.80000000000001
289,2016,6,44.599998474121094,1726.4838311486997,-0.5650950074195862,115.5662612915039,2016-10-18,10.715611004505737,25.549907445367502,17.88493521175725,518663.1211409602,-0.6000000000000001,115.60000000000001,-0.6000000000000001_115.60000000000001
290,2016,3,14.260000228881836,446.27429167059205,-1.5322500467300415,115.2254638671875,2016-10-18,2.7698502728934757,6.604328776044302,4.623030143231011,134067.87415369932,-1.5,115.2,-1.5_115.2
296,2016,5,115.44999694824219,2731.494992794568,-0.7345479726791382,113.90802001953125,2016-10-18,16.953322860873545,40.422877407981424,28.296014185586994,820584.4113820228,-0.7000000000000001,113.9,-0.7000000000000001_113.9
291,2016,4,17.81999969482422,562.5399854775184,-1.6059424877166748,115.30892944335938,2016-10-18,3.491466036404608,8.324922773071172,5.82744594114982,168995.93229334478,-1.6,115.30000000000001,-1.6_115.30000000000001
292,2016,3,19.139999389648438,569.3681262363485,-0.4591766595840454,115.42413330078125,2016-10-18,3.533845639929162,8.425971135798077,5.898179795058653,171047.21405670096,-0.5,115.4,-0.5_115.4
293,2016,3,10.690000534057617,496.35148840562266,0.4986666738986969,115.87529754638672,2016-10-18,3.0806598795213382,7.345411732408978,5.141788212686285,149111.85816790225,0.5,115.9,0.5_115.9
294,2016,8,90.14999389648438,1085.8836613213819,-0.7570462822914124,114.5829849243164,2016-10-19,6.739655883789273,16.069786778564115,11.24885074499488,326216.6716048515,-0.8,114.60000000000001,-0.8_114.60000000000001
304,2016,3,27.64999771118164,749.0161932094688,-0.8751766681671143,114.00619506835938,2016-10-19,4.648851044940424,11.08454887692207,7.759184213845449,225016.34220151804,-0.9,114.0,-0.9_114.0
297,2016,4,25.15999984741211,374.6016201577985,0.004240000154823065,116.09840393066406,2016-10-22,2.325005986646194,5.5436584758216165,3.8805609330751314,112536.2670591788,0.0,116.10000000000001,0.0_116.10000000000001
298,2016,9,155.9499969482422,1916.6583447182268,-0.9016110897064209,115.32113647460938,2016-11-06,11.895949953307994,28.364264077329906,19.854984854130933,575794.5607697971,-0.9,115.30000000000001,-0.9_115.30000000000001
299,2016,8,92.25999450683594,540.5231578891783,0.09642499685287476,116.12061309814453,2016-11-07,3.3548161844144198,7.999099908718928,5.599369936103249,162381.72814699422,0.1,116.10000000000001,0.1_116.10000000000001
300,2016,4,25.510000228881836,2343.9562040754686,-0.6773924827575684,115.02796936035156,2016-11-07,14.54802092050829,34.68776422324056,24.28143495626839,704161.6137317833,-0.7000000000000001,115.0,-0.7000000000000001_115.0
301,2016,3,33.09000015258789,174.33956280712925,0.09610000252723694,113.91342163085938,2016-11-08,1.0820575924501037,2.580018192712712,1.8060127348988981,52374.36931206805,0.1,113.9,0.1_113.9
302,2016,4,25.119998931884766,545.5718473448622,-0.8670675754547119,116.02363586425781,2016-11-08,3.3861514285178442,8.073814508407537,5.6516701558852755,163898.43452067298,-0.9,116.0,-0.9_116.0
306,2016,4,113.36000061035156,134.65739899740535,-1.1230250597000122,115.41664123535156,2016-11-17,0.8357658962694556,1.9927693611405186,1.3949385527983629,40453.21803115252,-1.1,115.4,-1.1_115.4
0,2017,9,16.43000030517578,2739.678807798161,-1.3261289596557617,116.69656372070312,2017-01-01,17.004116605088914,40.543988137267945,28.38079169608756,851423.7508826267,-1.3,116.7,-1.3_116.7
1,2017,3,11.800000190734863,466.69938331376704,-0.9527866244316101,116.9786376953125,2017-01-02,2.8966208413928185,6.906595841412099,4.83461708898847,145038.5126696541,-1.0,117.0,-1.0_117.0
2,2017,47,57.71000289916992,588.5251647740123,-0.7242293953895569,117.04483795166016,2017-01-02,3.6527458979358354,8.70947252326198,6.096630766283385,182898.92298850155,-0.7000000000000001,117.0,-0.7000000000000001_117.0
3,2017,8,42.37000274658203,3958.645963355618,-0.6187237501144409,116.12094116210938,2017-01-02,24.569769772852368,58.5832523583028,41.00827665081196,1230248.2995243587,-0.6000000000000001,116.10000000000001,-0.6000000000000001_116.10000000000001
4,2017,61,629.8099975585938,30965.945665474806,0.29204708337783813,115.41055297851562,2017-01-02,192.19353355722765,458.259168975106,320.7814182825742,9623442.548477225,0.30000000000000004,115.4,0.30000000000000004_115.4
5,2017,14,26.920000076293945,352.3240918966402,0.1822221428155899,117.48780822753906,2017-01-07,2.1867380673749044,5.2139775515551845,3.6497842860886287,109493.52858265887,0.2,117.5,0.2_117.5
6,2017,44,75.44999694824219,5644.53519940966,0.8162150979042053,117.53559875488281,2017-01-09,35.033425976466425,83.53240807420835,58.47268565194584,1754180.569558375,0.8,117.5,0.8_117.5
7,2017,26,29.340002059936523,2385.050754351114,0.6516026854515076,117.44873046875,2017-01-10,14.80307874799222,35.29591469479937,24.707140286359557,741214.2085907867,0.7000000000000001,117.4,0.7000000000000001_117.4
8,2017,23,48.70999526977539,10910.434164703367,-0.4604765474796295,117.29476165771484,2017-01-10,67.71680469283311,161.46145018426023,113.02301512898215,3390690.4538694643,-0.5,117.30000000000001,-0.5_117.30000000000001
9,2017,3,21.470001220703125,311.00298642404584,-0.45132336020469666,116.5462646484375,2017-01-11,1.9302741002459018,4.602474332516857,3.2217320327617993,96651.96098285398,-0.5,116.5,-0.5_116.5
10,2017,31,198.260009765625,18341.64129465094,-0.29279449582099915,117.25465393066406,2017-01-11,113.83940570523106,271.43447799488825,190.00413459642178,5700124.037892654,-0.30000000000000004,117.30000000000001,-0.30000000000000004_117.30000000000001
11,2017,5,19.420000076293945,2107.6214314922668,-0.9649919271469116,113.58271789550781,2017-01-11,13.081183268078634,31.190290654892554,21.833203458424787,654996.1037527436,-1.0,113.60000000000001,-1.0_113.60000000000001
12,2017,5,14.370000839233398,2440.549367586638,-0.18163400888442993,116.9081039428711,2017-01-11,15.147536969952926,36.1172281678427,25.282059717489886,758461.7915246966,-0.2,116.9,-0.2_116.9
13,2017,106,744.570068359375,43735.09671652758,2.060260772705078,117.18038940429688,2017-01-11,271.44666819551674,647.2274185608827,453.05919299261785,13591775.789778536,2.1,117.2,2.1_117.2
14,2017,4,22.420000076293945,1349.6382767820621,-1.1036075353622437,113.64752197265625,2017-01-11,8.37667779440815,19.973041411898976,13.981128988329282,419433.86964987847,-1.1,113.60000000000001,-1.1_113.60000000000001
15,2017,22,248.8199920654297,12416.090944376723,-0.4120491147041321,116.67058563232422,2017-01-11,77.06182841456808,183.74337989080666,128.62036592356466,3858610.97770694,-0.4,116.7,-0.4_116.7
16,2017,15,103.20001220703125,2090.7832189780092,2.2471988201141357,117.85031127929688,2017-01-14,12.976675057773567,30.94110513486456,21.65877359440519,649763.2078321557,2.2,117.9,2.2_117.9
17,2017,53,236.0399932861328,23838.458039530033,-0.9023253321647644,117.11461639404297,2017-01-14,147.95600091364844,352.78082861918836,246.94658003343184,7408397.401002956,-0.9,117.10000000000001,-0.9_117.10000000000001
18,2017,86,914.5399169921875,3788.349102117007,0.2079165279865265,116.8461685180664,2017-01-18,23.5128036504954,56.06306134093998,39.24414293865799,1177324.2881597397,0.2,116.80000000000001,0.2_116.80000000000001
19,2017,81,598.7599487304688,27749.29741005922,1.730451226234436,117.95104217529297,2017-01-18,172.2290538317371,410.6566002586124,287.45962018102864,8623788.60543086,1.7000000000000002,118.0,1.7000000000000002_118.0
20,2017,9,22.520000457763672,717.948241569756,1.4757944345474243,117.0926513671875,2017-01-18,4.456024400131096,10.624780140840898,7.437346098588628,223120.38295765882,1.5,117.10000000000001,1.5_117.10000000000001
21,2017,12,57.02000045776367,8242.287083415968,-0.34597501158714294,116.90591430664062,2017-01-20,51.15665758339828,121.97604652880658,85.3832325701646,2561496.9771049377,-0.30000000000000004,116.9,-0.30000000000000004_116.9
22,2017,5,46.47999954223633,725.4051900644376,0.5450519919395447,116.8366928100586,2017-01-22,4.502306767743238,10.735134110236155,7.514593877165308,225437.81631495923,0.5,116.80000000000001,0.5_116.80000000000001
23,2017,3,6.03000020980835,297.8224975129041,1.4076266288757324,117.77400970458984,2017-01-23,1.848467952124013,4.407418771793589,3.085193140255512,92555.79420766536,1.4000000000000001,117.80000000000001,1.4000000000000001_117.80000000000001
24,2017,3,9.890000343322754,477.6695495206999,-1.0416699647903442,114.8110580444336,2017-01-24,2.9647083795483624,7.068941254783823,4.948258878348676,148447.76635046027,-1.0,114.80000000000001,-1.0_114.80000000000001
25,2017,94,1508.8199462890625,29467.821316982125,1.7637512683868408,114.90972137451172,2017-01-28,182.89526069466325,436.0887102919382,305.26209720435673,9157862.916130703,1.8,114.9,1.8_114.9
26,2017,127,284.54998779296875,9566.26079851542,-2.162440299987793,115.57205963134766,2017-01-31,59.3740454646139,141.5692829498993,99.0984980649295,2972954.941947885,-2.2,115.60000000000001,-2.2_115.60000000000001
27,2017,4,18.739999771118164,505.0438871483768,-1.6152374744415283,114.4827651977539,2017-02-05,3.1346102044203765,7.474048896191643,5.23183422733415,156955.0268200245,-1.6,114.5,-1.6_114.5
28,2017,3,3.0899999141693115,320.92275422395005,-1.5167866945266724,113.5430679321289,2017-02-05,1.991842225635221,4.749275098671997,3.3244925690703977,99734.77707211193,-1.5,113.5,-1.5_113.5
29,2017,5,5.240000247955322,653.281206389432,1.516753911972046,118.28608703613281,2017-02-05,4.054661363127735,9.667784926744801,6.767449448721361,203023.4834616408,1.5,118.30000000000001,1.5_118.30000000000001
30,2017,97,1260.8199462890625,138149.12220888629,-0.4921829104423523,114.63337707519531,2017-02-06,857.4376588394757,2044.4427120683533,1431.1098984478472,42933296.95343541,-0.5,114.60000000000001,-0.5_114.60000000000001
31,2017,8,8.319999694824219,156.25137864261,-1.405887484550476,113.73779296875,2017-02-07,0.9697912961848855,2.3123345788147813,1.6186342051703468,48559.026155110405,-1.4000000000000001,113.7,-1.4000000000000001_113.7
32,2017,50,175.36000061035156,7929.7756307037,0.09321220219135284,117.4649887084961,2017-02-07,49.217021021908096,117.35124868919792,82.14587408243854,2464376.222473156,0.1,117.5,0.1_117.5
33,2017,4,21.1299991607666,1089.2803080058472,-0.8088325262069702,117.37278747558594,2017-02-07,6.76073754348038,16.120053109963795,11.284037176974655,338521.11530923966,-0.8,117.4,-0.8_117.4
34,2017,36,239.55001831054688,36299.88675695927,0.699268102645874,117.14496612548828,2017-02-07,225.29922318263684,537.1951536323135,376.0366075426194,11281098.22627858,0.7000000000000001,117.10000000000001,0.7000000000000001_117.10000000000001
35,2017,8,232.3800048828125,4321.172006937116,-0.27104252576828003,115.5413818359375,2017-02-08,26.819827370806927,63.948206661917574,44.7637446633423,1342912.339900269,-0.30000000000000004,115.5,-0.30000000000000004_115.5
36,2017,20,166.760009765625,5245.265055515163,-0.5988224744796753,115.9976806640625,2017-02-08,32.55531209523775,77.62368478462179,54.33657934923525,1630097.3804770575,-0.6000000000000001,116.0,-0.6000000000000001_116.0
37,2017,8,83.93000793457031,1351.1628763877875,-0.8557437658309937,116.91995239257812,2017-02-08,8.386140388854637,19.995603672902952,13.996922571032066,419907.67713096197,-0.9,116.9,-0.9_116.9
38,2017,11,8.619998931884766,1177.0332804034854,-1.5352734327316284,113.68016815185547,2017-02-09,7.305385978488649,17.418692739460816,12.19308491762257,365792.5475286771,-1.5,113.7,-1.5_113.7
39,2017,4,39.849998474121094,229.27528905972312,-1.895645022392273,113.63518524169922,2017-02-11,1.4230221946967077,3.393001607833342,2.375101125483339,71253.03376450017,-1.9000000000000001,113.60000000000001,-1.9000000000000001_113.60000000000001
40,2017,3,10.420000076293945,102.85135809414038,-0.11199333518743515,116.83039093017578,2017-02-11,0.6383582196009614,1.5220777817462827,1.065454447222398,31963.63341667194,-0.1,116.80000000000001,-0.1_116.80000000000001
41,2017,20,172.33999633789062,12883.007550074111,-0.11829999834299088,117.252197265625,2017-02-11,79.95979747047781,190.65319036516027,133.45723325561218,4003716.9976683655,-0.1,117.30000000000001,-0.1_117.30000000000001
42,2017,24,193.59999084472656,12704.479981677528,-0.7030549645423889,113.55877685546875,2017-02-12,78.85174656261309,188.01119467039356,131.60783626927548,3948235.0880782646,-0.7000000000000001,113.60000000000001,-0.7000000000000001_113.60000000000001
43,2017,5,24.380001068115234,1332.3486993224403,0.33967000246047974,116.37947082519531,2017-02-12,8.26936813813045,19.717176227474436,13.802023359232104,414060.7007769631,0.30000000000000004,116.4,0.30000000000000004_116.4
44,2017,8,72.25,2892.0919630151902,0.46359625458717346,116.76176452636719,2017-02-12,17.950085547171856,42.799521574068564,29.959665101847992,898789.9530554397,0.5,116.80000000000001,0.5_116.80000000000001
45,2017,3,14.370000839233398,139.47584425707942,0.6395966410636902,116.80599212646484,2017-02-12,0.8656721045510697,2.0640766205507224,1.4448536343855056,43345.60903156517,0.6000000000000001,116.80000000000001,0.6000000000000001_116.80000000000001
46,2017,4,18.40999984741211,154.02647433602846,-0.14106500148773193,117.36759185791016,2017-02-12,0.9559821839062521,2.279408641089586,1.59558604876271,47867.5814628813,-0.1,117.4,-0.1_117.4
47,2017,71,804.949951171875,45222.94228207694,-0.9340620636940002,115.1104736328125,2017-02-12,280.6811446658803,669.2457634807388,468.4720344365171,14054161.033095513,-0.9,115.10000000000001,-0.9_115.10000000000001
48,2017,11,50.61000061035156,5777.906411006825,-0.37822455167770386,116.4434814453125,2017-02-12,35.86120900975668,85.50614339144956,59.854300374014684,1795629.0112204405,-0.4,116.4,-0.4_116.4
49,2017,4,9.100000381469727,689.111799021892,-2.1502227783203125,113.8406982421875,2017-02-12,4.277047860923602,10.198035085452004,7.138624559816402,214158.73679449206,-2.2,113.80000000000001,-2.2_113.80000000000001
50,2017,22,104.29000854492188,12382.49000868102,-1.5936825275421143,116.39092254638672,2017-02-12,76.8532805267706,183.2461260030991,128.27228820216936,3848168.646065081,-1.6,116.4,-1.6_116.4
51,2017,3,24.279998779296875,583.4672707474996,-1.352739930152893,114.33303833007812,2017-02-12,3.621353524655361,8.634621706871826,6.044235194810278,181327.05584430834,-1.4000000000000001,114.30000000000001,-1.4000000000000001_114.30000000000001
202,2017,35,374.6199951171875,21644.0615525232,-0.9453780055046082,114.08085632324219,2017-02-12,134.33623875881023,320.30637034166097,224.21445923916266,6726433.77717488,-0.9,114.10000000000001,-0.9_114.10000000000001
52,2017,5,46.66999816894531,1409.9523478806727,-0.6900439858436584,116.31876373291016,2017-02-12,8.751023683046332,20.86561793443583,14.60593255410508,438177.9766231524,-0.7000000000000001,116.30000000000001,-0.7000000000000001_116.30000000000001
53,2017,10,75.87999725341797,4176.486592432906,-0.9963920712471008,113.73139953613281,2017-02-12,25.92182149789861,61.807034597295555,43.264924218106884,1297947.7265432065,-1.0,113.7,-1.0_113.7
54,2017,13,78.22000122070312,8025.7627461974325,-0.23768693208694458,116.60768127441406,2017-02-12,49.812775567950425,118.7717438438968,83.14022069072776,2494206.620721833,-0.2,116.60000000000001,-0.2_116.60000000000001
55,2017,9,66.43000030517578,3095.881675290681,0.4430355429649353,115.26220703125,2017-02-13,19.214928718052512,45.81536695473023,32.07075686831116,962122.7060493347,0.4,115.30000000000001,0.4_115.30000000000001
56,2017,168,304.5899963378906,18127.323600511496,1.0737555027008057,117.67396545410156,2017-02-14,112.50921946175322,268.26283100325435,187.78398170227803,5633519.451068341,1.1,117.7,1.1_117.7
280,2017,3,7.350000381469727,1774.47543217446,-0.2754499912261963,117.40713500976562,2017-02-14,11.013476132923028,26.260126065571637,18.382088245900146,551462.6473770044,-0.30000000000000004,117.4,-0.30000000000000004_117.4
57,2017,3,1.5499999523162842,152.71266491079888,1.0867199897766113,117.44979858398438,2017-02-15,0.9478278818034362,2.2599658240704814,1.581976076849337,47459.282305480105,1.1,117.4,1.1_117.4
58,2017,11,42.84000015258789,7148.121133342402,2.072528839111328,117.38655090332031,2017-02-15,44.3655967672869,105.78369172658867,74.04858420861207,2221457.526258362,2.1,117.4,2.1_117.4
59,2017,22,145.32000732421875,7071.349604328424,0.7909631729125977,117.04039764404297,2017-02-15,43.88910586346676,104.64756439926734,73.25329507948713,2197598.852384614,0.8,117.0,0.8_117.0
60,2017,3,12.950000762939453,202.35505412204168,0.7721700072288513,117.58304595947266,2017-02-15,1.2559388079092564,2.9946141461866946,2.0962299023306863,62886.89706992059,0.8,117.60000000000001,0.8_117.60000000000001
61,2017,97,688.9400634765625,68224.96420244257,1.1648329496383667,117.05157470703125,2017-02-15,423.44571318880617,1009.6483322847779,706.7538325993445,21202614.977980334,1.2000000000000002,117.10000000000001,1.2000000000000002_117.10000000000001
62,2017,28,82.42000579833984,8973.903904899604,0.8358182311058044,117.25768280029297,2017-02-15,55.6975175219217,132.80310539673923,92.96217377771745,2788865.213331524,0.8,117.30000000000001,0.8_117.30000000000001
63,2017,40,264.510009765625,16800.9682780257,0.5875287652015686,117.28117370605469,2017-02-17,104.2770498734303,248.63434962521822,174.04404473765274,5221321.342129583,0.6000000000000001,117.30000000000001,0.6000000000000001_117.30000000000001
64,2017,107,345.25,11614.814890284919,-1.8804421424865723,115.87179565429688,2017-02-19,72.0886208188964,171.88544722391708,120.31981305674195,3609594.3917022585,-1.9000000000000001,115.9,-1.9000000000000001_115.9
284,2017,3,13.770000457763672,1640.1835014163682,-0.4269833266735077,115.6180191040039,2017-02-19,10.179978555311605,24.272765199732504,16.99093563981275,509728.0691943825,-0.4,115.60000000000001,-0.4_115.60000000000001
65,2017,22,153.61000061035156,11317.569120187462,0.8566186428070068,116.78107452392578,2017-02-21,70.24373238864688,167.4865633319874,117.24059433239118,3517217.8299717354,0.9,116.80000000000001,0.9_116.80000000000001
66,2017,4,5.819999694824219,148.0342890729828,-0.46560999751091003,117.58623504638672,2017-03-02,0.9187910297307695,2.190731425523398,1.5335119978663785,46005.35993599136,-0.5,117.60000000000001,-0.5_117.60000000000001
67,2017,72,114.05999755859375,314.80704829686823,0.19047985970973969,117.34779357910156,2017-03-03,1.953884426928843,4.658769924177508,3.2611389469242558,97834.16840772767,0.2,117.30000000000001,0.2_117.30000000000001
68,2017,8,19.790000915527344,940.0443681036542,-0.6120625138282776,115.13172912597656,2017-03-03,5.834488336258025,13.91153868125551,9.738077076878858,292142.31230636575,-0.6000000000000001,115.10000000000001,-0.6000000000000001_115.10000000000001
69,2017,49,329.42999267578125,22690.3263863854,1.5506455898284912,118.13026428222656,2017-03-10,140.8299960504159,335.78984559131686,235.0528919139218,7051586.757417654,1.6,118.10000000000001,1.6_118.10000000000001
70,2017,34,192.65000915527344,19132.081777393487,-0.6540876626968384,116.97388458251953,2017-03-15,118.7453611404739,283.13205709223007,198.19243996456103,5945773.198936831,-0.7000000000000001,117.0,-0.7000000000000001_117.0
71,2017,8,29.43000030517578,2451.744645145911,-0.09657125174999237,116.6335220336914,2017-03-16,15.21702168637383,36.28290496151085,25.398033473057595,761941.0041917278,-0.1,116.60000000000001,-0.1_116.60000000000001
72,2017,27,112.12999725341797,4821.788718779958,0.5689855217933655,117.58892822265625,2017-03-17,29.92695982677292,71.35673862869461,49.94971704008623,1498491.5112025868,0.6000000000000001,117.60000000000001,0.6000000000000001_117.60000000000001
73,2017,19,109.01000213623047,6760.389637195332,0.8886168599128723,117.95186614990234,2017-03-18,41.95909876716218,100.04572670109503,70.03200869076652,2100960.2607229957,0.9,118.0,0.9_118.0
74,2017,14,49.76000213623047,4149.302750403318,-2.046907901763916,115.59529876708984,2017-03-23,25.753102004821635,61.40474606418873,42.983322244932104,1289499.6673479632,-2.0,115.60000000000001,-2.0_115.60000000000001
75,2017,22,115.69999694824219,20947.869087207633,0.8518543839454651,116.8940658569336,2017-03-23,130.01524396697025,310.0035498158874,217.0024848711212,6510074.546133636,0.9,116.9,0.9_116.9
76,2017,5,5.599999904632568,952.4388783364827,-0.5804539918899536,117.37986755371094,2017-03-24,5.911416221622575,14.0949626922807,9.86647388459649,295994.2165378947,-0.6000000000000001,117.4,-0.6000000000000001_117.4
77,2017,10,78.12999725341797,2696.3208345182115,2.270667791366577,117.16020202636719,2017-03-24,16.73501059480988,39.90234169706679,27.93163918794675,837949.1756384025,2.3000000000000003,117.2,2.3000000000000003_117.2
78,2017,21,126.57999420166016,7587.35854274267,1.3252522945404053,117.19378662109375,2017-03-24,47.09177185960071,112.28388301378601,78.5987181096502,2357961.5432895063,1.3,117.2,1.3_117.2
79,2017,4,17.540000915527344,586.1631772725624,0.9215724468231201,118.21995544433594,2017-03-26,3.6380859637931553,8.67451791728168,6.072162542097176,182164.87626291526,0.9,118.2,0.9_118.2
80,2017,36,222.16001892089844,15553.25845431776,0.1980380415916443,115.4976806640625,2017-03-27,96.53300218752807,230.16972809835264,161.11880966884684,4833564.290065405,0.2,115.5,0.2_115.5
81,2017,7,81.1500015258789,1617.9070979839148,-2.4355599880218506,116.51570129394531,2017-03-29,10.041717617412878,23.943100921593178,16.760170645115224,502805.1193534567,-2.4000000000000004,116.5,-2.4000000000000004_116.5
82,2017,6,14.54999828338623,171.7931429082189,-1.251651644706726,116.81900787353516,2017-04-10,1.0662529584312022,2.542334206589938,1.7796339446129563,53389.01833838869,-1.3,116.80000000000001,-1.3_116.80000000000001
83,2017,6,19.1299991607666,451.53821314470815,-0.44534996151924133,117.4160385131836,2017-04-12,2.8025213780942484,6.682228553636696,4.677559987545687,140326.7996263706,-0.4,117.4,-0.4_117.4
84,2017,21,228.30999755859375,3491.2353861898205,2.328124761581421,117.99666595458984,2017-04-12,21.66873482891792,51.666131693682246,36.16629218557757,1084988.7655673272,2.3000000000000003,118.0,2.3000000000000003_118.0
85,2017,13,100.8699951171875,2014.7497803030778,2.402012825012207,117.9583740234375,2017-04-13,12.50476519248776,29.815900666772322,20.871130466740624,626133.9140022187,2.4000000000000004,118.0,2.4000000000000004_118.0
86,2017,11,41.15999984741211,2900.050413791487,2.20268177986145,117.2530288696289,2017-04-13,17.999480543625754,42.917297180810046,30.04210802656703,901263.2407970108,2.2,117.30000000000001,2.2_117.30000000000001
87,2017,3,16.40999984741211,179.1006792907106,0.4270666837692261,117.579833984375,2017-04-15,1.111607983403521,2.6504770544161436,1.8553339380913003,55660.01814273901,0.4,117.60000000000001,0.4_117.60000000000001
88,2017,10,73.91999816894531,1308.0392888535798,-0.3424980044364929,116.22967529296875,2017-04-17,8.118489119379458,19.35742586299081,13.550198104093566,406505.94312280696,-0.30000000000000004,116.2,-0.30000000000000004_116.2
122,2017,4,53.349998474121094,2337.518042475462,-0.10260500013828278,116.17526245117188,2017-04-17,14.508061765348456,34.592487088273685,24.214740961791577,726442.2288537474,-0.1,116.2,-0.1_116.2
89,2017,14,14.749999046325684,557.7912677945877,-1.489384412765503,116.44588470458984,2017-04-18,3.461992599965504,8.254647398871848,5.778253179210293,173347.5953763088,-1.5,116.4,-1.5_116.4
90,2017,13,76.26000213623047,8899.713934902491,0.8921746611595154,114.70738983154297,2017-04-19,55.23704934690492,131.7051820726965,92.19362745088753,2765808.823526626,0.9,114.7,0.9_114.7
91,2017,3,11.139999389648438,1492.1169005491688,0.5555933117866516,116.7313232421875,2017-04-19,9.260986978890832,22.081555598082154,15.457088918657506,463712.6675597252,0.6000000000000001,116.7,0.6000000000000001_116.7
92,2017,3,2.6599998474121094,472.7541357966093,-1.5674567222595215,114.55748748779297,2017-04-20,2.9342003258711267,6.996198977421952,4.8973392841953665,146920.178525861,-1.6,114.60000000000001,-1.6_114.60000000000001
93,2017,4,141.6300048828125,468.39301037259196,-0.9932250380516052,113.93914031982422,2017-04-21,2.9071325232410046,6.931659507702652,4.852161655391856,145564.8496617557,-1.0,113.9,-1.0_113.9
94,2017,25,105.87000274658203,35846.191368089465,-2.143977165222168,116.08137512207031,2017-04-21,222.48331305712344,530.4810014434099,371.33670101038695,11140101.030311609,-2.1,116.10000000000001,-2.1_116.10000000000001
95,2017,16,129.3300018310547,5787.827369439809,-2.438553810119629,115.92100524902344,2017-04-21,35.922784524940624,85.6529617775583,59.95707324429081,1798712.1973287244,-2.4000000000000004,115.9,-2.4000000000000004_115.9
96,2017,4,12.309999465942383,1279.2358450583404,0.41600501537323,116.18614196777344,2017-04-21,7.939717390544571,18.931169149896323,13.251818404927425,397554.55214782275,0.4,116.2,0.4_116.2
97,2017,17,75.55999755859375,2831.9219699231116,-0.34837234020233154,116.5218505859375,2017-04-21,17.57663389446247,41.909077234680716,29.3363540642765,880090.621928295,-0.30000000000000004,116.5,-0.30000000000000004_116.5
98,2017,3,9.049999237060547,254.84896725849495,-0.6049433350563049,117.4762954711914,2017-04-21,1.5817480295920856,3.771461631163822,2.6400231418146753,79200.69425444026,-0.6000000000000001,117.5,-0.6000000000000001_117.5
99,2017,6,56.029998779296875,261.9767884573603,-1.305375099182129,113.52667236328125,2017-04-26,1.6259876325925335,3.8769449080022556,2.713861435601579,81415.84306804737,-1.3,113.5,-1.3_113.5
100,2017,5,64.87999725341797,2652.4310802493264,-2.3176000118255615,115.5649642944336,2017-04-28,16.46260402757559,39.252825530660616,27.47697787146243,824309.3361438729,-2.3000000000000003,115.60000000000001,-2.3000000000000003_115.60000000000001
101,2017,42,283.219970703125,28272.2666388765,-2.394218921661377,115.67918395996094,2017-04-28,175.47491963263707,418.39592289343057,292.8771460254014,8786314.38076204,-2.4000000000000004,115.7,-2.4000000000000004_115.7
102,2017,10,45.17000198364258,4832.281072168341,0.29701298475265503,117.49360656738281,2017-05-02,29.992081767333993,71.5120129806003,50.05840908642021,1501752.2725926065,0.30000000000000004,117.5,0.30000000000000004_117.5
103,2017,4,14.530000686645508,970.266884347268,2.0258748531341553,117.60101318359375,2017-05-04,6.022067693678621,14.358795978925471,10.05115718524783,301534.7155574349,2.0,117.60000000000001,2.0_117.60000000000001
104,2017,4,15.520000457763672,1097.0237692303824,2.091217517852783,117.78363800048828,2017-05-04,6.808798183732878,16.234647127019855,11.364252988913897,340927.58966741693,2.1,117.80000000000001,2.1_117.80000000000001
105,2017,12,91.6500015258789,1920.7569199476611,0.6985300183296204,116.49707794189453,2017-05-04,11.921388209397598,28.42491811641248,19.897442681488737,596923.2804446621,0.7000000000000001,116.5,0.7000000000000001_116.5
106,2017,17,155.72999572753906,13397.398521179617,2.265913248062134,117.66455841064453,2017-05-09,83.1524213752897,198.26556498770978,138.78589549139684,4163576.864741905,2.3000000000000003,117.7,2.3000000000000003_117.7
107,2017,95,1231.72998046875,53320.757479125816,0.47656792402267456,116.01909637451172,2017-05-16,330.9411216621416,789.08379790741,552.358658535187,16570759.75605561,0.5,116.0,0.5_116.0
108,2017,22,222.0499725341797,2431.385599361792,1.7784935235977173,117.0632095336914,2017-05-18,15.090661038732902,35.981615296310714,25.1871307074175,755613.921222525,1.8,117.10000000000001,1.8_117.10000000000001
109,2017,6,24.850000381469727,2965.044270598755,-0.8633649945259094,117.2627182006836,2017-05-19,18.402872034854408,43.87912896630572,30.715390276414002,921461.70829242,-0.9,117.30000000000001,-0.9_117.30000000000001
110,2017,11,101.02000427246094,6741.943874901088,-0.20428362488746643,115.93212890625,2017-05-20,41.84461312306832,99.77275135613418,69.84092594929392,2095227.7784788175,-0.2,115.9,-0.2_115.9
111,2017,14,111.12001037597656,5248.128443458796,0.446424275636673,117.46016693115234,2017-05-22,32.5730840261446,77.66605952084583,54.36624166459208,1630987.2499377625,0.4,117.5,0.4_117.5
112,2017,6,67.20999908447266,4066.4712461815284,-2.4475347995758057,115.4533462524414,2017-05-25,25.238999201108598,60.17893831073922,42.12525681751745,1263757.7045255236,-2.4000000000000004,115.5,-2.4000000000000004_115.5
113,2017,51,351.3500061035156,11587.669196270153,2.2292635440826416,117.51690673828125,2017-05-26,71.92013809565188,171.48372323606134,120.03860626524293,3601158.1879572878,2.2,117.5,2.2_117.5
114,2017,29,159.95999145507812,13184.990195848672,2.225114345550537,117.02521514892578,2017-05-29,81.83408583846017,195.12217438368634,136.58552206858042,4097565.6620574123,2.2,117.0,2.2_117.0
115,2017,4,27.389999389648438,2115.40705625595,-1.7714250087738037,114.31615447998047,2017-06-06,13.129505600955142,31.30550864218417,21.913856049528917,657415.6814858675,-1.8,114.30000000000001,-1.8_114.30000000000001
116,2017,7,41.849998474121094,1657.198338917698,-2.369098424911499,115.0278549194336,2017-06-06,10.285583007945153,24.52456455951435,17.167195191660042,515015.85574980127,-2.4000000000000004,115.0,-2.4000000000000004_115.0
117,2017,6,22.5,882.1783988904763,-1.2686482667922974,114.28490447998047,2017-06-06,5.4753368601190555,13.055191155168634,9.138633808618044,274159.01425854134,-1.3,114.30000000000001,-1.3_114.30000000000001
118,2017,3,41.93000030517578,418.9617872478617,-1.993673324584961,115.424072265625,2017-06-07,2.600332222580722,6.200136192533309,4.3400953347733155,130202.86004319947,-2.0,115.4,-2.0_115.4
119,2017,5,20.650001525878906,917.2472394179989,-2.132767915725708,115.44393157958984,2017-06-08,5.692995460038844,13.574168288651784,9.501917802056248,285057.5340616874,-2.1,115.4,-2.1_115.4
120,2017,50,540.5599975585938,45192.12187314309,-0.837116003036499,114.78546142578125,2017-06-09,280.4898544219889,668.7896580823092,468.1527606576164,14044582.819728492,-0.8,114.80000000000001,-0.8_114.80000000000001
121,2017,9,84.09000396728516,3126.486725818913,-0.38604000210762024,115.8656005859375,2017-06-10,19.404882316410614,46.268285304875945,32.38779971341316,971633.9914023947,-0.4,115.9,-0.4_115.9
123,2017,3,51.209999084472656,756.917163355826,-2.2253267765045166,116.25525665283203,2017-06-10,4.697889281568592,11.20147383870044,7.841031687090308,235230.95061270925,-2.2,116.30000000000001,-2.2_116.30000000000001
124,2017,10,60.349998474121094,3877.0019460847393,-1.830645203590393,115.41629791259766,2017-06-15,24.063037236968842,57.37501799948402,40.162512599638816,1204875.3779891646,-1.8,115.4,-1.8_115.4
125,2017,11,38.53999710083008,2094.455211557527,-1.5303599834442139,114.43347930908203,2017-06-15,12.999465681921704,30.995446258050368,21.696812380635258,650904.3714190577,-1.5,114.4,-1.5_114.4
126,2017,6,75.45999908447266,2287.5905700798494,-0.8409333229064941,116.22317504882812,2017-06-16,14.198181439232906,33.853619874069715,23.697533911848797,710926.0173554639,-0.8,116.2,-0.8_116.2
127,2017,21,147.24998474121094,6913.06223682215,2.243752956390381,117.97032165527344,2017-06-18,42.90667797939213,102.30509960661105,71.61356972462774,2148407.091738832,2.2,118.0,2.2_118.0
128,2017,6,35.57999801635742,1717.0696411784184,-1.899340033531189,115.9674072265625,2017-06-30,10.65718080329329,25.410588629822175,17.787412040875523,533622.3612262657,-1.9000000000000001,116.0,-1.9000000000000001_116.0
129,2017,18,148.8000030517578,17386.550332126153,-1.1027945280075073,115.34976196289062,2017-07-03,107.91152903260377,257.3002676106652,180.1101873274656,5403305.619823968,-1.1,115.30000000000001,-1.1_115.30000000000001
130,2017,8,7.470000267028809,763.4355678642106,0.5862925052642822,117.5025863647461,2017-07-08,4.7383464731285,11.297938473280821,7.908556931296574,237256.70793889722,0.6000000000000001,117.5,0.6000000000000001_117.5
131,2017,6,27.989999771118164,782.9356446223665,2.22478985786438,116.76333618164062,2017-07-19,4.859375835424569,11.586516418442898,8.110561492910028,243316.84478730086,2.2,116.80000000000001,2.2_116.80000000000001
132,2017,11,81.43000030517578,3975.643427735574,-2.3965227603912354,115.15864562988281,2017-07-20,24.675266397305183,58.834794616549644,41.18435623158475,1235530.6869475425,-2.4000000000000004,115.2,-2.4000000000000004_115.2
133,2017,42,522.0399780273438,8392.939894442303,1.423616886138916,115.3515625,2017-07-21,52.09170075644638,124.20552896510968,86.94387027557677,2608316.108267303,1.4000000000000001,115.4,1.4000000000000001_115.4
134,2017,3,15.649999618530273,577.0170752600851,1.9107199907302856,117.73208618164062,2017-07-23,3.5813196798552247,8.539166484682855,5.977416539277998,179322.49617833993,1.9000000000000001,117.7,1.9000000000000001_117.7
135,2017,13,50.97000503540039,7114.716100949927,-2.4534170627593994,115.31511688232422,2017-07-24,44.15826477479873,105.28933697478693,73.70253588235084,2211076.0764705255,-2.5,115.30000000000001,-2.5_115.30000000000001
136,2017,5,47.63999938964844,492.9688332203502,-1.9829339981079102,116.3636703491211,2017-07-24,3.0596650596024992,7.295352458557684,5.106746720990378,153202.40162971133,-2.0,116.4,-2.0_116.4
264,2017,3,14.560001373291016,598.9072464077123,-2.3427867889404297,116.48833465576172,2017-07-24,3.7171834247731024,8.863114984341266,6.204180489038886,186125.41467116657,-2.3000000000000003,116.5,-2.3000000000000003_116.5
137,2017,11,73.08999633789062,5640.68508098163,-0.6119354367256165,115.8474349975586,2017-07-25,35.00952979472889,83.47543090030432,58.43280163021302,1752984.0489063906,-0.6000000000000001,115.80000000000001,-0.6000000000000001_115.80000000000001
138,2017,5,34.959999084472656,2179.130223487909,-0.9470919370651245,114.78099060058594,2017-07-27,13.525010418152545,32.24853573315841,22.573975013210887,677219.2503963266,-0.9,114.80000000000001,-0.9_114.80000000000001
139,2017,4,13.59000015258789,840.8332409277903,-1.0687824487686157,117.03073120117188,2017-07-27,5.218723608575765,12.443331987881859,8.7103323915173,261309.971745519,-1.1,117.0,-1.1_117.0
140,2017,8,45.81999969482422,1744.8091584825656,2.427529811859131,117.47763061523438,2017-07-29,10.829349155826444,25.82110049614448,18.074770347301136,542243.1104190341,2.4000000000000004,117.5,2.4000000000000004_117.5
141,2017,28,191.989990234375,30983.812107482445,-0.12967929244041443,115.50811767578125,2017-07-29,192.30442358650816,458.52357106879344,320.9664997481554,9628994.992444662,-0.1,115.5,-0.1_115.5
142,2017,25,139.9300079345703,13847.026685887005,-1.3395678997039795,115.26402282714844,2017-07-29,85.9430878285449,204.91952709603765,143.44366896722636,4303310.069016791,-1.3,115.30000000000001,-1.3_115.30000000000001
143,2017,8,61.230003356933594,4303.731098371489,-1.6523399353027344,115.7275390625,2017-07-29,26.71157846144409,63.69010195709771,44.583071369968394,1337492.1410990518,-1.7000000000000002,115.7,-1.7000000000000002_115.7
144,2017,3,22.80000114440918,134.1098657810941,2.0103566646575928,117.52059936523438,2017-07-30,0.8323675713896138,1.9846665207040062,1.3892665644928042,41677.996934784125,2.0,117.5,2.0_117.5
145,2017,3,7.579999923706055,588.526804847191,-1.058103322982788,116.8873519897461,2017-07-30,3.6527560772296606,8.709496794394534,6.096647756076173,182899.4326822852,-1.1,116.9,-1.1_116.9
146,2017,8,14.190000534057617,1593.154864422872,0.9463374614715576,117.77378845214844,2017-07-30,9.888090168636635,23.576797301981525,16.503758111387068,495112.74334161205,0.9,117.80000000000001,0.9_117.80000000000001
147,2017,3,86.80999755859375,418.42786934514186,0.7585466504096985,117.69185638427734,2017-07-30,2.5970184026360075,6.192234842545663,4.3345643897819635,130036.9316934589,0.8,117.7,0.8_117.7
148,2017,3,11.410000801086426,143.84657685205252,1.033003330230713,117.83072662353516,2017-07-30,0.8927995351400283,2.1287582649746457,1.4901307854822519,44703.92356446756,1.0,117.80000000000001,1.0_117.80000000000001
184,2017,6,38.45000076293945,4048.8553513943525,-2.0450432300567627,115.91162109375,2017-07-31,25.129664220595004,59.91824401794632,41.94277081256242,1258283.1243768726,-2.0,115.9,-2.0_115.9
149,2017,19,211.50999450683594,9391.917299260656,-0.731246829032898,114.1690444946289,2017-07-31,58.29196344017038,138.9892065024431,97.29244455171016,2918773.336551305,-0.7000000000000001,114.2,-0.7000000000000001_114.2
150,2017,4,21.96000099182129,751.7865267500476,2.186302423477173,116.69223022460938,2017-07-31,4.666045423502212,11.125546518647733,7.7878825630534125,233636.4768916024,2.2,116.7,2.2_116.7
151,2017,6,74.65999603271484,3232.8825127735886,-2.1570518016815186,115.27445220947266,2017-08-01,20.065239421965448,47.84281641847482,33.48997149293237,1004699.144787971,-2.2,115.30000000000001,-2.2_115.30000000000001
152,2017,6,55.90999984741211,955.7456231567437,1.828426718711853,117.2301025390625,2017-08-02,5.931939895546301,14.143898583007752,9.900729008105426,297021.8702431628,1.8,117.2,1.8_117.2
200,2017,3,11.280000686645508,1186.1980872492288,-0.633983314037323,117.2828598022461,2017-08-05,7.362268356023037,17.55432098134688,12.288024686942816,368640.7406082845,-0.6000000000000001,117.30000000000001,-0.6000000000000001_117.30000000000001
213,2017,4,29.96000099182129,900.4965416190948,-1.7499650716781616,116.05458068847656,2017-08-08,5.589030419400345,13.326277882332386,9.32839451763267,279851.8355289801,-1.7000000000000002,116.10000000000001,-1.7000000000000002_116.10000000000001
153,2017,32,559.6199951171875,1479.4390358114474,1.9741199016571045,115.12693786621094,2017-08-11,9.182300422755073,21.893938277369596,15.325756794158716,459772.7038247615,2.0,115.10000000000001,2.0_115.10000000000001
154,2017,55,581.7999267578125,41037.9243919857,0.7582074403762817,116.61457824707031,2017-08-21,254.70637273460898,607.3124758241173,425.1187330768821,12753561.992306463,0.8,116.60000000000001,0.8_116.60000000000001
155,2017,3,8.789999961853027,141.73449391220464,1.4659500122070312,117.94195556640625,2017-08-21,0.8796906610316594,2.097501949302029,1.4682513645114201,44047.54093534261,1.5,117.9,1.5_117.9
156,2017,4,38.44000244140625,307.9780617927697,0.9039825201034546,114.03878784179688,2017-08-25,1.9114995741936442,4.55770904542645,3.190396331798515,95711.88995395545,0.9,114.0,0.9_114.0
157,2017,3,6.880000114440918,565.6934367375171,0.9530333876609802,114.10790252685547,2017-08-25,3.511038277055905,8.371590101413794,5.860113070989655,175803.39212968966,1.0,114.10000000000001,1.0_114.10000000000001
158,2017,3,5.699999809265137,488.735753604566,-1.8855533599853516,115.1768569946289,2017-08-25,3.033391987306383,7.232707914519182,5.062895540163427,151886.86620490282,-1.9000000000000001,115.2,-1.9000000000000001_115.2
159,2017,28,241.8400115966797,23171.160217836376,-0.7906513810157776,115.77680969238281,2017-08-26,143.81434389235693,342.9056144554828,240.03393011883796,7201017.903565139,-0.8,115.80000000000001,-0.8_115.80000000000001
160,2017,14,211.66998291015625,3105.7346738882775,1.0702670812606812,116.72740173339844,2017-08-27,19.276082433074297,45.96117961609784,32.17282573126848,965184.7719380545,1.1,116.7,1.1_116.7
161,2017,8,75.5199966430664,1610.2245791958062,-0.22536499798297882,115.74854278564453,2017-08-27,9.994035223067252,23.829408780119213,16.68058614608345,500417.58438250347,-0.2,115.7,-0.2_115.7
162,2017,3,18.510000228881836,327.37657001223334,-1.3789666891098022,116.12429809570312,2017-08-27,2.031898540229241,4.844783897008311,3.391348727905817,101740.46183717452,-1.4000000000000001,116.10000000000001,-1.4000000000000001_116.10000000000001
163,2017,4,25.190000534057617,342.5213665131153,-2.043947219848633,115.47998046875,2017-08-27,2.1258963785628184,5.068908873967411,3.5482362117771875,106447.08635331562,-2.0,115.5,-2.0_115.5
164,2017,21,147.00999450683594,1614.045431459892,-2.483661413192749,115.05939483642578,2017-08-27,10.017749761152666,23.88595284960225,16.720166994721573,501605.0098416472,-2.5,115.10000000000001,-2.5_115.10000000000001
165,2017,4,23.560001373291016,300.0214262971168,0.4130975008010864,116.7136001586914,2017-08-27,1.8621158444778947,4.439960302679639,3.107972211875747,93239.16635627241,0.4,116.7,0.4_116.7
166,2017,4,26.65999984741211,621.015614937422,0.5384875535964966,116.1649169921875,2017-08-28,3.85440143564263,9.190292545758874,6.433204782031211,192996.14346093635,0.5,116.2,0.5_116.2
167,2017,5,349.1099853515625,553.5341075248102,2.367420196533203,117.06108093261719,2017-08-28,3.435570068452758,8.191646489792646,5.734152542854852,172024.57628564554,2.4000000000000004,117.10000000000001,2.4000000000000004_117.10000000000001
168,2017,6,33.5099983215332,1581.0319657447537,-0.13000832498073578,115.6928939819336,2017-08-28,9.81284807013675,23.397392818946546,16.37817497326258,491345.2491978774,-0.1,115.7,-0.1_115.7
169,2017,6,25.959999084472656,6047.012438504391,-0.36294499039649963,115.47098541259766,2017-08-28,37.53144504533724,89.4885925586559,62.642014791059125,1879260.4437317739,-0.4,115.5,-0.4_115.5
170,2017,10,85.33999633789062,3041.507997765082,0.9129220247268677,114.58683776855469,2017-08-28,18.877452532792734,45.01070119234137,31.507490834638958,945224.7250391687,0.9,114.60000000000001,0.9_114.60000000000001
171,2017,6,47.6400032043457,1479.0525877847583,1.407476782798767,115.71431732177734,2017-08-28,9.17990189074872,21.888219306165684,15.321753514315978,459652.6054294793,1.4000000000000001,115.7,1.4000000000000001_115.7
172,2017,4,21.060001373291016,216.55589340707078,1.9084326028823853,116.63320922851562,2017-08-28,1.3440778723884355,3.2047696789712834,2.243338775279898,67300.16325839695,1.9000000000000001,116.60000000000001,1.9000000000000001_116.60000000000001
173,2017,6,109.98999786376953,1476.4561783197369,0.768904983997345,116.38482666015625,2017-08-28,9.163786991012257,21.849795533915565,15.294856873740894,458845.7062122268,0.8,116.4,0.8_116.4
174,2017,20,174.24000549316406,6636.57244854111,0.776757538318634,114.50970458984375,2017-08-28,41.19061382374549,98.21337956109538,68.74936569276676,2062480.9707830027,0.8,114.5,0.8_114.5
175,2017,20,236.95999145507812,5473.215390396281,0.9743220210075378,116.49589538574219,2017-08-28,33.970110816699105,80.9970786463402,56.69795505243813,1700938.651573144,1.0,116.5,1.0_116.5
176,2017,3,19.139999389648438,230.7693347296698,0.8885067105293274,116.5076904296875,2017-08-28,1.4322951527941274,3.4151117069246792,2.3905781948472753,71717.34584541825,0.9,116.5,0.9_116.5
177,2017,3,77.53999328613281,275.27341849619904,1.330346703529358,116.70343017578125,2017-08-29,1.708514623344728,4.073719219292266,2.8516034535045858,85548.10360513757,1.3,116.7,1.3_116.7
178,2017,5,41.81999969482422,1060.294154432573,1.4388179779052734,118.3333740234375,2017-08-29,6.5808318063954205,15.691092509445676,10.983764756611972,329512.94269835914,1.4000000000000001,118.30000000000001,1.4000000000000001_118.30000000000001
179,2017,5,202.3800048828125,1011.5871065415796,0.7418259978294373,114.37857818603516,2017-08-29,6.2785261786442135,14.97028612649567,10.479200288546968,314376.00865640905,0.7000000000000001,114.4,0.7000000000000001_114.4
180,2017,3,59.34000015258789,152.05237972923615,1.9188566207885742,116.94995880126953,2017-08-29,0.943729749501231,2.2501943886407902,1.575136072048553,47254.08216145659,1.9000000000000001,116.9,1.9000000000000001_116.9
181,2017,3,18.880001068115234,263.005129637459,2.1144168376922607,117.66366577148438,2017-08-29,1.6323701447638292,3.8921631344922774,2.724514194144594,81735.42582433781,2.1,117.7,2.1_117.7
182,2017,12,15.970000267028809,185.58331196256486,-0.5985375046730042,117.07891082763672,2017-08-30,1.151843153141816,2.74641230835825,1.9224886158507748,57674.65847552325,-0.6000000000000001,117.10000000000001,-0.6000000000000001_117.10000000000001
183,2017,4,27.329999923706055,1121.9971280069728,-2.3225300312042236,115.97896575927734,2017-08-30,6.963798070379864,16.604223136844002,11.6229561957908,348688.685873724,-2.3000000000000003,116.0,-2.3000000000000003_116.0
185,2017,6,57.09000015258789,360.53779388098235,0.49620500206947327,115.51199340820312,2017-08-31,2.237717308409897,5.335530572613103,3.7348714008291717,112046.14202487515,0.5,115.5,0.5_115.5
186,2017,5,30.779998779296875,1441.4551995691518,-2.4800078868865967,114.7325439453125,2017-08-31,8.946549582644117,21.33182267402511,14.932275871817575,447968.27615452727,-2.5,114.7,-2.5_114.7
187,2017,3,14.800000190734863,178.71838944004503,2.2771432399749756,118.07848358154297,2017-08-31,1.1092352595721156,2.64481961927219,1.851373733490533,55541.212004715984,2.3000000000000003,118.10000000000001,2.3000000000000003_118.10000000000001
188,2017,19,125.15000915527344,4936.4150781695735,-0.3185074031352997,114.64958190917969,2017-08-31,30.638400881662243,73.05307242595671,51.1371506981697,1534114.520945091,-0.30000000000000004,114.60000000000001,-0.30000000000000004_114.60000000000001
189,2017,4,41.0,303.5768808242474,0.3365800082683563,115.49845886230469,2017-08-31,1.884183162439159,4.492576801285338,3.1448037608997366,94344.1128269921,0.30000000000000004,115.5,0.30000000000000004_115.5
190,2017,13,85.760009765625,6082.421857031484,0.7749245762825012,114.27642059326172,2017-09-01,37.7512174799158,90.01260984149344,63.00882688904541,1890264.8066713624,0.8,114.30000000000001,0.8_114.30000000000001
191,2017,6,80.83000183105469,679.9770522586969,0.9552200436592102,118.92681884765625,2017-09-01,4.2203520545841124,10.062851697038097,7.043996187926667,211319.8856378,1.0,118.9,1.0_118.9
192,2017,17,173.45999145507812,5231.97629613714,1.48342764377594,117.24221801757812,2017-09-02,32.472833954604006,77.42702694975151,54.198918864826055,1625967.5659447818,1.5,117.2,1.5_117.2
193,2017,9,40.95000076293945,2642.0928755545083,0.922542154788971,117.84304809570312,2017-09-02,16.398438827765457,39.09983239609525,27.369882677266673,821096.4803180002,0.9,117.80000000000001,0.9_117.80000000000001
194,2017,3,27.579999923706055,328.46132417472865,-2.379596710205078,115.80816650390625,2017-09-02,2.0386311857548494,4.860836968547529,3.4025858779832703,102077.5763394981,-2.4000000000000004,115.80000000000001,-2.4000000000000004_115.80000000000001
195,2017,6,52.029998779296875,1293.4371309905603,1.0247900485992432,116.8670654296875,2017-09-02,8.027859227188461,19.14133129252815,13.398931904769704,401967.95714309113,1.0,116.9,1.0_116.9
196,2017,3,28.329999923706055,687.5739872424608,-2.2711400985717773,115.91302490234375,2017-09-02,4.267503263673845,10.175277299990022,7.122694109993015,213680.82329979044,-2.3000000000000003,115.9,-2.3000000000000003_115.9
197,2017,5,107.88999938964844,194.82556866174156,1.9094040393829346,116.81941986083984,2017-09-03,1.2092062316748318,2.8831867159663305,2.018230701176431,60546.92103529294,1.9000000000000001,116.80000000000001,1.9000000000000001_116.80000000000001
198,2017,3,13.65999984741211,423.0075976224291,0.801403284072876,114.1509780883789,2017-09-05,2.625442987819116,6.260009374515516,4.382006562160861,131460.19686482582,0.8,114.2,0.8_114.2
199,2017,9,93.93999481201172,1160.2242700795396,0.300222247838974,114.447021484375,2017-09-06,7.201059014776348,17.169939377120144,12.0189575639841,360568.72691952303,0.30000000000000004,114.4,0.30000000000000004_114.4
201,2017,3,34.189998626708984,614.4533037914094,-0.5134766697883606,115.75550079345703,2017-09-07,3.813671732727071,9.093178145158452,6.3652247016109165,190956.7410483275,-0.5,115.80000000000001,-0.5_115.80000000000001
203,2017,14,146.989990234375,5731.667889587746,-0.7063270807266235,114.61328125,2017-09-07,35.57422456193785,84.82186826453912,59.37530778517738,1781259.2335553213,-0.7000000000000001,114.60000000000001,-0.7000000000000001_114.60000000000001
204,2017,3,34.29999923706055,297.2659715958492,-0.15001334249973297,113.91486358642578,2017-09-07,1.8450138130620108,4.399182850080821,3.079427995056575,92382.83985169725,-0.2,113.9,-0.2_113.9
205,2017,5,38.15999984741211,1181.0900019238939,-1.8193660974502563,115.97431945800781,2017-09-07,7.330564464948833,17.47872739342517,12.23510917539762,367053.27526192856,-1.8,116.0,-1.8_116.0
206,2017,3,20.860000610351562,484.2747775071388,-1.6905168294906616,115.364501953125,2017-09-07,3.005704450534826,7.166690773582838,5.0166835415079865,150500.50624523958,-1.7000000000000002,115.4,-1.7000000000000002_115.4
207,2017,21,366.9499816894531,7094.793916019438,-0.8699267506599426,115.97687530517578,2017-09-07,44.034615551896415,104.99451233067497,73.49615863147247,2204884.7589441743,-0.9,116.0,-0.9_116.0
208,2017,4,29.439998626708984,988.3924994288085,0.8276625275611877,117.6644515991211,2017-09-07,6.134566309030242,14.627033525879845,10.23892346811589,307167.7040434767,0.8,117.7,0.8_117.7
209,2017,8,81.41999816894531,2264.505824026691,0.6624687314033508,115.21907043457031,2017-09-08,14.0549034343188,33.511993086481674,23.45839516053717,703751.8548161151,0.7000000000000001,115.2,0.7000000000000001_115.2
210,2017,4,40.7400016784668,1046.1286088072052,-0.2711524963378906,114.47933197021484,2017-09-08,6.49291179588074,15.48145928085038,10.837021496595266,325110.644897858,-0.30000000000000004,114.5,-0.30000000000000004_114.5
211,2017,28,228.86001586914062,15083.630637370154,-0.579563558101654,114.37976837158203,2017-09-08,93.61820570202751,223.21979492185835,156.25385644530084,4687615.693359025,-0.6000000000000001,114.4,-0.6000000000000001_114.4
212,2017,3,43.56999969482422,512.5750556280519,-1.4427467584609985,115.19701385498047,2017-09-08,3.1813532264988975,7.585501233097192,5.309850863168034,159295.525895041,-1.4000000000000001,115.2,-1.4000000000000001_115.2
214,2017,6,55.529998779296875,721.864202525139,-1.346901535987854,114.843994140625,2017-09-08,4.480329240726561,10.68273170584521,7.477912194091647,224337.3658227494,-1.3,114.80000000000001,-1.3_114.80000000000001
215,2017,24,521.6600341796875,10554.749554647256,-0.7530533671379089,115.9329605102539,2017-09-08,65.50920920141473,156.19774096050872,109.3384186723561,3280152.560170683,-0.8,115.9,-0.8_115.9
216,2017,8,67.88999938964844,3268.605165499231,-1.3312262296676636,115.02537536621094,2017-09-08,20.286955978906697,48.371469194930825,33.86002843645157,1015800.8530935472,-1.3,115.0,-1.3_115.0
217,2017,9,55.529998779296875,3062.2684022536064,-0.8009555339813232,113.67259216308594,2017-09-09,19.00630425719447,45.317930489042794,31.722551342329954,951676.5402698986,-0.8,113.7,-0.8_113.7
218,2017,4,22.059999465942383,327.71055210231833,-0.08915500342845917,113.62060546875,2017-09-09,2.0339714366533226,4.849726434746649,3.394808504322654,101844.25512967963,-0.1,113.60000000000001,-0.1_113.60000000000001
219,2017,3,13.260000228881836,115.85422454715523,1.423093318939209,117.61214447021484,2017-09-09,0.7190619344810133,1.7145047413303538,1.2001533189312477,36004.59956793743,1.4000000000000001,117.60000000000001,1.4000000000000001_117.60000000000001
220,2017,3,30.829999923706055,336.6650097295422,1.0203332901000977,118.81156158447266,2017-09-09,2.089548258722846,4.982241758360664,3.487569230852465,104627.07692557394,1.0,118.80000000000001,1.0_118.80000000000001
221,2017,3,1.409999966621399,150.65483940997032,-0.05333999916911125,116.43108367919922,2017-09-11,0.935055762433306,2.2295124539685993,1.5606587177780193,46819.76153334058,-0.1,116.4,-0.1_116.4
222,2017,4,11.74000072479248,818.2829351061192,-0.4558449983596802,115.96466064453125,2017-09-12,5.0787626654970826,12.10961428012604,8.476729996088228,254301.89988264683,-0.5,116.0,-0.5_116.0
223,2017,5,37.53999710083008,1093.42655466535,-1.6825460195541382,115.26712799072266,2017-09-12,6.786471677522286,16.181412629517173,11.32698884066202,339809.6652198606,-1.7000000000000002,115.30000000000001,-1.7000000000000002_115.30000000000001
224,2017,11,53.15999984741211,2407.316024314584,-2.465285301208496,114.89281463623047,2017-09-18,14.941270584796223,35.62541421083844,24.937789947586907,748133.6984276072,-2.5,114.9,-2.5_114.9
225,2017,7,49.81999969482422,3345.6359493586365,-0.46751999855041504,116.35380554199219,2017-09-19,20.76505597632188,49.51143318564045,34.658003229948314,1039740.0968984494,-0.5,116.4,-0.5_116.4
244,2017,6,50.099998474121094,2143.034387655737,0.012298334389925003,117.3199691772461,2017-09-19,13.300977659384856,31.714360290541286,22.2000522033789,666001.566101367,0.0,117.30000000000001,0.0_117.30000000000001
226,2017,12,79.91999816894531,2877.8517048561635,-0.21156249940395355,115.31365966796875,2017-09-19,17.861701825133554,42.5887826888285,29.81214788217995,894364.4364653985,-0.2,115.30000000000001,-0.2_115.30000000000001
227,2017,7,50.93000411987305,696.7538699851925,-2.2366201877593994,113.80716705322266,2017-09-19,4.324479211414196,10.3111286472222,7.2177900530555394,216533.70159166618,-2.2,113.80000000000001,-2.2_113.80000000000001
228,2017,4,24.280000686645508,911.7740515219483,-1.9420498609542847,115.56390380859375,2017-09-19,5.659025519868813,13.493171616889061,9.445220131822342,283356.60395467025,-1.9000000000000001,115.60000000000001,-1.9000000000000001_115.60000000000001
229,2017,3,14.420000076293945,419.0441543795852,-2.322373151779175,114.5672607421875,2017-09-19,2.6008434432056604,6.201355128126047,4.3409485896882325,130228.45769064697,-2.3000000000000003,114.60000000000001,-2.3000000000000003_114.60000000000001
230,2017,20,110.72000122070312,9777.354383129525,-2.3378958702087402,114.85823059082031,2017-09-19,60.68422091917721,144.6932169548953,101.2852518684267,3038557.5560528007,-2.3000000000000003,114.9,-2.3000000000000003_114.9
287,2017,3,7.599999904632568,1058.1710892117592,-2.482886552810669,116.0429458618164,2017-09-19,6.5676547695573175,15.659673669075662,10.961771568352964,328853.1470505889,-2.5,116.0,-2.5_116.0
231,2017,6,71.12000274658203,812.2945484784728,-1.6985899209976196,116.25090789794922,2017-09-19,5.041595087968281,12.02099327984616,8.414695295892312,252440.85887676934,-1.7000000000000002,116.30000000000001,-1.7000000000000002_116.30000000000001
232,2017,4,15.069999694824219,394.4312992518951,-2.4723575115203857,114.46524047851562,2017-09-19,2.448081061942522,5.837114143569408,4.085979900498585,122579.39701495755,-2.5,114.5,-2.5_114.5
233,2017,3,89.54999542236328,464.25314727290834,-0.6389200091362,115.2808837890625,2017-09-20,2.8814380094623258,6.8703944572428215,4.809276120069975,144278.28360209925,-0.6000000000000001,115.30000000000001,-0.6000000000000001_115.30000000000001
234,2017,3,63.97999572753906,346.5670811189493,-0.7665066719055176,115.65176391601562,2017-09-20,2.1510065494020787,5.128780638686258,3.5901464470803806,107704.39341241142,-0.8,115.7,-0.8_115.7
235,2017,10,59.970001220703125,5022.819509493954,0.33027300238609314,116.80686950683594,2017-09-20,31.174679448789956,74.33175525134912,52.03222867594438,1560966.8602783314,0.30000000000000004,116.80000000000001,0.30000000000000004_116.80000000000001
236,2017,5,21.100000381469727,1157.5870595466733,-0.4619719982147217,114.10237884521484,2017-09-20,7.184690878743254,17.130911797589413,11.991638258312587,359749.14774937765,-0.5,114.10000000000001,-0.5_114.10000000000001
237,2017,13,194.91998291015625,5887.533072941427,-1.0248445272445679,114.40592193603516,2017-09-20,36.54161889476097,87.12848761236827,60.989941328657785,1829698.2398597335,-1.0,114.4,-1.0_114.4
238,2017,4,12.940000534057617,818.6479237439305,-0.4020150303840637,114.49994659423828,2017-09-20,5.081028007455859,12.115015677895567,8.480510974526895,254415.32923580686,-0.4,114.5,-0.4_114.5
239,2017,4,19.459999084472656,196.18285167193815,-2.4410574436187744,114.54365539550781,2017-09-20,1.2176303573445257,2.9032728903411114,2.032291023238778,60968.73069716334,-2.4000000000000004,114.5,-2.4000000000000004_114.5
275,2017,3,14.489999771118164,695.9880033272333,-1.191640019416809,114.80098724365234,2017-09-20,4.319725776114108,10.299794731506735,7.209856312054714,216295.68936164142,-1.2000000000000002,114.80000000000001,-1.2000000000000002_114.80000000000001
240,2017,4,23.15999984741211,788.2030244110108,-1.5628925561904907,115.1883544921875,2017-09-20,4.8920684050332595,11.66446737497744,8.165127162484207,244953.81487452623,-1.6,115.2,-1.6_115.2
260,2017,4,44.25,1079.9381478441685,-1.4815150499343872,116.13721466064453,2017-09-20,6.702754403164646,15.981800249922886,11.187260174946019,335617.8052483806,-1.5,116.10000000000001,-1.5_116.10000000000001
241,2017,5,71.6199951171875,972.3048709434233,1.2374980449676514,117.55802154541016,2017-09-20,6.0347166807138874,14.388955756832006,10.072269029782404,302168.0708934721,1.2000000000000002,117.60000000000001,1.2000000000000002_117.60000000000001
242,2017,5,27.209999084472656,1454.9361290926136,1.3455541133880615,118.43110656738281,2017-09-20,9.03022044833445,21.53132439850567,15.07192707895397,452157.8123686191,1.3,118.4,1.3_118.4
243,2017,8,58.96999740600586,3894.1630476398645,-0.7058862447738647,115.4474868774414,2017-09-21,24.16954949347297,57.62898189331457,40.3402873253202,1210208.619759606,-0.7000000000000001,115.4,-0.7000000000000001_115.4
245,2017,3,11.140000343322754,548.3045454233819,-2.2798068523406982,116.14871978759766,2017-09-21,3.4031122184620477,8.114255190053456,5.679978633037418,170399.35899112254,-2.3000000000000003,116.10000000000001,-2.3000000000000003_116.10000000000001
246,2017,5,28.770000457763672,496.99560907879334,0.1273379921913147,115.8343505859375,2017-09-21,3.0846576850316656,7.3549439523384335,5.148460766636903,154453.8229991071,0.1,115.80000000000001,0.1_115.80000000000001
247,2017,3,87.89000701904297,152.59986996562802,0.3276166617870331,116.29032135009766,2017-09-21,0.9471278076214954,2.2582965930256105,1.5808076151179273,47424.22845353782,0.30000000000000004,116.30000000000001,0.30000000000000004_116.30000000000001
248,2017,3,12.300000190734863,572.4728997927976,-1.1277899742126465,113.5086898803711,2017-09-22,3.553115757081576,8.471918092019104,5.930342664413373,177910.27993240117,-1.1,113.5,-1.1_113.5
249,2017,3,31.010000228881836,381.221467672775,-0.5713966488838196,113.62075805664062,2017-09-23,2.3660927953378432,5.641624346256419,3.949137042379493,118474.1112713848,-0.6000000000000001,113.60000000000001,-0.6000000000000001_113.60000000000001
250,2017,9,78.10999298095703,3604.539080912687,-0.882348895072937,113.75899505615234,2017-09-23,22.371966620678002,53.34289162688204,37.34002413881743,1120200.7241645227,-0.9,113.80000000000001,-0.9_113.80000000000001
251,2017,4,25.119998931884766,710.8329845635868,-2.134320020675659,114.86327362060547,2017-09-25,4.411862778168807,10.519482799112149,7.3636379593785035,220909.1387813551,-2.1,114.9,-2.1_114.9
252,2017,4,24.649999618530273,589.8907104122201,-0.844539999961853,113.8078842163086,2017-09-26,3.6612213065113086,8.729680974704827,6.110776682293379,183323.30046880135,-0.8,113.80000000000001,-0.8_113.80000000000001
253,2017,6,50.54999923706055,983.4474075707834,1.2299083471298218,117.9162826538086,2017-09-26,6.103874054764015,14.553852047431063,10.187696433201744,305630.89299605234,1.2000000000000002,117.9,1.2000000000000002_117.9
254,2017,47,766.8199462890625,33893.354273707744,-0.44103384017944336,114.91841888427734,2017-09-26,210.3628157312719,501.58133489736633,351.1069344281564,10533208.032844692,-0.4,114.9,-0.4_114.9
255,2017,5,35.659996032714844,694.6017717345702,-0.7104560136795044,113.8348388671875,2017-09-26,4.311121977896519,10.279280152539133,7.195496106777393,215864.88320332178,-0.7000000000000001,113.80000000000001,-0.7000000000000001_113.80000000000001
256,2017,3,16.630001068115234,197.40849134773472,-0.7027432918548584,114.03179931640625,2017-09-26,1.2252374242400126,2.9214108999262565,2.0449876299483796,61349.62889845139,-0.7000000000000001,114.0,-0.7000000000000001_114.0
257,2017,4,34.64999771118164,328.7229603563194,-0.7458924651145935,113.91157531738281,2017-09-26,2.0402550593736164,4.864708872878978,3.4052962110152847,102158.88633045854,-0.7000000000000001,113.9,-0.7000000000000001_113.9
258,2017,8,154.67999267578125,4923.64590005069,-0.5749912261962891,114.24418640136719,2017-09-26,30.5591475790245,72.86410377579925,51.00487264305947,1530146.179291784,-0.6000000000000001,114.2,-0.6000000000000001_114.2
259,2017,4,22.459999084472656,1168.6496492333545,-0.5647274851799011,114.16614532470703,2017-09-26,7.253352053349251,17.294624968544927,12.106237477981448,363187.12433944346,-0.6000000000000001,114.2,-0.6000000000000001_114.2
261,2017,3,16.6200008392334,433.61008278307014,-1.7383832931518555,114.9407730102539,2017-09-27,2.691248473287742,6.416913545674203,4.491839481971942,134755.18445915825,-1.7000000000000002,114.9,-1.7000000000000002_114.9
262,2017,8,276.9800109863281,711.6699015328757,-1.1348687410354614,114.4311294555664,2017-09-28,4.417057195008495,10.531868174937278,7.372307722456094,221169.23167368284,-1.1,114.4,-1.1_114.4
263,2017,8,186.3199920654297,1653.3855669214092,-0.5082512497901917,115.35746002197266,2017-09-28,10.261918620926874,24.468140068385082,17.127698047869558,513830.9414360867,-0.5,115.4,-0.5_115.4
265,2017,3,48.369998931884766,157.59242103711708,-0.6098499894142151,114.04068756103516,2017-09-29,0.9781146226944235,2.3321804113918363,1.6325262879742852,48975.78863922856,-0.6000000000000001,114.0,-0.6000000000000001_114.0
266,2017,3,12.40999984741211,755.3523623235562,0.004296666476875544,114.3402099609375,2017-09-29,4.688177172564886,11.178316644393961,7.824821651075772,234744.64953227315,0.0,114.30000000000001,0.0_114.30000000000001
267,2017,4,232.82998657226562,178.87585974356352,-0.2834149897098541,114.13031005859375,2017-09-29,1.1102126162590547,2.6471499924895365,1.8530049947426754,55590.14984228026,-0.30000000000000004,114.10000000000001,-0.30000000000000004_114.10000000000001
268,2017,3,19.779998779296875,550.5799828950323,-2.3735768795013428,114.41626739501953,2017-09-29,3.4172349703647162,8.147928958524085,5.7035502709668595,171106.5081290058,-2.4000000000000004,114.4,-2.4000000000000004_114.4
269,2017,3,31.31999969482422,766.673925364905,-0.8545700907707214,114.30591583251953,2017-09-29,4.758445693662686,11.345862313009285,7.942103619106499,238263.10857319497,-0.9,114.30000000000001,-0.9_114.30000000000001
270,2017,11,122.36000061035156,3604.4921642940717,-0.5546791553497314,115.51708984375,2017-09-29,22.37167542754566,53.342197316723066,37.33953812170614,1120186.1436511842,-0.6000000000000001,115.5,-0.6000000000000001_115.5
271,2017,5,72.0999984741211,395.08363361000846,-0.803846001625061,113.54539489746094,2017-09-30,2.452129846588113,5.846767916267725,4.092737541387407,122782.12624162222,-0.8,113.5,-0.8_113.5
272,2017,3,112.98999786376953,139.9403428833784,-0.8635532855987549,113.50601196289062,2017-09-30,0.8685550661529954,2.0709506478056103,1.449665453463927,43489.963603917815,-0.9,113.5,-0.9_113.5
273,2017,3,43.32999801635742,150.61760542999798,-0.1761133223772049,116.52318572998047,2017-09-30,0.9348246656582683,2.2289614353462683,1.5602730047423878,46808.19014227163,-0.2,116.5,-0.2_116.5
274,2017,6,68.83999633789062,449.85335882729015,-1.77778160572052,115.34171295166016,2017-09-30,2.7920641452265063,6.657294713485806,4.660106299440064,139803.18898320192,-1.8,115.30000000000001,-1.8_115.30000000000001
276,2017,5,80.34000396728516,493.24554691416427,-0.7587980031967163,114.68528747558594,2017-09-30,3.0613825134523616,7.299447492138804,5.1096132444971625,153288.3973349149,-0.8,114.7,-0.8_114.7
277,2017,3,12.380001068115234,193.91790945616307,-0.6297866702079773,114.18621063232422,2017-10-04,1.2035727453970215,2.8697544391757415,2.0088281074230188,60264.843222690564,-0.6000000000000001,114.2,-0.6000000000000001_114.2
278,2017,6,62.459999084472656,3434.464087535361,-0.5304732918739319,115.89608001708984,2017-10-05,21.31637754550389,50.825983990005426,35.5781887930038,1067345.663790114,-0.5,115.9,-0.5_115.9
279,2017,8,104.08999633789062,1163.8092568257002,-0.9906299710273743,115.31538391113281,2017-10-06,7.223309627689767,17.222992917445705,12.056095042211993,361682.8512663598,-1.0,115.30000000000001,-1.0_115.30000000000001
281,2017,5,53.05000305175781,1174.363979054812,0.914198100566864,118.11225891113281,2017-10-06,7.288818667292253,17.379190254020784,12.165433177814549,364962.9953344365,0.9,118.10000000000001,0.9_118.10000000000001
282,2017,3,45.61000061035156,209.97182845160546,0.8976799845695496,117.0825424194336,2017-10-07,1.3032131520717536,3.1073333478621166,2.1751333435034814,65254.00030510444,0.9,117.10000000000001,0.9_117.10000000000001
311,2017,3,17.420000076293945,1380.7052290498627,-1.1428033113479614,115.6102066040039,2017-10-07,8.569498236506242,20.432795358464368,14.302956750925057,429088.70252775174,-1.1,115.60000000000001,-1.1_115.60000000000001
283,2017,12,99.3699951171875,7372.44955221878,-0.8306200504302979,114.22281646728516,2017-10-09,45.7579156703465,109.1034855388734,76.37243987721138,2291173.1963163414,-0.8,114.2,-0.8_114.2
285,2017,3,25.40999984741211,786.937782972308,-0.7005999684333801,114.92926788330078,2017-10-10,4.8842155454586065,11.645743306398478,8.152020314478934,244560.609434368,-0.7000000000000001,114.9,-0.7000000000000001_114.9
286,2017,3,9.119999885559082,173.97145812018655,0.22075001895427704,116.7031478881836,2017-10-11,1.0797729103910838,2.574570681121865,1.8021994767853056,54065.98430355917,0.2,116.7,0.2_116.7
288,2017,4,63.88999938964844,331.30776588821936,-1.8177399635314941,114.54130554199219,2017-10-13,2.056297938028151,4.902960920719113,3.432072644503379,102962.17933510136,-1.8,114.5,-1.8_114.5
289,2017,7,14.920000076293945,2765.8787187136736,-1.9563586711883545,114.24689483642578,2017-10-19,17.16672922193372,40.93171566004633,28.652200962032428,859566.0288609728,-2.0,114.2,-2.0_114.2
290,2017,7,177.52000427246094,459.53697156926336,-0.8531100153923035,115.30537414550781,2017-10-20,2.8521665483820695,6.800600665635721,4.760420465945004,142812.61397835013,-0.9,115.30000000000001,-0.9_115.30000000000001
291,2017,4,34.459999084472656,191.87997375646688,-0.7572675347328186,116.08751678466797,2017-10-20,1.1909240742562033,2.839595414476272,1.9877167901333903,59631.50370400171,-0.8,116.10000000000001,-0.8_116.10000000000001
292,2017,4,122.61000061035156,517.9519979141756,-0.9020799398422241,115.25016784667969,2017-10-20,3.214725807748873,7.665073584295024,5.365551509006517,160966.5452701955,-0.9,115.30000000000001,-0.9_115.30000000000001
293,2017,3,19.360000610351562,293.08609743504354,-0.8272700309753418,115.2270278930664,2017-10-21,1.8190709662499571,4.337325683500342,3.0361279784502395,91083.83935350718,-0.8,115.2,-0.8_115.2
294,2017,4,57.82999801635742,235.7593812179899,-1.2965550422668457,113.97845458984375,2017-10-21,1.4632664228972836,3.48895846043863,2.442270922307041,73268.12766921123,-1.3,114.0,-1.3_114.0
295,2017,6,45.05000305175781,2479.876649075498,-1.0846383571624756,115.10897827148438,2017-10-21,15.391626050137903,36.69922516311704,25.68945761418193,770683.7284254578,-1.1,115.10000000000001,-1.1_115.10000000000001
296,2017,32,892.530029296875,5717.799484501611,-1.1354916095733643,114.32696533203125,2017-10-21,35.488148786726526,84.6166323625441,59.23164265378086,1776949.2796134257,-1.1,114.30000000000001,-1.1_114.30000000000001
297,2017,6,100.80999755859375,435.1750530042148,-1.1742666959762573,114.25884246826172,2017-10-21,2.7009616323807317,6.440073243774821,4.508051270642374,135241.53811927122,-1.2000000000000002,114.30000000000001,-1.2000000000000002_114.30000000000001
298,2017,3,30.630001068115234,150.6564678518832,-1.2165900468826294,115.23474884033203,2017-10-21,0.935065869536406,2.229536552972253,1.5606755870805769,46820.26761241731,-1.2000000000000002,115.2,-1.2000000000000002_115.2
299,2017,6,34.15999984741211,1235.7937202427756,-0.6908400058746338,115.15655517578125,2017-10-21,7.670089084542391,18.288277367046962,12.801794156932873,384053.8247079862,-0.7000000000000001,115.2,-0.7000000000000001_115.2
300,2017,4,52.279998779296875,496.71920708983504,-1.083817481994629,115.55623626708984,2017-10-22,3.0829421658121325,7.350853531618478,5.145597472132934,154367.92416398803,-1.1,115.60000000000001,-1.1_115.60000000000001
301,2017,4,11.859999656677246,146.08822590738612,1.4235899448394775,117.85806274414062,2017-10-22,0.9067125755358892,2.161932005067342,1.5133524035471393,45400.572106414176,1.4000000000000001,117.9,1.4000000000000001_117.9
302,2017,9,64.43000030517578,918.2621621032145,-0.6459721922874451,113.64696502685547,2017-10-22,5.699294688851883,13.58918793737575,9.512431556163024,285372.9466848907,-0.6000000000000001,113.60000000000001,-0.6000000000000001_113.60000000000001
303,2017,4,16.520000457763672,1530.7337719328937,-0.5414624810218811,113.6817855834961,2017-10-22,9.500666820945133,22.65303936867001,15.857127558069006,475713.8267420702,-0.5,113.7,-0.5_113.7
304,2017,3,33.25,138.135693111913,-1.4136799573898315,116.19696044921875,2017-10-23,0.8573543096781855,2.0442439774039727,1.4309707841827808,42929.123525483425,-1.4000000000000001,116.2,-1.4000000000000001_116.2
305,2017,4,20.729999542236328,428.3842522227833,-2.197742462158203,115.95298767089844,2017-10-23,2.658813783515852,6.339577468306095,4.437704227814266,133131.126834428,-2.2,116.0,-2.2_116.0
306,2017,4,38.689998626708984,2798.580924922268,-1.1850924491882324,116.94775390625,2017-10-26,17.36969904672917,41.41566942017682,28.99096859412377,869729.0578237132,-1.2000000000000002,116.9,-1.2000000000000002_116.9
307,2017,4,25.249998092651367,170.58425454619342,-1.4800975322723389,116.39541625976562,2017-10-30,1.0587498603994527,2.5244440965267683,1.7671108675687377,53013.32602706213,-1.5,116.4,-1.5_116.4
308,2017,3,8.069999694824219,291.7440762450148,-1.9979833364486694,114.8595962524414,2017-11-06,1.8107415647388039,4.31746536591362,3.022225756139534,90666.77268418601,-2.0,114.9,-2.0_114.9
309,2017,3,13.079999923706055,125.48993498419354,-1.5814533233642578,113.5633544921875,2017-11-14,0.7788670267341278,1.857101796336012,1.2999712574352082,38999.13772305625,-1.6,113.60000000000001,-1.6_113.60000000000001
310,2017,4,9.210000038146973,170.5800957412325,-0.6391099691390991,117.18278503417969,2017-11-16,1.0587240483209375,2.524382551159289,1.7670677858115023,53012.03357434507,-0.6000000000000001,117.2,-0.6000000000000001_117.2
312,2017,3,53.849998474121094,173.4042212352091,-0.3296433389186859,115.69116973876953,2017-12-02,1.0762522925334685,2.5661762498220773,1.796323374875454,53889.70124626362,-0.30000000000000004,115.7,-0.30000000000000004_115.7
0,2018,16,85.44999694824219,5212.849957436141,-0.7218518853187561,116.91777038574219,2018-01-02,32.35412423849623,77.14397988335986,54.0007859183519,1620023.577550557,-0.7000000000000001,116.9,-0.7000000000000001_116.9
1,2018,527,1049.0,15362.488161858812,0.63344407081604,117.4695053100586,2018-01-02,95.34896547179133,227.34655464736883,159.14258825315818,4774277.647594745,0.6000000000000001,117.5,0.6000000000000001_117.5
2,2018,54,259.760009765625,19269.331396303398,0.5836675763130188,117.29727935791016,2018-01-03,119.59721593356325,285.163188225226,199.6142317576582,5988426.952729746,0.6000000000000001,117.30000000000001,0.6000000000000001_117.30000000000001
3,2018,281,934.0099487304688,48793.211861208154,-2.1431257724761963,115.5870361328125,2018-01-07,302.8404138701196,722.0815072369495,505.4570550658646,15163711.651975939,-2.1,115.60000000000001,-2.1_115.60000000000001
4,2018,266,1391.7099609375,130422.70256193586,-0.7769957184791565,117.08863830566406,2018-01-09,809.4827890048676,1930.1008900935087,1351.070623065456,40532118.69196368,-0.8,117.10000000000001,-0.8_117.10000000000001
5,2018,42,498.4700012207031,19341.01593920064,-0.8796154856681824,114.70896911621094,2018-01-09,120.0421339008584,286.22403420782024,200.35682394547416,6010704.718364225,-0.9,114.7,-0.9_114.7
6,2018,6,4.960000038146973,164.4958483174015,0.1941383332014084,117.34771728515625,2018-01-22,1.0209615002607213,2.434342925100255,1.7040400475701785,51121.201427105356,0.2,117.30000000000001,0.2_117.30000000000001
7,2018,18,125.33999633789062,5329.407333638969,-1.3502943515777588,113.83848571777344,2018-01-24,33.077550360746294,78.8688904329569,55.20822330306983,1656246.6990920948,-1.4000000000000001,113.80000000000001,-1.4000000000000001_113.80000000000001
8,2018,8,32.01000213623047,3100.9715209241685,-0.5499100089073181,117.36444091796875,2018-01-25,19.246519402481425,45.89069061690452,32.123483431833165,963704.5029549949,-0.5,117.4,-0.5_117.4
9,2018,97,1739.1600341796875,47091.166754140824,0.7269144654273987,116.63688659667969,2018-01-25,292.27648448346497,696.8932638437419,487.8252846906193,14634758.54071858,0.7000000000000001,116.60000000000001,0.7000000000000001_116.60000000000001
10,2018,231,2221.93017578125,109679.90152033592,1.1828969717025757,117.07997131347656,2018-01-25,680.7403223246237,1623.1321034713158,1136.192472429921,34085774.17289763,1.2000000000000002,117.10000000000001,1.2000000000000002_117.10000000000001
11,2018,21,44.7599983215332,5673.802820848353,-0.5287095308303833,117.27268981933594,2018-01-25,35.21507867468805,83.96553406439334,58.77587384507533,1763276.21535226,-0.5,117.30000000000001,-0.5_117.30000000000001
12,2018,6,31.940000534057617,909.8813846469643,-2.031214952468872,116.41559600830078,2018-01-25,5.647278475600261,13.46516239803146,9.425613678622021,282768.4103586606,-2.0,116.4,-2.0_116.4
13,2018,178,827.0700073242188,65423.76613528511,-2.4090938568115234,115.34980773925781,2018-01-25,406.0597705621315,968.1939322720092,677.7357525904064,20332072.577712193,-2.4000000000000004,115.30000000000001,-2.4000000000000004_115.30000000000001
14,2018,86,690.2699584960938,54056.407694103254,-1.3371293544769287,115.2562026977539,2018-01-25,335.5070152991729,799.9705462022566,559.9793823415796,16799381.470247388,-1.3,115.30000000000001,-1.3_115.30000000000001
15,2018,139,1220.830078125,85887.40843664807,-0.20982517302036285,117.2716293334961,2018-01-27,533.0696079440767,1271.031501533843,889.7220510736901,26691661.5322107,-0.2,117.30000000000001,-0.2_117.30000000000001
16,2018,116,663.2999877929688,52463.847278001675,-1.4502131938934326,114.40354919433594,2018-01-28,325.6226146391539,776.4025460284705,543.4817822199293,16304453.46659788,-1.5,114.4,-1.5_114.4
17,2018,20,158.12001037597656,7704.641961598524,-1.3737260103225708,114.01234436035156,2018-01-28,47.819704245102216,114.01953813118702,79.8136766918309,2394410.300754927,-1.4000000000000001,114.0,-1.4000000000000001_114.0
18,2018,4,48.22999954223633,653.969543088904,-1.1568149328231812,114.809814453125,2018-01-29,4.058933600248403,9.677971491278715,6.7745800438951,203237.401316853,-1.2000000000000002,114.80000000000001,-1.2000000000000002_114.80000000000001
19,2018,3,37.160003662109375,169.19815900575804,-0.7481433749198914,115.67005157470703,2018-01-29,1.0501469066049167,2.5039315309703345,1.752752071679234,52582.562150377016,-0.7000000000000001,115.7,-0.7000000000000001_115.7
20,2018,687,4838.1796875,418861.6031571513,-0.4657423198223114,116.13777160644531,2018-01-29,2599.7104190482914,6198.6535871367405,4339.057510995718,130171725.32987154,-0.5,116.10000000000001,-0.5_116.10000000000001
21,2018,40,146.739990234375,8544.816511462943,0.08381174504756927,117.45849609375,2018-01-31,53.034339615444935,126.45312227469257,88.5171855922848,2655515.567768544,0.1,117.5,0.1_117.5
22,2018,326,2180.280029296875,55525.48176433505,-2.3904852867126465,114.83960723876953,2018-01-31,344.6249844277549,821.7110953157912,575.1977667210538,17255933.001631614,-2.4000000000000004,114.80000000000001,-2.4000000000000004_114.80000000000001
23,2018,61,387.1199951171875,31752.667028657506,-2.3111116886138916,116.03128814697266,2018-01-31,197.076405869557,469.9017095259998,328.93119666819985,9867935.900045995,-2.3000000000000003,116.0,-2.3000000000000003_116.0
24,2018,380,1838.9100341796875,67873.56662777002,-2.2674081325531006,114.00065612792969,2018-02-01,421.26472565206655,1004.44806608626,703.113646260382,21093409.38781146,-2.3000000000000003,114.0,-2.3000000000000003_114.0
25,2018,5,12.069999694824219,271.960310863832,0.18229201436042786,117.4886474609375,2018-02-01,1.6879514579307295,4.024689166513145,2.8172824165592014,84518.47249677604,0.2,117.5,0.2_117.5
26,2018,25,278.9000244140625,5804.291195721838,1.1794908046722412,117.72001647949219,2018-02-02,36.02496906608782,85.89660682659567,60.12762477861697,1803828.7433585091,1.2000000000000002,117.7,1.2000000000000002_117.7
27,2018,194,431.3599853515625,13354.209715883953,-1.8704484701156616,115.86013793945312,2018-02-02,82.88436532463456,197.62642203248961,138.3384954227427,4150154.8626822815,-1.9000000000000001,115.9,-1.9000000000000001_115.9
28,2018,6,7.350000381469727,950.1625900059719,-2.2032463550567627,115.50833892822266,2018-02-02,5.897288188771193,14.061276332110836,9.842893432477585,295286.8029743275,-2.2,115.5,-2.2_115.5
29,2018,171,2079.2001953125,103881.01137093817,0.8429516553878784,116.8523941040039,2018-02-03,644.7488754441376,1537.3154257070137,1076.1207979949095,32283623.939847283,0.8,116.9,0.8_116.9
30,2018,45,36.150001525878906,1380.3121379651245,-1.5541812181472778,113.6685791015625,2018-02-03,8.567058473632477,20.426978077901726,14.298884654531207,428966.5396359362,-1.6,113.7,-1.6_113.7
31,2018,49,379.0899963378906,17117.614941531734,2.26540470123291,117.50837707519531,2018-02-04,106.24235207365291,253.32034366669203,177.3242405666844,5319727.217000532,2.3000000000000003,117.5,2.3000000000000003_117.5
32,2018,166,1426.579833984375,70070.01836503754,0.7757769823074341,117.12970733642578,2018-02-04,434.8972439427649,1036.952939623398,725.8670577363785,21776011.732091352,0.8,117.10000000000001,0.8_117.10000000000001
33,2018,18,126.63999938964844,9698.303879561223,0.3188416659832001,117.49504852294922,2018-02-06,60.19358531016336,143.5233635144863,100.46635446014041,3013990.6338042123,0.30000000000000004,117.5,0.30000000000000004_117.5
34,2018,17,167.82000732421875,5286.992384032231,1.3802863359451294,117.64250183105469,2018-02-10,32.814297330186996,78.2411996216094,54.768839735126576,1643065.1920537972,1.4000000000000001,117.60000000000001,1.4000000000000001_117.60000000000001
35,2018,20,83.24000549316406,15502.66096166502,-1.9534025192260742,116.10820007324219,2018-02-14,96.21896330729751,229.42094538117826,160.59466176682477,4817839.853004743,-2.0,116.10000000000001,-2.0_116.10000000000001
36,2018,20,160.33001708984375,4099.595810517097,-1.0426104068756104,116.88722229003906,2018-02-17,25.44459043788115,60.66914246885102,42.46839972819571,1274051.9918458713,-1.0,116.9,-1.0_116.9
135,2018,6,26.19999885559082,3088.7973389196864,-0.9186732769012451,116.90691375732422,2018-02-20,19.170959008399258,45.710527201629084,31.997369041140356,959921.0712342106,-0.9,116.9,-0.9_116.9
37,2018,6,103.29000091552734,1384.166740621464,-2.47802996635437,115.47677612304688,2018-02-20,8.590982487224185,20.484021613051784,14.338815129136247,430164.4538740874,-2.5,115.5,-2.5_115.5
38,2018,25,25.42999839782715,790.7069190445202,1.0652679204940796,117.67556762695312,2018-02-20,4.907609101334542,11.70152203774631,8.191065426422416,245731.96279267248,1.1,117.7,1.1_117.7
39,2018,290,2192.159912109375,63689.27713361644,-1.597509741783142,116.35607147216797,2018-02-22,395.29447458996543,942.5255578232562,659.7678904762794,19793036.71428838,-1.6,116.4,-1.6_116.4
40,2018,141,2647.2099609375,98546.47553830477,-0.9361070394515991,114.06197357177734,2018-02-22,611.639494492644,1458.37063958811,1020.8594477116769,30625783.43135031,-0.9,114.10000000000001,-0.9_114.10000000000001
41,2018,5,32.29999923706055,749.7123421956907,-1.2828279733657837,113.99263000488281,2018-02-22,4.653171769874507,11.094851054008965,7.766395737806275,232991.87213418825,-1.3,114.0,-1.3_114.0
42,2018,4,25.40999984741211,235.82424860398416,0.27503249049186707,116.21908569335938,2018-02-23,1.4636690294335586,3.4899184206065015,2.442942894424551,73288.28683273653,0.30000000000000004,116.2,0.30000000000000004_116.2
43,2018,83,2353.330078125,35698.59473353846,-0.652775764465332,115.10264587402344,2018-02-23,221.56723837812083,528.2967467843224,369.8077227490257,11094231.68247077,-0.7000000000000001,115.10000000000001,-0.7000000000000001_115.10000000000001
44,2018,16,94.47000122070312,5062.907899677964,1.215658187866211,117.62227630615234,2018-02-24,31.4234924334577,74.92501575014788,52.44751102510351,1573425.3307531052,1.2000000000000002,117.60000000000001,1.2000000000000002_117.60000000000001
45,2018,349,3252.150146484375,120085.02686023722,2.05977463722229,117.21101379394531,2018-03-03,745.3208724484695,1777.1155839971923,1243.9809087980345,37319427.263941035,2.1,117.2,2.1_117.2
46,2018,95,1465.939697265625,24061.66806973407,2.2638354301452637,117.17271423339844,2018-03-04,149.341378414913,356.08407160918875,249.25885012643212,7477765.503792964,2.3000000000000003,117.2,2.3000000000000003_117.2
47,2018,9,32.40999984741211,7972.64088519094,-0.3670944571495056,116.90106964111328,2018-03-04,49.48306891903135,117.98560347724272,82.5899224340699,2477697.673022097,-0.4,116.9,-0.4_116.9
48,2018,322,2509.580078125,110413.2526754341,1.6281495094299316,118.05757141113281,2018-03-06,685.291946594692,1633.9848284141526,1143.7893798899067,34313681.3966972,1.6,118.10000000000001,1.6_118.10000000000001
49,2018,50,378.030029296875,31678.105721797423,-0.8857919573783875,115.77154541015625,2018-03-06,196.61363295162664,468.798290858005,328.15880360060345,9844764.108018104,-0.9,115.80000000000001,-0.9_115.80000000000001
50,2018,18,223.3199920654297,3358.1569915035434,0.33359166979789734,116.38605499267578,2018-03-08,20.84276919585813,49.69672971848377,34.78771080293864,1043631.3240881593,0.30000000000000004,116.4,0.30000000000000004_116.4
51,2018,7,53.27000045776367,2509.8031158900826,-1.505021333694458,116.12098693847656,2018-03-10,15.57736794435013,37.142101281320116,25.99947089692408,779984.1269077224,-1.5,116.10000000000001,-1.5_116.10000000000001
52,2018,5,44.97999954223633,1417.886444983265,2.1089818477630615,117.77732849121094,2018-03-10,8.80026752575686,20.98303313576958,14.688123195038706,440643.6958511612,2.1,117.80000000000001,2.1_117.80000000000001
53,2018,7,34.119998931884766,151.06674825745287,-0.6895771026611328,117.49724578857422,2018-03-10,0.9376123198127055,2.235608215040456,1.5649257505283192,46947.772515849574,-0.7000000000000001,117.5,-0.7000000000000001_117.5
54,2018,1133,8598.3603515625,240969.88753869748,0.1511520892381668,116.7551040649414,2018-03-11,1495.6060010977192,3566.067757285625,2496.247430099937,74887422.9029981,0.2,116.80000000000001,0.2_116.80000000000001
55,2018,16,114.82999420166016,1567.527651602393,0.23617812991142273,116.48017120361328,2018-03-11,9.72903206524784,23.197545029916906,16.238281520941833,487148.44562825497,0.2,116.5,0.2_116.5
56,2018,3,9.279999732971191,391.8117947821545,-0.44609999656677246,116.82745361328125,2018-03-11,2.43182282052961,5.798348592715642,4.058844014900949,121765.32044702845,-0.4,116.80000000000001,-0.4_116.80000000000001
57,2018,38,615.4199829101562,16345.37356057595,-0.7117019891738892,114.1911392211914,2018-03-11,101.44935135704684,241.89208963214628,169.3244627425024,5079733.882275072,-0.7000000000000001,114.2,-0.7000000000000001_114.2
58,2018,116,965.5699462890625,24306.938648476345,2.228081226348877,117.95928192138672,2018-03-11,150.86367712703216,359.71378448160374,251.7996491371226,7553989.474113678,2.2,118.0,2.2_118.0
59,2018,45,91.78999328613281,271.03668069554067,0.9861395955085754,117.66539764404297,2018-03-12,1.6822188461234988,4.011020538468195,2.807714376927736,84231.43130783208,1.0,117.7,1.0_117.7
60,2018,7,20.530000686645508,2209.2336545458375,-0.43768855929374695,117.40556335449219,2018-03-12,13.71185066032446,32.694030711704684,22.885821498193277,686574.6449457983,-0.4,117.4,-0.4_117.4
61,2018,3,19.760000228881836,259.6871536623624,0.3346099853515625,116.47589111328125,2018-03-13,1.6117767634474371,3.843061036030534,2.690142725221374,80704.28175664121,0.30000000000000004,116.5,0.30000000000000004_116.5
62,2018,3,15.960000038146973,137.58947579414797,-0.8254733681678772,116.93851470947266,2018-03-13,0.8539641520668046,2.036160610700985,1.4253124274906894,42759.37282472068,-0.8,116.9,-0.8_116.9
63,2018,13,50.60000228881836,1438.7785094286476,0.48801618814468384,116.50926208496094,2018-03-14,8.929936412101908,21.29221084325325,14.904547590277275,447136.4277083182,0.5,116.5,0.5_116.5
64,2018,8,4.869999885559082,152.41796737179348,-2.1418585777282715,115.44949340820312,2018-03-16,0.9459988092485743,2.255604650968179,1.578923255677725,47367.69767033175,-2.1,115.4,-2.1_115.4
65,2018,33,239.70999145507812,11503.423506851052,1.8521106243133545,117.23562622070312,2018-03-17,71.39725799661217,170.2369872235398,119.16589105647786,3574976.731694336,1.9000000000000001,117.2,1.9000000000000001_117.2
66,2018,9,42.269996643066406,1862.8214583582546,-0.45647111535072327,117.59383392333984,2018-03-19,11.561805421213876,27.567542185802626,19.297279530061836,578918.3859018551,-0.5,117.60000000000001,-0.5_117.60000000000001
67,2018,6,73.91000366210938,2315.4068128618947,-0.1858866661787033,117.0658950805664,2018-03-19,14.370825996848584,34.265267186217585,23.98568703035231,719570.6109105693,-0.2,117.10000000000001,-0.2_117.10000000000001
68,2018,74,422.7300109863281,39545.74270674859,2.0407543182373047,117.61219787597656,2018-03-20,245.44498366245637,585.2299614897001,409.6609730427901,12289829.191283703,2.0,117.60000000000001,2.0_117.60000000000001
69,2018,4,31.0,455.44884495388095,-0.18665999174118042,117.4135971069336,2018-03-21,2.826793142760044,6.740101253614893,4.718070877530424,141542.12632591272,-0.2,117.4,-0.2_117.4
70,2018,3,55.86000061035156,246.02474404499344,-1.8001066446304321,114.25017547607422,2018-03-23,1.5269795216762603,3.6408736219890003,2.5486115353923,76458.346061769,-1.8,114.30000000000001,-1.8_114.30000000000001
71,2018,37,455.1400146484375,10828.031160095232,1.4668340682983398,117.22596740722656,2018-03-23,67.20536141890695,160.24198371549102,112.1693886008437,3365081.6580253113,1.5,117.2,1.5_117.2
72,2018,14,67.41000366210938,10393.457288595371,-1.2098685503005981,116.78739166259766,2018-03-29,64.50813108538205,153.81080724301344,107.6675650701094,3230026.9521032823,-1.2000000000000002,116.80000000000001,-1.2000000000000002_116.80000000000001
73,2018,40,63.97999572753906,3956.109014411207,0.8203014135360718,117.547607421875,2018-04-07,24.55402392134995,58.5457085310431,40.981995971730164,1229459.879151905,0.8,117.5,0.8_117.5
273,2018,3,18.209999084472656,791.9839260614755,-1.2491233348846436,114.9576644897461,2018-04-09,4.9155349852593355,11.720420222890958,8.20429415602367,246128.8246807101,-1.2000000000000002,115.0,-1.2000000000000002_115.0
74,2018,141,902.1099853515625,101363.38869741469,-0.18924035131931305,116.44481658935547,2018-04-10,629.1229745588385,1500.0576042722857,1050.0403229905999,31501209.689717997,-0.2,116.4,-0.2_116.4
75,2018,4,10.619999885559082,1557.1352993784667,-1.2005150318145752,116.93016052246094,2018-04-10,9.664530792867367,23.043750576316775,16.130625403421742,483918.7621026523,-1.2000000000000002,116.9,-1.2000000000000002_116.9
76,2018,15,244.98997497558594,9635.272705592122,0.09369533509016037,116.15779113769531,2018-04-11,59.80237542494779,142.59057710083545,99.8134039705848,2994402.119117544,0.1,116.2,0.1_116.2
77,2018,4,2.3999998569488525,111.72885001997685,-2.1361775398254395,116.01541900634766,2018-04-12,0.6934573456145608,1.6534541045127735,1.1574178731589413,34722.53619476824,-2.1,116.0,-2.1_116.0
78,2018,9,48.59000015258789,1953.8866621643294,-2.035323143005371,116.31403350830078,2018-04-14,12.127011583256344,28.915198901006665,20.240639230704666,607219.1769211399,-2.0,116.30000000000001,-2.0_116.30000000000001
79,2018,10,66.02000427246094,476.0848159611822,-0.27309101819992065,116.03328704833984,2018-04-14,2.954872557131028,7.045489082779231,4.931842357945461,147955.27073836385,-0.30000000000000004,116.0,-0.30000000000000004_116.0
80,2018,31,246.1099853515625,8813.694971437106,-1.6689201593399048,114.32402801513672,2018-04-15,54.7031632282654,130.4322037131918,91.30254259923426,2739076.277977028,-1.7000000000000002,114.30000000000001,-1.7000000000000002_114.30000000000001
81,2018,45,500.73004150390625,33057.110328803676,-0.1016399934887886,115.50873565673828,2018-04-15,205.17257609114546,489.2059190327229,342.444143322906,10273324.299687179,-0.1,115.5,-0.1_115.5
82,2018,41,384.90997314453125,6694.320221925726,0.4549444317817688,115.2496566772461,2018-04-15,41.54903170452818,99.06797792948632,69.34758455064042,2080427.5365192126,0.5,115.2,0.5_115.2
83,2018,3,14.589999198913574,226.35032313376706,0.6832833290100098,117.31359100341797,2018-04-15,1.4048680732977685,3.34971559070377,2.344800913492639,70344.02740477918,0.7000000000000001,117.30000000000001,0.7000000000000001_117.30000000000001
84,2018,18,256.5500183105469,7222.65049459546,-2.4213218688964844,115.90013122558594,2018-04-17,44.828171411308155,106.88663763759153,74.82064634631406,2244619.390389422,-2.4000000000000004,115.9,-2.4000000000000004_115.9
85,2018,34,54.52000427246094,7050.079499452557,-0.6426687836647034,117.21649169921875,2018-04-20,43.757090627782105,104.33279214300468,73.03295450010327,2190988.6350030983,-0.6000000000000001,117.2,-0.6000000000000001_117.2
86,2018,6,12.710000038146973,155.33632822642025,-0.5482099652290344,117.0366439819336,2018-04-22,0.9641119355488368,2.298792920897291,1.6091550446281035,48274.651338843105,-0.5,117.0,-0.5_117.0
87,2018,6,100.16000366210938,869.0890365732281,-0.2623366415500641,116.81407928466797,2018-04-29,5.394096299183512,12.861484159660858,9.0030389117626,270091.16735287796,-0.30000000000000004,116.80000000000001,-0.30000000000000004_116.80000000000001
88,2018,15,95.30000305175781,1758.7142937229942,-1.0828473567962646,117.06983947753906,2018-04-30,10.915652900763538,26.026879960740963,18.218815972518673,546564.4791755602,-1.1,117.10000000000001,-1.1_117.10000000000001
89,2018,21,212.52999877929688,10115.051107965142,-1.7066255807876587,113.70283508300781,2018-05-03,62.78017263071248,149.69072686983793,104.78350880888655,3143505.2642665966,-1.7000000000000002,113.7,-1.7000000000000002_113.7
90,2018,11,55.529998779296875,3732.8725737399236,-2.356638193130493,115.55475616455078,2018-05-04,23.16848250062762,55.24207469753671,38.66945228827569,1160083.5686482708,-2.4000000000000004,115.60000000000001,-2.4000000000000004_115.60000000000001
91,2018,46,385.84002685546875,13202.649861846328,2.3598246574401855,117.97547149658203,2018-05-05,81.943692489786,195.3835164383386,136.768461506837,4103053.8452051105,2.4000000000000004,118.0,2.4000000000000004_118.0
139,2018,8,21.43000030517578,2299.3749154007587,-1.582168698310852,113.8715591430664,2018-05-05,14.271322269238603,34.028014170049396,23.819609919034576,714588.2975710373,-1.6,113.9,-1.6_113.9
92,2018,62,679.199951171875,36867.36665343274,-2.4070281982421875,115.68584442138672,2018-05-06,228.82134931771978,545.5931812132362,381.9152268492653,11457456.80547796,-2.4000000000000004,115.7,-2.4000000000000004_115.7
93,2018,7,40.170005798339844,1139.760377480344,0.5222899913787842,116.41117095947266,2018-05-06,7.074047623893489,16.86709810374806,11.806968672623642,354209.0601787093,0.5,116.4,0.5_116.4
94,2018,9,40.23999786376953,1405.5004686534865,-0.6492811441421509,115.75244140625,2018-05-06,8.723392606996331,20.799735416360416,14.55981479145229,436794.44374356867,-0.6000000000000001,115.80000000000001,-0.6000000000000001_115.80000000000001
95,2018,17,91.40000915527344,7875.533864825481,-1.1110434532165527,113.72309112548828,2018-05-06,48.88036356073643,116.5485350623117,81.58397454361818,2447519.2363085453,-1.1,113.7,-1.1_113.7
96,2018,111,1747.880126953125,59714.597491201115,-0.8968888521194458,115.1114273071289,2018-05-06,370.62519003181643,883.7050260832452,618.5935182582716,18557805.54774815,-0.9,115.10000000000001,-0.9_115.10000000000001
97,2018,4,16.56999969482422,581.2012158185937,1.004770040512085,117.81246185302734,2018-05-07,3.6072890065319316,8.601086788875437,6.020760752212805,180622.82256638416,1.0,117.80000000000001,1.0_117.80000000000001
98,2018,8,122.31999969482422,1544.2282735034905,1.3449912071228027,118.44829559326172,2018-05-07,9.584421923032592,22.85274194330734,15.996919360315136,479907.5808094541,1.3,118.4,1.3_118.4
99,2018,3,23.790000915527344,567.3668980943036,0.3649100065231323,116.54032135009766,2018-05-07,3.521424798265585,8.396355339296644,5.877448737507651,176323.46212522953,0.4,116.5,0.4_116.5
100,2018,3,4.450000286102295,532.784148612637,-0.40483999252319336,116.5349349975586,2018-05-07,3.30678317566478,7.8845717751986095,5.519200242639027,165576.0072791708,-0.4,116.5,-0.4_116.5
101,2018,6,45.34000015258789,4053.4230279500202,-1.9183200597763062,115.1927261352539,2018-05-07,25.15801400544782,59.985840198768955,41.990088139138265,1259702.6441741479,-1.9000000000000001,115.2,-1.9000000000000001_115.2
102,2018,3,16.619998931884766,454.2839613831846,-0.14689333736896515,117.3663330078125,2018-05-09,2.8195631652856434,6.72286236212981,4.706003653490867,141180.109604726,-0.1,117.4,-0.1_117.4
103,2018,6,25.05000114440918,149.57959973291307,0.8849299550056458,118.3292007446289,2018-05-09,0.9283821696037167,2.2136001854985716,1.549520129849,46485.60389547,0.9,118.30000000000001,0.9_118.30000000000001
225,2018,3,13.039999961853027,1133.3205152631178,0.858066737651825,118.50031280517578,2018-05-09,7.034077913666608,16.771795801668826,11.740257061168178,352207.7118350453,0.9,118.5,0.9_118.5
104,2018,9,18.75,3210.0234205735333,-0.1549111008644104,116.03714752197266,2018-05-15,19.923361962407107,47.50452903954932,33.25317032768452,997595.1098305357,-0.2,116.0,-0.2_116.0
105,2018,53,422.0,66814.40932648216,-1.8665729761123657,115.36430358886719,2018-05-19,414.6909498492364,988.7737976513306,692.1416583559313,20764249.75067794,-1.9000000000000001,115.4,-1.9000000000000001_115.4
106,2018,26,115.48999786376953,11530.170505055585,0.8846411108970642,117.71772003173828,2018-05-24,71.56326617064023,170.6328109875611,119.44296769129276,3583289.030738783,0.9,117.7,0.9_117.7
107,2018,29,198.11000061035156,5746.180434933491,-0.05749930441379547,116.1256332397461,2018-05-26,35.66429826422487,85.03663667631959,59.52564567342371,1785769.3702027113,-0.1,116.10000000000001,-0.1_116.10000000000001
108,2018,12,75.91999816894531,2206.966277451715,-0.15364833176136017,116.2099838256836,2018-05-29,13.697777936037793,32.6604762272355,22.86233335906485,685870.0007719455,-0.2,116.2,-0.2_116.2
109,2018,88,580.8699951171875,10402.940716259816,-1.775576114654541,114.43737030029297,2018-06-02,64.56699101792711,153.95115069409007,107.76580548586304,3232974.164575891,-1.8,114.4,-1.8_114.4
110,2018,6,191.83999633789062,1667.268611625974,-1.0790683031082153,115.0540771484375,2018-06-04,10.348085258533494,24.6735926193224,17.27151483352568,518145.44500577037,-1.1,115.10000000000001,-1.1_115.10000000000001
111,2018,4,8.59000015258789,922.0096325971704,-0.580145001411438,117.1568832397461,2018-06-05,5.7225537749432815,13.644646043931614,9.551252230752128,286537.5669225638,-0.6000000000000001,117.2,-0.6000000000000001_117.2
112,2018,8,49.47999954223633,3334.181303348211,-1.1265462636947632,113.84199523925781,2018-06-05,20.693961461199564,49.34191804735439,34.539342633148074,1036180.2789944422,-1.1,113.80000000000001,-1.1_113.80000000000001
113,2018,5,23.3700008392334,620.5212726607876,-0.5034099817276001,116.16670989990234,2018-06-05,3.8513332461560417,9.182976867971185,6.428083807579829,192842.51422739486,-0.5,116.2,-0.5_116.2
114,2018,20,124.20999908447266,15244.732006468981,-1.1049078702926636,113.54927062988281,2018-06-06,94.61809899521158,225.6039035914764,157.92273251403347,4737681.975421004,-1.1,113.5,-1.1_113.5
115,2018,55,358.16998291015625,36685.48425949163,0.9038892984390259,117.90123748779297,2018-06-06,227.69247631764975,542.9015380902042,380.0310766631429,11400932.299894288,0.9,117.9,0.9_117.9
126,2018,19,76.9699935913086,6304.655231214324,-2.178112030029297,115.16485595703125,2018-06-07,39.13053325860899,93.30139948388785,65.31097963872149,1959329.3891616447,-2.2,115.2,-2.2_115.2
116,2018,7,87.24000549316406,989.4182790527009,1.6096670627593994,117.25397491455078,2018-06-08,6.140932922622369,14.642213844384397,10.249549691069078,307486.4907320723,1.6,117.30000000000001,1.6_117.30000000000001
117,2018,13,279.67999267578125,1478.0408614710282,1.326635479927063,116.91650390625,2018-06-10,9.173622500565413,21.873246959938356,15.311272871956849,459338.18615870544,1.3,116.9,1.3_116.9
118,2018,13,234.36000061035156,4597.052945594015,-0.36031386256217957,114.95812225341797,2018-06-13,28.53211263457238,68.03091645708263,47.621641519957834,1428649.245598735,-0.4,115.0,-0.4_115.0
119,2018,86,2029.4300537109375,60279.702857633376,-0.8226099014282227,113.83084106445312,2018-06-13,374.13257838610986,892.0679134435159,624.4475394104611,18733426.182313833,-0.8,113.80000000000001,-0.8_113.80000000000001
120,2018,99,443.3600158691406,2889.950161078676,-2.4779205322265625,114.41251373291016,2018-06-14,17.936792218855476,42.76782545258921,29.937477816812443,898124.3345043733,-2.5,114.4,-2.5_114.4
121,2018,3,19.96000099182129,638.2357391593802,0.2554466724395752,116.34867095947266,2018-06-14,3.9612800227933707,9.445129904864652,6.611590933405256,198347.72800215767,0.30000000000000004,116.30000000000001,0.30000000000000004_116.30000000000001
122,2018,8,58.77000045776367,945.0621209425803,0.7843374609947205,116.95181274414062,2018-06-14,5.86563156886097,13.985795455808097,9.790056819065667,293701.70457197,0.8,117.0,0.8_117.0
123,2018,244,4095.660400390625,173576.69069068556,-0.4973519742488861,114.53331756591797,2018-06-15,1077.322743099933,2568.7285926503587,1798.110014855251,53943300.44565753,-0.5,114.5,-0.5_114.5
124,2018,96,734.5700073242188,30111.342230905688,-1.998268485069275,114.92086029052734,2018-06-16,186.88934373353013,445.6120544978123,311.9284381484686,9357853.144454058,-2.0,114.9,-2.0_114.9
125,2018,5,41.97999954223633,1340.5787191017305,-2.1540839672088623,116.4742431640625,2018-06-17,8.320448657347118,19.838970732491315,13.88727951274392,416618.3853823176,-2.2,116.5,-2.2_116.5
127,2018,6,18.469999313354492,3039.2954317027024,-0.1802983283996582,116.876708984375,2018-06-18,18.86371999917818,44.97795784595686,31.484570492169798,944537.1147650939,-0.2,116.9,-0.2_116.9
128,2018,4,20.420000076293945,862.7045557329175,1.3071625232696533,118.6044921875,2018-06-18,5.35447031953853,12.767001436096557,8.93690100526759,268107.0301580277,1.3,118.60000000000001,1.3_118.60000000000001
129,2018,67,989.4500122070312,52270.45082720463,-1.1036133766174316,115.29363250732422,2018-06-18,324.4222783840415,773.5405085572946,541.4783559901063,16244350.679703187,-1.1,115.30000000000001,-1.1_115.30000000000001
130,2018,8,35.27000045776367,3200.3404931873815,-0.1801450103521347,116.96105194091797,2018-06-23,19.86326381298752,47.36123322985049,33.152863260895344,994585.8978268603,-0.2,117.0,-0.2_117.0
131,2018,8,43.40999984741211,744.4832520853205,0.3216949999332428,116.28794860839844,2018-06-24,4.620716849347997,11.01746673917611,7.712226717423276,231366.80152269828,0.30000000000000004,116.30000000000001,0.30000000000000004_116.30000000000001
132,2018,16,184.07000732421875,3410.6292308019683,-1.184951901435852,114.24922943115234,2018-07-09,21.16844389649124,50.47325645643413,35.33127951950389,1059938.3855851167,-1.2000000000000002,114.2,-1.2000000000000002_114.2
133,2018,38,213.84002685546875,8242.962733137183,-2.19332218170166,114.39836120605469,2018-07-09,51.16085107739875,121.98604534115053,85.39023173880537,2561706.952164161,-2.2,114.4,-2.2_114.4
134,2018,291,1365.550048828125,12504.803611414547,-2.4506068229675293,114.52993774414062,2018-07-10,77.61243329947864,185.05622185964228,129.5393553017496,3886180.659052488,-2.5,114.5,-2.5_114.5
136,2018,6,9.410000801086426,593.3510977584177,-1.2694400548934937,114.22220611572266,2018-07-12,3.6826985796011455,8.780890592093279,6.146623414465295,184398.70243395885,-1.3,114.2,-1.3_114.2
137,2018,26,75.18999481201172,6063.670937245753,-2.101689338684082,116.11992645263672,2018-07-13,37.634837842426286,89.73511852857324,62.81458297000126,1884437.4891000378,-2.1,116.10000000000001,-2.1_116.10000000000001
138,2018,13,61.78999710083008,4744.520331041495,0.6476345658302307,116.99574279785156,2018-07-13,29.447385114856967,70.21325838315013,49.14928086820509,1474478.4260461526,0.6000000000000001,117.0,0.6000000000000001_117.0
140,2018,49,388.6000061035156,27644.96194828509,0.8143720030784607,114.53643798828125,2018-07-14,171.58148436008838,409.11255950740247,286.3787916551817,8591363.749655452,0.8,114.5,0.8_114.5
141,2018,7,143.11000061035156,4833.353916103283,-1.6945871114730835,115.16993713378906,2018-07-14,29.998740490727734,71.52788979493621,50.06952285645535,1502085.6856936605,-1.7000000000000002,115.2,-1.7000000000000002_115.2
142,2018,12,64.08999633789062,1736.1841172926672,-2.2876384258270264,114.56594848632812,2018-07-14,10.77581689295706,25.693460144037754,17.985422100826426,539562.6630247928,-2.3000000000000003,114.60000000000001,-2.3000000000000003_114.60000000000001
143,2018,113,1867.139892578125,28641.613331151526,0.21236875653266907,115.45404815673828,2018-07-15,177.76731033379227,423.86181468611585,296.70327028028106,8901098.108408432,0.2,115.5,0.2_115.5
144,2018,4,14.000000953674316,1189.2991231758122,-0.06523749977350235,117.42095947265625,2018-07-15,7.381515275166297,17.600212625090943,12.320148837563659,369604.4651269098,-0.1,117.4,-0.1_117.4
145,2018,7,20.809999465942383,738.2869235340668,-1.970777153968811,113.65792083740234,2018-07-15,4.58225865749388,10.925768445725955,7.648037912008168,229441.13736024505,-2.0,113.7,-2.0_113.7
146,2018,4,16.239999771118164,315.9310300739811,1.0473074913024902,118.00997924804688,2018-07-15,1.9608605429412824,4.675403517760835,3.2727824624325845,98183.47387297754,1.0,118.0,1.0_118.0
147,2018,19,118.81999969482422,2420.8510329699816,-1.9706417322158813,114.26385498046875,2018-07-16,15.02527709854235,35.82571624215696,25.07800136950987,752340.0410852961,-2.0,114.30000000000001,-2.0_114.30000000000001
148,2018,3,60.28999710083008,350.021038529932,0.9911100268363953,113.63582611083984,2018-07-16,2.1724439143947154,5.179895100680458,3.62592657047632,108777.7971142896,1.0,113.60000000000001,1.0_113.60000000000001
149,2018,82,1484.7598876953125,33462.85939755996,1.76289701461792,114.93822479248047,2018-07-16,207.69090212918312,495.21052270507215,346.6473658935505,10399420.976806516,1.8,114.9,1.8_114.9
150,2018,33,251.00997924804688,7721.5684350872825,-0.20701302587985992,115.31246185302734,2018-07-16,47.92476025681299,114.27002980867148,79.98902086607004,2399670.625982101,-0.2,115.30000000000001,-0.2_115.30000000000001
151,2018,20,159.1199951171875,2529.0773609248704,-2.086557388305664,113.7322006225586,2018-07-17,15.69699565731915,37.427337185551266,26.199136029885885,785974.0808965765,-2.1,113.7,-2.1_113.7
152,2018,13,232.1899871826172,6109.19594161049,-1.723552942276001,115.37281036376953,2018-07-17,37.91739376849389,90.40883445164395,63.286184116150764,1898585.523484523,-1.7000000000000002,115.4,-1.7000000000000002_115.4
153,2018,21,205.49002075195312,4570.778567503445,0.4790495038032532,117.45793914794922,2018-07-17,28.369037829048985,67.64208690867497,47.349460836072474,1420483.8250821743,0.5,117.5,0.5_117.5
154,2018,29,328.7999572753906,28480.13364947365,-0.8725223541259766,113.64221954345703,2018-07-17,176.76506900214872,421.47210744024375,295.0304752081706,8850914.25624512,-0.9,113.60000000000001,-0.9_113.60000000000001
155,2018,46,568.8499755859375,11537.500113509548,1.4327524900436401,115.35680389404297,2018-07-19,71.60875818834175,170.74128047579543,119.5188963330568,3585566.889991704,1.4000000000000001,115.4,1.4000000000000001_115.4
156,2018,11,55.70000076293945,3390.116573941336,-0.5845900177955627,115.51138305664062,2018-07-19,21.041129844878494,50.16969352998667,35.118785470990666,1053563.56412972,-0.6000000000000001,115.5,-0.6000000000000001_115.5
157,2018,23,222.61000061035156,4128.750673767999,0.8748422861099243,114.70626831054688,2018-07-19,25.625543290059536,61.10059977195665,42.770419840369655,1283112.5952110896,0.9,114.7,0.9_114.7
158,2018,4,116.25,372.1253805304745,0.820197582244873,114.64205932617188,2018-07-20,2.3096369341699297,5.50701307425502,3.8549091519785135,115647.2745593554,0.8,114.60000000000001,0.8_114.60000000000001
159,2018,78,1391.6500244140625,35871.89079813251,-0.5523411631584167,114.90309143066406,2018-07-20,222.64281938461426,530.8613224444828,371.6029257111379,11148087.771334138,-0.6000000000000001,114.9,-0.6000000000000001_114.9
160,2018,23,268.7099914550781,4870.810571679212,-0.6534509062767029,115.43937683105469,2018-07-20,30.23121932628935,72.08220375137869,50.457542625965075,1513726.2787789523,-0.7000000000000001,115.4,-0.7000000000000001_115.4
161,2018,3,79.94000244140625,454.71725539662316,0.38028669357299805,116.24283599853516,2018-07-21,2.8222524520399244,6.729274598225077,4.710492218757554,141314.7665627266,0.4,116.2,0.4_116.2
162,2018,8,54.68000030517578,2605.4547438965915,-2.247441291809082,116.258056640625,2018-07-21,16.17104025055614,38.55763162019332,26.99034213413532,809710.2640240596,-2.2,116.30000000000001,-2.2_116.30000000000001
163,2018,4,2.5999999046325684,112.27338051576437,1.1956899166107178,117.89247131347656,2018-07-23,0.6968370337805759,1.6615125082565805,1.1630587557796062,34891.762673388184,1.2000000000000002,117.9,1.2000000000000002_117.9
164,2018,119,1150.68994140625,66750.11577012323,0.828827977180481,114.1631851196289,2018-07-24,414.29190484944615,987.8223294796239,691.4756306357367,20744268.919072103,0.8,114.2,0.8_114.2
165,2018,10,74.1199951171875,5392.330262398197,-1.5076379776000977,115.84814453125,2018-07-28,33.46808841021039,79.80007494623445,55.86005246236411,1675801.5738709234,-1.5,115.80000000000001,-1.5_115.80000000000001
236,2018,4,22.619998931884766,1968.6181323316396,0.25238001346588135,116.94546508789062,2018-07-30,12.218444066427848,29.13320713978556,20.39324499784989,611797.3499354967,0.30000000000000004,116.9,0.30000000000000004_116.9
166,2018,18,91.22000122070312,1447.4559456032355,-0.041072774678468704,116.912353515625,2018-08-04,8.983793870182732,21.42062657882159,14.994438605175112,449833.1581552534,-0.0,116.9,-0.0_116.9
167,2018,94,949.969970703125,52274.718920729574,0.4775776267051697,116.03681945800781,2018-08-05,324.448768774,773.6036712655477,541.5225698858834,16245677.096576503,0.5,116.0,0.5_116.0
168,2018,4,13.84000015258789,1180.8092748123279,0.6773024797439575,114.42350006103516,2018-08-05,7.328822101382093,17.47457296603436,12.232201076224051,366966.0322867215,0.7000000000000001,114.4,0.7000000000000001_114.4
169,2018,3,24.130001068115234,426.2524843476822,-0.6834633350372314,114.66268157958984,2018-08-05,2.6455827327006896,6.308029839002436,4.415620887301705,132468.62661905115,-0.7000000000000001,114.7,-0.7000000000000001_114.7
170,2018,4,16.440000534057617,1938.8261955558096,-0.5087125301361084,117.07887268066406,2018-08-05,12.033537147636595,28.692321906163507,20.084625334314453,602538.7600294335,-0.5,117.10000000000001,-0.5_117.10000000000001
171,2018,29,199.10000610351562,18234.4252184375,-0.3166958689689636,115.51362609863281,2018-08-05,113.17395738454319,269.8478075758052,188.8934653030636,5666803.959091908,-0.30000000000000004,115.5,-0.30000000000000004_115.5
172,2018,16,188.739990234375,6151.646159331834,2.230908155441284,116.72404479980469,2018-08-07,38.18086569446949,91.0370471891443,63.72593303240101,1911777.9909720302,2.2,116.7,2.2_116.7
173,2018,7,110.4800033569336,549.0863939834497,1.3880470991134644,115.70758819580078,2018-08-07,3.407964847188113,8.125825618913328,5.688077933239329,170642.3379971799,1.4000000000000001,115.7,1.4000000000000001_115.7
174,2018,3,3.1100001335144043,207.68197377611318,1.0925233364105225,117.44906616210938,2018-08-08,1.2890009182142848,3.073446221920576,2.151412355344403,64542.37066033209,1.1,117.4,1.1_117.4
175,2018,7,53.540000915527344,1708.930181567678,-2.0170843601226807,115.45741271972656,2018-08-08,10.606662355682026,25.290134307599327,17.70309401531953,531092.8204595859,-2.0,115.5,-2.0_115.5
176,2018,3,13.399999618530273,582.223386726669,-2.073136568069458,115.4169921875,2018-08-08,3.6136332222340677,8.616213702677634,6.031349591874343,180940.4877562303,-2.1,115.4,-2.1_115.4
177,2018,17,107.8800048828125,2415.883273612709,1.0652174949645996,116.76097869873047,2018-08-09,14.994444155959211,35.752199311677096,25.026539518173966,750796.185545219,1.1,116.80000000000001,1.1_116.80000000000001
178,2018,5,36.55000305175781,653.3057652737797,1.9228599071502686,115.05416107177734,2018-08-09,4.054813790533441,9.668148369026,6.7677038583182,203031.11574954598,1.9000000000000001,115.10000000000001,1.9000000000000001_115.10000000000001
179,2018,4,65.43000030517578,1285.8218950208932,-0.8481749892234802,113.91300964355469,2018-08-09,7.980594431025165,19.02863485674968,13.320044399724775,399601.33199174324,-0.8,113.9,-0.8_113.9
180,2018,14,160.4300079345703,7574.112535345928,-0.4103085398674011,114.07405853271484,2018-08-10,47.00955906382153,112.08785785739504,78.46150050017653,2353845.0150052956,-0.4,114.10000000000001,-0.4_114.10000000000001
181,2018,6,7.380000591278076,177.0961513667969,-1.7933567762374878,116.34515380859375,2018-08-11,1.0991666612823419,2.6208124250673857,1.8345686975471698,55037.06092641509,-1.8,116.30000000000001,-1.8_116.30000000000001
182,2018,4,18.3799991607666,1953.3424106141615,-2.1663050651550293,116.37034606933594,2018-08-11,12.12363362639687,28.907144625326286,20.235001237728397,607050.0371318519,-2.2,116.4,-2.2_116.4
350,2018,3,12.729999542236328,1087.296756967473,-1.0703766345977783,115.14596557617188,2018-08-11,6.748426416696956,16.090698913573835,11.263489239501684,337904.6771850505,-1.1,115.10000000000001,-1.1_115.10000000000001
183,2018,4,44.36000061035156,370.2405912780848,-1.314365029335022,116.71636962890625,2018-08-11,2.2979387832288674,5.479120434843193,3.835384304390235,115061.52913170705,-1.3,116.7,-1.3_116.7
184,2018,4,80.54000091552734,596.4449442369311,-0.8899125456809998,114.31912231445312,2018-08-11,3.701900876647479,8.826675840556103,6.178673088389272,185360.19265167814,-0.9,114.30000000000001,-0.9_114.30000000000001
185,2018,17,557.9700317382812,1501.7876284804809,0.8395435214042664,113.69855499267578,2018-08-12,9.321009411057718,22.2246708703578,15.55726960925046,466718.0882775138,0.8,113.7,0.8_113.7
186,2018,12,250.02000427246094,4043.1905928628644,-1.2380958795547485,114.3178939819336,2018-08-12,25.094505276292875,59.83441232860835,41.88408863002584,1256522.6589007752,-1.2000000000000002,114.30000000000001,-1.2000000000000002_114.30000000000001
187,2018,7,70.08000183105469,689.2328448380727,0.9332085251808167,113.55208587646484,2018-08-13,4.2777991450402055,10.199826419575304,7.139878493702712,214196.35481108137,0.9,113.60000000000001,0.9_113.60000000000001
188,2018,9,39.369998931884766,193.08257593387486,-1.4952744245529175,113.81160736083984,2018-08-13,1.1983881563945815,2.8573924964830746,2.000174747538152,60005.24242614456,-1.5,113.80000000000001,-1.5_113.80000000000001
189,2018,75,521.8400268554688,640.8454659139809,-2.0089290142059326,113.98113250732422,2018-08-13,3.977477577746287,9.483750757162692,6.638625530013885,199158.76590041653,-2.0,114.0,-2.0_114.0
190,2018,192,1222.110107421875,30538.528276423836,-2.4480388164520264,115.10968017578125,2018-08-14,189.5407207158908,451.93389993188123,316.3537299523168,9490611.898569506,-2.4000000000000004,115.10000000000001,-2.4000000000000004_115.10000000000001
191,2018,3,35.790000915527344,182.36165421596078,-1.9211632013320923,114.0794906616211,2018-08-14,1.131847581460561,2.6987356051298055,1.8891149235908637,56673.447707725914,-1.9000000000000001,114.10000000000001,-1.9000000000000001_114.10000000000001
192,2018,23,400.97003173828125,7287.997663357701,0.774005651473999,116.37926483154297,2018-08-14,45.23375577188457,107.85369801983745,75.49758861388621,2264927.6584165865,0.8,116.4,0.8_116.4
193,2018,8,279.29998779296875,784.0560076230523,0.15824125707149506,113.94511413574219,2018-08-14,4.8663294911047394,11.603096458438808,8.122167520907166,243665.02562721496,0.2,113.9,0.2_113.9
194,2018,5,6.939999580383301,412.15766243010904,1.4793599843978882,117.09710693359375,2018-08-15,2.558101676624997,6.099443237172908,4.2696102660210355,128088.30798063107,1.5,117.10000000000001,1.5_117.10000000000001
195,2018,3,25.490001678466797,599.9421494184126,0.45690667629241943,114.9941177368164,2018-08-15,3.7236066636647625,8.878430318120403,6.214901222684282,186447.03668052846,0.5,115.0,0.5_115.0
196,2018,3,15.84000015258789,408.5732135626327,-1.3205633163452148,116.6509017944336,2018-08-15,2.5358544021145475,6.046397656812193,4.2324783597685345,126974.35079305603,-1.3,116.7,-1.3_116.7
197,2018,5,24.260000228881836,2042.8405229656767,0.47971001267433167,117.56336975097656,2018-08-15,12.679113463678814,30.231610250697884,21.162127175488518,634863.8152646555,0.5,117.60000000000001,0.5_117.60000000000001
198,2018,3,23.48000144958496,441.7396092398618,-0.0827866643667221,113.54400634765625,2018-08-15,2.7417052696910176,6.537220869031812,4.576054608322268,137281.63824966806,-0.1,113.5,-0.1_113.5
199,2018,4,32.13999938964844,164.73024909118013,2.4767448902130127,115.63845825195312,2018-08-15,1.022416334337734,2.437811777786342,1.7064682444504393,51194.04733351318,2.5,115.60000000000001,2.5_115.60000000000001
200,2018,15,126.36000061035156,5449.734039026455,-1.9331738948822021,115.0523452758789,2018-08-15,33.82437123744584,80.64958257173633,56.45470780021543,1693641.2340064629,-1.9000000000000001,115.10000000000001,-1.9000000000000001_115.10000000000001
201,2018,24,153.57000732421875,7741.565797801468,-2.1829349994659424,114.90074920654297,2018-08-15,48.04887607886424,114.56596699457548,80.19617689620283,2405885.306886085,-2.2,114.9,-2.2_114.9
246,2018,3,89.25,728.689450652791,-1.4518966674804688,114.63370513916016,2018-08-15,4.52269089081887,10.7837372610708,7.54861608274956,226458.4824824868,-1.5,114.60000000000001,-1.5_114.60000000000001
202,2018,26,160.44000244140625,10009.53534948246,-1.83914315700531,116.25880432128906,2018-08-15,62.125277518260994,148.129219131033,103.6904533917231,3110713.601751693,-1.8,116.30000000000001,-1.8_116.30000000000001
276,2018,7,39.23999786376953,2828.3350254722404,-2.36324143409729,116.42042541503906,2018-08-16,17.554371130840334,41.855994722653676,29.29919630585757,878975.8891757271,-2.4000000000000004,116.4,-2.4000000000000004_116.4
203,2018,11,73.99000549316406,540.424577333458,1.4130607843399048,118.01132202148438,2018-08-16,3.3542043333975453,7.997641033733179,5.598348723613225,167950.46170839676,1.4000000000000001,118.0,1.4000000000000001_118.0
204,2018,13,172.36997985839844,885.1129738897529,0.7736446857452393,115.00691223144531,2018-08-17,5.493550621284067,13.098619375155566,9.169033562608895,275071.00687826687,0.8,115.0,0.8_115.0
205,2018,14,162.74000549316406,10507.838420454706,-2.080416440963745,115.24454498291016,2018-08-17,65.21805010874424,155.50351196446917,108.8524583751284,3265573.751253852,-2.1,115.2,-2.1_115.2
206,2018,5,4.940000057220459,727.5548782935037,-1.8674860000610352,116.06257629394531,2018-08-18,4.515649043198149,10.766946939466354,7.536862857626447,226105.88572879342,-1.9000000000000001,116.10000000000001,-1.9000000000000001_116.10000000000001
207,2018,5,70.38999938964844,714.9535770214602,-0.31885600090026855,114.73875427246094,2018-08-18,4.437437686598325,10.580462666991188,7.406323866893831,222189.71600681494,-0.30000000000000004,114.7,-0.30000000000000004_114.7
208,2018,21,201.9099884033203,12273.787975635933,-1.6398134231567383,115.78177642822266,2018-08-18,76.1786094522462,181.6374651901117,127.14622563307817,3814386.7689923453,-1.6,115.80000000000001,-1.6_115.80000000000001
209,2018,13,134.12001037597656,1769.883323889249,1.8823447227478027,116.83140563964844,2018-08-18,10.984974709864725,26.192168324207685,18.33451782694538,550035.5348083614,1.9000000000000001,116.80000000000001,1.9000000000000001_116.80000000000001
210,2018,18,344.2099914550781,1067.62598174942,1.947297215461731,116.98934936523438,2018-08-18,6.626337595712467,15.799594834211858,11.0597163839483,331791.49151844904,1.9000000000000001,117.0,1.9000000000000001_117.0
211,2018,7,57.61000061035156,1082.939953437926,2.3246243000030518,116.84272766113281,2018-08-19,6.721385438378254,16.0262234027528,11.218356381926961,336550.69145780883,2.3000000000000003,116.80000000000001,2.3000000000000003_116.80000000000001
212,2018,8,58.47999572753906,2552.3569682078273,1.6924774646759033,117.1739501953125,2018-08-19,15.84148308979968,37.77184768759768,26.440293381318373,793208.8014395512,1.7000000000000002,117.2,1.7000000000000002_117.2
213,2018,12,352.7099914550781,5153.909801697923,0.638063371181488,115.21966552734375,2018-08-19,31.98830570603102,76.27173567420033,53.390214971940225,1601706.4491582068,0.6000000000000001,115.2,0.6000000000000001_115.2
214,2018,5,92.97000122070312,1168.3452563317646,0.5657180547714233,117.59599304199219,2018-08-19,7.251462805464549,17.290120315606778,12.103084220924744,363092.52662774234,0.6000000000000001,117.60000000000001,0.6000000000000001_117.60000000000001
215,2018,26,305.280029296875,13810.501561950678,-0.12681844830513,115.70301818847656,2018-08-19,85.71639064613768,204.37899870001857,143.06529909001299,4291958.972700389,-0.1,115.7,-0.1_115.7
216,2018,7,97.2199935913086,750.1681366320952,2.269235849380493,116.9552001953125,2018-08-20,4.656000707968459,11.101596269605048,7.771117388723534,233133.521661706,2.3000000000000003,117.0,2.3000000000000003_117.0
217,2018,17,148.11001586914062,7762.738219353636,-2.3068912029266357,116.55892181396484,2018-08-20,48.18028503230083,114.87929365381923,80.41550555767346,2412465.1667302037,-2.3000000000000003,116.60000000000001,-2.3000000000000003_116.60000000000001
218,2018,16,80.27999877929688,8616.199998224149,-1.6977980136871338,116.07550048828125,2018-08-20,53.477389044856295,127.50951298451055,89.25665908915738,2677699.772674721,-1.7000000000000002,116.10000000000001,-1.7000000000000002_116.10000000000001
219,2018,3,26.850000381469727,442.8317154017656,0.594843327999115,115.12029266357422,2018-08-20,2.748483546206239,6.553382741418763,4.587367918993134,137621.03756979402,0.6000000000000001,115.10000000000001,0.6000000000000001_115.10000000000001
220,2018,6,25.73000144958496,2923.7895115230795,-0.5162482857704163,116.96244049072266,2018-08-20,18.146819853904983,43.268607595038006,30.288025316526603,908640.7594957981,-0.5,117.0,-0.5_117.0
221,2018,6,44.71999740600586,2954.7479628119368,1.9243532419204712,116.69002532958984,2018-08-21,18.338966872792856,43.72675585615201,30.608729099306405,918261.8729791922,1.9000000000000001,116.7,1.9000000000000001_116.7
222,2018,12,429.6800537109375,1742.3231947123986,1.3351426124572754,116.71843719482422,2018-08-21,10.813919749392511,25.784311188828436,18.049017832179903,541470.5349653971,1.3,116.7,1.3_116.7
223,2018,11,40.040000915527344,1505.3489468490027,-1.8863164186477661,115.99584197998047,2018-08-21,9.34311312359286,22.2773741468424,15.59416190278968,467824.85708369035,-1.9000000000000001,116.0,-1.9000000000000001_116.0
260,2018,3,23.25,1374.8718035939119,2.26242995262146,117.6371078491211,2018-08-21,8.533292442462887,20.346467599234884,14.242527319464418,427275.8195839326,2.3000000000000003,117.60000000000001,2.3000000000000003_117.60000000000001
224,2018,18,160.47000122070312,2750.6392997953994,1.0383611917495728,118.82621002197266,2018-08-21,17.072144099202347,40.70619038384144,28.494333268689005,854829.9980606701,1.0,118.80000000000001,1.0_118.80000000000001
226,2018,10,41.87999725341797,1121.4720256907233,0.9936379194259644,118.54081726074219,2018-08-22,6.960538965338173,16.596452247052003,11.6175165729364,348525.49718809203,1.0,118.5,1.0_118.5
227,2018,12,389.8099670410156,4040.6237492948676,-0.4410099983215332,114.76851654052734,2018-08-22,25.07857388053473,59.796426096472366,41.85749826753065,1255724.9480259195,-0.4,114.80000000000001,-0.4_114.80000000000001
228,2018,208,671.6300048828125,2162.6362416534953,-2.4132020473480225,114.641845703125,2018-08-23,13.422638713266455,32.00444441780885,22.403111092466194,672093.3327739858,-2.4000000000000004,114.60000000000001,-2.4000000000000004_114.60000000000001
229,2018,3,2.5199999809265137,129.322227510692,-1.0593699216842651,116.6137924194336,2018-08-23,0.8026525700612898,1.913815168097196,1.339670617668037,40190.11853004111,-1.1,116.60000000000001,-1.1_116.60000000000001
230,2018,11,450.27001953125,503.31026865191944,-0.2180345505475998,115.9728012084961,2018-08-23,3.123850311334153,7.448393404184752,5.213875382929326,156416.2614878798,-0.2,116.0,-0.2_116.0
231,2018,3,99.38999938964844,125.93879162445161,-1.4483833312988281,114.28430938720703,2018-08-25,0.7816529046363812,1.863744340800041,1.3046210385600285,39138.63115680085,-1.4000000000000001,114.30000000000001,-1.4000000000000001_114.30000000000001
303,2018,3,25.229999542236328,1532.4101156709014,-0.2449999898672104,115.91405487060547,2018-08-26,9.511071231969577,22.677847262367003,15.874493083656901,476234.79250970704,-0.2,115.9,-0.2_115.9
232,2018,6,50.0,484.6194895116948,-0.2934350073337555,114.35751342773438,2018-08-26,3.0078439433483486,7.17179210129458,5.020254470906205,150607.63412718615,-0.30000000000000004,114.4,-0.30000000000000004_114.4
233,2018,14,325.1100158691406,4144.399380330495,-0.26887786388397217,114.44733428955078,2018-08-26,25.722668701385164,61.33218201854246,42.932527412979724,1287975.8223893917,-0.30000000000000004,114.4,-0.30000000000000004_114.4
234,2018,26,260.8599853515625,13685.834883247144,0.35719460248947144,115.40605163574219,2018-08-28,84.94263324968297,202.5340801175622,141.77385608229355,4253215.682468806,0.4,115.4,0.4_115.4
235,2018,9,88.7800064086914,566.3940095847482,2.1748743057250977,117.63138580322266,2018-08-28,3.5153864591678987,8.38195774638246,5.8673704224677214,176021.11267403164,2.2,117.60000000000001,2.2_117.60000000000001
237,2018,10,34.78000259399414,3551.2155229659347,0.04290900006890297,116.41014099121094,2018-08-28,22.041008117606793,52.55376638538427,36.78763646976899,1103629.0940930697,0.0,116.4,0.0_116.4
238,2018,3,20.020000457763672,107.23302003924432,-0.550516664981842,116.85675048828125,2018-08-28,0.6655534843986286,1.5869211675541932,1.1108448172879353,33325.344518638056,-0.6000000000000001,116.9,-0.6000000000000001_116.9
239,2018,12,214.36001586914062,3177.3181768429695,0.5385366082191467,116.18419647216797,2018-08-28,19.720373284898848,47.020530327706126,32.914371229394284,987431.1368818285,0.5,116.2,0.5_116.2
240,2018,9,85.30999755859375,1665.202706005533,1.407935619354248,117.78133392333984,2018-08-29,10.33526298901595,24.643019673059694,17.250113771141784,517503.4131342535,1.4000000000000001,117.80000000000001,1.4000000000000001_117.80000000000001
241,2018,3,12.050000190734863,516.2028118604704,1.202743411064148,118.72863006591797,2018-08-29,3.203869292913434,7.639187710954896,5.3474313976684265,160422.9419300528,1.2000000000000002,118.7,1.2000000000000002_118.7
242,2018,3,14.129999160766602,243.94767198253743,-0.011723333038389683,115.68729400634766,2018-08-30,1.5140879464132608,3.6101354256643923,2.5270947979650744,75812.84393895224,-0.0,115.7,-0.0_115.7
243,2018,10,58.310001373291016,1947.81410833808,0.6914180517196655,116.50016021728516,2018-08-31,12.089321612790348,28.82533232628499,20.177732628399493,605331.9788519848,0.7000000000000001,116.5,0.7000000000000001_116.5
244,2018,12,101.30999755859375,2001.5163294746112,0.4370950162410736,115.47161102294922,2018-08-31,12.422630330424932,29.620061332658672,20.73404293286107,622021.2879858321,0.4,115.5,0.4_115.5
245,2018,17,85.29000091552734,7423.570014978836,-0.6014653444290161,116.77202606201172,2018-08-31,46.07520042183046,109.86000759168336,76.90200531417834,2307060.1594253504,-0.6000000000000001,116.80000000000001,-0.6000000000000001_116.80000000000001
247,2018,8,31.600000381469727,1232.1484016251268,-2.4712677001953125,116.3857650756836,2018-08-31,7.647464015260266,18.23433098677427,12.764031690741989,382920.95072225964,-2.5,116.4,-2.5_116.4
248,2018,10,118.9000015258789,2863.9414729279492,-1.8123401403427124,115.9500732421875,2018-08-31,17.775366447045464,42.38292779931413,29.66804945951989,890041.4837855967,-1.8,116.0,-1.8_116.0
249,2018,15,155.62998962402344,2733.4188722839535,-1.7569540739059448,115.53010559082031,2018-08-31,16.96526362965218,40.451348536411935,28.315943975488352,849478.3192646506,-1.8,115.5,-1.8_115.5
250,2018,4,16.670000076293945,227.59248769336068,0.3207024931907654,116.15311431884766,2018-08-31,1.4125777036945575,3.368098148916561,2.3576687042415925,70730.06112724777,0.30000000000000004,116.2,0.30000000000000004_116.2
251,2018,8,45.470001220703125,1456.715123310328,-0.15006250143051147,113.77326965332031,2018-08-31,9.041261970804781,21.557651397223175,15.090355978056222,452710.67934168666,-0.2,113.80000000000001,-0.2_113.80000000000001
252,2018,12,120.75997924804688,7454.094580648371,-0.3059791624546051,115.67691802978516,2018-08-31,46.264654482097335,110.3117348616386,77.21821440314702,2316546.4320944105,-0.30000000000000004,115.7,-0.30000000000000004_115.7
253,2018,3,18.260000228881836,419.0336791016255,-2.260676622390747,114.9776840209961,2018-09-03,2.600778427245618,6.201200106470179,4.340840074529125,130225.20223587376,-2.3000000000000003,115.0,-2.3000000000000003_115.0
254,2018,8,29.46000099182129,2564.882663787639,-2.177946090698242,115.9472427368164,2018-09-03,15.919225191389371,37.957213085743405,26.570049160020382,797101.4748006115,-2.2,115.9,-2.2_115.9
255,2018,3,16.84000015258789,387.5727977981825,-1.5339432954788208,114.3536605834961,2018-09-03,2.4055130214396905,5.7356164786653085,4.014931535065716,120447.94605197148,-1.5,114.4,-1.5_114.4
256,2018,5,26.0,1600.8751272942295,-1.5084599256515503,116.20463562011719,2018-09-03,9.936006825769159,23.691048010999666,16.583733607699767,497512.008230993,-1.5,116.2,-1.5_116.2
257,2018,4,31.450000762939453,227.93086664599642,1.776187539100647,117.06886291503906,2018-09-03,1.4146778897276604,3.373105754991592,2.3611740284941143,70835.22085482343,1.8,117.10000000000001,1.8_117.10000000000001
258,2018,8,137.66000366210938,3239.0142459223707,-1.595691204071045,115.19464111328125,2018-09-04,20.103296695378813,47.93355877678977,33.55349114375284,1006604.7343125851,-1.6,115.2,-1.6_115.2
259,2018,5,26.240001678466797,2243.3968866107566,-0.8973320126533508,114.8359146118164,2018-09-04,13.923888502127335,33.19960591695438,23.239724141868066,697191.724256042,-0.9,114.80000000000001,-0.9_114.80000000000001
261,2018,3,21.229999542236328,520.2481588637655,2.278526544570923,117.02677154541016,2018-09-05,3.2289771821872724,7.699054035593347,5.3893378249153425,161680.13474746028,2.3000000000000003,117.0,2.3000000000000003_117.0
262,2018,32,175.41000366210938,18145.7856974523,-2.030585289001465,115.94215393066406,2018-09-05,112.62380648862012,268.53604808155796,187.97523365709057,5639257.0097127175,-2.0,115.9,-2.0_115.9
263,2018,5,26.559999465942383,1255.5799404509305,2.470818042755127,117.90077209472656,2018-09-06,7.792894427502952,18.581089894967175,13.006762926477021,390202.88779431063,2.5,117.9,2.5_117.9
264,2018,6,230.9600067138672,517.7642792538754,1.7087565660476685,117.05818939208984,2018-09-08,3.2135607113223834,7.662295571370775,5.363606899959542,160908.20699878628,1.7000000000000002,117.10000000000001,1.7000000000000002_117.10000000000001
265,2018,3,16.94999885559082,245.3962319470231,2.4023566246032715,117.47197723388672,2018-09-08,1.5230785924975636,3.6315723904096973,2.542100673286788,76263.02019860364,2.4000000000000004,117.5,2.4000000000000004_117.5
266,2018,5,191.61000061035156,440.7046005868471,-0.49132198095321655,115.4528579711914,2018-09-08,2.7352813751187623,6.521903971872061,4.565332780310443,136959.98340931328,-0.5,115.5,-0.5_115.5
267,2018,14,214.52000427246094,7123.318405049269,-1.0116170644760132,114.41578674316406,2018-09-08,44.21165591742512,105.41664084499396,73.79164859149577,2213749.457744873,-1.0,114.4,-1.0_114.4
268,2018,5,70.05000305175781,289.5881843346885,-0.40154799818992615,115.70938873291016,2018-09-09,1.7973607854566445,4.285560729578621,2.9998925107050343,89996.77532115103,-0.4,115.7,-0.4_115.7
296,2018,16,318.5,7032.810717604978,-1.1114368438720703,114.31498718261719,2018-09-10,43.64991004174835,104.07723470890677,72.85406429623474,2185621.928887042,-1.1,114.30000000000001,-1.1_114.30000000000001
269,2018,3,33.84000015258789,420.5403333165981,0.4985266625881195,116.1280746459961,2018-09-10,2.6101296416587894,6.223496797032934,4.356447757923053,130693.4327376916,0.5,116.10000000000001,0.5_116.10000000000001
270,2018,15,221.9499969482422,3218.7314872450706,0.10365600138902664,115.798583984375,2018-09-11,19.97740953202229,47.63339807004458,33.3433786490312,1000301.359470936,0.1,115.80000000000001,0.1_115.80000000000001
271,2018,3,8.279999732971191,126.97993700582259,-0.706706702709198,116.52887725830078,2018-09-11,0.7881148874853525,1.8791520542412388,1.315406437968867,39462.19313906601,-0.7000000000000001,116.5,-0.7000000000000001_116.5
272,2018,8,50.13999938964844,5005.565911812179,-1.2731537818908691,115.04834747314453,2018-09-11,31.06759310494443,74.07642252484706,51.85349576739294,1555604.8730217882,-1.3,115.0,-1.3_115.0
274,2018,19,114.63999938964844,963.6382351482857,-2.165449380874634,114.005859375,2018-09-11,5.980926256371117,14.260699854034963,9.982489897824474,299474.6969347342,-2.2,114.0,-2.2_114.0
275,2018,9,74.43000030517578,1424.7783736543577,-0.5907033085823059,115.70689392089844,2018-09-11,8.843043035945735,21.085025483736914,14.759517838615839,442785.53515847516,-0.6000000000000001,115.7,-0.6000000000000001_115.7
277,2018,3,21.139999389648438,451.5896795780057,-2.4226701259613037,116.49785614013672,2018-09-11,2.8028408101497684,6.682990195642009,4.678093136949406,140342.7941084822,-2.4000000000000004,116.5,-2.4000000000000004_116.5
278,2018,6,46.040000915527344,1463.211463914238,-1.714288353919983,115.27972412109375,2018-09-11,9.081582220324847,21.653789512257273,15.15765265858009,454729.5797574027,-1.7000000000000002,115.30000000000001,-1.7000000000000002_115.30000000000001
279,2018,4,17.93000030517578,474.2908159979416,-0.3125375211238861,116.96479797363281,2018-09-12,2.9437378998574677,7.018940016873822,4.913258011811675,147397.74035435024,-0.30000000000000004,117.0,-0.30000000000000004_117.0
280,2018,10,318.6799621582031,4016.4500673917764,-1.067723035812378,115.50102233886719,2018-09-12,24.928537275993904,59.43868435334419,41.60707904734093,1248212.371420228,-1.1,115.5,-1.1_115.5
281,2018,3,10.890000343322754,138.7835985750392,1.2846966981887817,118.28762817382812,2018-09-12,0.8613756059019301,2.0538322077236324,1.4376825454065425,43130.47636219628,1.3,118.30000000000001,1.3_118.30000000000001
282,2018,3,50.01000213623047,271.13264110456095,1.9054933786392212,117.7362289428711,2018-09-12,1.6828144349128884,4.012440638398847,2.808708446879193,84261.25340637579,1.9000000000000001,117.7,1.9000000000000001_117.7
283,2018,3,8.670000076293945,577.3320729049672,-0.6926366686820984,116.41183471679688,2018-09-13,3.583274747240736,8.543828075209822,5.980679652646875,179420.38957940624,-0.7000000000000001,116.4,-0.7000000000000001_116.4
284,2018,3,17.700000762939453,177.50667370389792,-0.8080433011054993,116.11651611328125,2018-09-13,1.10171461313319,2.6268876674345316,1.838821367204172,55164.64101612516,-0.8,116.10000000000001,-0.8_116.10000000000001
285,2018,30,525.8800048828125,14484.002237819248,-0.6233766078948975,113.61983489990234,2018-09-13,89.89654636128131,214.3460077286437,150.0422054100506,4501266.162301518,-0.6000000000000001,113.60000000000001,-0.6000000000000001_113.60000000000001
286,2018,3,25.15999984741211,496.52685741615386,1.3301500082015991,116.6307144165039,2018-09-13,3.081748326493846,7.348006985203716,5.1436048896426,154308.14668927802,1.3,116.60000000000001,1.3_116.60000000000001
287,2018,6,61.45000076293945,1831.2885887564712,-0.851026713848114,113.50665283203125,2018-09-14,11.366093212149224,27.10089321679585,18.970625251757095,569118.7575527128,-0.9,113.5,-0.9_113.5
288,2018,3,47.62999725341797,149.07786645730363,-2.46303653717041,115.53873443603516,2018-09-14,0.925268107072433,2.206175129715945,1.5443225908011615,46329.677724034846,-2.5,115.5,-2.5_115.5
332,2018,6,80.85000610351562,2286.4667927234486,-0.9900349974632263,116.79705047607422,2018-09-14,14.191206591980006,33.83698930566981,23.685892513968867,710576.775419066,-1.0,116.80000000000001,-1.0_116.80000000000001
289,2018,4,47.42000198364258,145.16554481918334,-0.9934400320053101,116.14852905273438,2018-09-14,0.9009858542981833,2.1482774222789893,1.5037941955952925,45113.82586785877,-1.0,116.10000000000001,-1.0_116.10000000000001
290,2018,31,723.2900390625,10852.231195683331,-0.5736179947853088,114.22298431396484,2018-09-15,67.35556159048036,160.60011546181565,112.42008082327095,3372602.4246981284,-0.6000000000000001,114.2,-0.6000000000000001_114.2
291,2018,8,102.68000030517578,1495.4996462551676,-1.8196600675582886,114.74203491210938,2018-09-15,9.281982360636473,22.13161621153254,15.492131348072776,464763.9404421833,-1.8,114.7,-1.8_114.7
292,2018,3,19.119998931884766,141.9426551521959,-1.8018499612808228,114.81855010986328,2018-09-15,0.8809826365681332,2.1005824880939565,1.4704077416657695,44112.23224997309,-1.8,114.80000000000001,-1.8_114.80000000000001
293,2018,3,5.090000152587891,343.1139917330492,-0.4442000091075897,117.12421417236328,2018-09-15,2.1295745719021943,5.077679022430965,3.5543753157016753,106631.25947105026,-0.4,117.10000000000001,-0.4_117.10000000000001
294,2018,4,50.779998779296875,632.0930476779125,0.13884250819683075,115.07532501220703,2018-09-15,3.9231547352878957,9.354225376258368,6.547957763380857,196438.7329014257,0.1,115.10000000000001,0.1_115.10000000000001
295,2018,17,203.1800079345703,7639.437033855225,-1.326007604598999,116.12950897216797,2018-09-15,47.41500271898991,113.05458274685844,79.1382079228009,2374146.237684027,-1.3,116.10000000000001,-1.3_116.10000000000001
297,2018,5,39.80000305175781,253.18765354223956,-1.7544180154800415,115.43929290771484,2018-09-15,1.5714369040439256,3.746876163914005,2.6228133147398034,78684.3994421941,-1.8,115.4,-1.8_115.4
298,2018,8,114.43000030517578,480.2793218960779,0.2916012406349182,114.23948669433594,2018-09-15,2.9809062176516297,7.107562782215111,4.975293947550577,149258.81842651733,0.30000000000000004,114.2,0.30000000000000004_114.2
299,2018,6,105.26000213623047,295.91066785383003,0.9724382758140564,116.50203704833984,2018-09-15,1.8366019719370548,4.3791259665211815,3.0653881765648268,91961.6452969448,1.0,116.5,1.0_116.5
300,2018,8,38.91999816894531,2181.6965757018515,-2.033489942550659,114.39430236816406,2018-09-16,13.540938764267935,32.286514693838754,22.600560285687127,678016.8085706139,-2.0,114.4,-2.0_114.4
301,2018,4,29.220001220703125,416.9782764522671,-0.9799900054931641,114.17045593261719,2018-09-16,2.5880213455685186,6.1707825916886305,4.319547814182041,129586.43442546122,-1.0,114.2,-1.0_114.2
302,2018,9,192.1699981689453,1072.6708201755675,-0.6730422377586365,114.78456115722656,2018-09-16,6.6576489379792605,15.874252443243241,11.111976710270268,333359.301308108,-0.7000000000000001,114.80000000000001,-0.7000000000000001_114.80000000000001
304,2018,7,43.2400016784668,3036.8733965693955,-1.8778985738754272,116.4019775390625,2018-09-16,18.8486873728312,44.94211460643793,31.45948022450655,943784.4067351965,-1.9000000000000001,116.4,-1.9000000000000001_116.4
305,2018,14,112.4800033569336,3175.1643070903806,0.024858573451638222,114.30854797363281,2018-09-16,19.707005056360178,46.98865561690074,32.89205893183052,986761.7679549155,0.0,114.30000000000001,0.0_114.30000000000001
306,2018,8,66.3499984741211,1651.7979433677938,-1.077813744544983,115.72346496582031,2018-09-16,10.252064861444623,24.444645127904828,17.111251589533378,513337.54768600134,-1.1,115.7,-1.1_115.7
307,2018,5,37.88999938964844,491.8565905088825,-1.4127919673919678,116.5308837890625,2018-09-17,3.0527618033867983,7.278892589184985,5.095224812429489,152856.74437288466,-1.4000000000000001,116.5,-1.4000000000000001_116.5
308,2018,7,65.30000305175781,1089.7924930006507,-0.6651871800422668,113.8553466796875,2018-09-18,6.763916475751646,16.127632838760576,11.289342987132402,338680.28961397207,-0.7000000000000001,113.9,-0.7000000000000001_113.9
309,2018,8,105.10000610351562,698.0814064773086,0.9480099678039551,118.93077850341797,2018-09-19,4.332718712061206,10.330774608506035,7.2315422259542235,216946.2667786267,0.9,118.9,0.9_118.9
310,2018,5,80.95999908447266,1542.7235888917041,-0.2347780019044876,114.77191162109375,2018-09-21,9.575082933177333,22.830474400529354,15.981332080370548,479439.9624111164,-0.2,114.80000000000001,-0.2_114.80000000000001
311,2018,7,217.8699951171875,515.3880332661947,-1.397517204284668,115.8746566772461,2018-09-21,3.198812280323141,7.6271299567514514,5.338990969726016,160169.72909178046,-1.4000000000000001,115.9,-1.4000000000000001_115.9
312,2018,6,36.34000015258789,3107.962646969056,-1.1299266815185547,116.56884765625,2018-09-21,19.289910592036115,45.99415096803154,32.19590567762208,965877.1703286624,-1.1,116.60000000000001,-1.1_116.60000000000001
313,2018,3,73.05000305175781,169.96149874448324,-1.3446468114852905,114.13765716552734,2018-09-21,1.0548846583039975,2.5152280512863245,1.760659635900427,52819.78907701281,-1.3,114.10000000000001,-1.3_114.10000000000001
348,2018,3,65.02999877929688,665.4079386645067,-1.2109732627868652,113.88711547851562,2018-09-21,4.129927255267036,9.847246142455557,6.89307229971889,206792.1689915667,-1.2000000000000002,113.9,-1.2000000000000002_113.9
314,2018,7,54.31999969482422,973.6519935838107,-1.1352900266647339,115.66131591796875,2018-09-22,6.043077744935468,14.408891569817037,10.086224098871925,302586.7229661578,-1.1,115.7,-1.1_115.7
315,2018,3,89.84999084472656,530.6353833361915,-1.689650058746338,115.7082290649414,2018-09-22,3.2934466286164015,7.852772604569555,5.496940823198688,164908.22469596064,-1.7000000000000002,115.7,-1.7000000000000002_115.7
316,2018,4,25.28999900817871,172.64226343136585,-2.1877400875091553,113.54702758789062,2018-09-22,1.0715231179645996,2.554900180498846,1.7884301263491922,53652.903790475764,-2.2,113.5,-2.2_113.5
317,2018,3,12.3100004196167,377.4775423479321,-2.4104366302490234,116.326904296875,2018-09-22,2.342855712726857,5.5862187039872655,3.9103530927910857,117310.59278373257,-2.4000000000000004,116.30000000000001,-2.4000000000000004_116.30000000000001
318,2018,5,24.540000915527344,929.7299978385847,-2.052151918411255,115.08721923828125,2018-09-22,5.770471067446774,13.758898267904847,9.631228787533392,288936.86362600175,-2.1,115.10000000000001,-2.1_115.10000000000001
319,2018,12,142.19000244140625,2541.9045154183186,-0.839418351650238,115.63623809814453,2018-09-23,15.776608796675943,37.617163817102735,26.332014671971912,789960.4401591574,-0.8,115.60000000000001,-0.8_115.60000000000001
320,2018,3,9.609999656677246,136.53786873867472,-0.6452133655548096,114.84024047851562,2018-09-23,0.8474372376916219,2.02059807692483,1.414418653847381,42432.55961542143,-0.6000000000000001,114.80000000000001,-0.6000000000000001_114.80000000000001
321,2018,12,394.3700256347656,1516.0906474976582,-0.5072791576385498,115.35425567626953,2018-09-24,9.4097826652365,22.436338541658884,15.705436979161219,471163.10937483655,-0.5,115.4,-0.5_115.4
322,2018,7,62.209999084472656,391.301198784622,-1.1640413999557495,115.5783920288086,2018-09-24,2.428653750543953,5.790792379188725,4.053554665432107,121606.6399629632,-1.2000000000000002,115.60000000000001,-1.2000000000000002_115.60000000000001
323,2018,3,32.5,135.6979250992341,-0.7754732966423035,113.75284576416016,2018-09-25,0.8422240354921168,2.0081679099809824,1.4057175369866877,42171.52610960063,-0.8,113.80000000000001,-0.8_113.80000000000001
324,2018,5,39.599998474121094,1755.619058270172,-1.421571969985962,114.93668365478516,2018-09-25,10.89644198289602,25.981074157110235,18.186751909977165,545602.557299315,-1.4000000000000001,114.9,-1.4000000000000001_114.9
325,2018,4,12.860000610351562,167.1862490791255,-1.5942624807357788,114.56861114501953,2018-09-25,1.037659767275292,2.474157656760533,1.731910359732373,51957.31079197119,-1.6,114.60000000000001,-1.6_114.60000000000001
326,2018,4,45.21000289916992,302.02569011145846,1.3279199600219727,117.96434020996094,2018-09-25,1.8745555273740864,4.469621023520828,3.1287347164645793,93862.04149393737,1.3,118.0,1.3_118.0
327,2018,3,33.61000061035156,192.7427690777289,0.9025733470916748,118.8593978881836,2018-09-26,1.19627910792194,2.8523637591342546,1.9966546313939781,59899.63894181934,0.9,118.9,0.9_118.9
328,2018,6,139.16000366210938,344.5235025165577,0.30787166953086853,114.4375991821289,2018-09-26,2.138322854967599,5.098538105737832,3.5689766740164823,107069.30022049446,0.30000000000000004,114.4,0.30000000000000004_114.4
329,2018,4,10.649999618530273,745.9775778830752,-0.9630675315856934,115.85514068603516,2018-09-26,4.62999154608934,11.039580983825859,7.727706688678101,231831.20066034302,-1.0,115.9,-1.0_115.9
330,2018,6,119.18000793457031,1803.5026819815882,-1.1234632730484009,114.44168853759766,2018-09-27,11.193636938284785,26.68969484147627,18.68278638903339,560483.5916710016,-1.1,114.4,-1.1_114.4
331,2018,3,47.310001373291016,521.4716025654949,-1.1773200035095215,113.6266860961914,2018-09-27,3.23657061952918,7.717159547373903,5.4020116831617315,162060.35049485194,-1.2000000000000002,113.60000000000001,-1.2000000000000002_113.60000000000001
333,2018,4,77.4000015258789,1542.9323635973883,-0.9219525456428528,115.98833465576172,2018-09-27,9.576378716255823,22.833564017883955,15.983494812518767,479504.844375563,-0.9,116.0,-0.9_116.0
334,2018,4,21.059999465942383,225.05840980577452,-2.297137498855591,116.18661499023438,2018-09-27,1.3968496717207937,3.3305968098834,2.3314177669183795,69942.53300755139,-2.3000000000000003,116.2,-2.3000000000000003_116.2
335,2018,7,52.779998779296875,681.7732454845269,-0.5180700421333313,116.43218994140625,2018-09-27,4.231500324582168,10.089433220621448,7.062603254435013,211878.09763305038,-0.5,116.4,-0.5_116.4
336,2018,3,36.0,326.3193951825826,-2.0631566047668457,116.23419189453125,2018-09-28,2.025337068853772,4.829138966795917,3.3803972767571415,101411.91830271424,-2.1,116.2,-2.1_116.2
337,2018,5,80.5,399.846126411039,0.9182179570198059,118.10518646240234,2018-09-28,2.481688779806531,5.917247145832592,4.142073002082814,124262.19006248441,0.9,118.10000000000001,0.9_118.10000000000001
338,2018,4,35.540000915527344,183.5433401080738,1.2294800281524658,117.5498046875,2018-09-28,1.1391818443832382,2.716223150989355,1.9013562056925484,57040.686170776455,1.2000000000000002,117.5,1.2000000000000002_117.5
339,2018,6,22.51999855041504,219.79360372703894,-0.07609333842992783,117.354248046875,2018-09-29,1.3641730761245567,3.2526839411946704,2.2768787588362693,68306.36276508808,-0.1,117.4,-0.1_117.4
340,2018,4,23.55000114440918,431.3319814397512,0.454072505235672,116.3172607421875,2018-09-30,2.6771091877737816,6.38320035507094,4.468240248549658,134047.20745648973,0.5,116.30000000000001,0.5_116.30000000000001
341,2018,5,87.52999877929688,743.9998900881302,-1.2805119752883911,116.546630859375,2018-10-01,4.617716810168478,11.010313556465674,7.707219489525971,231216.58468577915,-1.3,116.5,-1.3_116.5
342,2018,6,51.339996337890625,203.37288899552482,-1.3515915870666504,116.24254608154297,2018-10-01,1.2622561115377584,3.009676891833643,2.10677382428355,63203.21472850649,-1.4000000000000001,116.2,-1.4000000000000001_116.2
343,2018,3,62.7400016784668,159.99648825874203,-0.32141998410224915,115.07535552978516,2018-10-02,0.9930357292294762,2.367757747186572,1.6574304230306003,49722.912690918005,-0.30000000000000004,115.10000000000001,-0.30000000000000004_115.10000000000001
344,2018,27,158.6999969482422,521.1468732396676,-2.3930559158325195,114.3731460571289,2018-10-04,3.2345551513999444,7.712353939542544,5.39864775767978,161959.4327303934,-2.4000000000000004,114.4,-2.4000000000000004_114.4
345,2018,3,14.980000495910645,134.06055701477112,-0.07859999686479568,115.80171966552734,2018-10-04,0.8320615311305066,1.9839368096038685,1.388755766722708,41662.673001681236,-0.1,115.80000000000001,-0.1_115.80000000000001
346,2018,8,47.34000015258789,218.134045607321,-1.5462212562561035,114.99382019042969,2018-10-06,1.3538728468786019,3.2281244546857297,2.2596871182800107,67790.61354840032,-1.5,115.0,-1.5_115.0
347,2018,3,10.899999618530273,132.88355613107655,-0.9492133259773254,114.40117645263672,2018-10-06,0.8247563462257403,1.9665185962971712,1.3765630174080197,41296.89052224059,-0.9,114.4,-0.9_114.4
349,2018,3,21.779998779296875,151.13607255827168,-1.1134166717529297,115.5519790649414,2018-10-24,0.9380425886790172,2.2366341322472554,1.5656438925730787,46969.31677719236,-1.1,115.60000000000001,-1.1_115.60000000000001
351,2018,4,51.720001220703125,258.7506035083424,-2.3912224769592285,115.0081787109375,2018-11-01,1.6059639623336202,3.8292012075621527,2.6804408452935067,80413.2253588052,-2.4000000000000004,115.0,-2.4000000000000004_115.0
352,2018,5,6.350000381469727,133.77211499894057,0.5557180643081665,117.50117492675781,2018-12-25,0.8302712841654138,1.979668210805047,1.3857677475635328,41573.032426905986,0.6000000000000001,117.5,0.6000000000000001_117.5
0,2019,616,1193.18994140625,2382.7369875770883,0.6638729572296143,117.45915985107422,2019-01-01,14.788718101076046,35.26167369823748,24.683171588766236,789861.4908405195,0.7000000000000001,117.5,0.7000000000000001_117.5
1,2019,287,1197.550048828125,141258.752740952,-2.2264397144317627,115.5915298461914,2019-01-04,876.7379213430523,2090.46154575225,1463.3230820265749,46826338.62485039,-2.2,115.60000000000001,-2.2_115.60000000000001
2,2019,195,290.19000244140625,6574.212466243471,-0.7415691614151001,117.04781341552734,2019-01-04,40.803569763156304,97.29052598595396,68.10336819016777,2179307.782085369,-0.7000000000000001,117.0,-0.7000000000000001_117.0
3,2019,459,1725.5400390625,191261.56116006104,-0.6264011859893799,117.1199951171875,2019-01-04,1187.0858287401927,2830.443643509089,1981.310550456362,63401937.61460359,-0.6000000000000001,117.10000000000001,-0.6000000000000001_117.10000000000001
4,2019,56,159.75999450683594,9649.978359222601,0.8215026259422302,117.52007293701172,2019-01-04,59.893647674955695,142.8082032855721,99.96574229990046,3198903.7535968143,0.8,117.5,0.8_117.5
5,2019,60,292.4200134277344,20306.31406511787,1.1359012126922607,117.68215942382812,2019-01-04,126.03336245109934,300.5092984711771,210.35650892982395,6731408.285754366,1.1,117.7,1.1_117.7
6,2019,347,1301.5400390625,80948.20137143263,-0.9235368371009827,117.14969635009766,2019-01-05,502.41387828900037,1197.9371110200345,838.5559777140242,26833791.286848772,-0.9,117.10000000000001,-0.9_117.10000000000001
7,2019,2704,14014.640625,848925.4836975961,-1.9457626342773438,116.12800598144531,2019-01-06,5268.948999691978,12563.087557012454,8794.161289908718,281413161.277079,-1.9000000000000001,116.10000000000001,-1.9000000000000001_116.10000000000001
8,2019,657,2935.280029296875,246212.9516578795,0.39314067363739014,117.49474334716797,2019-01-06,1528.1476528405306,3643.6588708300233,2550.561209581016,81617958.70659252,0.4,117.5,0.4_117.5
9,2019,6496,51741.8125,1312504.699907012,-0.027140367776155472,116.33519744873047,2019-01-06,8146.204182191232,19423.508636001665,13596.456045201165,435086593.44643724,-0.0,116.30000000000001,-0.0_116.30000000000001
10,2019,667,5982.23046875,417487.71149924357,0.9439305663108826,117.05186462402344,2019-01-06,2591.1832099873877,6178.321624528003,4324.8251371696015,138394404.38942724,0.9,117.10000000000001,0.9_117.10000000000001
11,2019,104,962.8099975585938,45471.92959282064,-1.372078776359558,115.26390075683594,2019-01-06,282.2265116822701,672.9304795665767,471.05133569660364,15073642.742291316,-1.4000000000000001,115.30000000000001,-1.4000000000000001_115.30000000000001
12,2019,22,166.77000427246094,4004.4811476718346,-0.8549817800521851,116.91654968261719,2019-01-06,24.854250864763674,59.261558575767644,41.48309100303735,1327458.9120971952,-0.9,116.9,-0.9_116.9
13,2019,60,1062.9398193359375,27803.27159132153,-0.9041423797607422,115.05474090576172,2019-01-06,172.56405049968086,411.45535395141354,288.0187477659895,9216599.928511662,-0.9,115.10000000000001,-0.9_115.10000000000001
14,2019,297,3568.539794921875,139874.39820612283,0.4578157663345337,116.09696197509766,2019-01-06,868.1457732905083,2069.974745008262,1448.9823215057831,46367434.28818506,0.5,116.10000000000001,0.5_116.10000000000001
15,2019,15594,126840.234375,3397630.5056256047,-2.074230909347534,114.51127624511719,2019-01-07,21087.76588489833,50280.890782819406,35196.623547973584,1126291953.5351546,-2.1,114.5,-2.1_114.5
16,2019,73,687.7000122070312,49946.12930387913,0.5389853715896606,116.77497863769531,2019-01-08,309.99612226024794,739.1433142582143,517.40031998075,16556810.239384001,0.5,116.80000000000001,0.5_116.80000000000001
17,2019,7,38.37000274658203,1567.4539058580035,-0.6120742559432983,116.26302337646484,2019-01-08,9.728574354207714,23.19645368060355,16.237517576422484,519600.5624455195,-0.6000000000000001,116.30000000000001,-0.6000000000000001_116.30000000000001
18,2019,7,101.27000427246094,2412.9676843973043,-1.2803857326507568,115.13873291015625,2019-01-08,14.976348232141365,35.70905205871224,24.996336441098567,799882.7661151541,-1.3,115.10000000000001,-1.3_115.10000000000001
19,2019,69,1161.889892578125,24095.13553309247,-0.649653971195221,115.12748718261719,2019-01-08,149.5490978920294,356.57935026503884,249.60554518552718,7987377.44593687,-0.6000000000000001,115.10000000000001,-0.6000000000000001_115.10000000000001
20,2019,63,379.1099853515625,9303.717434140275,0.5640376806259155,117.34547424316406,2019-01-09,57.74454131652902,137.68395339212563,96.37876737448794,3084120.5559836137,0.6000000000000001,117.30000000000001,0.6000000000000001_117.30000000000001
21,2019,96,800.6199951171875,23583.275966387944,-0.5574550628662109,115.47440338134766,2019-01-12,146.37218542590384,349.00443741710023,244.30310619197016,7817699.398143045,-0.6000000000000001,115.5,-0.6000000000000001_115.5
22,2019,1551,9632.859375,137404.99732582478,1.9800996780395508,117.22937774658203,2019-01-18,852.8191662467271,2033.4305487645322,1423.4013841351725,45548844.29232552,2.0,117.2,2.0_117.2
23,2019,11229,56840.1015625,171077.23830335969,-2.238281011581421,113.92082977294922,2019-01-27,1061.80961808616,2531.7396698419766,1772.2177688893835,56710968.60446027,-2.2,113.9,-2.2_113.9
24,2019,1469,14457.080078125,80610.49278420332,2.3817458152770996,117.92411804199219,2019-02-04,500.3178529522193,1192.939425555773,835.057597889041,26721843.13244931,2.4000000000000004,117.9,2.4000000000000004_117.9
25,2019,134,774.030029296875,52151.77941173418,-0.31888166069984436,117.30492401123047,2019-02-06,323.6857312455204,771.7843127407004,540.2490189184903,17287968.60539169,-0.30000000000000004,117.30000000000001,-0.30000000000000004_117.30000000000001
26,2019,95,359.6400146484375,28218.311479108637,0.934026300907135,117.69966888427734,2019-02-07,175.14004102368207,417.5974506961255,292.31821548728783,9354182.895593211,0.9,117.7,0.9_117.7
27,2019,22,66.41999816894531,1358.6850555184315,-1.701087236404419,113.63477325439453,2019-02-09,8.432827617553768,20.106922978133603,14.07484608469352,450395.0747101927,-1.7000000000000002,113.60000000000001,-1.7000000000000002_113.60000000000001
28,2019,56,111.7300033569336,8681.902877083545,-1.5655553340911865,113.66271209716797,2019-02-14,53.8851811591126,128.481837453159,89.93728621721128,2877993.158950761,-1.6,113.7,-1.6_113.7
29,2019,20,388.57000732421875,4437.6010082962775,-0.6970330476760864,114.97757720947266,2019-02-15,27.542456720528527,65.67121741650072,45.9698521915505,1471035.2701296161,-0.7000000000000001,115.0,-0.7000000000000001_115.0
30,2019,263,2033.670166015625,51676.5444003252,-2.262690782546997,116.49717712402344,2019-02-15,320.73613309342403,764.7513997546466,535.3259798282526,17130431.354504082,-2.3000000000000003,116.5,-2.3000000000000003_116.5
31,2019,96,683.489990234375,35339.780886011125,2.208388090133667,117.5107650756836,2019-02-15,219.3402209315834,522.9867285675053,366.0907099972537,11714902.71991212,2.2,117.5,2.2_117.5
32,2019,23,182.67002868652344,16345.983040827809,1.3322675228118896,116.71113586425781,2019-02-15,101.45313416298804,241.90110921503714,169.33077645052597,5418584.846416831,1.3,116.7,1.3_116.7
33,2019,54,677.429931640625,10520.855844032629,0.17095127701759338,116.3055191040039,2019-02-16,65.29884417401452,155.69615435218952,108.98730804653266,3487593.8574890452,0.2,116.30000000000001,0.2_116.30000000000001
34,2019,8,32.89999771118164,1734.7857323895216,1.2085837125778198,117.88919067382812,2019-02-16,10.767137663886777,25.672765710528584,17.970935997370006,575069.9519158402,1.2000000000000002,117.9,1.2000000000000002_117.9
35,2019,35,200.69000244140625,17963.72753654827,0.8688576817512512,117.9460220336914,2019-02-16,111.49384257164253,265.84180381650924,186.08926267155647,5954856.405489807,0.9,117.9,0.9_117.9
36,2019,23,526.9600219726562,3844.8235601584515,1.0711448192596436,116.76495361328125,2019-02-17,23.863318560130992,56.89881615656786,39.8291713095975,1274533.48190712,1.1,116.80000000000001,1.1_116.80000000000001
37,2019,4,66.77000427246094,740.6489682465359,-0.4603100121021271,117.56690216064453,2019-02-17,4.596918946723017,10.960723898361298,7.672506728852908,245520.21532329306,-0.5,117.60000000000001,-0.5_117.60000000000001
38,2019,96,1314.840087890625,45156.62232647686,0.7345471382141113,116.589599609375,2019-02-18,280.2695225972429,668.2643070101993,467.7850149071395,14969120.477028463,0.7000000000000001,116.60000000000001,0.7000000000000001_116.60000000000001
39,2019,70,743.9500122070312,24823.622443215998,-0.7981151342391968,115.8062744140625,2019-02-18,154.0705316928686,367.36009016715195,257.1520631170064,8228866.019744204,-0.8,115.80000000000001,-0.8_115.80000000000001
40,2019,3,28.93000030517578,364.4692743660482,-0.7692167162895203,116.08651733398438,2019-02-18,2.262118472666235,5.393711808199809,3.775598265739866,120819.14450367572,-0.8,116.10000000000001,-0.8_116.10000000000001
41,2019,533,4843.97998046875,142167.39352749646,1.6541643142700195,118.03376007080078,2019-02-19,882.3774999106432,2103.9083487737703,1472.735844141639,47127547.01253245,1.7000000000000002,118.0,1.7000000000000002_118.0
42,2019,7,39.69000244140625,1028.8794237337477,-1.1981899738311768,116.93633270263672,2019-02-20,6.385852839372055,15.226191855703615,10.65833429899253,341066.69756776094,-1.2000000000000002,116.9,-1.2000000000000002_116.9
43,2019,58,486.16998291015625,16077.811536366806,-0.2263910323381424,115.33727264404297,2019-02-20,99.78869834699476,237.93248987737164,166.55274291416015,5329687.773253125,-0.2,115.30000000000001,-0.2_115.30000000000001
44,2019,21,103.9900131225586,3461.7117573530622,1.0487319231033325,116.86022186279297,2019-02-21,21.485493192739018,51.22921709846784,35.860451968927485,1147534.4630056794,1.0,116.9,1.0_116.9
45,2019,19,218.27999877929688,9821.661885131141,0.9179694652557373,118.154296875,2019-02-21,60.959220283471744,145.34891529093102,101.74424070365171,3255815.7025168547,0.9,118.2,0.9_118.2
46,2019,48,437.5899963378906,12075.708115960464,1.4517135620117188,117.21939849853516,2019-02-21,74.94920510694331,178.70611883737328,125.09428318616129,4003017.0619571614,1.5,117.2,1.5_117.2
47,2019,6,146.60000610351562,1106.156213250994,-0.784173309803009,115.62421417236328,2019-02-22,6.865479697848297,16.369796437582107,11.458857506307474,366683.4402018392,-0.8,115.60000000000001,-0.8_115.60000000000001
48,2019,305,5540.83984375,213537.1854866789,0.35206836462020874,115.38797760009766,2019-02-22,1325.341931033214,3160.096391808614,2212.06747426603,70786159.17651296,0.4,115.4,0.4_115.4
49,2019,4,13.24000072479248,654.1489830405961,0.961947500705719,118.40461730957031,2019-02-24,4.0600473139631275,9.680626989161185,6.77643889241283,216846.04455721055,1.0,118.4,1.0_118.4
50,2019,69,735.429931640625,7832.389318067286,2.275956869125366,117.15475463867188,2019-02-24,48.61258220554185,115.91004708081073,81.13703295656751,2596385.05461016,2.3000000000000003,117.2,2.3000000000000003_117.2
51,2019,82,426.54998779296875,37385.570078039775,-1.5049214363098145,114.2039794921875,2019-02-27,232.0376356327773,553.2619756135713,387.28338292949985,12393068.253743995,-1.5,114.2,-1.5_114.2
52,2019,30,94.68000030517578,3245.6915730951014,-1.2044464349746704,114.8336410522461,2019-02-27,20.144740257862217,48.0323752778005,33.622662694460345,1075925.2062227312,-1.2000000000000002,114.80000000000001,-1.2000000000000002_114.80000000000001
53,2019,5,31.089998245239258,877.0727233423785,-0.7116619944572449,117.4912338256836,2019-02-27,5.443647925591223,12.97963322908416,9.08574326035891,290743.7843314851,-0.7000000000000001,117.5,-0.7000000000000001_117.5
54,2019,9,57.65999984741211,6855.987496886057,-1.2654709815979004,115.01644134521484,2019-02-27,42.552437354426885,101.46046133283969,71.02232293298778,2272714.333855609,-1.3,115.0,-1.3_115.0
55,2019,10,29.229999542236328,350.6418138084059,2.1946988105773926,117.7759780883789,2019-02-27,2.1762968241557723,5.189081836532381,3.6323572855726662,116235.43313832532,2.2,117.80000000000001,2.2_117.80000000000001
56,2019,4,16.450000762939453,995.908088432364,-0.7839900255203247,115.458251953125,2019-03-01,6.181212635383765,14.738255305067032,10.316778713546922,330136.9188335015,-0.8,115.5,-0.8_115.5
57,2019,16,144.02999877929688,9755.56588298223,-0.4429525136947632,116.5313720703125,2019-03-01,60.54898820645919,144.3707730651275,101.05954114558925,3233905.316658856,-0.4,116.5,-0.4_116.5
58,2019,3,60.72999954223633,213.9290598708735,2.2181100845336914,117.21366119384766,2019-03-01,1.3277741423217875,3.165895666650198,2.2161269666551386,70916.06293296444,2.2,117.2,2.2_117.2
59,2019,7,30.440000534057617,738.1684735601292,1.1032943725585938,117.86209869384766,2019-03-01,4.581523484756488,10.924015526980694,7.646810868886486,244697.94780436755,1.1,117.9,1.1_117.9
160,2019,3,8.190000534057617,782.758269483456,-0.18914000689983368,117.1006851196289,2019-03-02,4.858274937196539,11.583891477333978,8.108724034133784,259479.1690922811,-0.2,117.10000000000001,-0.2_117.10000000000001
60,2019,8,16.739999771118164,436.9147988220862,-0.9606762528419495,115.76582336425781,2019-03-02,2.7117595553584533,6.465819412851599,4.526073588996119,144834.3548478758,-1.0,115.80000000000001,-1.0_115.80000000000001
61,2019,30,510.9300231933594,14060.986446186242,-0.3080509901046753,115.50414276123047,2019-03-02,87.27105251643803,208.08587709251654,145.66011396476156,4661123.6468723705,-0.30000000000000004,115.5,-0.30000000000000004_115.5
62,2019,28,91.98999786376953,6640.744596671777,2.1393439769744873,117.65541076660156,2019-03-05,41.21650871810523,98.27512239161814,68.7925856741327,2201362.7415722464,2.1,117.7,2.1_117.7
63,2019,4,7.020000457763672,232.3463314805851,1.4732325077056885,117.09400177001953,2019-03-05,1.4420829558614372,3.4384493833631105,2.406914568354177,77021.26618733366,1.5,117.10000000000001,1.5_117.10000000000001
64,2019,11,70.04000091552734,2700.5255996238084,-0.318014532327652,116.99706268310547,2019-03-05,16.761107929997152,39.964567220028115,27.97519705401968,895206.3057286298,-0.30000000000000004,117.0,-0.30000000000000004_117.0
65,2019,6,15.100000381469727,2404.7923235960357,-0.4754366874694824,116.82882690429688,2019-03-05,14.925606959858731,35.588066441565786,24.911646509096048,797172.6882910735,-0.5,116.80000000000001,-0.5_116.80000000000001
66,2019,66,658.469970703125,25792.868269761395,1.9938373565673828,117.65605163574219,2019-03-06,160.08626207946065,381.70377570492326,267.19264299344627,8550164.57579028,2.0,117.7,2.0_117.7
67,2019,17,80.75,1969.6119288637574,-0.4509335458278656,116.94564056396484,2019-03-18,12.22461217345768,29.147914146568382,20.403539902597867,652913.2768831317,-0.5,116.9,-0.5_116.9
68,2019,5,30.3700008392334,403.57265862570654,-0.27324599027633667,117.03724670410156,2019-03-19,2.504817910174099,5.972395390756256,4.180676773529379,133781.65675294015,-0.30000000000000004,117.0,-0.30000000000000004_117.0
69,2019,9,48.92000198364258,3380.694838979087,1.6750234365463257,117.17201232910156,2019-03-19,20.982652814846976,50.030263057533254,35.02118414027328,1120677.8924887448,1.7000000000000002,117.2,1.7000000000000002_117.2
70,2019,19,44.369998931884766,250.90739867242877,-1.2507530450820923,116.81939697265625,2019-03-19,1.5572842524319117,3.713131103679788,2.5991917725758515,83174.13672242725,-1.3,116.80000000000001,-1.3_116.80000000000001
71,2019,70,924.4100341796875,28342.213590149415,-1.1107025146484375,115.28461456298828,2019-03-20,175.9090530471927,419.43105458645056,293.60173821051535,9395255.622736491,-1.1,115.30000000000001,-1.1_115.30000000000001
72,2019,6,21.18000030517578,2109.8836174694834,-1.3959633111953735,116.1574935913086,2019-03-24,13.095223773129627,31.22376831700517,21.856637821903618,699412.4103009158,-1.4000000000000001,116.2,-1.4000000000000001_116.2
73,2019,28,131.61000061035156,1780.916468941499,0.7580226063728333,117.7282943725586,2019-03-24,11.053453133121975,26.355445749591247,18.44881202471387,590361.9847908438,0.8,117.7,0.8_117.7
74,2019,3,13.50999927520752,559.1801821091196,-0.25371333956718445,117.10430908203125,2019-03-28,3.470613048790218,8.275201678932627,5.792641175252839,185364.51760809083,-0.30000000000000004,117.10000000000001,-0.30000000000000004_117.10000000000001
75,2019,15,86.51000213623047,4965.934689952472,-0.7015572786331177,116.4174575805664,2019-04-23,30.821617585556364,73.48992757355136,51.442949301485946,1646174.3776475503,-0.7000000000000001,116.4,-0.7000000000000001_116.4
76,2019,11,97.35000610351562,628.6442557095882,-0.6286736726760864,114.7163314819336,2019-05-04,3.901749430180903,9.303187356672405,6.512231149670683,208391.39678946184,-0.6000000000000001,114.7,-0.6000000000000001_114.7
77,2019,4,67.39999389648438,1307.0687023437615,-1.871440052986145,115.44595336914062,2019-05-08,8.112465067895283,19.34306233693503,13.540143635854522,433284.5963473447,-1.9000000000000001,115.4,-1.9000000000000001_115.4
78,2019,122,471.3500061035156,2974.5695480265795,-2.0408995151519775,113.89921569824219,2019-05-10,18.461991712539806,44.02009174410969,30.814064220876784,986050.055068057,-2.0,113.9,-2.0_113.9
79,2019,26,222.760009765625,5557.466427503704,1.3978688716888428,115.34397888183594,2019-05-13,34.49302410675213,82.24389379828902,57.57072565880231,1842263.2210816739,1.4000000000000001,115.30000000000001,1.4000000000000001_115.30000000000001
80,2019,12,192.6199951171875,2610.1246961901693,1.26799738407135,116.91543579101562,2019-05-15,16.200024820978836,38.62674136030354,27.038718952212477,865239.0064707992,1.3,116.9,1.3_116.9
81,2019,280,1769.6300048828125,1443.192581235892,-2.0939347743988037,114.22940826416016,2019-05-16,8.957332832258892,21.357533856476763,14.950273699533733,478408.75838507945,-2.1,114.2,-2.1_114.2
82,2019,22,347.7399597167969,5329.577418634497,-0.07261001318693161,113.59215545654297,2019-05-19,33.07860601190091,78.87140748861371,55.209985242029596,1766719.527744947,-0.1,113.60000000000001,-0.1_113.60000000000001
83,2019,5,28.810001373291016,1561.2229405087805,-1.7935798168182373,115.2319107055664,2019-05-19,9.689901185273138,23.10424280373596,16.17296996261517,517535.03880368546,-1.8,115.2,-1.8_115.2
84,2019,24,130.85000610351562,2453.5980610174583,1.4213837385177612,118.01727294921875,2019-05-19,15.228525114990282,36.310333312197635,25.417233318538344,813351.466193227,1.4000000000000001,118.0,1.4000000000000001_118.0
85,2019,5,23.1299991607666,541.9884212679923,-2.007875919342041,113.52828216552734,2019-05-21,3.3639105020693223,8.020784064131423,5.614548844891996,179665.56303654387,-2.0,113.5,-2.0_113.5
86,2019,345,3271.080078125,34299.013886487184,-1.847488522529602,114.97425079345703,2019-05-26,212.88058655099093,507.58461472764566,355.30923030935196,11369895.369899264,-1.8,115.0,-1.8_115.0
87,2019,25,168.94000244140625,2229.390720148345,0.04516279697418213,115.89836120605469,2019-06-14,13.836957695844776,32.99233131042596,23.09463191729817,739028.2213535415,0.0,115.9,0.0_115.9
88,2019,34,133.8999786376953,3888.6049213186657,-0.6691550016403198,116.1239242553711,2019-06-14,24.135052373663722,57.54672823387439,40.28270976371207,1289046.7124387862,-0.7000000000000001,116.10000000000001,-0.7000000000000001_116.10000000000001
137,2019,11,58.589996337890625,3801.953461560668,2.2535181045532227,117.66117858886719,2019-06-17,23.597240597505063,56.26438968144797,39.385072777013576,1260322.3288644345,2.3000000000000003,117.7,2.3000000000000003_117.7
216,2019,16,104.98999786376953,5389.745916401996,-1.5398919582366943,115.84031677246094,2019-06-22,33.452048383714505,79.76182969897613,55.833280789283286,1786664.9852570652,-1.5,115.80000000000001,-1.5_115.80000000000001
89,2019,16,11.680000305175781,169.65691627879335,-1.2903268337249756,114.76953887939453,2019-06-23,1.0529942338689453,2.51072059302494,1.7575044151174577,56240.14128375865,-1.3,114.80000000000001,-1.3_114.80000000000001
90,2019,54,155.74000549316406,15599.859320259118,-2.1496224403381348,115.16778564453125,2019-06-24,96.82223556631301,230.8593654932673,161.6015558452871,5171249.787049187,-2.1,115.2,-2.1_115.2
91,2019,3,14.210000038146973,255.03502716808686,2.4930899143218994,117.48551177978516,2019-06-27,1.582902830800617,3.774215096550291,2.6419505675852037,84542.41816272652,2.5,117.5,2.5_117.5
92,2019,42,168.74000549316406,12045.06732057553,-1.3434350490570068,116.67041015625,2019-07-08,74.75902965421686,178.25267150585867,124.77687005410107,3992859.841731234,-1.3,116.7,-1.3_116.7
93,2019,98,1267.989990234375,97617.20630900601,-0.7691383957862854,114.8125991821289,2019-07-08,605.8718832356088,1444.6185601466161,1011.2329921026312,32359455.7472842,-0.8,114.80000000000001,-0.8_114.80000000000001
94,2019,19,103.87000274658203,5142.024512134046,1.7314972877502441,114.95706939697266,2019-07-09,31.914538354524645,76.09584752347469,53.267093266432276,1704546.9845258328,1.7000000000000002,115.0,1.7000000000000002_115.0
95,2019,98,1706.7498779296875,28209.3004962007,-0.26902836561203003,114.6778564453125,2019-07-12,175.08411337126643,417.46409886558075,292.2248692059065,9351195.814589007,-0.30000000000000004,114.7,-0.30000000000000004_114.7
172,2019,7,183.09999084472656,1162.024934980279,-1.9345085620880127,115.2639389038086,2019-07-13,7.212235038714524,17.196587076174126,12.037610953321888,385203.5505063004,-1.9000000000000001,115.30000000000001,-1.9000000000000001_115.30000000000001
96,2019,6,3.6100001335144043,145.76771534590944,-1.348591685295105,116.52364349365234,2019-07-14,0.9047232916296885,2.157188829931121,1.5100321809517845,48321.029790457105,-1.3,116.5,-1.3_116.5
97,2019,5,77.80999755859375,757.3847823368974,-1.2498260736465454,114.56761169433594,2019-07-15,4.7007916099941935,11.208394043495016,7.84587583044651,251068.02657428832,-1.2000000000000002,114.60000000000001,-1.2000000000000002_114.60000000000001
98,2019,3,15.8100004196167,344.4065111742437,-1.6987967491149902,114.9234390258789,2019-07-15,2.137596735387146,5.096806773005892,3.5677647411041242,114168.47171533198,-1.7000000000000002,114.9,-1.7000000000000002_114.9
99,2019,15,78.74000549316406,3123.564870552704,-1.53422212600708,115.3451919555664,2019-07-15,19.386747501662118,46.22504532181122,32.357531725267854,1035441.0152085713,-1.5,115.30000000000001,-1.5_115.30000000000001
100,2019,35,362.239990234375,7586.735367486079,0.7576711773872375,114.2822265625,2019-07-17,47.08790405411259,112.27466076111216,78.5922625327785,2514952.401048912,0.8,114.30000000000001,0.8_114.30000000000001
101,2019,94,813.449951171875,53578.95470403894,0.8287452459335327,114.59540557861328,2019-07-18,332.54365101961093,792.9048097698796,555.0333668389158,17761067.738845304,0.8,114.60000000000001,0.8_114.60000000000001
102,2019,30,274.4499816894531,7041.690765584953,-1.4867075681686401,113.56570434570312,2019-07-18,43.70502503219193,104.20864885823467,72.94605420076427,2334273.7344244565,-1.5,113.60000000000001,-1.5_113.60000000000001
103,2019,116,809.3599243164062,4352.663671932682,-1.8337820768356323,113.9782485961914,2019-07-18,27.015283838969832,64.41424585175572,45.089972096229005,1442879.107079328,-1.8,114.0,-1.8_114.0
104,2019,3,15.139999389648438,226.9301958529085,-1.7164233922958374,113.74114990234375,2019-07-18,1.4084671168441598,3.358297017321765,2.3508079121252354,75225.85318800753,-1.7000000000000002,113.7,-1.7000000000000002_113.7
105,2019,4,12.280000686645508,791.6996054179631,-1.6434900760650635,113.71537780761719,2019-07-20,4.91377031804296,11.716212615501021,8.201348830850714,262443.1625872228,-1.6,113.7,-1.6_113.7
106,2019,3,10.930000305175781,811.8306775030422,-0.5781533718109131,114.04144287109375,2019-07-21,5.038716021950218,12.014128541077675,8.409889978754371,269116.4793201399,-0.6000000000000001,114.0,-0.6000000000000001_114.0
107,2019,89,938.2000122070312,9021.208883664856,-1.8935225009918213,114.08265686035156,2019-07-21,55.991121054071535,133.50316282406718,93.45221397684702,2990470.8472591047,-1.9000000000000001,114.10000000000001,-1.9000000000000001_114.10000000000001
108,2019,5,47.5099983215332,1550.6153468582884,-0.22163598239421844,116.98457336425781,2019-07-23,9.624063993402704,22.94726303300285,16.063084123101994,514018.69193926384,-0.2,117.0,-0.2_117.0
109,2019,25,222.1900177001953,7650.889081255591,-1.6810222864151,113.9223403930664,2019-07-28,47.486081105554256,113.22405942880606,79.25684160016424,2536218.9312052554,-1.7000000000000002,113.9,-1.7000000000000002_113.9
110,2019,13,223.91000366210938,1872.3567845534067,-1.1476184129714966,113.97476196289062,2019-08-01,11.620987467674365,27.70865367341235,19.396057571388642,620673.8422844366,-1.1,114.0,-1.1_114.0
111,2019,38,246.25001525878906,40890.41526731642,-1.7779980897903442,115.37045288085938,2019-08-03,253.79084119527246,605.1295162072064,423.59066134504445,13554901.163041422,-1.8,115.4,-1.8_115.4
112,2019,7,37.23999786376953,1912.8511938434765,-0.8743157386779785,115.99573516845703,2019-08-03,11.87232045439624,28.30792277211438,19.815545940480064,634097.470095362,-0.9,116.0,-0.9_116.0
113,2019,50,273.83001708984375,18876.729720437645,-1.9907947778701782,114.81062316894531,2019-08-03,117.16049062957045,279.3531503318551,195.54720523229855,6257510.567433554,-2.0,114.80000000000001,-2.0_114.80000000000001
114,2019,4,33.19000244140625,676.6670131340297,-1.984165072441101,114.90975952148438,2019-08-03,4.199807934199256,10.01386705452365,7.009706938166555,224310.62202132973,-2.0,114.9,-2.0_114.9
115,2019,32,151.47000122070312,6789.387312578765,-1.6714540719985962,113.53488159179688,2019-08-04,42.13907601562391,100.47485781070097,70.33240046749067,2250636.8149597016,-1.7000000000000002,113.5,-1.7000000000000002_113.5
116,2019,11,34.61000061035156,1089.4813832159282,-1.1483582258224487,114.50798034667969,2019-08-05,6.761985538796063,16.123028783940253,11.286120148758176,361155.84476026165,-1.1,114.5,-1.1_114.5
117,2019,238,1341.679931640625,9165.048921260388,-1.8967740535736084,113.54231262207031,2019-08-07,56.8838800025997,135.63182431582226,94.94227702107557,3038152.8646744182,-1.9000000000000001,113.5,-1.9000000000000001_113.5
118,2019,14,95.20999145507812,4049.7813305418968,-2.4606592655181885,115.47712707519531,2019-08-07,25.135411411599257,59.93194740809064,41.95236318566345,1342475.6219412305,-2.5,115.5,-2.5_115.5
119,2019,7,51.779998779296875,1598.453589612594,1.7586286067962646,117.06657409667969,2019-08-07,9.920977286910464,23.655212133173873,16.55864849322171,529876.7517830947,1.8,117.10000000000001,1.8_117.10000000000001
120,2019,18,123.52999114990234,4602.970713493202,0.8034666180610657,114.13375091552734,2019-08-07,28.568841909227938,68.11849238416606,47.68294466891624,1525854.2294053198,0.8,114.10000000000001,0.8_114.10000000000001
121,2019,31,260.70001220703125,16622.215453075678,1.3896620273590088,117.71598052978516,2019-08-07,103.16760088609371,245.98902040135152,172.19231428094605,5510154.056990273,1.4000000000000001,117.7,1.4000000000000001_117.7
122,2019,94,646.6299438476562,3367.333788548804,-1.864025354385376,114.5350341796875,2019-08-09,20.89972599187914,49.83253540106311,34.88277478074418,1116248.7929838137,-1.9000000000000001,114.5,-1.9000000000000001_114.5
184,2019,4,38.02000427246094,1322.4088313813156,-0.9392449855804443,116.77082824707031,2019-08-09,8.20767525901302,19.570078003133727,13.699054602193607,438369.74727019545,-0.9,116.80000000000001,-0.9_116.80000000000001
123,2019,9,76.34000396728516,5804.278143449924,-2.0625500679016113,115.28093719482422,2019-08-09,36.02488805573253,85.89641366849402,60.12748956794581,1924079.6661742658,-2.1,115.30000000000001,-2.1_115.30000000000001
124,2019,26,320.3399963378906,6946.043486273561,0.9179785251617432,114.05956268310547,2019-08-09,43.11137971663849,102.79318287487743,71.9552280124142,2302567.2963972543,0.9,114.10000000000001,0.9_114.10000000000001
125,2019,12,142.77000427246094,3159.3980770096673,2.1756742000579834,116.69440460205078,2019-08-09,19.60915022244606,46.755334162012524,32.72873391340877,1047319.4852290805,2.2,116.7,2.2_116.7
126,2019,3,12.5,611.3260919030286,1.133080005645752,113.7596435546875,2019-08-09,3.7942623496097907,9.046899128310073,6.332829389817051,202650.54047414562,1.1,113.80000000000001,1.1_113.80000000000001
127,2019,12,605.260009765625,366.29624490663866,0.8425541520118713,113.6623764038086,2019-08-10,2.2734577654394745,5.420748799439074,3.7945241596073513,121424.77310743525,0.8,113.7,0.8_113.7
128,2019,4,73.2699966430664,360.1685307534767,1.1773825883865356,118.71905517578125,2019-08-10,2.235425436362636,5.330065917479623,3.731046142235736,119393.47655154356,1.2000000000000002,118.7,1.2000000000000002_118.7
129,2019,11,87.8800048828125,273.7167759714964,-1.6726282835006714,114.06562042236328,2019-08-11,1.6988531510118612,4.050682761195109,2.835477932836576,90735.29385077044,-1.7000000000000002,114.10000000000001,-1.7000000000000002_114.10000000000001
130,2019,4,90.2800064086914,146.4896826315981,0.9318375587463379,113.54717254638672,2019-08-11,0.9092042606673605,2.1678730871451926,1.5175111610016347,48560.35715205231,0.9,113.5,0.9_113.5
131,2019,6,8.859999656677246,1394.4571367323324,-2.1476383209228516,115.45321655273438,2019-08-11,8.654850957821434,20.63630723743202,14.445415066202413,462253.2821184772,-2.1,115.5,-2.1_115.5
132,2019,4,14.299999237060547,677.1970555198645,-1.8217049837112427,113.73458862304688,2019-08-11,4.203097700323927,10.021711051470435,7.015197736029304,224486.32755293773,-1.8,113.7,-1.8_113.7
133,2019,3,19.600000381469727,285.14213236670656,1.9881700277328491,116.51229095458984,2019-08-12,1.7697658769291704,4.219764448009246,2.953835113606472,94522.7236354071,2.0,116.5,2.0_116.5
134,2019,4,5.859999656677246,273.7822884682344,-1.1692500114440918,116.73825073242188,2019-08-12,1.6992597614986278,4.051652268234776,2.8361565877643433,90757.01080845899,-1.2000000000000002,116.7,-1.2000000000000002_116.7
135,2019,5,43.459999084472656,736.1243538725895,1.4198780059814453,115.7230224609375,2019-08-12,4.56883643201777,10.893764986615572,7.6256354906309,244020.33570018882,1.4000000000000001,115.7,1.4000000000000001_115.7
136,2019,8,278.9100036621094,812.0950824126719,1.0298900604248047,113.63581085205078,2019-08-12,5.040357079982825,12.018041419291336,8.412628993503935,269204.1277921259,1.0,113.60000000000001,1.0_113.60000000000001
138,2019,37,266.6099853515625,17455.17368032757,-0.6211516261100769,115.82855987548828,2019-08-13,108.3374473597183,258.3158115523486,180.821068086644,5786274.178772608,-0.6000000000000001,115.80000000000001,-0.6000000000000001_115.80000000000001
139,2019,7,26.280000686645508,215.51726694459828,-0.03289857134222984,117.00084686279297,2019-08-13,1.3376315234855114,3.1893992425341073,2.232579469773875,71442.54303276399,-0.0,117.0,-0.0_117.0
140,2019,8,78.41000366210938,840.0326261217199,0.756464958190918,113.51631927490234,2019-08-13,5.213754505088366,12.431483840899283,8.702038688629496,278465.2380361439,0.8,113.5,0.8_113.5
141,2019,153,1980.099853515625,4127.612901794228,-1.717952013015747,114.56549072265625,2019-08-14,25.61848158368106,61.08376209986305,42.75863346990413,1368276.2710369322,-1.7000000000000002,114.60000000000001,-1.7000000000000002_114.60000000000001
142,2019,13,274.1299743652344,1774.058158097865,0.30733156204223633,114.45132446289062,2019-08-14,11.010886275661475,26.253950905489624,18.377765633842735,588088.5002829675,0.30000000000000004,114.5,0.30000000000000004_114.5
143,2019,23,690.3999633789062,5822.213335013836,0.011492609046399593,114.29883575439453,2019-08-14,36.13620478666438,86.16183317385247,60.31328322169673,1930025.0630942953,0.0,114.30000000000001,0.0_114.30000000000001
144,2019,13,185.54998779296875,1012.4953161880101,1.888146162033081,116.83214569091797,2019-08-16,6.284163081293463,14.983726549156247,10.488608584409372,335635.4747010999,1.9000000000000001,116.80000000000001,1.9000000000000001_116.80000000000001
145,2019,24,115.75999450683594,6364.503135426469,-2.202007532119751,113.53118133544922,2019-08-16,39.5019858314058,94.18707729090337,65.93095410363236,2109790.5313162357,-2.2,113.5,-2.2_113.5
146,2019,10,109.27999114990234,3027.6338958823007,-0.9258000254631042,115.87953186035156,2019-08-16,18.791341399789044,44.80538098453102,31.36376668917171,1003640.5340534948,-0.9,115.9,-0.9_115.9
147,2019,6,34.86000061035156,194.9105981945604,1.35305655002594,118.20904541015625,2019-08-16,1.2097339767837887,2.884445051928967,2.0191115363502767,64611.56916320886,1.4000000000000001,118.2,1.4000000000000001_118.2
148,2019,4,35.79999923706055,967.6697694293572,2.485995054244995,116.6658706665039,2019-08-17,6.005948415471529,14.320361766811562,10.024253236768093,320776.10357657896,2.5,116.7,2.5_116.7
149,2019,5,28.5,322.9443875257441,0.7916679978370667,115.00370025634766,2019-08-17,2.0043897141578135,4.779192867270469,3.345435007089328,107053.92022685849,0.8,115.0,0.8_115.0
150,2019,3,27.360000610351562,199.92776389895127,0.4414166510105133,115.0129623413086,2019-08-17,1.2408735652719296,2.958693137588692,2.071085196312084,66274.72628198669,0.4,115.0,0.4_115.0
151,2019,3,50.26000213623047,227.8455512266687,0.22434334456920624,114.69427490234375,2019-08-17,1.4141483702327724,3.371843188248621,2.3602902317740346,75529.2874167691,0.2,114.7,0.2_114.7
152,2019,6,93.61000061035156,649.11838887715,-1.2546000480651855,115.97992706298828,2019-08-18,4.028824380273004,9.606180178277508,6.724326124794255,215178.43599341618,-1.3,116.0,-1.3_116.0
153,2019,3,16.75,315.0213335768587,1.9431833028793335,116.57048797607422,2019-08-19,1.9552144119903547,4.661941091478286,3.2633587640348,104427.4804491136,1.9000000000000001,116.60000000000001,1.9000000000000001_116.60000000000001
154,2019,3,72.93000030517578,402.3963969837104,-1.6546598672866821,114.86254119873047,2019-08-19,2.4975173134539053,5.954988117347538,4.1684916821432765,133391.73382858484,-1.7000000000000002,114.9,-1.7000000000000002_114.9
155,2019,15,81.48999786376953,1217.1015581150755,-1.0511020421981812,116.8696517944336,2019-08-21,7.554074132893338,18.011655597586902,12.608158918310831,403461.0853859466,-1.1,116.9,-1.1_116.9
156,2019,6,154.39999389648438,2991.3795407418424,1.5945149660110474,117.2479248046875,2019-08-21,18.566324773571424,44.26885964467353,30.988201751271472,991622.456040687,1.6,117.2,1.6_117.2
157,2019,3,64.58000183105469,239.31062483022535,1.8541399240493774,116.9549331665039,2019-08-21,1.4853076053540184,3.541512642511798,2.4790588497582586,79329.88319226427,1.9000000000000001,117.0,1.9000000000000001_117.0
158,2019,3,13.930000305175781,151.45744014972152,-1.8168965578079224,114.85354614257812,2019-08-22,0.9400371918356192,2.2413899904078387,1.568972993285487,50207.135785135586,-1.8,114.9,-1.8_114.9
230,2019,13,72.5999984741211,6206.137241752858,-1.1843829154968262,116.56144714355469,2019-08-23,38.51907056607241,91.84345040435933,64.29041528305153,2057293.289057649,-1.2000000000000002,116.60000000000001,-1.2000000000000002_116.60000000000001
159,2019,32,205.63999938964844,11709.150991111028,-1.6275064945220947,115.70894622802734,2019-08-24,72.67412816156398,173.28150932503755,121.29705652752628,3881505.808880841,-1.6,115.7,-1.6_115.7
161,2019,27,272.9599914550781,14949.676933566549,-0.11043443530797958,115.52654266357422,2019-08-24,92.78680736705603,221.2374394127024,154.86620758889168,4955718.642844534,-0.1,115.5,-0.1_115.5
162,2019,4,42.52000427246094,631.9619317137423,-1.67239248752594,115.49371337890625,2019-08-24,3.922340949694784,9.352285015920947,6.546599511144662,209491.18435662918,-1.7000000000000002,115.5,-1.7000000000000002_115.5
163,2019,7,89.80999755859375,904.4325780022893,1.4552013874053955,117.77574920654297,2019-08-26,5.613459860337438,13.384526539793203,9.369168577855241,299813.39449136774,1.5,117.80000000000001,1.5_117.80000000000001
165,2019,45,388.0600280761719,20757.353377534168,-0.08144311606884003,115.70304107666016,2019-08-29,128.83278734717675,307.184143887361,215.0289007211527,6880924.823076886,-0.1,115.7,-0.1_115.7
164,2019,73,1627.8800048828125,20767.07963240729,-0.4375220537185669,114.91305541992188,2019-08-29,128.89315441339002,307.328080892339,215.1296566246373,6884149.011988394,-0.4,114.9,-0.4_114.9
166,2019,21,253.1999969482422,7657.492249932624,0.03860333189368248,115.60245513916016,2019-08-29,47.52706439521133,113.32177847227496,79.32524493059246,2538407.837778959,0.0,115.60000000000001,0.0_115.60000000000001
167,2019,40,723.8800048828125,19022.184582771308,2.2781143188476562,117.01512145996094,2019-08-29,118.06327216471199,281.5057093092717,197.05399651649017,6305727.888527686,2.3000000000000003,117.0,2.3000000000000003_117.0
168,2019,28,453.75,8709.311926797269,0.7690086364746094,116.36724853515625,2019-08-29,54.05529842834877,128.88745879215824,90.22122115451076,2887079.076944344,0.8,116.4,0.8_116.4
169,2019,16,121.45000457763672,10410.646495550529,-0.7635893821716309,116.25949096679688,2019-08-30,64.61481778112993,154.06518706333955,107.84563094433769,3451060.190218806,-0.8,116.30000000000001,-0.8_116.30000000000001
170,2019,8,57.09000015258789,1959.5137145861559,0.1413324922323227,113.93331909179688,2019-08-30,12.161936500458804,28.99847258476439,20.298930809335072,649565.7858987224,0.1,113.9,0.1_113.9
171,2019,15,151.44003295898438,1889.674937414593,1.3474653959274292,118.44078826904297,2019-08-31,11.728474480311817,27.96494173979617,19.57545921785732,626414.6949714342,1.3,118.4,1.3_118.4
173,2019,6,69.58000183105469,320.3374926770334,0.9477300047874451,118.9319839477539,2019-09-01,1.98820973573899,4.740613923811701,3.3184297466681905,106189.7518933821,0.9,118.9,0.9_118.9
174,2019,4,59.060001373291016,231.49730651410493,-2.2698726654052734,115.89482879638672,2019-09-01,1.4368133894109587,3.4258848235792283,2.3981193765054596,76739.8200481747,-2.3000000000000003,115.9,-2.3000000000000003_115.9
175,2019,14,113.83999633789062,2719.872332780126,1.0340049266815186,118.82311248779297,2019-09-01,16.881185548432267,40.25087586224995,28.17561310357496,901619.6193143987,1.0,118.80000000000001,1.0_118.80000000000001
176,2019,168,1523.829833984375,3557.698276610912,-2.4403128623962402,114.25181579589844,2019-09-02,22.081244038178028,52.64970342958473,36.85479240070931,1179353.356822698,-2.4000000000000004,114.30000000000001,-2.4000000000000004_114.30000000000001
177,2019,13,60.42000198364258,4746.084734777931,-2.1360862255096436,115.93628692626953,2019-09-02,29.45709475800056,70.23640969795076,49.16548678856553,1573295.577234097,-2.1,115.9,-2.1_115.9
178,2019,6,32.79999923706055,193.45195528364755,-1.6143065690994263,114.78093719482422,2019-09-02,1.200680749788073,2.8628588715678864,2.0040012100975204,64128.038723120655,-1.6,114.80000000000001,-1.6_114.80000000000001
179,2019,9,360.95001220703125,1702.2103501808256,-0.8189544081687927,114.51920318603516,2019-09-02,10.564954986138073,25.19068879476859,17.63348215633801,564271.4290028163,-0.8,114.5,-0.8_114.5
180,2019,37,345.3000183105469,18828.395156065235,-0.38753974437713623,114.06842803955078,2019-09-02,116.86049686157646,278.6378562619966,195.04649938339762,6241487.980268723,-0.4,114.10000000000001,-0.4_114.10000000000001
181,2019,7,133.05999755859375,1155.07531338432,0.02678285539150238,114.1355209350586,2019-09-03,7.169101451068202,17.09374094153124,11.965618659071868,382899.7970902998,0.0,114.10000000000001,0.0_114.10000000000001
182,2019,4,22.56999969482422,602.3936639159067,-1.604675054550171,116.01908874511719,2019-09-03,3.738822256914527,8.914709817170376,6.240296872019263,199689.49990461642,-1.6,116.0,-1.6_116.0
183,2019,5,17.299999237060547,1194.89951454943,-1.6404739618301392,115.8441162109375,2019-09-03,7.416274717652793,17.683091757042366,12.378164229929656,396101.255357749,-1.6,115.80000000000001,-1.6_115.80000000000001
185,2019,12,151.12001037597656,1821.5016114251894,-0.7317774891853333,115.68203735351562,2019-09-04,11.305349265348312,26.956057591652588,18.86924031415681,603815.6900530179,-0.7000000000000001,115.7,-0.7000000000000001_115.7
186,2019,3,35.369998931884766,399.44618346010463,-1.5598567724227905,115.00713348388672,2019-09-05,2.479206490074715,5.911328465798964,4.137929926059274,132413.75763389678,-1.6,115.0,-1.6_115.0
187,2019,3,66.83000183105469,492.5655537703227,0.505946695804596,115.9295883178711,2019-09-05,3.057162061523606,7.289384402305478,5.102569081613834,163282.2106116427,0.5,115.9,0.5_115.9
188,2019,71,195.64002990722656,976.2604307312293,-2.093945264816284,113.51553344726562,2019-09-06,6.059267295800154,14.447493337462472,10.113245336223729,323623.8507591593,-2.1,113.5,-2.1_113.5
189,2019,27,336.1500244140625,14593.738876469055,-0.28358224034309387,114.36742401123047,2019-09-07,90.57763882881457,215.96997947415542,151.17898563190877,4837727.540221081,-0.30000000000000004,114.4,-0.30000000000000004_114.4
190,2019,11,60.17000198364258,345.0234928950765,-2.493859052658081,116.46745300292969,2019-09-07,2.1414261000171853,5.105937368716293,3.5741561581014047,114372.99705924495,-2.5,116.5,-2.5_116.5
191,2019,3,5.630000114440918,488.07119832794166,-1.3470033407211304,113.57270050048828,2019-09-07,3.0292673521914626,7.222873286760875,5.056011300732613,161792.3616234436,-1.3,113.60000000000001,-1.3_113.60000000000001
192,2019,3,31.26000213623047,133.62707415179463,-1.5295100212097168,115.75243377685547,2019-09-07,0.8293710722608831,1.977521778760033,1.384265245132023,44296.487844224735,-1.5,115.80000000000001,-1.5_115.80000000000001
193,2019,27,296.4300537109375,17606.42793057556,-1.0911844968795776,115.53455352783203,2019-09-08,109.27622343117287,260.5541945738584,182.38793620170088,5836413.958454428,-1.1,115.5,-1.1_115.5
194,2019,9,73.30999755859375,1040.393210029368,-1.734432339668274,115.64775848388672,2019-09-08,6.457314415152228,15.396582199876786,10.777607539913749,344883.44127724,-1.7000000000000002,115.60000000000001,-1.7000000000000002_115.60000000000001
195,2019,5,29.549999237060547,1059.5133008768653,0.9912080764770508,118.5378646850586,2019-09-09,6.575985353272902,15.679536805467006,10.975675763826903,351221.6244424609,1.0,118.5,1.0_118.5
196,2019,17,173.8199920654297,480.80491239079765,-1.0170748233795166,115.04280090332031,2019-09-10,2.984168352626468,7.1153408964678935,4.980738627527525,159383.6360808808,-1.0,115.0,-1.0_115.0
197,2019,10,174.79000854492188,1362.0717778558599,-0.15725299715995789,113.9147720336914,2019-09-10,8.45384768069795,20.157042440999867,14.109929708699905,451517.75067839696,-0.2,113.9,-0.2_113.9
198,2019,4,16.06999969482422,1092.215601408942,-0.7012225389480591,115.61612701416016,2019-09-11,6.778955763497376,16.163491961472857,11.314444373031,362062.219936992,-0.7000000000000001,115.60000000000001,-0.7000000000000001_115.60000000000001
199,2019,4,10.100000381469727,382.0582839260068,-0.7803925275802612,116.88325500488281,2019-09-11,2.371286587072292,5.654008231603684,3.9578057621225784,126649.78438792251,-0.8,116.9,-0.8_116.9
200,2019,4,20.18000030517578,367.44125183947165,0.10355250537395477,116.34626770019531,2019-09-11,2.2805643763838335,5.437693540322469,3.806385478225728,121804.3353032233,0.1,116.30000000000001,0.1_116.30000000000001
201,2019,3,10.720000267028809,113.71359123731978,-1.9726500511169434,114.97824096679688,2019-09-11,0.7057758593741167,1.6828259141360227,1.1779781398952158,37695.30047664691,-2.0,115.0,-2.0_115.0
202,2019,3,13.219999313354492,381.3349247423471,-2.4452366828918457,116.24681854248047,2019-09-11,2.3667969790674044,5.643303375954983,3.950312363168488,126409.99562139162,-2.4000000000000004,116.2,-2.4000000000000004_116.2
203,2019,6,23.380001068115234,163.450143809419,-1.4738950729370117,113.7545166015625,2019-09-11,1.0144712206930617,2.4188677420072393,1.6932074194050675,54182.63742096216,-1.5,113.80000000000001,-1.5_113.80000000000001
204,2019,7,61.18000030517578,1816.0098718170707,0.06480856984853745,115.31781768798828,2019-09-11,11.27126418194531,26.874786376614253,18.812350463629976,601995.2148361593,0.1,115.30000000000001,0.1_115.30000000000001
205,2019,28,666.2799072265625,12295.960238667818,-0.9652467370033264,115.18225860595703,2019-09-11,76.31622403134203,181.9655883141737,127.37591181992157,4076029.1782374904,-1.0,115.2,-1.0_115.2
206,2019,6,52.5099983215332,493.2003312682039,0.14243000745773315,115.0860595703125,2019-09-11,3.061101877593116,7.2987783543522085,5.109144848046546,163492.63513748944,0.1,115.10000000000001,0.1_115.10000000000001
207,2019,6,102.95000457763672,288.4815876877646,-0.7641200423240662,115.98795318603516,2019-09-12,1.7904925721589635,4.269184415246475,2.988429090672532,95629.73090152103,-0.8,116.0,-0.8_116.0
208,2019,4,23.880001068115234,733.9782505438678,-0.7356774806976318,114.72251892089844,2019-09-13,4.5555164066395095,10.862005209647055,7.6034036467529384,243308.91669609403,-0.7000000000000001,114.7,-0.7000000000000001_114.7
209,2019,3,28.630001068115234,336.35461757250636,-1.396003246307373,115.87310791015625,2019-09-13,2.087621775802104,4.977648323576652,3.484353826503656,111499.322448117,-1.4000000000000001,115.9,-1.4000000000000001_115.9
210,2019,114,1017.4900512695312,2497.7014910168805,-1.6012005805969238,113.96443176269531,2019-09-13,15.502257884050632,36.96301162529759,25.874108137708312,827971.460406666,-1.6,114.0,-1.6_114.0
211,2019,10,120.04000091552734,1655.853044636457,-1.4559719562530518,113.97364807128906,2019-09-13,10.277233291634879,24.50465580407027,17.153259062849187,548904.290011174,-1.5,114.0,-1.5_114.0
212,2019,3,39.47999954223633,136.72897167137924,-0.1179666742682457,115.61417388916016,2019-09-13,0.8486233389754778,2.0234261730558494,1.4163983211390945,45324.74627645102,-0.1,115.60000000000001,-0.1_115.60000000000001
213,2019,3,9.40999984741211,439.1606194017584,-1.012410044670105,116.19076538085938,2019-09-14,2.7256984867770404,6.499054886543438,4.549338420580407,145578.82945857302,-1.0,116.2,-1.0_116.2
214,2019,9,276.260009765625,438.9585970422443,-0.4204021990299225,114.38980102539062,2019-09-14,2.7244446128746564,6.496065195881785,4.547245637117249,145511.86038775198,-0.4,114.4,-0.4_114.4
215,2019,17,152.3900146484375,1088.4603726728578,-1.6681488752365112,114.122802734375,2019-09-14,6.755648525026428,16.107919042160145,11.2755433295121,360817.3865443872,-1.7000000000000002,114.10000000000001,-1.7000000000000002_114.10000000000001
217,2019,6,48.46000289916992,957.0920382803052,-0.1390516608953476,113.7489242553711,2019-09-14,5.940296568487206,14.163823925585188,9.914676747909631,317269.6559331082,-0.1,113.7,-0.1_113.7
218,2019,5,40.63999938964844,717.8434787641423,1.6645400524139404,117.06703186035156,2019-09-14,4.4553741783030985,10.62322977590909,7.436260843136362,237960.3469803636,1.7000000000000002,117.10000000000001,1.7000000000000002_117.10000000000001
219,2019,6,36.83000183105469,448.54513054886365,-0.12172166258096695,114.11627960205078,2019-09-15,2.7839444831226423,6.6379344908018965,4.646554143561327,148689.7325939625,-0.1,114.10000000000001,-0.1_114.10000000000001
220,2019,23,126.33999633789062,7129.582546428938,0.2480461150407791,116.89051818847656,2019-09-16,44.25053499702652,105.5093426876569,73.85653988135982,2363409.276203514,0.2,116.9,0.2_116.9
221,2019,4,9.550000190734863,439.2761051410953,-0.579337477684021,113.86451721191406,2019-09-16,2.7264152616677024,6.500763938141883,4.550534756699318,145617.11221437817,-0.6000000000000001,113.9,-0.6000000000000001_113.9
222,2019,6,51.59000015258789,1065.399547390248,-0.8855916857719421,115.40091705322266,2019-09-18,6.612518986994842,15.766646253527973,11.036652377469581,353172.8760790266,-0.9,115.4,-0.9_115.4
223,2019,4,22.829999923706055,154.66062444449497,-0.9523724913597107,116.26617431640625,2019-09-18,0.95991810601464,2.288793308519115,1.6021553159633806,51268.97011082818,-1.0,116.30000000000001,-1.0_116.30000000000001
224,2019,3,5.679999828338623,500.39472613615703,-1.9732199907302856,115.37442779541016,2019-09-19,3.1057546773627527,7.405246842319066,5.183672789623346,165877.52926794707,-2.0,115.4,-2.0_115.4
225,2019,11,39.95000076293945,485.93735294134,-1.6988400220870972,115.03559875488281,2019-09-19,3.0160234070736163,7.19129491275773,5.03390643893041,161085.00604577313,-1.7000000000000002,115.0,-1.7000000000000002_115.0
226,2019,3,9.920000076293945,133.58597121060635,-0.10413333773612976,117.15825653076172,2019-09-19,0.8291159623542809,1.9769135041129462,1.3838394528790623,44282.86249212999,-0.1,117.2,-0.1_117.2
227,2019,13,327.1200256347656,3866.9181677995734,-0.4120946228504181,114.77381134033203,2019-09-19,24.000451162538234,57.22579007319978,40.058053051239845,1281857.697639675,-0.4,114.80000000000001,-0.4_114.80000000000001
228,2019,7,64.52999877929688,586.5298684539088,0.1401614248752594,114.25394439697266,2019-09-19,3.6403618727748666,8.67994451067074,6.075961157469518,194430.75703902458,0.1,114.30000000000001,0.1_114.30000000000001
229,2019,5,20.56999969482422,1320.2721589892565,0.8361980319023132,118.79386901855469,2019-09-19,8.194413767776153,19.538457792811883,13.676920454968318,437661.4545589862,0.8,118.80000000000001,0.8_118.80000000000001
231,2019,5,31.279998779296875,1552.377206595168,-0.6275619268417358,116.7638168334961,2019-09-20,9.634999168840949,22.973336461781532,16.08133552324707,514602.7367439062,-0.6000000000000001,116.80000000000001,-0.6000000000000001_116.80000000000001
232,2019,8,92.22000885009766,1701.6085622721055,-0.22733750939369202,114.95944213867188,2019-09-21,10.561219923567132,25.181783049407912,17.627248134585535,564071.9403067371,-0.2,115.0,-0.2_115.0
233,2019,3,14.710000991821289,433.48107118342136,0.1540333479642868,115.0230941772461,2019-09-21,2.6904477486635296,6.415004327429041,4.490503029200329,143696.0969344105,0.2,115.0,0.2_115.0
234,2019,8,55.12000274658203,1822.2850798643194,-0.9218624830245972,115.28271484375,2019-09-22,11.310211948031206,26.967651992796107,18.877356394957275,604075.4046386328,-0.9,115.30000000000001,-0.9_115.30000000000001
235,2019,4,10.600000381469727,208.15632602223525,-1.0444899797439575,115.39139556884766,2019-09-22,1.2919450373869363,3.08046607103023,2.156326249721161,69002.43999107715,-1.0,115.4,-1.0_115.4
236,2019,19,89.70000457763672,1375.6188870139122,-1.0524910688400269,114.89161682128906,2019-09-22,8.537929297539204,20.357523545366906,14.250266481756833,456008.52741621865,-1.1,114.9,-1.1_114.9
237,2019,11,40.349998474121094,318.60058480992217,-0.47532176971435547,115.33068084716797,2019-09-23,1.9774294268135095,4.7149097530310815,3.300436827121757,105613.97846789622,-0.5,115.30000000000001,-0.5_115.30000000000001
238,2019,10,63.15999984741211,2581.7095571210702,-0.5226260423660278,115.27351379394531,2019-09-23,16.023663147958818,38.206231095356735,26.744361766749712,855819.5765359908,-0.5,115.30000000000001,-0.5_115.30000000000001
239,2019,11,93.39999389648438,242.58783299262612,-1.6297799348831177,114.67961120605469,2019-09-23,1.5056479567755041,3.590011425829584,2.5130079980807087,80416.25593858268,-1.6,114.7,-1.6_114.7
240,2019,11,87.45000457763672,6680.707222793486,-1.0780582427978516,116.63742065429688,2019-09-23,41.46454113434502,98.86652173186226,69.20656521230357,2214610.086793714,-1.1,116.60000000000001,-1.1_116.60000000000001
241,2019,8,82.80000305175781,1383.3938123283774,-1.6586211919784546,115.15714263916016,2019-09-23,8.586185223112201,20.47258319353463,14.330808235474239,458585.8635351756,-1.7000000000000002,115.2,-1.7000000000000002_115.2
242,2019,9,123.30000305175781,895.3450017412033,0.45213666558265686,116.30516052246094,2019-09-24,5.557056822886002,13.250041218712042,9.275028853098428,296800.9232991497,0.5,116.30000000000001,0.5_116.30000000000001
243,2019,6,141.32000732421875,1302.0751545887767,-0.5566050410270691,114.9411849975586,2019-09-24,8.081472066797069,19.269163768838393,13.488414638186875,431629.26842197997,-0.6000000000000001,114.9,-0.6000000000000001_114.9
244,2019,6,34.54999923706055,581.9592762147929,0.14460499584674835,115.83236694335938,2019-09-24,3.6119939914133643,8.612305181200608,6.028613626840425,192915.6360588936,0.1,115.80000000000001,0.1_115.80000000000001
245,2019,6,23.809999465942383,752.0890262329166,0.08314166963100433,115.78960418701172,2019-09-24,4.667922919676232,11.130023151240598,7.791016205868418,249312.51858778938,0.1,115.80000000000001,0.1_115.80000000000001
246,2019,5,33.81999969482422,646.2186312619069,-1.5450619459152222,114.79957580566406,2019-09-24,4.01082671701564,9.563267214166999,6.694287049916898,214217.18559734075,-1.5,114.80000000000001,-1.5_114.80000000000001
247,2019,4,38.029998779296875,572.9454849952778,-0.9165650010108948,116.15090942382812,2019-09-25,3.5560489089043146,8.478911790984348,5.935238253689043,189927.62411804937,-0.9,116.2,-0.9_116.2
264,2019,3,21.90999984741211,773.437338851788,-2.4827935695648193,116.03704071044922,2019-09-25,4.800423560284146,11.445952789089583,8.012166952362708,256389.34247560668,-2.5,116.0,-2.5_116.0
248,2019,7,303.83001708984375,860.3616093848852,-0.5720556974411011,114.66998291015625,2019-09-26,5.339928566400166,12.732328616541764,8.912630031579234,285204.1610105355,-0.6000000000000001,114.7,-0.6000000000000001_114.7
249,2019,3,16.360000610351562,143.716246302472,-2.3522632122039795,114.20068359375,2019-09-29,0.8919906243085963,2.1268295278390825,1.4887806694873578,47640.98142359545,-2.4000000000000004,114.2,-2.4000000000000004_114.2
250,2019,4,14.670000076293945,1639.6824744601824,0.2453799843788147,116.21952819824219,2019-10-02,10.17686887662919,24.26535059663734,16.985745417646136,543543.8533646764,0.2,116.2,0.2_116.2
253,2019,3,12.15999984741211,728.0324291088368,-1.8229399919509888,115.59410858154297,2019-10-04,4.518613014640957,10.77401412359637,7.541809886517458,241337.91636855865,-1.8,115.60000000000001,-1.8_115.60000000000001
251,2019,3,25.060001373291016,240.01905392818622,-1.8583999872207642,115.51919555664062,2019-10-04,1.4897045481466833,3.5519965506480604,2.486397585453642,79564.72273451654,-1.9000000000000001,115.5,-1.9000000000000001_115.5
252,2019,4,28.580001831054688,1121.9823859861312,-0.9696249961853027,115.38822937011719,2019-10-05,6.963706572412777,16.60400497246779,11.622803480727454,371929.71138327854,-1.0,115.4,-1.0_115.4
254,2019,3,19.469999313354492,329.10883839397707,-1.926609992980957,115.15798950195312,2019-10-08,2.0426500536806125,4.870419408923092,3.409293586246164,109097.39475987725,-1.9000000000000001,115.2,-1.9000000000000001_115.2
255,2019,5,35.279998779296875,212.15669172257552,-0.7566319704055786,115.24385070800781,2019-10-09,1.3167737452770605,3.1396667258798687,2.197766708115908,70328.53465970905,-0.8,115.2,-0.8_115.2
256,2019,3,19.369998931884766,361.7068750877488,-0.8896899819374084,115.67578125,2019-10-09,2.244973338972345,5.352831584119899,3.746982108883929,119903.42748428573,-0.9,115.7,-0.9_115.7
257,2019,3,26.34000015258789,137.40973326606908,0.21551333367824554,114.31280517578125,2019-10-10,0.8528485603785939,2.0335006350478357,1.423450444533485,45550.41422507152,0.2,114.30000000000001,0.2_114.30000000000001
258,2019,4,52.51000213623047,170.18572643881484,0.25772249698638916,114.28218078613281,2019-10-10,1.0562763520491372,2.518546354495135,1.7629824481465945,56415.43834069103,0.30000000000000004,114.30000000000001,0.30000000000000004_114.30000000000001
259,2019,7,51.14000701904297,841.4136655969564,0.30318430066108704,114.2187728881836,2019-10-10,5.222326077860441,12.4519215827038,8.716345107892659,278923.0434525651,0.30000000000000004,114.2,0.30000000000000004_114.2
260,2019,6,45.44000244140625,699.4727271202119,-2.3341867923736572,115.24307250976562,2019-10-10,4.341354096026528,10.351364499364934,7.245955149555453,231870.56478577448,-2.3000000000000003,115.2,-2.3000000000000003_115.2
261,2019,32,310.16998291015625,482.32195300012927,-2.1717774868011475,114.50888061523438,2019-10-14,2.993584031333879,7.137791293314933,4.996453905320453,159886.5249702545,-2.2,114.5,-2.2_114.5
262,2019,7,103.24000549316406,2351.724244983291,-1.13288152217865,115.65425872802734,2019-10-16,14.59623411725739,34.80272199037739,24.361905393264173,779580.9725844535,-1.1,115.7,-1.1_115.7
263,2019,16,644.3299560546875,1683.5008809369526,-0.7323512434959412,114.64928436279297,2019-10-21,10.448832615976798,24.91381090057201,17.439667630400404,558069.3641728129,-0.7000000000000001,114.60000000000001,-0.7000000000000001_114.60000000000001
265,2019,3,19.170000076293945,625.3011588014456,0.826793372631073,117.8419189453125,2019-11-04,3.8810001330419968,9.253713498277158,6.47759944879401,207283.1823614083,0.8,117.80000000000001,0.8_117.80000000000001
0,2020,328,1782.469970703125,198892.26829251563,-0.023148110136389732,117.38936614990234,2020-01-01,1234.4466483699296,2943.369034097428,2060.3583238681995,61810749.71604598,-0.0,117.4,-0.0_117.4
1,2020,50,336.3800048828125,12036.066791280246,0.30361899733543396,116.44003295898438,2020-01-04,74.70316688329316,178.11947437634902,124.6836320634443,3740508.961903329,0.30000000000000004,116.4,0.30000000000000004_116.4
2,2020,237,2508.480224609375,183048.26126661425,-0.7924176454544067,115.07308197021484,2020-01-04,1136.109083326384,2708.896572918227,1896.2276010427586,56886828.03128276,-0.8,115.10000000000001,-0.8_115.10000000000001
3,2020,5,18.739999771118164,852.9434616541546,-0.3945540189743042,116.4295425415039,2020-01-04,5.293887019979439,12.622548852308391,8.835784196615872,265073.5258984762,-0.4,116.4,-0.4_116.4
4,2020,10,90.57999420166016,3883.287794881477,0.3998870253562927,116.2497329711914,2020-01-04,24.102051046031953,57.46804108610359,40.22762876027251,1206828.8628081754,0.4,116.2,0.4_116.2
5,2020,7,15.120000839233398,843.909202385523,-1.2406742572784424,116.82063293457031,2020-01-05,5.237814900281628,12.48885255930725,8.742196791515076,262265.9037454523,-1.2000000000000002,116.80000000000001,-1.2000000000000002_116.80000000000001
6,2020,8,11.040000915527344,137.73486285018097,0.9857162237167358,117.66561889648438,2020-01-06,0.8548665127547141,2.038312166225792,1.4268185163580545,42804.55549074164,1.0,117.7,1.0_117.7
7,2020,148,1074.22998046875,77439.3398905213,1.1309549808502197,117.04434204101562,2020-01-07,480.63574517255915,1146.0101340866618,802.2070938606632,24066212.815819897,1.1,117.0,1.1_117.0
8,2020,24,190.97999572753906,5968.243604679786,1.3733936548233032,117.21851348876953,2020-01-08,37.04255765043969,88.3229074954722,61.82603524683053,1854781.0574049158,1.4000000000000001,117.2,1.4000000000000001_117.2
9,2020,45,244.00999450683594,16070.093022956416,-0.884355902671814,117.11705017089844,2020-01-09,99.74079254808336,237.81826505829525,166.47278554080665,4994183.5662242,-0.9,117.10000000000001,-0.9_117.10000000000001
10,2020,5,16.979999542236328,372.1499340636977,0.13088800013065338,116.255126953125,2020-01-09,2.3097893283632946,5.507376437345939,3.8551635061421567,115654.9051842647,0.1,116.30000000000001,0.1_116.30000000000001
11,2020,102,240.82000732421875,49069.6912012016,-0.690975546836853,117.0333251953125,2020-01-09,304.5564131773249,726.1730726602347,508.32115086216425,15249634.525864927,-0.7000000000000001,117.0,-0.7000000000000001_117.0
12,2020,208,485.6099853515625,28214.810743809747,-1.89903724193573,115.87000274658203,2020-01-09,175.11831332660444,417.5456439770219,292.2819507839153,8768458.52351746,-1.9000000000000001,115.9,-1.9000000000000001_115.9
13,2020,86,228.0299835205078,3888.5013552405508,0.825197696685791,117.53254699707031,2020-01-09,24.134409579456026,57.545195579086325,40.28163690536042,1208449.1071608127,0.8,117.5,0.8_117.5
14,2020,29,140.73001098632812,24732.446134399554,-0.3741893172264099,116.9197006225586,2020-01-09,153.50463594540963,366.0107892299283,256.2075524609498,7686226.573828493,-0.4,116.9,-0.4_116.9
15,2020,18,185.23001098632812,15002.769104472456,-0.6882526874542236,115.84947204589844,2020-01-09,93.11632974111377,222.02314040117736,155.41619828082415,4662485.948424725,-0.7000000000000001,115.80000000000001,-0.7000000000000001_115.80000000000001
16,2020,10,87.5,4493.189890423237,-0.6154500246047974,116.77079772949219,2020-01-10,27.887475206251324,66.49386676178321,46.545706733248245,1396371.2019974473,-0.6000000000000001,116.80000000000001,-0.6000000000000001_116.80000000000001
17,2020,143,1193.7601318359375,36678.19130195253,1.8904129266738892,117.23786926269531,2020-01-13,227.6472117778658,542.793610991922,379.9555276943454,11398665.830830362,1.9000000000000001,117.2,1.9000000000000001_117.2
18,2020,21,19.190000534057617,622.4618601252049,1.1955217123031616,117.8898696899414,2020-01-13,3.8633777148117834,9.211695254561873,6.44818667819331,193445.6003457993,1.2000000000000002,117.9,1.2000000000000002_117.9
19,2020,8,22.719999313354492,222.71839352155314,-0.8461737632751465,117.26704406738281,2020-01-15,1.38232610434441,3.2959673517883705,2.3071771462518593,69215.31438755577,-0.8,117.30000000000001,-0.8_117.30000000000001
20,2020,58,897.8800659179688,52169.83945929224,-0.732910692691803,114.23294067382812,2020-01-16,323.7978229088558,772.0515799662849,540.4361059763994,16213083.179291982,-0.7000000000000001,114.2,-0.7000000000000001_114.2
21,2020,388,668.1699829101562,35312.18182641863,0.6559152603149414,117.52174377441406,2020-01-16,219.1689243452223,522.5782953082734,365.80480671579136,10974144.20147374,0.7000000000000001,117.5,0.7000000000000001_117.5
22,2020,3,9.020000457763672,554.5615285798389,-2.3812167644500732,115.18133544921875,2020-01-16,3.4419468697670226,8.206851099525908,5.744795769668135,172343.87309004407,-2.4000000000000004,115.2,-2.4000000000000004_115.2
23,2020,6,13.0,1114.0141065658067,0.8604516386985779,117.20874786376953,2020-01-19,6.914250573403162,16.48608391348361,11.540258739438528,346207.76218315586,0.9,117.2,0.9_117.2
24,2020,163,1841.7999267578125,99853.42063451174,0.8828838467597961,116.84677124023438,2020-01-19,619.7511923855124,1477.7118727012216,1034.398310890855,31031949.326725654,0.9,116.80000000000001,0.9_116.80000000000001
25,2020,90,626.6199951171875,89791.24385842044,-1.9536453485488892,115.25647735595703,2020-01-19,557.2991900870446,1328.8036230612536,930.1625361428775,27904876.084286325,-2.0,115.30000000000001,-2.0_115.30000000000001
26,2020,19,92.9699935913086,7020.376756672992,-1.006793737411499,117.11383056640625,2020-01-19,43.57273730129834,103.8932268744516,72.72525881211611,2181757.764363483,-1.0,117.10000000000001,-1.0_117.10000000000001
27,2020,61,801.2199096679688,35204.795636069655,0.3902045786380768,116.0748519897461,2020-01-20,218.5024201925192,520.9891074022961,364.69237518160725,10940771.255448217,0.4,116.10000000000001,0.4_116.10000000000001
28,2020,6,43.65999984741211,1663.683150841145,-0.2391333132982254,117.063720703125,2020-01-20,10.325831703447157,24.620532063788307,17.234372444651815,517031.17333955446,-0.2,117.10000000000001,-0.2_117.10000000000001
29,2020,12,62.81999588012695,1478.915904015886,-0.4854099750518799,116.1720199584961,2020-01-20,9.17905354796587,21.8861965489403,15.32033758425821,459610.1275277463,-0.5,116.2,-0.5_116.2
30,2020,3,25.65999984741211,161.12937156742643,0.9422166347503662,117.12045288085938,2020-01-20,1.0000670935726237,2.3845230728508326,1.6691661509955829,50074.984529867485,0.9,117.10000000000001,0.9_117.10000000000001
125,2020,4,21.830001831054688,826.6929044899334,0.8221250176429749,117.96697235107422,2020-01-20,5.130960061644602,12.234071825281191,8.563850277696833,256915.508330905,0.8,118.0,0.8_118.0
31,2020,3,10.450000762939453,794.5436930457829,-1.2024368047714233,116.9168701171875,2020-01-20,4.931422459425696,11.758301730004318,8.230811211003022,246924.33633009068,-1.2000000000000002,116.9,-1.2000000000000002_116.9
32,2020,8,98.37000274658203,2613.317597024088,-0.6876599788665771,116.35404968261719,2020-01-20,16.219841909731688,38.67399249542398,27.071794746796787,812153.8424039036,-0.7000000000000001,116.4,-0.7000000000000001_116.4
33,2020,47,241.04000854492188,33943.0240900831,-2.1235530376434326,115.56784057617188,2020-01-21,210.67109688707595,502.3163891088931,351.62147237622514,10548644.171286754,-2.1,115.60000000000001,-2.1_115.60000000000001
34,2020,13,16.15999984741211,1173.9194630223271,-1.335567593574524,116.67787170410156,2020-01-21,7.286059729847582,17.372611945389643,12.160828361772749,364824.8508531825,-1.3,116.7,-1.3_116.7
35,2020,92,1187.300048828125,49836.712327155736,-1.0773744583129883,115.30569458007812,2020-01-21,309.3170138094745,737.5240731290493,516.2668511903345,15488005.535710035,-1.1,115.30000000000001,-1.1_115.30000000000001
36,2020,11,48.029998779296875,1546.2695459556019,1.365235447883606,117.6808090209961,2020-01-21,9.597091304092759,22.882950347974255,16.018065243581976,480541.95730745926,1.4000000000000001,117.7,1.4000000000000001_117.7
37,2020,42,387.4200134277344,18169.810962196687,1.998406171798706,117.6694564819336,2020-01-21,112.77292192580893,268.8915934272454,188.2241153990718,5646723.461972154,2.0,117.7,2.0_117.7
38,2020,54,446.6599426269531,46107.535364275784,-0.27677851915359497,115.43460845947266,2020-01-22,286.17146852243957,682.3366890771605,477.6356823540123,14329070.47062037,-0.30000000000000004,115.4,-0.30000000000000004_115.4
39,2020,52,96.63999938964844,3801.951754736119,2.092210054397583,117.43849182128906,2020-01-22,23.597230003911545,56.264364422474515,39.385055095732156,1181551.6528719647,2.1,117.4,2.1_117.4
40,2020,17,25.44999885559082,960.470190457522,-0.6807052493095398,117.262451171875,2020-01-22,5.96126343999332,14.21381656027255,9.949671592190784,298490.1477657235,-0.7000000000000001,117.30000000000001,-0.7000000000000001_117.30000000000001
41,2020,31,239.6699981689453,11473.251848604898,-0.8502351641654968,116.91403198242188,2020-01-22,71.20999429492342,169.79048256374836,118.85333779462384,3565600.133838715,-0.9,116.9,-0.9_116.9
42,2020,4,80.94000244140625,2040.3460336137332,-1.348402500152588,114.83069610595703,2020-01-22,12.663631142287757,30.194694774910772,21.13628634243754,634088.5902731261,-1.3,114.80000000000001,-1.3_114.80000000000001
43,2020,4,23.26000213623047,981.5722874093177,-1.7474699020385742,114.33026123046875,2020-01-22,6.092235916094855,14.52610249906575,10.168271749346024,305048.1524803807,-1.7000000000000002,114.30000000000001,-1.7000000000000002_114.30000000000001
44,2020,16,199.64999389648438,6974.927609818798,-1.6176918745040894,115.71902465820312,2020-01-22,43.29065219317881,103.22063355232186,72.25444348662529,2167633.304598759,-1.6,115.7,-1.6_115.7
45,2020,3,14.229999542236328,894.8612284313912,-1.6168599128723145,116.25145721435547,2020-01-22,5.554054230849643,13.242881949063962,9.270017364344772,278100.5209303432,-1.6,116.30000000000001,-1.6_116.30000000000001
46,2020,65,359.3500061035156,31511.520851964528,0.7442811727523804,117.08656311035156,2020-01-23,195.5797057105138,466.33303289888624,326.4331230292203,9792993.69087661,0.7000000000000001,117.10000000000001,0.7000000000000001_117.10000000000001
47,2020,8,73.77999877929688,3755.062261539097,-0.42781126499176025,115.62689971923828,2020-01-23,23.306205228450196,55.57045568743181,38.89931898120226,1166979.569436068,-0.4,115.60000000000001,-0.4_115.60000000000001
48,2020,8,80.80000305175781,5509.640688862126,-0.4717499911785126,117.27552032470703,2020-01-23,34.19618842138962,81.5361297441156,57.075290820880916,1712258.7246264275,-0.5,117.30000000000001,-0.5_117.30000000000001
49,2020,16,152.70001220703125,5890.785309296077,-0.7527225017547607,115.99295806884766,2020-01-23,36.56180425592242,87.17661684262956,61.023631789840685,1830708.9536952206,-0.8,116.0,-0.8_116.0
50,2020,44,370.1700134277344,30812.24698461903,0.7085874676704407,116.66079711914062,2020-01-23,191.23958585946068,455.9846112876891,319.18922790138237,9575676.837041471,0.7000000000000001,116.7,0.7000000000000001_116.7
51,2020,12,58.779998779296875,7430.526580445537,1.4532324075698853,117.11579132080078,2020-01-23,46.11837710737112,109.96295648735507,76.97406954114855,2309222.0862344564,1.5,117.10000000000001,1.5_117.10000000000001
52,2020,32,282.3900146484375,13584.142550837776,1.3410218954086304,116.68296813964844,2020-01-23,84.3114686499458,201.02915453755594,140.72040817628914,4221612.245288674,1.3,116.7,1.3_116.7
53,2020,11,78.94000244140625,4877.92138352657,0.8617681264877319,117.7036361694336,2020-01-23,30.275353358886584,72.18743531004353,50.53120471703046,1515936.1415109138,0.9,117.7,0.9_117.7
54,2020,5,14.680000305175781,1897.7036680381707,-0.5548200607299805,117.05660247802734,2020-01-24,11.778305676335808,28.08375740469569,19.65863018328698,589758.9054986094,-0.6000000000000001,117.10000000000001,-0.6000000000000001_117.10000000000001
55,2020,10,48.43000030517578,3783.485272178477,-1.2982189655303955,114.39897155761719,2020-01-24,23.482615757233358,55.99108244225735,39.19375770958014,1175812.7312874042,-1.3,114.4,-1.3_114.4
56,2020,67,587.5099487304688,16352.753041590067,2.2827680110931396,117.15446472167969,2020-01-24,101.49515291425564,242.00129717495898,169.40090802247127,5082027.240674138,2.3000000000000003,117.2,2.3000000000000003_117.2
57,2020,7,31.769996643066406,1630.1031709120796,2.2488856315612793,118.00996398925781,2020-01-24,10.117413879910654,24.123588296504902,16.88651180755343,506595.3542266029,2.2,118.0,2.2_118.0
58,2020,48,350.20001220703125,32322.76322123818,1.527567744255066,118.18328094482422,2020-01-24,200.6147703329993,478.3384551778264,334.83691862447847,10045107.558734354,1.5,118.2,1.5_118.2
59,2020,3,13.989999771118164,292.3540006104898,-2.4679431915283203,116.0089111328125,2020-01-24,1.814527127119803,4.326491521157825,3.0285440648104776,90856.32194431433,-2.5,116.0,-2.5_116.0
60,2020,78,758.4700317382812,89200.28232752823,-0.12281256169080734,115.61126708984375,2020-01-24,553.6313226159343,1320.0580952169396,924.0406666518577,27721219.99955573,-0.1,115.60000000000001,-0.1_115.60000000000001
122,2020,3,7.080000400543213,750.2378054371492,-0.7531833648681641,117.47116088867188,2020-01-25,4.65643311503804,11.102627285064818,7.771839099545372,233155.17298636117,-0.8,117.5,-0.8_117.5
61,2020,5,16.610000610351562,1007.5984673416002,-0.47623199224472046,117.0396957397461,2020-01-25,6.253770252563015,14.911259009905397,10.437881306933777,313136.4392080133,-0.5,117.0,-0.5_117.0
244,2020,50,480.1600036621094,23221.42356980681,-1.1646153926849365,114.2862777709961,2020-01-25,144.12630889184342,343.6494522879426,240.55461660155981,7216638.498046794,-1.2000000000000002,114.30000000000001,-1.2000000000000002_114.30000000000001
75,2020,14,62.869998931884766,4379.870843541642,0.935210645198822,117.86409759521484,2020-01-25,27.184148129636533,64.8168796348921,45.37181574442447,1361154.472332734,0.9,117.9,0.9_117.9
62,2020,22,149.20999145507812,8644.470643349663,-0.06387727707624435,116.7524642944336,2020-01-25,53.65285390038864,127.92788491093464,89.54951943765424,2686485.583129627,-0.1,116.80000000000001,-0.1_116.80000000000001
63,2020,3,14.430000305175781,712.5714855523114,-0.15653331577777863,116.41153717041016,2020-01-25,4.422652974978079,10.545210546197993,7.381647382338595,221449.42147015783,-0.2,116.4,-0.2_116.4
64,2020,11,42.25,8944.379171381028,0.5966745018959045,117.32316589355469,2020-01-25,55.51426902941409,132.36617445354767,92.65632211748337,2779689.663524501,0.6000000000000001,117.30000000000001,0.6000000000000001_117.30000000000001
281,2020,4,25.739999771118164,918.1376922317818,1.1919424533843994,117.62064361572266,2020-01-26,5.698522152961312,13.587345931306844,9.51114215191479,285334.2645574437,1.2000000000000002,117.60000000000001,1.2000000000000002_117.60000000000001
65,2020,64,297.7699890136719,12766.88039189985,1.139129877090454,117.68838500976562,2020-01-26,79.239041543545,188.93464653074057,132.25425257151838,3967627.5771455513,1.1,117.7,1.1_117.7
66,2020,3,1.8799999952316284,100.17855601384046,0.7119433283805847,117.63416290283203,2020-01-26,0.6217691807302806,1.482523489641495,1.0377664427490465,31132.993282471394,0.7000000000000001,117.60000000000001,0.7000000000000001_117.60000000000001
286,2020,3,9.1899995803833,1123.7578014521441,0.9388067126274109,117.71215057373047,2020-01-26,6.9747258829686825,16.630279009916215,11.64119530694135,349235.8592082405,0.9,117.7,0.9_117.7
67,2020,3,12.09999942779541,451.6946006666971,-2.232030153274536,116.56973266601562,2020-01-27,2.8034920143790245,6.684542902975125,4.679180032082588,140375.40096247764,-2.2,116.60000000000001,-2.2_116.60000000000001
68,2020,5,22.68000030517578,870.8280349269183,-0.4164640009403229,115.91280364990234,2020-01-27,5.404889582942921,12.887219267156691,9.021053487009683,270631.6046102905,-0.4,115.9,-0.4_115.9
69,2020,70,751.14990234375,50209.530322261366,-1.3003668785095215,115.20604705810547,2020-01-27,311.630949531869,743.0413360753107,520.1289352527175,15603868.057581525,-1.3,115.2,-1.3_115.2
70,2020,3,16.810001373291016,624.6273037512119,-1.1460601091384888,116.5861587524414,2020-01-27,3.87681777786354,9.243741244929375,6.4706188714505615,194118.56614351686,-1.1,116.60000000000001,-1.1_116.60000000000001
102,2020,11,94.08999633789062,4486.624944450114,1.6789326667785645,117.1560287475586,2020-01-28,27.846729149992704,66.39671336887507,46.47769935821255,1394330.9807463763,1.7000000000000002,117.2,1.7000000000000002_117.2
71,2020,127,1404.429931640625,52239.740715648164,2.1424543857574463,117.08721160888672,2020-01-28,324.231672712904,773.0860354288769,541.1602248002138,16234806.744006414,2.1,117.10000000000001,2.1_117.10000000000001
72,2020,3,14.34000015258789,2074.8646880547585,-2.191023349761963,116.48554229736328,2020-01-28,12.877874951998319,30.705529808633635,21.493870866043544,644816.1259813063,-2.2,116.5,-2.2_116.5
73,2020,6,20.119998931884766,1332.8387643682104,0.5707399249076843,117.2274169921875,2020-02-02,8.272409780515181,19.724428607332115,13.80710002513248,414213.00075397437,0.6000000000000001,117.2,0.6000000000000001_117.2
74,2020,9,79.95999145507812,446.06266463692214,0.23466666042804718,116.67719268798828,2020-02-04,2.768536786528917,6.601196947627694,4.620837863339386,138625.13590018157,0.2,116.7,0.2_116.7
76,2020,10,45.65999984741211,2145.916160817646,0.6846379041671753,116.48414611816406,2020-02-06,13.318863700162714,31.75700710613082,22.229904974291575,666897.1492287472,0.7000000000000001,116.5,0.7000000000000001_116.5
254,2020,7,75.9100112915039,1785.0708363039564,0.9676685333251953,118.94190979003906,2020-02-06,11.079237669196251,26.416925445890644,18.49184781212345,554755.4343637035,1.0,118.9,1.0_118.9
77,2020,43,275.7900390625,22204.862148959743,2.2453038692474365,117.5458984375,2020-02-07,137.816909086612,328.60555222552904,230.0238865578703,6900716.596736109,2.2,117.5,2.2_117.5
78,2020,3,15.379999160766602,514.8282080682496,0.4486466646194458,116.65438079833984,2020-02-09,3.1953376639129147,7.6188452096052455,5.333191646723671,159995.74940171014,0.4,116.7,0.4_116.7
79,2020,4,28.35999870300293,1057.7039823098887,-1.5317524671554565,115.25241088867188,2020-02-12,6.564755619407366,15.652761042444261,10.956932729710982,328707.98189132946,-1.5,115.30000000000001,-1.5_115.30000000000001
80,2020,21,110.43000030517578,21883.28240047494,-1.7035737037658691,116.13814544677734,2020-02-12,135.8209891541344,323.8465543931401,226.69258807519805,6800777.642255941,-1.7000000000000002,116.10000000000001,-1.7000000000000002_116.10000000000001
81,2020,37,489.8599548339844,21664.077417080436,-2.396935224533081,115.67019653320312,2020-02-12,134.46046941457692,320.6025813328384,224.42180693298684,6732654.207989605,-2.4000000000000004,115.7,-2.4000000000000004_115.7
82,2020,5,18.190000534057617,3207.6002029430715,0.17251601815223694,116.34400939941406,2020-02-15,19.908321996762012,47.46866830047881,33.22806781033517,996842.0343100551,0.2,116.30000000000001,0.2_116.30000000000001
83,2020,29,401.78997802734375,12511.527324805002,-0.8488278985023499,114.67765045166016,2020-02-16,77.65416476310315,185.15572482150958,129.6090073750567,3888270.221251701,-0.8,114.7,-0.8_114.7
84,2020,3,15.210000038146973,497.0459308445424,-0.07958333194255829,116.21385955810547,2020-02-16,3.0849700125826676,7.355688654625348,5.148982058237744,154469.4617471323,-0.1,116.2,-0.1_116.2
85,2020,11,88.75999450683594,4176.690852214434,0.9745445847511292,117.20763397216797,2020-02-20,25.923089258605792,61.81005739914211,43.26704017939947,1298011.2053819841,1.0,117.2,1.0_117.2
86,2020,7,8.639999389648438,694.7448866046835,0.8251142501831055,117.2718276977539,2020-02-23,4.31201023601364,10.281398082414572,7.1969786576902,215909.359730706,0.8,117.30000000000001,0.8_117.30000000000001
87,2020,10,15.220001220703125,549.4898543246438,0.762794017791748,117.73768615722656,2020-02-23,3.4104689679878457,8.131796352139673,5.692257446497771,170767.72339493313,0.8,117.7,0.8_117.7
88,2020,7,33.21999740600586,901.8196414143108,0.4578714370727539,116.3387222290039,2020-02-23,5.59724238320208,13.34585818577853,9.34210073004497,280263.02190134913,0.5,116.30000000000001,0.5_116.30000000000001
89,2020,4,16.530000686645508,195.93801746188856,-1.7882375717163086,116.07789611816406,2020-02-23,1.2161107670024944,2.899649635206388,2.0297547446444715,60892.64233933415,-1.8,116.10000000000001,-1.8_116.10000000000001
99,2020,9,91.00999450683594,6318.7158889344055,-1.4167944192886353,116.25908660888672,2020-02-23,39.21780227085086,93.50948049622498,65.45663634735749,1963699.0904207246,-1.4000000000000001,116.30000000000001,-1.4000000000000001_116.30000000000001
90,2020,14,199.00999450683594,5444.797386606935,-1.1391929388046265,115.62754821777344,2020-02-24,33.79373136347909,80.57652598694065,56.40356819085845,1692107.0457257535,-1.1,115.60000000000001,-1.1_115.60000000000001
91,2020,3,26.380001068115234,162.98950771869923,-1.6291300058364868,115.0254898071289,2020-02-24,1.0116122323412826,2.412050875685326,1.688435612979728,50653.06838939184,-1.6,115.0,-1.6_115.0
92,2020,6,47.070003509521484,281.09229278129175,-1.8943148851394653,114.3680191040039,2020-02-24,1.7446301039523215,4.159831638498318,2.9118821469488223,87356.46440846467,-1.9000000000000001,114.4,-1.9000000000000001_114.4
93,2020,4,13.319999694824219,853.5293858675619,-1.5582749843597412,114.44625854492188,2020-02-25,5.297523622787829,12.631219833844662,8.841853883691263,265255.61651073786,-1.6,114.4,-1.6_114.4
94,2020,11,28.529998779296875,3794.030175038254,0.5864217877388,117.62263488769531,2020-02-28,23.548063851844525,56.14713446384416,39.30299412469091,1179089.8237407273,0.6000000000000001,117.60000000000001,0.6000000000000001_117.60000000000001
95,2020,16,32.25,834.2031361335315,0.2008650004863739,116.84046936035156,2020-02-29,5.177573136956743,12.345214321912355,8.641650025338647,259249.5007601594,0.2,116.80000000000001,0.2_116.80000000000001
96,2020,4,25.190000534057617,714.0051815746,-1.1148499250411987,116.77510070800781,2020-02-29,4.431551366377048,10.566427542276022,7.396499279593215,221894.97838779644,-1.1,116.80000000000001,-1.1_116.80000000000001
97,2020,4,7.839999675750732,132.00496244986792,0.3163124918937683,116.29168701171875,2020-03-02,0.8193032583085575,1.9535164547004962,1.3674615182903473,41023.84554871042,0.30000000000000004,116.30000000000001,0.30000000000000004_116.30000000000001
98,2020,17,129.3800048828125,4963.717351487515,0.07110411673784256,116.77672576904297,2020-03-02,30.80785543150248,73.45711360128438,51.41997952089906,1542599.385626972,0.1,116.80000000000001,0.1_116.80000000000001
100,2020,56,770.3199462890625,30263.80179712487,-0.5795350074768066,115.9757080078125,2020-03-13,187.83560073058143,447.86827476224954,313.5077923335747,9405233.77000724,-0.6000000000000001,116.0,-0.6000000000000001_116.0
101,2020,4,36.720001220703125,1246.6291960468823,1.5405250787734985,117.18910217285156,2020-03-14,7.737340651959787,18.448629522640132,12.914040665848091,387421.21997544274,1.5,117.2,1.5_117.2
103,2020,5,13.5,730.1493472819944,-1.271239995956421,114.75118255615234,2020-03-15,4.531751899154479,10.80534199497157,7.5637393964800985,226912.18189440295,-1.3,114.80000000000001,-1.3_114.80000000000001
104,2020,7,55.7400016784668,1148.959155001559,2.2389328479766846,117.85835266113281,2020-03-15,7.131140844146093,17.003229071230795,11.902260349861555,357067.8104958467,2.2,117.9,2.2_117.9
105,2020,4,27.18000030517578,1639.2877899090365,0.24825499951839447,116.91241455078125,2020-03-15,10.174419223731627,24.259509734666924,16.981656814266845,509449.7044280054,0.2,116.9,0.2_116.9
106,2020,3,15.59999942779541,251.84728128309902,-0.5810233354568481,116.70571899414062,2020-03-15,1.5631177368029416,3.7270402485434024,2.6089281739803813,78267.84521941144,-0.6000000000000001,116.7,-0.6000000000000001_116.7
107,2020,20,123.41999816894531,6981.53796338838,0.43986400961875916,116.74867248535156,2020-03-16,43.33168007665847,103.3184589236557,72.32292124655898,2169687.637396769,0.4,116.7,0.4_116.7
108,2020,17,94.06999969482422,6597.408012573592,0.5090894103050232,116.18712615966797,2020-03-16,40.94753546212563,97.63379248586956,68.34365474010869,2050309.6422032607,0.5,116.2,0.5_116.2
109,2020,21,196.989990234375,12171.621326756733,-0.43384480476379395,116.53701782226562,2020-03-17,75.54450095538584,180.12552029044232,126.08786420330962,3782635.9260992887,-0.4,116.5,-0.4_116.5
110,2020,12,345.1300048828125,1008.869727023698,-0.28122663497924805,116.51459503173828,2020-03-18,6.2616604650244945,14.93007214132929,10.451050498930503,313531.5149679151,-0.30000000000000004,116.5,-0.30000000000000004_116.5
111,2020,17,163.55999755859375,6224.57010888911,-0.23889471590518951,116.61264038085938,2020-03-18,38.63347617495575,92.11623491631775,64.48136444142243,1934440.9332426728,-0.2,116.60000000000001,-0.2_116.60000000000001
112,2020,6,14.079999923706055,248.7534457319948,0.3059033453464508,115.9589614868164,2020-03-18,1.5439155075787698,3.681255161793237,2.576878613255266,77306.35839765798,0.30000000000000004,116.0,0.30000000000000004_116.0
113,2020,3,10.930000305175781,175.69312224089114,0.17559665441513062,117.41619873046875,2020-03-19,1.0904586073348022,2.6000492625845975,1.8200344838092182,54601.03451427654,0.2,117.4,0.2_117.4
114,2020,71,841.6701049804688,41087.92164918726,-0.4206395447254181,114.8863296508789,2020-03-19,255.0166861877663,608.0523757704563,425.63666303931933,12769099.89117958,-0.4,114.9,-0.4_114.9
115,2020,5,36.86000061035156,188.93260779708876,-0.6892679929733276,117.49886322021484,2020-03-23,1.1726309245962934,2.7959779034917442,1.9571845324442207,58715.53597332662,-0.7000000000000001,117.5,-0.7000000000000001_117.5
116,2020,7,44.61000061035156,1839.1970219056439,1.4233571290969849,118.19343566894531,2020-03-25,11.41517776872181,27.217928622140366,19.052550035498257,571576.5010649477,1.4000000000000001,118.2,1.4000000000000001_118.2
117,2020,5,3.2899999618530273,915.6309204434665,-0.4671499729156494,117.58149719238281,2020-03-26,5.6829635992835845,13.550248690068566,9.485174083047996,284555.2224914399,-0.5,117.60000000000001,-0.5_117.60000000000001
118,2020,15,201.52999877929688,8900.090156273256,-0.39434996247291565,116.6535873413086,2020-03-26,55.23938440605112,131.71074970155496,92.19752479108847,2765925.743732654,-0.4,116.7,-0.4_116.7
119,2020,3,12.670000076293945,144.8385925020138,-0.6469600200653076,117.298583984375,2020-03-29,0.8989565889296919,2.143438916819502,1.5004072417736511,45012.217253209536,-0.6000000000000001,117.30000000000001,-0.6000000000000001_117.30000000000001
120,2020,47,643.52001953125,43192.25173129506,-0.8522945046424866,115.7835464477539,2020-04-02,268.0774413353798,639.1939583687622,447.43577085813354,13423073.125744006,-0.9,115.80000000000001,-0.9_115.80000000000001
121,2020,236,2658.97998046875,120395.87057639232,0.35191816091537476,115.36715698242188,2020-04-03,747.2501580203459,1781.7157013191443,1247.200990923401,37416029.72770203,0.4,115.4,0.4_115.4
123,2020,3,12.35999870300293,1796.0404645249482,-1.1291799545288086,116.6906509399414,2020-04-05,11.147321868283125,26.57926289771025,18.605484028397175,558164.5208519152,-1.1,116.7,-1.1_116.7
124,2020,8,43.15999984741211,3154.5071864100964,2.4469985961914062,117.48006439208984,2020-04-05,19.578794374227243,46.68295479772893,32.67806835841025,980342.0507523075,2.4000000000000004,117.5,2.4000000000000004_117.5
181,2020,3,12.100000381469727,933.5344124742279,1.1957465410232544,118.73834228515625,2020-04-12,5.794083583590801,13.815199080035715,9.670639356025,290119.18068075,1.2000000000000002,118.7,1.2000000000000002_118.7
126,2020,4,9.420000076293945,139.33831036313777,-0.11572249233722687,116.94477844238281,2020-04-14,0.8648184853738584,2.0620412824853362,1.4434288977397354,43302.86693219206,-0.1,116.9,-0.1_116.9
127,2020,4,42.30000305175781,417.0131186677777,0.23474250733852386,117.42393493652344,2020-04-15,2.5882375975954477,6.17129821504138,4.319908750528966,129597.26251586898,0.2,117.4,0.2_117.4
128,2020,3,13.15000057220459,151.44439035983308,0.6264700293540955,116.86770629882812,2020-04-15,0.9399561968852975,2.241196869037215,1.5688378083260504,47065.13424978151,0.6000000000000001,116.9,0.6000000000000001_116.9
129,2020,7,96.86000061035156,177.8756278058662,-0.00912714283913374,116.89546966552734,2020-04-15,1.104004567179605,2.632347749357573,1.842643424550301,55279.30273650903,-0.0,116.9,-0.0_116.9
130,2020,45,257.3399963378906,29020.65447412729,1.753300428390503,117.92837524414062,2020-04-15,180.11987070508118,429.4711728198515,300.629820973896,9018894.62921688,1.8,117.9,1.8_117.9
131,2020,45,497.90997314453125,46267.48418911351,-0.9288484454154968,114.00955963134766,2020-04-15,287.1642084234258,684.7037414624008,479.2926190236805,14378778.570710415,-0.9,114.0,-0.9_114.0
132,2020,7,27.719999313354492,3767.072209161803,-1.0446287393569946,114.93077087402344,2020-04-16,23.38074628385283,55.748188629176006,39.023732040423205,1170711.961212696,-1.0,114.9,-1.0_114.9
133,2020,15,204.63999938964844,1002.6072365965445,0.8282359838485718,117.83642578125,2020-04-16,6.222791632240714,14.837394730800158,10.38617631156011,311585.2893468033,0.8,117.80000000000001,0.8_117.80000000000001
134,2020,3,23.200000762939453,1139.251597134394,-1.1253600120544434,113.55026245117188,2020-04-20,7.070889822948251,16.85956875970526,11.801698131793682,354050.94395381043,-1.1,113.60000000000001,-1.1_113.60000000000001
135,2020,18,229.8100128173828,9031.049985979147,-0.6002439260482788,114.78278350830078,2020-04-22,56.05220093350795,133.64879943458976,93.55415960421283,2806624.788126385,-0.6000000000000001,114.80000000000001,-0.6000000000000001_114.80000000000001
136,2020,37,327.5400390625,15041.715712721303,0.5850551724433899,116.02606201171875,2020-04-24,93.35805613113844,222.59950388522284,155.81965271965598,4674589.581589679,0.6000000000000001,116.0,0.6000000000000001_116.0
137,2020,15,133.8400115966797,4882.466670658326,-1.6632686853408813,115.1622085571289,2020-04-26,30.303564181327516,72.25470015401933,50.57829010781353,1517348.703234406,-1.7000000000000002,115.2,-1.7000000000000002_115.2
138,2020,5,34.30999755859375,163.2267567763668,2.1782798767089844,116.92803955078125,2020-05-02,1.0130847446042326,2.415561879585591,1.6908933157099135,50726.7994712974,2.2,116.9,2.2_116.9
139,2020,23,204.1099853515625,7213.695263074736,2.1487479209899902,117.67393493652344,2020-05-02,44.77258978598386,106.7541108612741,74.72787760289187,2241836.328086756,2.1,117.7,2.1_117.7
140,2020,5,16.6299991607666,1188.4849194862043,-1.254397988319397,116.5421142578125,2020-05-06,7.376461830784796,17.588163378792867,12.311714365155007,369351.4309546502,-1.3,116.5,-1.3_116.5
141,2020,3,15.860000610351562,170.5549208001059,-0.8159366250038147,116.11737060546875,2020-05-11,1.0585677972913552,2.5240099919704204,1.7668069943792941,53004.20983137882,-0.8,116.10000000000001,-0.8_116.10000000000001
142,2020,7,105.2800064086914,665.2975011373666,2.3417727947235107,116.86616516113281,2020-05-16,4.129241812658317,9.845611798393932,6.891928258875752,206757.84776627255,2.3000000000000003,116.9,2.3000000000000003_116.9
179,2020,5,30.520000457763672,1851.8010527884376,2.1470961570739746,117.90455627441406,2020-05-16,11.493406066949737,27.40445328960839,19.183117302725872,575493.5190817761,2.1,117.9,2.1_117.9
143,2020,4,33.04999923706055,204.90240979982522,0.895799994468689,117.93567657470703,2020-05-16,1.2717492499422327,3.032311980723898,2.1226183865067285,63678.551595201854,0.9,117.9,0.9_117.9
144,2020,6,30.700000762939453,1559.481282077211,-1.4541083574295044,114.40125274658203,2020-05-26,9.679091391449006,23.078468330251066,16.154927831175744,484647.83493527235,-1.5,114.4,-1.5_114.4
145,2020,4,88.45999908447266,148.9971123416407,-1.7108174562454224,113.88569641113281,2020-05-26,0.9247668978083525,2.2049800648425903,1.5434860453898132,46304.58136169439,-1.7000000000000002,113.9,-1.7000000000000002_113.9
146,2020,23,262.91998291015625,5615.962996541009,1.5796575546264648,117.03472900390625,2020-05-30,34.85608946977086,83.10957345181944,58.17670141627361,1745301.0424882083,1.6,117.0,1.6_117.0
147,2020,4,22.68000030517578,1798.3011488223437,-0.5461099743843079,114.23371887207031,2020-06-12,11.161353052993825,26.612718336747417,18.628902835723192,558867.0850716957,-0.5,114.2,-0.5_114.2
148,2020,4,57.909996032714844,605.4716775928146,-2.3534650802612305,115.54617309570312,2020-06-12,3.7579262859434857,8.960260758998917,6.272182531299242,188165.47593897727,-2.4000000000000004,115.5,-2.4000000000000004_115.5
149,2020,23,366.19000244140625,11519.018959465327,-0.9142091274261475,114.77299499511719,2020-06-16,71.49405288147511,170.46778137502528,119.32744696251768,3579823.4088755306,-0.9,114.80000000000001,-0.9_114.80000000000001
150,2020,5,36.290000915527344,524.4428222640291,2.1065940856933594,117.58365631103516,2020-06-17,3.2550118200339275,7.761130065329402,5.432791045730581,162983.73137191744,2.1,117.60000000000001,2.1_117.60000000000001
151,2020,41,687.6199951171875,18257.288226191537,-1.1007769107818604,114.6930160522461,2020-07-01,113.31585914641619,270.18615290027293,189.13030703019103,5673909.210905731,-1.1,114.7,-1.1_114.7
152,2020,7,34.4900016784668,1238.8946841798477,-0.3802371323108673,116.15533447265625,2020-07-02,7.689335556874863,18.334167945431876,12.833917561802313,385017.5268540694,-0.4,116.2,-0.4_116.2
153,2020,8,59.970001220703125,1967.9237316268645,-0.26420000195503235,115.72579956054688,2020-07-08,12.21413419239406,29.1229308351849,20.386051584629428,611581.5475388828,-0.30000000000000004,115.7,-0.30000000000000004_115.7
154,2020,42,57.9900016784668,179.60345353540484,0.19446523487567902,117.34734344482422,2020-07-13,1.1147285068234496,2.6579175153032315,1.860542260712262,55816.26782136786,0.2,117.30000000000001,0.2_117.30000000000001
155,2020,139,2169.2900390625,90169.53899425568,-0.5328319668769836,114.5584716796875,2020-07-15,559.6471202833037,1334.4019411765134,934.0813588235593,28022440.76470678,-0.5,114.60000000000001,-0.5_114.60000000000001
156,2020,4,9.239999771118164,221.0565931627644,0.3080599904060364,116.77786254882812,2020-07-21,1.3720119583960633,3.271374682807809,2.2899622779654663,68698.86833896399,0.30000000000000004,116.80000000000001,0.30000000000000004_116.80000000000001
157,2020,3,19.279998779296875,530.4724018385443,0.20766998827457428,116.41146850585938,2020-07-25,3.2924350660994466,7.8503606722334025,5.495252470563382,164857.57411690147,0.2,116.4,0.2_116.4
158,2020,106,1391.199951171875,48633.94184984665,1.7421478033065796,114.9450912475586,2020-07-30,301.85188709932584,719.7245004838647,503.8071503387053,15114214.51016116,1.7000000000000002,114.9,1.7000000000000002_114.9
159,2020,6,27.96999740600586,2203.486754235892,-1.575656771659851,116.32491302490234,2020-07-30,13.676181894077123,32.608983421734315,22.826288395214018,684788.6518564206,-1.6,116.30000000000001,-1.6_116.30000000000001
160,2020,3,2.549999952316284,121.0634787178562,-0.4536299705505371,117.39521026611328,2020-08-01,0.7513937410752815,1.791595507846395,1.2541168554924764,37623.50566477429,-0.5,117.4,-0.5_117.4
161,2020,20,267.80999755859375,1670.5008773929064,1.974374532699585,115.12264251708984,2020-08-07,10.368146670054841,24.7214263086359,17.304998416045127,519149.9524813538,2.0,115.10000000000001,2.0_115.10000000000001
162,2020,18,290.03997802734375,1209.3971028616281,1.3710167407989502,115.30658721923828,2020-08-08,7.506255587472826,17.897638822514306,12.528347175760013,375850.41527280037,1.4000000000000001,115.30000000000001,1.4000000000000001_115.30000000000001
163,2020,25,220.44000244140625,7195.61344997288,1.448878526687622,115.38472747802734,2020-08-08,44.660363032416896,106.48652153152665,74.54056507206865,2236216.9521620595,1.4000000000000001,115.4,1.4000000000000001_115.4
164,2020,41,363.4599914550781,11681.468456703846,0.7713611721992493,114.27371978759766,2020-08-08,72.50231347962233,172.87184073782225,121.01028851647557,3630308.655494267,0.8,114.30000000000001,0.8_114.30000000000001
165,2020,20,131.0,4855.529712168035,0.787715494632721,114.5378189086914,2020-08-08,30.13637699797902,71.85606520368289,50.29924564257802,1508977.3692773406,0.8,114.5,0.8_114.5
166,2020,11,68.47000122070312,2510.2823395031037,-0.2575872838497162,116.38367462158203,2020-08-10,15.580342298195013,37.1491932208665,26.00443525460655,780133.0576381964,-0.30000000000000004,116.4,-0.30000000000000004_116.4
167,2020,3,16.110000610351562,372.8407041086854,-0.16934333741664886,116.70401000976562,2020-08-10,2.3140766683094376,5.517599012499583,3.862319308749708,115869.57926249124,-0.2,116.7,-0.2_116.7
168,2020,4,26.020000457763672,423.5181314538608,0.6928524971008301,114.48809814453125,2020-08-10,2.6286116719640593,6.267564668058074,4.387295267640652,131618.85802921955,0.7000000000000001,114.5,0.7000000000000001_114.5
169,2020,6,32.25,794.0394460826918,1.9083517789840698,115.02469635009766,2020-08-11,4.928292795417727,11.750839474636418,8.225587632245492,246767.62896736478,1.9000000000000001,115.0,1.9000000000000001_115.0
170,2020,34,425.0799865722656,12449.89089594377,0.8668564558029175,114.70217895507812,2020-08-11,77.27161151616981,184.2435789767265,128.97050528370855,3869115.1585112563,0.9,114.7,0.9_114.7
171,2020,4,45.540000915527344,395.7145515934268,1.0255475044250488,113.63250732421875,2020-08-13,2.456045708158366,5.856104752090411,4.099273326463287,122978.1997938986,1.0,113.60000000000001,1.0_113.60000000000001
172,2020,8,62.81999969482422,3383.0457089231572,-2.471829891204834,114.83470153808594,2020-08-13,20.997243746652043,50.065053136886114,35.04553719582028,1051366.1158746085,-2.5,114.80000000000001,-2.5_114.80000000000001
173,2020,6,106.5199966430664,284.51039549951633,0.8515834212303162,113.68960571289062,2020-08-14,1.7658449328670927,4.210415493680611,2.9472908455764277,88418.72536729283,0.9,113.7,0.9_113.7
174,2020,3,16.78999900817871,433.87081096611956,0.9180300235748291,114.5533218383789,2020-08-14,2.692866711314107,6.420772012707096,4.494540408894967,134836.21226684903,0.9,114.60000000000001,0.9_114.60000000000001
175,2020,24,263.2699890136719,2130.8347549557707,1.4147257804870605,115.7175521850586,2020-08-14,13.225259302773482,31.53382023524043,22.0736741646683,662210.224940049,1.4000000000000001,115.7,1.4000000000000001_115.7
176,2020,5,44.349998474121094,537.9654767566843,1.6028999090194702,117.2646713256836,2020-08-14,3.3389416563158085,7.961249269731766,5.572874488812236,167186.23466436708,1.6,117.30000000000001,1.6_117.30000000000001
177,2020,19,173.61000061035156,8468.476629376324,0.8243442177772522,116.53555297851562,2020-08-14,52.56052777555891,125.32338280855136,87.72636796598594,2631791.0389795783,0.8,116.5,0.8_116.5
178,2020,5,31.739999771118164,1120.7239426444005,2.1832919120788574,116.69160461425781,2020-08-15,6.955895905971595,16.585381507639237,11.609767055347465,348293.01166042394,2.2,116.7,2.2_116.7
180,2020,5,24.220001220703125,316.14346326558615,1.6429401636123657,117.89859771728516,2020-08-16,1.962179032813366,4.678547276356142,3.2749830934492996,98249.49280347899,1.6,117.9,1.6_117.9
182,2020,3,12.819999694824219,199.44093349896838,1.5128966569900513,115.73914337158203,2020-08-17,1.2378519990705747,2.9514886266417935,2.0660420386492553,61981.26115947766,1.5,115.7,1.5_115.7
207,2020,5,31.600000381469727,1025.3667358286657,1.942836046218872,116.71565246582031,2020-08-17,6.36405095713488,15.174208252243167,10.621945776570216,318658.3732971065,1.9000000000000001,116.7,1.9000000000000001_116.7
183,2020,4,18.75,549.5815563403349,2.1878299713134766,117.37897491455078,2020-08-17,3.4110381265926044,8.133153432913433,5.693207403039403,170796.22209118208,2.2,117.4,2.2_117.4
184,2020,4,27.90999984741211,245.12213095815946,0.8143450021743774,117.45281982421875,2020-08-17,1.521377354687153,3.627516021754632,2.539261215228242,76177.83645684726,0.8,117.5,0.8_117.5
185,2020,11,170.3499755859375,1955.8048220964927,0.503239095211029,115.8917465209961,2020-08-17,12.138916852976603,28.94358538679239,20.26050977075467,607815.2931226401,0.5,115.9,0.5_115.9
186,2020,8,74.00999450683594,316.65652641914915,-2.003927707672119,114.93656921386719,2020-08-18,1.9653634154731607,4.686140000858197,3.280298000600738,98408.94001802214,-2.0,114.9,-2.0_114.9
187,2020,30,284.8700256347656,14881.084986386457,-1.0476000308990479,114.42831420898438,2020-08-18,92.3610839338198,220.22236016879032,154.1556521181532,4624669.563544596,-1.0,114.4,-1.0_114.4
188,2020,9,19.049999237060547,1111.2242515986932,-0.763665497303009,117.2117919921875,2020-08-19,6.896935032969351,16.444797377861484,11.511358164503038,345340.7449350912,-0.8,117.2,-0.8_117.2
189,2020,4,25.470001220703125,1101.201615893363,0.768387496471405,116.40387725830078,2020-08-19,6.834728446657603,16.29647428904376,11.407532002330631,342225.96006991895,0.8,116.4,0.8_116.4
190,2020,4,17.229999542236328,1174.4382151885238,-1.9294250011444092,115.5777359008789,2020-08-19,7.2892794219874215,17.380288860512906,12.166202202359033,364986.06607077096,-1.9000000000000001,115.60000000000001,-1.9000000000000001_115.60000000000001
191,2020,14,99.00999450683594,18059.44602229973,-1.1075212955474854,113.75330352783203,2020-08-20,112.08792983776567,267.25832357049575,187.080826499347,5612424.7949804105,-1.1,113.80000000000001,-1.1_113.80000000000001
192,2020,3,17.979999542236328,565.4041230347365,2.132859945297241,117.52581024169922,2020-08-21,3.509242619870278,8.367308602684783,5.857116021879348,175713.48065638042,2.1,117.5,2.1_117.5
193,2020,6,43.42000198364258,2677.9185502919017,-1.979794979095459,115.63355255126953,2020-08-22,16.62079480210692,39.630009775804176,27.741006843062923,832230.2052918877,-2.0,115.60000000000001,-2.0_115.60000000000001
194,2020,3,9.620000839233398,147.415780283382,0.6021066308021545,115.21932983398438,2020-08-23,0.914952187181158,2.1815782310113283,1.5271047617079296,45813.14285123789,0.6000000000000001,115.2,0.6000000000000001_115.2
195,2020,3,61.3800048828125,157.0807314018726,0.7927166819572449,114.13822174072266,2020-08-24,0.9749387649265178,2.324608013327412,1.6272256093291884,48816.76827987565,0.8,114.10000000000001,0.8_114.10000000000001
196,2020,4,60.59000015258789,258.5458300216131,0.77725750207901,114.07048034667969,2020-08-24,1.6046930132588364,3.826170803489548,2.6783195624426837,80349.58687328051,0.8,114.10000000000001,0.8_114.10000000000001
197,2020,9,68.5199966430664,597.3690427600849,-2.1727964878082275,115.182373046875,2020-08-24,3.707636395350464,8.840351399696019,6.1882459797872125,185647.37939361637,-2.2,115.2,-2.2_115.2
198,2020,8,201.69998168945312,2873.7769934469616,-1.822143793106079,115.49372863769531,2020-08-24,17.836411682458092,42.52848180590484,29.769937264133386,893098.1179240015,-1.8,115.5,-1.8_115.5
199,2020,4,77.93000793457031,1319.1267601762634,2.487070083618164,116.63268280029297,2020-08-25,8.187304724584656,19.52150725256817,13.665055076797719,409951.6523039316,2.5,116.60000000000001,2.5_116.60000000000001
200,2020,5,70.29999542236328,604.810328202105,2.4907760620117188,115.61622619628906,2020-08-25,3.7538215485106448,8.950473574539483,6.265331502177638,187959.94506532914,2.5,115.60000000000001,2.5_115.60000000000001
201,2020,3,21.970001220703125,159.13643092342767,-0.8762800097465515,114.86524200439453,2020-08-25,0.9876976891734228,2.35502992146441,1.648520945025087,49455.62835075261,-0.9,114.9,-0.9_114.9
202,2020,6,56.279998779296875,1937.5055369342144,-0.43919166922569275,116.0693359375,2020-08-25,12.025340335246325,28.672777729183732,20.070944410428613,602128.3323128584,-0.4,116.10000000000001,-0.4_116.10000000000001
203,2020,4,35.439998626708984,552.2653498592503,0.06014750152826309,115.3234634399414,2020-08-25,3.4276953850309737,8.172870385237939,5.721009269666557,171630.27808999672,0.1,115.30000000000001,0.1_115.30000000000001
204,2020,6,181.57000732421875,294.45997568437855,0.8021366596221924,113.73072052001953,2020-08-25,1.8275980920890855,4.35765744767815,3.050360213374705,91510.80640124115,0.8,113.7,0.8_113.7
205,2020,5,64.22000122070312,266.83202656744675,0.7377259731292725,116.23384857177734,2020-08-25,1.656122199730253,3.9487966578419247,2.764157660489347,82924.72981468041,0.7000000000000001,116.2,0.7000000000000001_116.2
206,2020,6,176.66001892089844,863.4571830696592,1.8930116891860962,116.815673828125,2020-08-26,5.359141583541342,12.77813942560313,8.944697597922191,268340.9279376657,1.9000000000000001,116.80000000000001,1.9000000000000001_116.80000000000001
208,2020,9,47.959999084472656,3418.6230761772044,0.9190877079963684,114.05392456054688,2020-08-27,21.218058573400324,50.59155586114618,35.41408910280233,1062422.67308407,0.9,114.10000000000001,0.9_114.10000000000001
209,2020,11,91.56999206542969,6479.94287088259,-0.538638174533844,115.54165649414062,2020-08-27,40.218475193943185,95.8954480866259,67.12681366063813,2013804.409819144,-0.5,115.5,-0.5_115.5
210,2020,3,50.31999969482422,419.376819369765,1.2470933198928833,116.69524383544922,2020-08-28,2.6029081649049144,6.206278174352175,4.3443947220465216,130331.84166139565,1.2000000000000002,116.7,1.2000000000000002_116.7
211,2020,16,267.260009765625,2128.171789608146,1.5009775161743164,117.24624633789062,2020-08-28,13.208731316661593,31.4944115150807,22.04608806055649,661382.6418166946,1.5,117.2,1.5_117.2
212,2020,5,325.94000244140625,584.0031817211508,-0.5527679920196533,114.94477844238281,2020-08-28,3.624679714813117,8.642552551938957,6.049786786357269,181493.60359071806,-0.6000000000000001,114.9,-0.6000000000000001_114.9
213,2020,4,27.619998931884766,1745.9427132120702,-1.356547474861145,115.02497100830078,2020-08-29,10.836384687416453,25.83787575803838,18.086513030626865,542595.390918806,-1.4000000000000001,115.0,-1.4000000000000001_115.0
214,2020,5,88.20999908447266,365.01958084773423,-0.5709899663925171,114.115966796875,2020-08-30,2.2655340101213888,5.401855689665706,3.781298982765994,113438.96948297982,-0.6000000000000001,114.10000000000001,-0.6000000000000001_114.10000000000001
215,2020,36,523.780029296875,14797.11656809304,-0.34104084968566895,114.66341400146484,2020-09-02,91.83992474839191,218.97972743917865,153.28580920742505,4598574.2762227515,-0.30000000000000004,114.7,-0.30000000000000004_114.7
216,2020,13,117.45999908447266,1370.7274297744398,0.14412306249141693,115.05138397216797,2020-09-05,8.50756993240777,20.285135795486653,14.199595056840655,425987.85170521965,0.1,115.10000000000001,0.1_115.10000000000001
217,2020,4,22.829999923706055,767.4888856501459,0.2348400056362152,115.29679870605469,2020-09-05,4.763503833937856,11.357922756022933,7.9505459292160525,238516.37787648157,0.2,115.30000000000001,0.2_115.30000000000001
218,2020,3,21.990001678466797,176.16199283574014,0.25663337111473083,115.8727798461914,2020-09-05,1.093368704038407,2.606987989774574,1.8248915928422016,54746.747785266045,0.30000000000000004,115.9,0.30000000000000004_115.9
219,2020,6,69.66999816894531,385.57051740593715,0.4911949932575226,116.0246353149414,2020-09-05,2.393085648869989,5.70598511011232,3.994189577078624,119825.68731235871,0.5,116.0,0.5_116.0
220,2020,3,34.08000183105469,372.9887674005458,0.5952500700950623,115.1270751953125,2020-09-05,2.3149956393481452,5.519790173131868,3.8638531211923075,115915.59363576923,0.6000000000000001,115.10000000000001,0.6000000000000001_115.10000000000001
221,2020,3,34.81999969482422,659.0917320633861,-1.6535133123397827,114.840576171875,2020-09-08,4.090725027165851,9.753773796434755,6.827641657504328,204829.24972512983,-1.7000000000000002,114.80000000000001,-1.7000000000000002_114.80000000000001
241,2020,7,25.790000915527344,2981.089121446239,-0.36781856417655945,115.8520736694336,2020-09-10,18.502456159075578,44.11657367718679,30.881601574030753,926448.0472209227,-0.4,115.9,-0.4_115.9
222,2020,29,582.7899169921875,2950.978073450852,-0.2286917269229889,114.77719116210938,2020-09-12,18.315568641547024,43.670965977024736,30.569676183917313,917090.2855175193,-0.2,114.80000000000001,-0.2_114.80000000000001
227,2020,3,46.04999923706055,1668.8190983490151,-1.343766689300537,114.60201263427734,2020-09-15,10.357708524209086,24.696537978875874,17.28757658521311,518627.2975563933,-1.3,114.60000000000001,-1.3_114.60000000000001
223,2020,10,70.70999145507812,5370.263669214988,-2.434513807296753,115.9388198852539,2020-09-15,33.33112968260469,79.47351561026288,55.631460927184015,1668943.8278155206,-2.4000000000000004,115.9,-2.4000000000000004_115.9
224,2020,4,33.04999923706055,391.174609147102,-1.034267544746399,114.79085540771484,2020-09-16,2.427868058092977,5.788919003102702,4.052243302171891,121567.29906515672,-1.0,114.80000000000001,-1.0_114.80000000000001
225,2020,3,35.650001525878906,603.7262255719178,-2.0037333965301514,115.4472427368164,2020-09-16,3.747092946791671,8.93443014490358,6.254101101432505,187623.03304297515,-2.0,115.4,-2.0_115.4
226,2020,8,78.94000244140625,1600.678153956904,-0.7529000043869019,113.79681396484375,2020-09-17,9.93478428917602,23.68813303986175,16.581693127903225,497450.7938370968,-0.8,113.80000000000001,-0.8_113.80000000000001
267,2020,4,24.239999771118164,1588.292092165679,-1.096024990081787,113.61666870117188,2020-09-17,9.857908839989664,23.504834055724814,16.45338383900737,493601.51517022104,-1.1,113.60000000000001,-1.1_113.60000000000001
228,2020,12,206.52001953125,5882.192170198852,-1.047564148902893,115.48989868164062,2020-09-17,36.50846999688554,87.0494486035542,60.934614022487935,1828038.4206746381,-1.0,115.5,-1.0_115.5
229,2020,3,41.209999084472656,214.11333280111165,0.5010600090026855,116.87114715576172,2020-09-18,1.3289178524472272,3.168622686867433,2.218035880807203,66541.0764242161,0.5,116.9,0.5_116.9
230,2020,6,17.950000762939453,1046.0046959202716,0.30215999484062195,114.21979522705078,2020-09-18,6.492142716975471,15.479625517489659,10.83573786224276,325072.1358672828,0.30000000000000004,114.2,0.30000000000000004_114.2
269,2020,14,125.76001739501953,7819.582772288301,-1.0698121786117554,114.04558563232422,2020-09-18,48.5330969764287,115.72052543372399,81.00436780360678,2430131.0341082034,-1.1,114.0,-1.1_114.0
231,2020,4,72.35000610351562,252.85824830573756,-0.8416324853897095,114.50147247314453,2020-09-18,1.569392414362922,3.7420013581655804,2.619400950715906,78582.02852147719,-0.8,114.5,-0.8_114.5
232,2020,8,105.88999938964844,3083.5328556472905,-0.5153162479400635,115.73518371582031,2020-09-18,19.138284416335924,45.632619110090275,31.94283337706319,958285.0013118958,-0.5,115.7,-0.5_115.7
233,2020,3,35.93000030517578,404.0790054128441,-0.5949400067329407,114.38983154296875,2020-09-18,2.507960606970012,5.979888721022787,4.185922104715951,125577.66314147854,-0.6000000000000001,114.4,-0.6000000000000001_114.4
234,2020,14,140.0,9493.83842912102,-0.7848292589187622,113.53702545166016,2020-09-20,58.92454809634797,140.49751801262212,98.34826260883548,2950447.8782650647,-0.8,113.5,-0.8_113.5
235,2020,3,46.59000015258789,153.09930810263933,-0.7356533408164978,114.6576156616211,2020-09-20,0.950227625123677,2.265687683486525,1.5859813784405674,47579.44135321702,-0.7000000000000001,114.7,-0.7000000000000001_114.7
236,2020,10,201.45999145507812,1927.1084430289268,-0.6366790533065796,114.3330307006836,2020-09-20,11.960809633101114,28.518913104338594,19.963239173037014,598897.1751911105,-0.6000000000000001,114.30000000000001,-0.6000000000000001_114.30000000000001
237,2020,8,162.13999938964844,1841.314612706491,-0.7270987033843994,115.49847412109375,2020-09-20,11.428320827972762,27.249266447605436,19.074486513323805,572234.5953997142,-0.7000000000000001,115.5,-0.7000000000000001_115.5
238,2020,5,33.410003662109375,803.6445243744541,-0.5833080410957336,115.04400634765625,2020-09-20,4.987907765905963,11.892983210321885,8.325088247225318,249752.64741675954,-0.6000000000000001,115.0,-0.6000000000000001_115.0
239,2020,6,69.05999755859375,1469.919089626814,0.19770832359790802,115.13179779052734,2020-09-20,9.123213834014484,21.753054395624563,15.227138076937193,456814.1423081158,0.2,115.10000000000001,0.2_115.10000000000001
240,2020,3,16.48000144958496,157.20885165776386,0.1372966766357422,115.82269287109375,2020-09-20,0.9757339573280678,2.3265040407450104,1.6285528285215072,48856.58485564522,0.1,115.80000000000001,0.1_115.80000000000001
246,2020,6,44.6099967956543,3081.18288379425,-0.3154033422470093,114.50924682617188,2020-09-20,19.123699058631203,45.59784232141658,31.918489624991604,957554.6887497482,-0.30000000000000004,114.5,-0.30000000000000004_114.5
242,2020,22,468.5699462890625,7967.631967949097,-0.6412209868431091,115.43274688720703,2020-09-21,49.45198052552949,117.91147745901905,82.53803422131334,2476141.0266394,-0.6000000000000001,115.4,-0.6000000000000001_115.4
243,2020,4,97.39999389648438,1623.9133242684436,-1.5157299041748047,115.09603881835938,2020-09-21,10.078995918726147,24.03198592757875,16.82239014930512,504671.7044791537,-1.5,115.10000000000001,-1.5_115.10000000000001
245,2020,15,123.85999298095703,4506.871694042379,-0.7133280038833618,113.99961853027344,2020-09-21,27.972392819018786,66.69634118398628,46.68743882879039,1400623.1648637117,-0.7000000000000001,114.0,-0.7000000000000001_114.0
247,2020,9,90.69000244140625,1977.0192943109955,-0.26090776920318604,114.43038940429688,2020-09-21,12.270586798454898,29.257534345829114,20.480274042080378,614408.2212624113,-0.30000000000000004,114.4,-0.30000000000000004_114.4
248,2020,4,105.15999603271484,294.004146403963,0.4615650177001953,115.5074234008789,2020-09-21,1.8247689377319622,4.350911716432143,3.0456382015025,91369.146045075,0.5,115.5,0.5_115.5
249,2020,3,23.600000381469727,587.1925948592799,0.6638633608818054,115.2101058959961,2020-09-21,3.6444751568000324,8.68975207330952,6.082826451316664,182484.79353949992,0.7000000000000001,115.2,0.7000000000000001_115.2
250,2020,3,40.52000045776367,392.95173801602226,0.06099666655063629,114.11370849609375,2020-09-21,2.438898003071701,5.815218396876459,4.0706528778135205,122119.58633440561,0.1,114.10000000000001,0.1_114.10000000000001
251,2020,3,29.920000076293945,139.57180686156536,2.3270065784454346,117.62834930419922,2020-09-22,0.8662677069668574,2.065496752971656,1.4458477270801593,43375.43181240478,2.3000000000000003,117.60000000000001,2.3000000000000003_117.60000000000001
252,2020,4,16.18000030517578,600.211732811015,-0.6244274377822876,114.62419891357422,2020-09-22,3.725279862519154,8.882419831723446,6.217693882206412,186530.81646619234,-0.6000000000000001,114.60000000000001,-0.6000000000000001_114.60000000000001
253,2020,3,278.1099853515625,578.1448690655124,-0.471670001745224,115.43839263916016,2020-09-22,3.5883194556389393,8.555856491751703,5.989099544226192,179672.98632678576,-0.5,115.4,-0.5_115.4
255,2020,5,39.599998474121094,694.5107026945667,1.0522220134735107,118.82698059082031,2020-09-22,4.310556747924697,10.27793243905277,7.194552707336939,215836.58122010817,1.1,118.80000000000001,1.1_118.80000000000001
256,2020,6,47.48999786376953,916.4301647921808,-1.5397800207138062,115.8503646850586,2020-09-26,5.687924196877292,13.562076555912112,9.493453589138477,284803.60767415434,-1.5,115.9,-1.5_115.9
257,2020,3,13.300000190734863,687.8502970894197,1.4476432800292969,117.7800064086914,2020-09-26,4.269218211003967,10.179366357117969,7.125556449982578,213766.69349947735,1.4000000000000001,117.80000000000001,1.4000000000000001_117.80000000000001
258,2020,37,345.10003662109375,9801.437119554792,-0.9379550814628601,113.74007415771484,2020-09-30,60.833693060648415,145.04961281311043,101.5347289691773,3046041.869075319,-0.9,113.7,-0.9_113.7
259,2020,4,30.880001068115234,163.72834316305114,0.2525700032711029,116.99710083007812,2020-10-01,1.0161978954533135,2.4229847615868167,1.6960893331107716,50882.679993323145,0.30000000000000004,117.0,0.30000000000000004_117.0
260,2020,3,19.600000381469727,612.785468642152,0.0786433294415474,115.87015533447266,2020-10-01,3.8033201311906732,9.068496168455951,6.347947317919165,190438.41953757496,0.1,115.9,0.1_115.9
261,2020,5,55.27000427246094,259.73047237636996,-0.07241000235080719,115.79277038574219,2020-10-01,1.6120456257907418,3.843702101480194,2.690591471036136,80717.74413108408,-0.1,115.80000000000001,-0.1_115.80000000000001
262,2020,3,101.95000457763672,233.44775254798358,-1.4922133684158325,113.760498046875,2020-10-01,1.4489190463578985,3.454749105273443,2.41832437369141,72549.7312107423,-1.5,113.80000000000001,-1.5_113.80000000000001
263,2020,4,11.770000457763672,472.01986436028284,-0.2537824809551239,115.92430114746094,2020-10-02,2.929642989774814,6.985332633411399,4.889732843387979,146691.9853016394,-0.30000000000000004,115.9,-0.30000000000000004_115.9
264,2020,3,64.02000427246094,480.01455718241345,-0.7552099823951721,115.1633071899414,2020-10-02,2.9792629264558705,7.10364457932964,4.972551205530748,149176.53616592244,-0.8,115.2,-0.8_115.2
265,2020,5,185.0900115966797,1143.0766393717215,-0.5975619554519653,115.67774963378906,2020-10-02,7.09463036656153,16.91617483580927,11.841322385066487,355239.67155199463,-0.6000000000000001,115.7,-0.6000000000000001_115.7
266,2020,3,35.310001373291016,618.2725517608221,-1.070703387260437,113.52377319335938,2020-10-06,3.837376313581874,9.149698472988268,6.404788931091788,192143.66793275363,-1.1,113.5,-1.1_113.5
268,2020,6,30.130001068115234,322.53354700269557,-1.1487268209457397,113.6755142211914,2020-10-06,2.00183978745103,4.773112916129708,3.3411790412907956,100235.37123872386,-1.1,113.7,-1.1_113.7
270,2020,3,19.639999389648438,143.25646275305277,-1.5762733221054077,113.75667572021484,2020-10-07,0.8891369273477802,2.120025278114515,1.4840176946801604,44520.53084040481,-1.6,113.80000000000001,-1.6_113.80000000000001
271,2020,3,11.0,114.03690820814427,1.3571900129318237,118.01696014404297,2020-10-08,0.7077825615673282,1.6876106207930124,1.1813274345551086,35439.82303665326,1.4000000000000001,118.0,1.4000000000000001_118.0
272,2020,6,139.13999938964844,253.70747930965302,-1.2946699857711792,115.06324005126953,2020-10-08,1.574663259607311,3.7545689670584714,2.62819827694093,78845.9483082279,-1.3,115.10000000000001,-1.3_115.10000000000001
273,2020,4,18.09000015258789,455.60388523337014,-2.482179880142212,115.05133056640625,2020-10-11,2.827755417236678,6.742395665366559,4.719676965756591,141590.30897269773,-2.5,115.10000000000001,-2.5_115.10000000000001
274,2020,3,28.68000030517578,563.9888752067419,-0.895319938659668,115.9555892944336,2020-10-13,3.5004587292098766,8.346364617942418,5.842455232559693,175273.65697679078,-0.9,116.0,-0.9_116.0
275,2020,4,29.779998779296875,744.6035916646052,-1.2965199947357178,116.1117935180664,2020-10-13,4.62146375012795,11.019247621833259,7.713473335283281,231404.20005849842,-1.3,116.10000000000001,-1.3_116.10000000000001
276,2020,4,14.569999694824219,713.1566871547053,-1.0362849235534668,115.73986053466797,2020-10-14,4.426285092822064,10.553870833950642,7.3877095837654485,221631.28751296346,-1.0,115.7,-1.0_115.7
277,2020,3,13.690000534057617,163.51665481888244,-2.127229928970337,114.4166488647461,2020-10-14,1.0148840285584289,2.4198520258477423,1.6938964180934195,50816.89254280258,-2.1,114.4,-2.1_114.4
278,2020,5,19.209999084472656,1591.2841467087185,-0.3200620114803314,115.056884765625,2020-10-22,9.876479354238931,23.549112904600737,16.484379033220513,494531.3709966154,-0.30000000000000004,115.10000000000001,-0.30000000000000004_115.10000000000001
279,2020,3,30.279998779296875,369.45913765599636,-0.2252333164215088,114.95816040039062,2020-10-22,2.2930886057286295,5.467555850595727,3.827289095417009,114818.67286251027,-0.2,115.0,-0.2_115.0
280,2020,5,30.90999984741211,795.1190551364208,0.905131995677948,117.2836685180664,2020-10-23,4.934993507262219,11.766816404684818,8.236771483279371,247103.14449838112,0.9,117.30000000000001,0.9_117.30000000000001
282,2020,3,9.860000610351562,1385.9393559699342,1.454259991645813,117.9640884399414,2020-10-23,8.601984418543859,20.510254212090675,14.357177948463471,430715.33845390414,1.5,118.0,1.5_118.0
283,2020,3,50.13999938964844,118.04436337674069,-1.7476834058761597,115.51437377929688,2020-10-24,0.732655271018713,1.7469161913415499,1.222841333939085,36685.240018172546,-1.7000000000000002,115.5,-1.7000000000000002_115.5
284,2020,4,26.46000099182129,564.8562463716464,-2.394289970397949,116.03128814697266,2020-10-25,3.505842163350385,8.359200679644395,5.851440475751076,175543.2142725323,-2.4000000000000004,116.0,-2.4000000000000004_116.0
285,2020,7,69.54000854492188,3835.4011347700925,-0.4023328423500061,114.05204772949219,2020-10-30,23.8048372448942,56.759375466629116,39.73156282664038,1191946.8847992113,-0.4,114.10000000000001,-0.4_114.10000000000001
287,2020,4,18.579999923706055,318.1136631479292,-1.2571524381637573,115.99368286132812,2020-11-11,1.9744072941844928,4.707703891514969,3.295392724060478,98861.78172181433,-1.3,116.0,-1.3_116.0
288,2020,3,10.319999694824219,653.10582340102,-0.01600666530430317,114.30166625976562,2020-11-12,4.053572829399979,9.66518946709405,6.765632626965835,202968.97880897505,-0.0,114.30000000000001,-0.0_114.30000000000001
289,2020,4,26.90999984741211,751.0127807775823,-1.626615047454834,115.29820251464844,2020-11-13,4.6612430843736,11.114095998448212,7.779867198913748,233396.01596741244,-1.6,115.30000000000001,-1.6_115.30000000000001
290,2020,4,50.709999084472656,919.0301343194687,-1.2847375869750977,113.98915100097656,2020-12-05,5.704061192530156,13.600553012849902,9.520387108994932,285611.61326984793,-1.3,114.0,-1.3_114.0
0,2021,31,179.74000549316406,14158.047708939905,1.9708009958267212,117.24822998046875,2021-01-07,87.87347387510339,209.52226834921112,146.66558784444777,5133295.574555672,2.0,117.2,2.0_117.2
1,2021,13,10.020000457763672,1027.2357009525088,0.6727061867713928,117.45992279052734,2021-01-09,6.375650893888857,15.201866713371667,10.641306699360166,372445.73447760585,0.7000000000000001,117.5,0.7000000000000001_117.5
2,2021,55,98.93000030517578,1771.0775950795314,0.6596998572349548,117.55546569824219,2021-01-09,10.992387084818994,26.209842117512828,18.346889482258977,642141.1318790641,0.7000000000000001,117.60000000000001,0.7000000000000001_117.60000000000001
3,2021,42,76.96000671386719,974.111578261859,0.8129128813743591,117.52330017089844,2021-01-10,6.045930207579337,14.415692876481824,10.090985013537276,353184.4754738047,0.8,117.5,0.8_117.5
4,2021,19,34.76000213623047,710.4097642041475,0.09867999702692032,117.46912384033203,2021-01-11,4.409236014651467,10.513219641115775,7.359253748781042,257573.88120733647,0.1,117.5,0.1_117.5
5,2021,16,12.539999961853027,553.9370168622744,-0.697063148021698,116.93263244628906,2021-01-25,3.4380707693874877,8.197609068819078,5.738326348173355,200841.42218606742,-0.7000000000000001,116.9,-0.7000000000000001_116.9
6,2021,11,42.27000045776367,4166.234528641187,-0.6455445885658264,115.74069213867188,2021-01-25,25.858190941038806,61.65531624565126,43.15872137195588,1510555.2480184557,-0.6000000000000001,115.7,-0.6000000000000001_115.7
7,2021,8,40.65999984741211,1589.0058771686479,-0.38328248262405396,116.73898315429688,2021-01-26,9.862339024793409,23.51539722488558,16.460778057419905,576127.2320096967,-0.4,116.7,-0.4_116.7
8,2021,4,6.960000038146973,227.63004224500907,0.17787499725818634,117.4913558959961,2021-01-30,1.4128107901328155,3.368653911618451,2.3580577381329157,82532.02083465205,0.2,117.5,0.2_117.5
9,2021,13,81.63999938964844,2298.0500282404105,0.5568069219589233,117.23228454589844,2021-02-02,14.263099211959398,34.00840741572495,23.805885191007466,833205.9816852614,0.6000000000000001,117.2,0.6000000000000001_117.2
10,2021,9,52.130001068115234,4620.150392787162,0.8247500061988831,116.79933166503906,2021-02-03,28.67546947050301,68.3727312064374,47.86091184450617,1675131.9145577159,0.8,116.80000000000001,0.8_116.80000000000001
11,2021,9,6.659999847412109,314.9540315037188,-0.9348189234733582,115.79801177978516,2021-02-04,1.9547966943016322,4.66094510083616,3.2626615705853115,114193.1549704859,-0.9,115.80000000000001,-0.9_115.80000000000001
12,2021,21,56.67000198364258,9777.28619053535,-0.945527195930481,117.10972595214844,2021-02-06,60.68379767437214,144.6922077856009,101.28454544992063,3544959.090747222,-0.9,117.10000000000001,-0.9_117.10000000000001
13,2021,7,43.56999969482422,576.0992352913046,0.9747657775878906,117.20091247558594,2021-02-09,3.575623005555474,8.525583544704553,5.967908481293186,208876.7968452615,1.0,117.2,1.0_117.2
14,2021,7,30.469999313354492,5023.775366328739,-1.119927167892456,115.29290771484375,2021-02-11,31.180612078932658,74.34590079573198,52.042130557012385,1821474.5694954335,-1.1,115.30000000000001,-1.1_115.30000000000001
15,2021,3,5.460000038146973,507.6156073051609,-0.08212000131607056,117.42627716064453,2021-02-21,3.1505718672609775,7.512107296042108,5.258475107229475,184046.62875303163,-0.1,117.4,-0.1_117.4
16,2021,13,11.480000495910645,1069.0447716063752,-0.8531161546707153,114.67311096191406,2021-02-25,6.635143470363582,15.820591236770413,11.074413865739288,387604.4853008751,-0.9,114.7,-0.9_114.7
17,2021,5,3.1499998569488525,137.74535141078337,-1.5595260858535767,113.66331481933594,2021-02-25,0.8549316111549335,2.038467384448976,1.426927169114283,49942.45091899991,-1.6,113.7,-1.6_113.7
18,2021,32,36.04999923706055,421.95036380815276,-1.2911021709442139,114.76580810546875,2021-02-25,2.6188811503491074,6.244363571400811,4.371054499980567,152986.90749931984,-1.3,114.80000000000001,-1.3_114.80000000000001
19,2021,3,4.679999828338623,585.5726211658322,-0.47211000323295593,115.72943878173828,2021-02-25,3.634420612631514,8.665778389232806,6.066044872462964,212311.57053620374,-0.5,115.7,-0.5_115.7
20,2021,3,20.260000228881836,302.79043720334295,-0.48061999678611755,117.05997467041016,2021-02-25,1.8793020139647014,4.480938370989852,3.1366568596928963,109782.99008925137,-0.5,117.10000000000001,-0.5_117.10000000000001
21,2021,4,16.779998779296875,1074.3139244110046,-1.8216599225997925,115.94758605957031,2021-02-27,6.667847044390188,15.898568431832938,11.128997902283055,389514.92657990695,-1.8,115.9,-1.8_115.9
22,2021,8,31.059999465942383,1930.1407992551476,1.225252628326416,117.911376953125,2021-02-27,11.979630284161399,28.563788370196008,19.994651859137203,699812.8150698021,1.2000000000000002,117.9,1.2000000000000002_117.9
23,2021,4,20.399999618530273,2730.9037448533686,-1.351349949836731,114.33170318603516,2021-02-27,16.94965321576549,40.41412764160518,28.289889349123623,990146.1272193268,-1.4000000000000001,114.30000000000001,-1.4000000000000001_114.30000000000001
24,2021,10,7.420000076293945,3430.570534456868,1.008882999420166,117.6600341796875,2021-03-01,21.292211781850735,50.76836403493005,35.53785482445103,1243824.918855786,1.0,117.7,1.0_117.7
25,2021,5,37.61000061035156,450.2239826848475,-0.6013500094413757,114.81876373291016,2021-03-02,2.7943644627938777,6.6627795058057755,4.663945654064043,163238.0978922415,-0.6000000000000001,114.80000000000001,-0.6000000000000001_114.80000000000001
26,2021,51,85.08000183105469,231.96260867530424,-0.7190508842468262,117.10771942138672,2021-03-04,1.4397013382402566,3.4327707421950207,2.402939519536514,84102.883183778,-0.7000000000000001,117.10000000000001,-0.7000000000000001_117.10000000000001
27,2021,12,18.229999542236328,590.7389751477529,-0.23963667452335358,117.32866668701172,2021-03-04,3.6664861545051424,8.74223428397481,6.1195639987823665,214184.73995738282,-0.2,117.30000000000001,-0.2_117.30000000000001
28,2021,25,312.5699768066406,23241.7232591421,-0.6827224493026733,115.11690521240234,2021-03-05,144.25230113718322,343.9498635482909,240.76490448380363,8426771.656933127,-0.7000000000000001,115.10000000000001,-0.7000000000000001_115.10000000000001
29,2021,7,17.470001220703125,734.1338440131327,-0.5418214201927185,116.419921875,2021-03-06,4.5564821145490795,10.864307807949512,7.605015465564658,266175.54129476304,-0.5,116.4,-0.5_116.4
30,2021,14,15.809998512268066,159.51590452556437,-0.689888596534729,117.49751281738281,2021-03-06,0.9900529336498625,2.3606456794794166,1.6524519756355915,57835.819147245704,-0.7000000000000001,117.5,-0.7000000000000001_117.5
31,2021,58,149.95999145507812,16992.39696489695,-1.8935291767120361,115.8858871459961,2021-03-06,105.46517298620273,251.46726653049532,176.02708657134673,6160948.0299971355,-1.9000000000000001,115.9,-1.9000000000000001_115.9
32,2021,7,135.27000427246094,3183.936859663847,1.3554085493087769,117.21915435791016,2021-03-06,19.761452864788996,47.11847896205339,32.98293527343737,1154402.734570308,1.4000000000000001,117.2,1.4000000000000001_117.2
33,2021,5,15.929999351501465,1534.9501792040887,-1.954450011253357,116.2543716430664,2021-03-06,9.52683641450839,22.715437181836517,15.900806027285562,556528.2109549947,-2.0,116.30000000000001,-2.0_116.30000000000001
34,2021,3,11.770000457763672,395.3503606787783,-0.08241000026464462,116.1362075805664,2021-03-07,2.4537853173557767,5.850715159674986,4.09550061177249,143342.52141203714,-0.1,116.10000000000001,-0.1_116.10000000000001
35,2021,84,670.1499633789062,60791.49336628565,1.6345409154891968,118.07118225097656,2021-03-08,377.30906223587,899.6418043144097,629.7492630200867,22041224.205703035,1.6,118.10000000000001,1.6_118.10000000000001
36,2021,23,173.41000366210938,11503.101544705845,0.6930918097496033,117.10578918457031,2021-03-08,71.39525970329255,170.23222256669072,119.16255579668349,4170689.452883922,0.7000000000000001,117.10000000000001,0.7000000000000001_117.10000000000001
37,2021,7,45.78999710083008,1506.1993113340166,1.0981714725494385,116.73181915283203,2021-03-09,9.34839100391184,22.289958529907533,15.602970970935273,546103.9839827345,1.1,116.7,1.1_116.7
38,2021,11,124.69999694824219,4215.039247139825,1.3683726787567139,117.64794921875,2021-03-12,26.16110277211449,62.37756803743767,43.66429762620636,1528250.4169172228,1.4000000000000001,117.60000000000001,1.4000000000000001_117.60000000000001
39,2021,5,76.79000091552734,2435.5249096404755,-0.6601040363311768,114.75453186035156,2021-03-13,15.116352121367491,36.042872165677196,25.230010515974037,883050.3680590913,-0.7000000000000001,114.80000000000001,-0.7000000000000001_114.80000000000001
40,2021,7,18.029998779296875,3179.7532099630052,-0.7877070307731628,115.7880630493164,2021-03-14,19.735486584674167,47.056565921970524,32.93959614537936,1152885.8650882777,-0.8,115.80000000000001,-0.8_115.80000000000001
41,2021,4,16.799999237060547,345.96344642226455,-0.44077998399734497,115.59723663330078,2021-03-15,2.1472600245393507,5.119847563060032,3.5838932941420225,125436.26529497078,-0.4,115.60000000000001,-0.4_115.60000000000001
42,2021,24,162.010009765625,11130.979522760075,2.270463705062866,117.1540298461914,2021-03-15,69.08564361454646,164.72525919549503,115.30768143684651,4035768.850289628,2.3000000000000003,117.2,2.3000000000000003_117.2
43,2021,5,29.589998245239258,2871.122228952138,1.1807559728622437,117.12281799316406,2021-03-17,17.819934595837378,42.489194448613546,29.74243611402948,1040985.2639910318,1.2000000000000002,117.10000000000001,1.2000000000000002_117.10000000000001
44,2021,21,117.40999603271484,6207.609316656426,0.861981987953186,116.9164810180664,2021-03-17,38.52820716020178,91.86523536223744,64.3056647535662,2250698.266374817,0.9,116.9,0.9_116.9
45,2021,5,14.350000381469727,1682.322560856864,0.5842379927635193,117.32475280761719,2021-03-17,10.441519243335115,24.896373164727557,17.42746121530929,609961.1425358251,0.6000000000000001,117.30000000000001,0.6000000000000001_117.30000000000001
46,2021,3,4.96999979019165,155.4411104461608,-1.2474499940872192,116.81796264648438,2021-03-19,0.9647622778727386,2.300343573135088,1.6102405011945615,56358.41754180966,-1.2000000000000002,116.80000000000001,-1.2000000000000002_116.80000000000001
47,2021,5,48.709999084472656,1696.9134549872329,-0.1032860055565834,116.78018951416016,2021-03-22,10.532079225935668,25.112301045342605,17.578610731739822,615251.3756108938,-0.1,116.80000000000001,-0.1_116.80000000000001
48,2021,85,173.69003295898438,595.1088428922285,1.1638606786727905,117.67935180664062,2021-03-25,3.693608217304759,8.806903129639911,6.164832190747938,215769.12667617784,1.2000000000000002,117.7,1.2000000000000002_117.7
49,2021,8,18.270000457763672,4050.2071847850734,-0.4766175150871277,116.32444763183594,2021-03-27,25.13805452260451,59.93824954443393,41.956774681103745,1468487.1138386312,-0.5,116.30000000000001,-0.5_116.30000000000001
50,2021,7,30.1200008392334,2725.547756158564,-0.9139713644981384,114.70609283447266,2021-03-28,16.916410685275142,40.33486537863939,28.234405765047573,988204.201776665,-0.9,114.7,-0.9_114.7
51,2021,43,375.4499816894531,24636.242131524028,0.418116956949234,116.1143569946289,2021-04-07,152.90753526407596,364.58708439991665,255.21095907994163,8932383.567797957,0.4,116.10000000000001,0.4_116.10000000000001
52,2021,44,280.45001220703125,5955.993397491551,2.0671675205230713,117.13822937011719,2021-04-10,36.966525397727324,88.1416189978917,61.69913329852418,2159469.665448346,2.1,117.10000000000001,2.1_117.10000000000001
167,2021,3,9.130000114440918,592.379709252188,-0.6196699738502502,117.15467071533203,2021-04-13,3.6766695504383993,8.766515197444406,6.136560638211083,214779.6223373879,-0.6000000000000001,117.2,-0.6000000000000001_117.2
53,2021,4,2.4200000762939453,196.90364775365194,-0.7039099931716919,116.28387451171875,2021-04-14,1.2221040571764425,2.913939815129233,2.039757870590463,71391.52547066621,-0.7000000000000001,116.30000000000001,-0.7000000000000001_116.30000000000001
54,2021,3,21.139999389648438,246.99927546434515,-0.172843337059021,117.2296142578125,2021-04-20,1.5330280576735502,3.6552955280143076,2.558706869610015,89554.74043635052,-0.2,117.2,-0.2_117.2
55,2021,12,142.40000915527344,5650.036965803541,2.0300509929656982,117.64752960205078,2021-04-22,35.067573292213524,83.61382767375142,58.52967937162599,2048538.7780069096,2.0,117.60000000000001,2.0_117.60000000000001
56,2021,3,8.690000534057617,648.8792498338407,1.3334566354751587,116.6279067993164,2021-04-23,4.027340137607154,9.60264120483745,6.721848843386215,235264.7095185175,1.3,116.60000000000001,1.3_116.60000000000001
57,2021,10,54.590003967285156,3186.2526298559515,0.7955250144004822,117.05450439453125,2021-04-23,19.775825946138916,47.152749606820244,33.006924724774166,1155242.3653670957,0.8,117.10000000000001,0.8_117.10000000000001
163,2021,13,171.3900146484375,2870.1109381342776,-1.3164877891540527,115.17769622802734,2021-04-23,17.813657908606885,42.47422854720716,29.731959983045012,1040618.5994065754,-1.3,115.2,-1.3_115.2
58,2021,44,316.4199523925781,40103.22472248514,-0.9311111569404602,115.04910278320312,2021-04-23,248.90505685565043,593.4800323258972,415.43602262812806,14540260.791984482,-0.9,115.0,-0.9_115.0
59,2021,4,21.139999389648438,817.0761090280548,-0.9124000072479248,114.843017578125,2021-04-23,5.071272367256625,12.09175468941288,8.464228282589016,296247.9898906156,-0.9,114.80000000000001,-0.9_114.80000000000001
60,2021,6,28.040000915527344,721.6431509047596,-1.7900899648666382,114.2712631225586,2021-04-24,4.478957259632289,10.679460404753684,7.475622283327578,261646.77991646522,-1.8,114.30000000000001,-1.8_114.30000000000001
61,2021,8,48.56999969482422,604.6269216462828,-1.0840812921524048,117.07164764404297,2021-04-24,3.752683215632914,8.947759375633252,6.263431562943276,219220.10470301466,-1.1,117.10000000000001,-1.1_117.10000000000001
62,2021,89,813.5700073242188,99373.0441085924,-0.6230975389480591,114.49786376953125,2021-04-24,616.7696828604433,1470.6028714150639,1029.4220099905447,36029770.34966906,-0.6000000000000001,114.5,-0.6000000000000001_114.5
63,2021,3,14.489999771118164,655.6491037310686,-1.6840900182724,114.31625366210938,2021-04-25,4.069357977340855,9.702826991331465,6.791978893932025,237719.26128762087,-1.7000000000000002,114.30000000000001,-1.7000000000000002_114.30000000000001
64,2021,3,15.899999618530273,139.18324772183283,0.9332799911499023,117.68094635009766,2021-04-27,0.8638560721061654,2.0597465398053894,1.4418225778637725,50463.79022523204,0.9,117.7,0.9_117.7
65,2021,3,67.8499984741211,154.54200056407495,-2.037663221359253,115.89611053466797,2021-04-29,0.959181853907616,2.287037816164735,1.6009264713153144,56032.426496036,-2.0,115.9,-2.0_115.9
66,2021,6,27.530000686645508,627.3951134331162,-0.3459300100803375,116.24195098876953,2021-04-30,3.8939964918200203,9.284701536548205,6.499291075583743,227475.18764543103,-0.30000000000000004,116.2,-0.30000000000000004_116.2
67,2021,25,327.52001953125,10211.12453317371,-0.5697923898696899,116.04000091552734,2021-05-03,63.37646286745367,151.1124993056708,105.77874951396956,3702256.2329889345,-0.6000000000000001,116.0,-0.6000000000000001_116.0
68,2021,3,22.729999542236328,118.77770113118662,-1.262076735496521,113.99642181396484,2021-05-04,0.7372068121161653,1.7577687179706702,1.230438102579469,43065.333590281414,-1.3,114.0,-1.3_114.0
69,2021,15,108.8800048828125,10446.839552553,1.2490986585617065,117.03044891357422,2021-05-05,64.83945395373998,154.60080126365486,108.2205608845584,3787719.630959544,1.2000000000000002,117.0,1.2000000000000002_117.0
70,2021,3,12.170000076293945,319.6827392981472,0.8105899691581726,117.95843505859375,2021-05-14,1.98414593717601,4.730924352482814,3.3116470467379697,115907.64663582895,0.8,118.0,0.8_118.0
71,2021,14,54.97999572753906,3982.7858893356174,2.260411500930786,117.959228515625,2021-05-16,24.719596867559144,58.94049455391412,41.25834618773988,1444042.1165708958,2.3000000000000003,118.0,2.3000000000000003_118.0
72,2021,3,18.579999923706055,159.9430090663057,-1.5180200338363647,114.43380737304688,2021-05-26,0.9927038047638985,2.36696631873972,1.656876423117804,57990.674809123135,-1.5,114.4,-1.5_114.4
73,2021,40,296.75,39799.98999321884,-2.017909288406372,115.25944519042969,2021-05-26,247.02299729433247,588.9925189607588,412.29476327253116,14430316.714538591,-2.0,115.30000000000001,-2.0_115.30000000000001
166,2021,5,56.1300048828125,1741.1016866597972,1.5624679327011108,117.20988464355469,2021-05-27,10.806338325868934,25.766234322352968,18.036364025647078,631272.7408976477,1.6,117.2,1.6_117.2
74,2021,4,15.980000495910645,1651.6405626215733,1.230989933013916,117.63938903808594,2021-05-28,10.251088060604863,24.442316080028984,17.109621256020286,598836.74396071,1.2000000000000002,117.60000000000001,1.2000000000000002_117.60000000000001
75,2021,7,21.670000076293945,2536.261460455591,0.8503456711769104,117.18195343017578,2021-05-29,15.741584557950578,37.53365331477102,26.273557320339716,919574.50621189,0.9,117.2,0.9_117.2
76,2021,53,776.5,21150.56209833924,0.7986435890197754,116.5833740234375,2021-05-30,131.27328034207673,313.0031653238935,219.10221572672543,7668577.55043539,0.8,116.60000000000001,0.8_116.60000000000001
77,2021,6,9.25999927520752,148.74887287070538,-0.14165499806404114,117.36922454833984,2021-06-03,0.9232261723416465,2.2013064158965334,1.5409144911275734,53932.00718946507,-0.1,117.4,-0.1_117.4
78,2021,3,11.819999694824219,433.62923443210246,-1.704283356666565,114.3661117553711,2021-06-04,2.6913673400951934,6.417196967303396,4.492037877112377,157221.32569893321,-1.7000000000000002,114.4,-1.7000000000000002_114.4
106,2021,4,41.56999969482422,805.4619751738071,-0.301954984664917,116.84246826171875,2021-06-04,4.999187973362489,11.91987932071238,8.343915524498666,292037.0433574533,-0.30000000000000004,116.80000000000001,-0.30000000000000004_116.80000000000001
79,2021,22,193.08999633789062,10144.787340845472,1.038365125656128,117.05569458007812,2021-06-05,62.96473381717492,150.13078775205358,105.0915514264375,3678204.299925313,1.0,117.10000000000001,1.0_117.10000000000001
80,2021,56,547.3699951171875,11298.435838961796,0.19711749255657196,115.45372009277344,2021-06-05,70.12497958299933,167.20341352448725,117.04238946714106,4096483.631349937,0.2,115.5,0.2_115.5
81,2021,7,35.62000274658203,3060.235883039002,0.33571141958236694,117.50231170654297,2021-06-06,18.993689204061656,45.287851621881025,31.701496135316717,1109552.364736085,0.30000000000000004,117.5,0.30000000000000004_117.5
82,2021,22,120.27999114990234,7265.176370043947,2.2120959758758545,117.52002716064453,2021-06-06,45.092112915254276,107.51597001947614,75.2611790136333,2634141.2654771656,2.2,117.5,2.2_117.5
97,2021,3,7.210000038146973,1126.3588392056665,-0.617983341217041,116.12100219726562,2021-06-07,6.990869508684677,16.668771275331867,11.668139892732306,408384.8962456307,-0.6000000000000001,116.10000000000001,-0.6000000000000001_116.10000000000001
83,2021,6,23.040000915527344,2519.348818627534,0.6233282685279846,116.66686248779297,2021-06-09,15.636614393956968,37.28336632941535,26.098356430590744,913442.4750706761,0.6000000000000001,116.7,0.6000000000000001_116.7
84,2021,4,40.38999938964844,595.2999661400456,1.184212565422058,117.74168395996094,2021-06-09,3.6947944446765866,8.809731526410438,6.166812068487307,215838.42239705572,1.2000000000000002,117.7,1.2000000000000002_117.7
85,2021,5,40.369998931884766,518.2807520041039,-1.3447539806365967,114.39976501464844,2021-06-09,3.2167662560173444,7.6699387538485455,5.368957127693982,187913.49946928935,-1.3,114.4,-1.3_114.4
86,2021,5,8.369999885559082,525.8817605484873,-0.6771219968795776,117.02699279785156,2021-06-09,3.2639427481072505,7.782424640653076,5.447697248457153,190669.40369600037,-0.7000000000000001,117.0,-0.7000000000000001_117.0
87,2021,22,195.04998779296875,4286.325071143537,-2.146195411682129,115.57954406738281,2021-06-10,26.603546046924187,63.43251345459212,44.40275941821448,1554096.5796375067,-2.1,115.60000000000001,-2.1_115.60000000000001
88,2021,7,38.6099967956543,267.5579904251325,-0.5848072171211243,117.38350677490234,2021-06-16,1.6606279739297805,3.9595400595685493,2.7716780416979843,97008.73145942944,-0.6000000000000001,117.4,-0.6000000000000001_117.4
89,2021,4,12.720001220703125,1082.9301742803589,-1.561400055885315,115.17752838134766,2021-06-19,6.721324742965676,16.026078682850866,11.218255077995606,392638.9277298462,-1.6,115.2,-1.6_115.2
90,2021,11,50.44000244140625,5205.42995218503,0.08372636139392853,116.77072143554688,2021-07-01,32.3080711631718,77.03417263003395,53.923920841023765,1887337.2294358318,0.1,116.80000000000001,0.1_116.80000000000001
91,2021,6,9.789999961853027,703.3569751848809,-0.8404716849327087,117.2606201171875,2021-07-09,4.365462107092178,10.408846751301873,7.28619272591131,255016.74540689588,-0.8,117.30000000000001,-0.8_117.30000000000001
92,2021,7,7.119999885559082,2018.1361673652566,-0.5044028759002686,117.31230926513672,2021-07-09,12.525783174709382,29.86601516796362,20.906210617574533,731717.3716151087,-0.5,117.30000000000001,-0.5_117.30000000000001
93,2021,4,21.84000015258789,325.92940519817415,2.26632022857666,116.95227813720703,2021-07-11,2.0229165532988747,4.823367578830107,3.3763573051810747,118172.50568133761,2.3000000000000003,117.0,2.3000000000000003_117.0
94,2021,85,1206.0399169921875,27000.609710721194,1.7629493474960327,114.93450927734375,2021-07-13,167.5822416199906,399.5769127003197,279.7038388902238,9789634.361157833,1.8,114.9,1.8_114.9
95,2021,4,92.3800048828125,505.42037802725946,-1.0327301025390625,114.80174255371094,2021-07-13,3.136946936298234,7.4796205134497535,5.235734359414828,183250.70257951895,-1.0,114.80000000000001,-1.0_114.80000000000001
96,2021,32,257.9800109863281,8278.503239145339,0.48686155676841736,115.24234771728516,2021-07-13,51.3814371207869,122.5120025628094,85.75840179396657,3001544.06278883,0.5,115.2,0.5_115.2
98,2021,4,12.0,859.326712899673,-1.60544753074646,114.480712890625,2021-07-19,5.3335053680096625,12.717013379332089,8.901909365532461,311566.8277936361,-1.6,114.5,-1.6_114.5
99,2021,7,40.18000030517578,1046.6513267434198,-0.8590071797370911,117.17327880859375,2021-07-20,6.496156102006577,15.489194884653534,10.842436419257472,379485.2746740115,-0.9,117.2,-0.9_117.2
100,2021,7,117.73999786376953,254.5724007401756,1.891832947731018,114.90201568603516,2021-07-20,1.5800314892030516,3.7673687756049916,2.637158142923494,92300.53500232229,1.9000000000000001,114.9,1.9000000000000001_114.9
101,2021,13,51.089996337890625,2981.78415233968,2.081810712814331,117.50789642333984,2021-07-22,18.506769944444347,44.126859307830244,30.88880151548117,1081108.053041841,2.1,117.5,2.1_117.5
102,2021,43,874.419921875,14200.232380110288,1.4298781156539917,115.34891510009766,2021-07-22,88.13529765732443,210.14655131356386,147.1025859194947,5148590.507182314,1.4000000000000001,115.30000000000001,1.4000000000000001_115.30000000000001
103,2021,3,16.93000030517578,370.5388603980116,-1.3128399848937988,115.30391693115234,2021-07-23,2.299790023191923,5.483534463095557,3.83847412416689,134346.59434584115,-1.3,115.30000000000001,-1.3_115.30000000000001
104,2021,5,21.90999984741211,1415.754439317036,2.3336660861968994,117.5039291381836,2021-07-23,8.787034999065016,20.951481987440026,14.666037391208016,513311.30869228055,2.3000000000000003,117.5,2.3000000000000003_117.5
105,2021,3,16.399999618530273,146.90232644291973,-0.33393001556396484,116.5976791381836,2021-07-23,0.9117653796803299,2.1739797248077974,1.5217858073654582,53262.50325779104,-0.30000000000000004,116.60000000000001,-0.30000000000000004_116.60000000000001
107,2021,8,44.779998779296875,2532.3734367953552,0.8998162746429443,118.17205810546875,2021-07-23,15.717453113237491,37.476115188509894,26.233280631956923,918164.8221184923,0.9,118.2,0.9_118.2
108,2021,14,64.29999542236328,6944.966919981618,2.1541028022766113,117.66426849365234,2021-07-24,43.104697890028305,102.77725097408481,71.94407568185936,2518042.6488650776,2.2,117.7,2.2_117.7
109,2021,5,32.0,759.539842781838,-2.008171796798706,114.85978698730469,2021-07-25,4.714167228695365,11.240286375131143,7.868200462591799,275387.016190713,-2.0,114.9,-2.0_114.9
110,2021,9,62.81999969482422,3610.243223042951,0.9319899678230286,117.88480377197266,2021-07-25,22.407370003599723,53.42730614664415,37.3991143026509,1308969.0005927815,0.9,117.9,0.9_117.9
111,2021,22,704.02001953125,2004.3233708789646,1.9203903675079346,115.04802703857422,2021-07-26,12.44005254036395,29.661602207112637,20.763121544978844,726709.2540742595,1.9000000000000001,115.0,1.9000000000000001_115.0
112,2021,4,17.600000381469727,138.05834572885064,-2.3375401496887207,114.02376556396484,2021-07-26,0.8568742446731391,2.0430993281215812,1.4301695296851067,50055.93353897874,-2.3000000000000003,114.0,-2.3000000000000003_114.0
113,2021,66,338.17999267578125,42269.95083610839,-2.4215290546417236,114.84742736816406,2021-07-26,262.353079807272,625.545001984896,437.88150138942717,15325852.54862995,-2.4000000000000004,114.80000000000001,-2.4000000000000004_114.80000000000001
114,2021,4,44.46999740600586,377.33426755910625,0.2306475043296814,116.41873168945312,2021-07-26,2.3419664620567313,5.584098407505068,3.9088688852535474,136810.41098387417,0.2,116.4,0.2_116.4
115,2021,36,810.9600219726562,4404.049813858098,1.9781941175460815,115.14657592773438,2021-07-27,27.33421755729416,65.17469964024872,45.6222897481741,1596780.1411860934,2.0,115.10000000000001,2.0_115.10000000000001
116,2021,4,10.369999885559082,578.2497690211121,1.399442434310913,117.77225494384766,2021-07-27,3.5889705287033475,8.557408886340198,5.990186220438138,209656.51771533483,1.4000000000000001,117.80000000000001,1.4000000000000001_117.80000000000001
117,2021,61,145.0,712.8751043596656,-2.21258544921875,115.49710845947266,2021-07-27,4.424537418362118,10.549703743462057,7.38479262042344,258467.74171482038,-2.2,115.5,-2.2_115.5
118,2021,7,36.26000213623047,2314.1216661409635,-2.4491629600524902,115.6424789428711,2021-07-27,14.362849592959499,34.2462485431344,23.972373980194078,839033.0893067927,-2.4000000000000004,115.60000000000001,-2.4000000000000004_115.60000000000001
119,2021,4,16.84000015258789,528.627125055027,0.8492574691772461,114.05467224121094,2021-07-28,3.280982153624349,7.8230527703698876,5.476136939258921,191664.79287406223,0.8,114.10000000000001,0.8_114.10000000000001
120,2021,8,34.69000244140625,286.45739754629693,-0.09359250217676163,116.604736328125,2021-07-28,1.7779292143308791,4.239228808461606,2.967460165923124,103861.10580730934,-0.1,116.60000000000001,-0.1_116.60000000000001
121,2021,5,22.15999984741211,363.5196247332142,-0.1681479960680008,116.40274810791016,2021-07-29,2.256224368202337,5.379658123023797,3.765760686116658,131801.62401408303,-0.2,116.4,-0.2_116.4
122,2021,6,21.01999855041504,1459.7748056247374,-2.486696720123291,115.30899810791016,2021-07-29,9.06025222422451,21.602931056687684,15.122051739681378,529271.8108888483,-2.5,115.30000000000001,-2.5_115.30000000000001
123,2021,3,10.220000267028809,130.0422219809017,0.9761199951171875,116.86248779296875,2021-08-01,0.8071212946036037,1.9244702299883896,1.3471291609918725,47149.52063471554,1.0,116.9,1.0_116.9
124,2021,4,5.610000133514404,161.5533342760284,-2.2950425148010254,116.21772003173828,2021-08-01,1.0026984645613533,2.3907972167319604,1.6735580517123723,58574.53180993303,-2.3000000000000003,116.2,-2.3000000000000003_116.2
125,2021,22,342.3499755859375,1639.5510268816927,2.325303554534912,118.0256118774414,2021-08-01,10.176053032835481,24.26340532880237,16.984383730161657,594453.430555658,2.3000000000000003,118.0,2.3000000000000003_118.0
126,2021,3,10.980000495910645,599.1630943438364,-1.2233866453170776,113.9219970703125,2021-08-01,3.718771373012379,8.866901229523599,6.206830860666519,217239.08012332814,-1.2000000000000002,113.9,-1.2000000000000002_113.9
127,2021,4,25.15999984741211,306.68196946241096,0.6307574510574341,117.65718078613281,2021-08-05,1.9034552351807459,4.538528420341022,3.1769698942387152,111193.94629835503,0.6000000000000001,117.7,0.6000000000000001_117.7
128,2021,5,14.029999732971191,447.6026515906834,-2.3552799224853516,116.23652648925781,2021-08-06,2.7780948842364066,6.623986923082892,4.636790846158024,162287.67961553085,-2.4000000000000004,116.2,-2.4000000000000004_116.2
129,2021,4,19.68000030517578,177.8544936225452,-2.310077428817749,114.16432189941406,2021-08-07,1.1038733955559386,2.632034988578675,1.8424244920050723,64484.85722017753,-2.3000000000000003,114.2,-2.3000000000000003_114.2
130,2021,4,26.959999084472656,318.302376431135,0.7554049491882324,113.51078796386719,2021-08-07,1.97557856384699,4.710496623675345,3.2973476365727414,115407.16728004595,0.8,113.5,0.8_113.5
131,2021,20,299.760009765625,5895.116856310822,-0.32897746562957764,115.4985122680664,2021-08-07,36.58868847691559,87.24071858706836,61.06850301094784,2137397.6053831745,-0.30000000000000004,115.5,-0.30000000000000004_115.5
132,2021,6,24.079999923706055,4906.67041530272,-2.448960065841675,115.06865692138672,2021-08-07,30.453787373565095,72.61288678996607,50.82902075297625,1779015.7263541687,-2.4000000000000004,115.10000000000001,-2.4000000000000004_115.10000000000001
133,2021,3,17.579999923706055,553.2743415205557,-0.8527100086212158,114.0350341796875,2021-08-07,3.433957802294474,8.187802261861627,5.731461583303139,200601.15541560986,-0.9,114.0,-0.9_114.0
134,2021,3,5.840000152587891,282.9880618862984,-0.4491633176803589,116.25155639648438,2021-08-08,1.7563964025513044,4.187886766670865,2.9315207366696057,102603.2257834362,-0.4,116.30000000000001,-0.4_116.30000000000001
135,2021,14,10.890000343322754,157.28885080019938,-2.2898688316345215,115.49253845214844,2021-08-10,0.976230480768118,2.3276879329124665,1.6293815530387263,57028.35435635542,-2.3000000000000003,115.5,-2.3000000000000003_115.5
146,2021,7,50.45000076293945,6249.770282488303,-1.6152585744857788,115.71477508544922,2021-08-10,38.78988381264286,92.48916751577231,64.74241726104061,2265984.6041364213,-1.6,115.7,-1.6_115.7
136,2021,7,28.240001678466797,3385.9084660836056,0.8562727570533752,114.68402099609375,2021-08-12,21.015011762533963,50.107418538269194,35.075192976788436,1227631.7541875953,0.9,114.7,0.9_114.7
152,2021,4,16.3799991607666,1005.5940197457109,-2.1592774391174316,113.80140686035156,2021-08-14,6.241329429006517,14.881595569315866,10.417116898521106,364599.0914482387,-2.2,113.80000000000001,-2.2_113.80000000000001
137,2021,11,62.45000076293945,3194.9940711704894,0.8296835422515869,117.69180297851562,2021-08-16,19.830080659131497,47.28211254234044,33.09747877963831,1158411.7572873407,0.8,117.7,0.8_117.7
138,2021,4,27.939998626708984,560.4054604041104,0.7612999677658081,114.44612884521484,2021-08-17,3.4782178727361504,8.293334340511624,5.805334038358136,203186.6913425348,0.8,114.4,0.8_114.4
195,2021,4,25.310001373291016,1899.61384142072,0.7109049558639526,114.48715209960938,2021-08-17,11.7901613766611,28.11202569904529,19.678417989331702,688744.6296266096,0.7000000000000001,114.5,0.7000000000000001_114.5
139,2021,4,29.060001373291016,301.6229464006256,0.442330002784729,115.01325988769531,2021-08-18,1.8720558544191854,4.463660895571563,3.1245626269000937,109359.69194150328,0.4,115.0,0.4_115.0
140,2021,3,8.029999732971191,335.46819063424533,1.9375966787338257,116.65384674072266,2021-08-19,2.082120069917027,4.964530259091459,3.475171181364021,121630.99134774074,1.9000000000000001,116.7,1.9000000000000001_116.7
141,2021,6,25.8700008392334,1729.1155812966988,0.6953633427619934,116.50293731689453,2021-08-24,10.731945250062063,25.588854217696078,17.912197952387253,626926.9283335538,0.7000000000000001,116.5,0.7000000000000001_116.5
142,2021,3,21.910001754760742,227.5118545377383,-2.194740056991577,114.86019897460938,2021-09-04,1.4120772451822177,3.366904874107952,2.3568334118755665,82489.16941564482,-2.2,114.9,-2.2_114.9
143,2021,5,34.439998626708984,2703.1660492758842,2.2438859939575195,117.0428466796875,2021-09-09,16.77749616997841,40.00364273467096,28.00254991426967,980089.2469994385,2.2,117.0,2.2_117.0
144,2021,3,15.010000228881836,271.2251720727429,0.9529566764831543,116.50406646728516,2021-09-10,1.683388738502079,4.013809986683625,2.809666990678537,98338.3446737488,1.0,116.5,1.0_116.5
145,2021,5,25.970001220703125,2310.572732858163,-0.028501998633146286,115.54901123046875,2021-09-10,14.340822749815459,34.19372855118926,23.935609985832482,837746.3495041368,-0.0,115.5,-0.0_115.5
147,2021,12,68.0199966430664,3966.9058758784295,0.5765216946601868,115.9953842163086,2021-09-11,24.621035824655937,58.705489240373254,41.09384246826127,1438284.4863891446,0.6000000000000001,116.0,0.6000000000000001_116.0
148,2021,36,276.89996337890625,26262.32940654286,0.3825682997703552,115.43484497070312,2021-09-14,163.00002404625315,388.65124221318644,272.05586954923047,9521955.434223067,0.4,115.4,0.4_115.4
149,2021,7,49.48999786376953,3149.7235721213638,-0.20971713960170746,115.31590270996094,2021-09-14,19.549104348181906,46.61216299526522,32.628514096685656,1141997.993383998,-0.2,115.30000000000001,-0.2_115.30000000000001
150,2021,8,75.79000091552734,2069.183756942846,-0.11494000256061554,115.70242309570312,2021-09-14,12.842615630804357,30.621458784338948,21.43502114903726,750225.7402163042,-0.1,115.7,-0.1_115.7
151,2021,10,61.730003356933594,1971.6893333057553,0.9102240800857544,114.78297424316406,2021-09-14,12.237505811670713,29.17865726171492,20.425060083200442,714877.1029120155,0.9,114.80000000000001,0.9_114.80000000000001
153,2021,30,270.6399841308594,23341.05418005932,-0.7858076095581055,114.194091796875,2021-09-18,144.86880937784255,345.41984304656955,241.79389013259868,8462786.154640954,-0.8,114.2,-0.8_114.2
154,2021,63,783.35986328125,36593.80477629268,-0.44644224643707275,114.9165267944336,2021-09-18,227.1234575632717,541.5447907705297,379.0813535393708,13267847.373877978,-0.4,114.9,-0.4_114.9
155,2021,18,218.48997497558594,5520.709261185611,-0.5698994398117065,114.67974090576172,2021-09-18,34.264886727886235,81.69993145098084,57.189952015686586,2001648.3205490306,-0.6000000000000001,114.7,-0.6000000000000001_114.7
156,2021,7,43.30999755859375,3475.52594001693,0.7014357447624207,116.85382843017578,2021-09-19,21.571232430547404,51.433650573098404,36.00355540116888,1260124.439040911,0.7000000000000001,116.9,0.7000000000000001_116.9
157,2021,4,23.81999969482422,190.37261968426336,1.1544849872589111,117.83753967285156,2021-09-19,1.1815685161024707,2.8172883668588184,1.9721018568011728,69023.56498804105,1.2000000000000002,117.80000000000001,1.2000000000000002_117.80000000000001
158,2021,4,55.529998779296875,345.9147258047565,0.827625036239624,117.26531982421875,2021-09-19,2.1469576346902848,5.119126555862888,3.5833885891040214,125418.60061864075,0.8,117.30000000000001,0.8_117.30000000000001
168,2021,3,24.5,1051.1369924393211,-1.9317899942398071,115.39104461669922,2021-09-19,6.5239968774753825,15.555577402284692,10.888904181599283,381111.6463559749,-1.9000000000000001,115.4,-1.9000000000000001_115.4
159,2021,3,29.549999237060547,151.42837697867103,-1.917343258857727,114.09881591796875,2021-09-19,0.9398568080811259,2.2409598900402523,1.5686719230281765,54903.51730598618,-1.9000000000000001,114.10000000000001,-1.9000000000000001_114.10000000000001
160,2021,8,64.44999694824219,4027.996907657239,-0.1864512413740158,115.6529541015625,2021-09-19,25.000204004858393,59.609563856960925,41.726694699872645,1460434.3144955426,-0.2,115.7,-0.2_115.7
161,2021,36,251.0700225830078,31026.05813462837,-0.4086800217628479,114.70669555664062,2021-09-19,192.56662818131187,459.1487620286153,321.4041334200307,11249144.669701073,-0.4,114.7,-0.4_114.7
162,2021,7,61.500003814697266,3126.218807971873,-1.3143128156661987,115.06824493408203,2021-09-19,19.40321945494719,46.26432043936645,32.38502430755651,1133475.8507644779,-1.3,115.10000000000001,-1.3_115.10000000000001
164,2021,5,20.75,359.3885893576532,1.5540759563446045,117.02386474609375,2021-09-25,2.23058464466035,5.318523712382433,3.722966598667703,130303.8309533696,1.6,117.0,1.6_117.0
165,2021,6,47.91999816894531,407.20968180515456,-0.23821665346622467,117.17899322509766,2021-09-25,2.5273914929104087,6.026219008409094,4.218353305886366,147642.3657060228,-0.2,117.2,-0.2_117.2
169,2021,4,22.760000228881836,581.2939415817901,0.7335099577903748,114.25536346435547,2021-09-28,3.607864519137716,8.602459019894765,6.021721313926335,210760.24598742172,0.7000000000000001,114.30000000000001,0.7000000000000001_114.30000000000001
170,2021,8,64.34000396728516,1076.973303099666,0.5233349800109863,116.22599792480469,2021-09-28,6.6843527695103635,15.937924073705515,11.15654685159386,390479.13980578515,0.5,116.2,0.5_116.2
171,2021,3,15.820000648498535,147.62803668607833,0.5827533602714539,116.1462631225586,2021-09-28,0.9162695797935153,2.1847193733410366,1.5293035613387256,53525.624646855395,0.6000000000000001,116.10000000000001,0.6000000000000001_116.10000000000001
172,2021,3,32.96999740600586,762.5813997841511,1.780086636543274,117.05813598632812,2021-09-28,4.733044985380252,11.285297801532515,7.89970846107276,276489.7961375466,1.8,117.10000000000001,1.8_117.10000000000001
173,2021,15,109.18000030517578,9890.628316230655,-0.5569785833358765,115.83830261230469,2021-09-30,61.38726799217211,146.36953645148802,102.45867551604161,3586053.6430614563,-0.6000000000000001,115.80000000000001,-0.6000000000000001_115.80000000000001
174,2021,3,11.720000267028809,527.9283362035734,0.6216800212860107,116.05437469482422,2021-09-30,3.276645044077554,7.8127115264170754,5.468898068491953,191411.43239721836,0.6000000000000001,116.10000000000001,0.6000000000000001_116.10000000000001
175,2021,3,13.829998970031738,475.92909592194565,2.195936679840088,117.37899017333984,2021-10-05,2.953906063651066,7.043184611391721,4.930229227974205,172558.02297909715,2.2,117.4,2.2_117.4
176,2021,3,11.300000190734863,428.40260727540254,0.00037333337240852416,114.33051300048828,2021-10-05,2.6589277061604126,6.339849101255744,4.437894370879021,155326.30298076573,0.0,114.30000000000001,0.0_114.30000000000001
177,2021,3,20.610000610351562,1467.204967412677,-2.2575533390045166,115.37319946289062,2021-10-05,9.106368337207236,21.712888614679787,15.19902203027585,531965.7710596548,-2.3000000000000003,115.4,-2.3000000000000003_115.4
178,2021,11,82.33000183105469,4683.303546805733,1.957234501838684,117.74195098876953,2021-10-06,29.067436438256422,69.30732277975319,48.51512594582723,1698029.408103953,2.0,117.7,2.0_117.7
179,2021,4,32.22999954223633,1195.3564691584882,-0.9150799512863159,116.17705535888672,2021-10-07,7.419110856485396,17.689854141813964,12.382897899269773,433401.42647444207,-0.9,116.2,-0.9_116.2
180,2021,3,17.880001068115234,685.3198083217604,-0.3729633390903473,115.69876098632812,2021-10-08,4.253512455296155,10.141918132791291,7.099342692953903,248476.9942533866,-0.4,115.7,-0.4_115.7
181,2021,3,21.520000457763672,181.45614113325198,-0.22302000224590302,117.25838470458984,2021-10-08,1.1262274153294118,2.6853350884053673,1.8797345618837569,65790.70966593148,-0.2,117.30000000000001,-0.2_117.30000000000001
182,2021,3,13.569999694824219,142.99709220664988,-0.46457669138908386,115.94730377197266,2021-10-09,0.8875271156419674,2.116186902489393,1.4813308317425748,51846.57911099012,-0.5,115.9,-0.5_115.9
183,2021,6,38.4900016784668,3547.79382105911,-0.697481632232666,114.87793731689453,2021-10-09,22.019770949933747,52.50312926649111,36.752190486543775,1286326.667029032,-0.7000000000000001,114.9,-0.7000000000000001_114.9
184,2021,3,257.5,175.9288882082005,-0.5403366684913635,115.94857025146484,2021-10-09,1.091921914634997,2.603538318511356,1.8224768229579489,63786.68880352821,-0.5,115.9,-0.5_115.9
185,2021,4,22.5,209.72743163738227,-1.100849986076355,115.60496520996094,2021-10-09,1.3016962764748279,3.103716565665442,2.1726015959658094,76041.05585880333,-1.1,115.60000000000001,-1.1_115.60000000000001
186,2021,4,20.350000381469727,848.6559297680158,1.412257432937622,118.17691040039062,2021-10-11,5.267275983703062,12.5590984794271,8.79136893559897,307697.9127459639,1.4000000000000001,118.2,1.4000000000000001_118.2
187,2021,6,71.56999969482422,1420.184438414455,-0.6931633353233337,114.96524810791016,2021-10-13,8.814530273693027,21.01704070561627,14.711928493931389,514917.4972875986,-0.7000000000000001,115.0,-0.7000000000000001_115.0
192,2021,22,138.63999938964844,17073.35697264751,-0.5497462749481201,114.18952941894531,2021-10-14,105.96766014207698,252.6653783618855,176.86576485331983,6190301.769866194,-0.5,114.2,-0.5_114.2
188,2021,5,75.70999908447266,3161.4750491399204,-0.6991280317306519,113.96124267578125,2021-10-14,19.622041177468898,46.78607087945938,32.75024961562156,1146258.7365467546,-0.7000000000000001,114.0,-0.7000000000000001_114.0
189,2021,3,24.540000915527344,277.22603479721,-0.9360167384147644,113.69109344482422,2021-10-14,1.7206337502923397,4.102615618359005,2.8718309328513034,100514.08264979561,-0.9,113.7,-0.9_113.7
190,2021,3,18.93000030517578,124.31784768886303,-0.8860399723052979,113.62259674072266,2021-10-14,0.7715923385537418,1.839756298293519,1.2878294088054631,45074.02930819121,-0.9,113.60000000000001,-0.9_113.60000000000001
191,2021,6,43.160003662109375,427.8194448628541,-0.3784550130367279,114.06140899658203,2021-10-14,2.6553082447715615,6.33121899108766,4.431853293761361,155114.86528164765,-0.4,114.10000000000001,-0.4_114.10000000000001
193,2021,4,22.020000457763672,643.4554907538284,0.8004750609397888,113.75770568847656,2021-10-14,3.9936769827979375,9.522376020767881,6.665663214537516,233298.21250881307,0.8,113.80000000000001,0.8_113.80000000000001
194,2021,5,15.379999160766602,2056.3818006945507,-0.24494199454784393,114.48475646972656,2021-10-14,12.763158887116141,30.43200505684823,21.302403539793758,745584.1238927816,-0.2,114.5,-0.2_114.5
196,2021,3,27.31999969482422,200.56669550547167,0.26140666007995605,114.47599029541016,2021-10-15,1.2448391642717194,2.968148565502925,2.0777039958520476,72719.63985482167,0.30000000000000004,114.5,0.30000000000000004_114.5
197,2021,7,44.939998626708984,515.382370249575,-1.0844756364822388,115.17236328125,2021-10-15,3.198777132190205,7.627046150840337,5.338932305588235,186862.63069558825,-1.1,115.2,-1.1_115.2
198,2021,4,71.93000030517578,181.5512792487344,-1.4713549613952637,115.0230712890625,2021-10-15,1.1268179004638907,2.6867430193695894,1.8807201135587124,65825.20397455493,-1.5,115.0,-1.5_115.0
199,2021,12,84.79999542236328,2550.1723291783246,-0.5533616542816162,115.66075897216797,2021-10-16,15.827923888373602,37.73951762808696,26.41766233966087,924618.1818881304,-0.6000000000000001,115.7,-0.6000000000000001_115.7
200,2021,4,26.970001220703125,384.2973801993735,-0.9842925071716309,114.08213806152344,2021-10-16,2.385183783347262,5.687144193559217,3.9810009354914513,139335.0327422008,-1.0,114.10000000000001,-1.0_114.10000000000001
201,2021,3,24.229999542236328,195.2011709926961,-0.7221766114234924,115.50284576416016,2021-10-16,1.2115374486826485,2.888745183771828,2.0221216286402797,70774.2570024098,-0.7000000000000001,115.5,-0.7000000000000001_115.5
202,2021,4,23.509998321533203,571.5108253137788,-1.7941899299621582,115.45574951171875,2021-10-16,3.547144536448905,8.457680533896056,5.920376373727239,207213.17308045336,-1.8,115.5,-1.8_115.5
209,2021,3,32.77000045776367,1206.4434636631886,-1.0473966598510742,115.06573486328125,2021-10-19,7.487923502267557,17.853928475052243,12.49774993253657,437421.2476387799,-1.0,115.10000000000001,-1.0_115.10000000000001
203,2021,3,19.299999237060547,400.9457305556214,-0.7247300148010254,115.8680419921875,2021-10-19,2.488513593372522,5.933519979446059,4.153463985612241,145371.23949642843,-0.7000000000000001,115.9,-0.7000000000000001_115.9
204,2021,4,37.15999984741211,1126.3878906245243,-0.2503874897956848,114.93681335449219,2021-10-23,6.991049819497898,16.669201201780975,11.668440841246682,408395.4294436339,-0.30000000000000004,114.9,-0.30000000000000004_114.9
205,2021,3,28.549999237060547,148.66231645790006,-1.0576099157333374,115.52825164794922,2021-10-24,0.9226889504848104,2.20002548392597,1.5400178387481789,53900.62435618626,-1.1,115.5,-1.1_115.5
206,2021,6,75.55999755859375,2150.7682554006637,-0.424783319234848,116.63738250732422,2021-10-25,13.348978756655363,31.828812335508378,22.280168634855862,779805.9022199551,-0.4,116.60000000000001,-0.4_116.60000000000001
207,2021,3,87.90999603271484,618.4597779262781,-1.2021766901016235,115.18572998046875,2021-10-26,3.838538353285169,9.152469197574533,6.4067284383021725,224235.49534057605,-1.2000000000000002,115.2,-1.2000000000000002_115.2
208,2021,5,22.700000762939453,173.5946594062583,0.784898042678833,114.22310638427734,2021-10-27,1.0774342679012976,2.568994508271179,1.7982961557898252,62940.365452643884,0.8,114.2,0.8_114.2
210,2021,4,41.689998626708984,204.7994860675239,-0.4442625045776367,116.69725036621094,2021-11-03,1.2711104425241875,3.0307888318899576,2.1215521823229704,74254.32638130397,-0.4,116.7,-0.4_116.7
211,2021,3,3.070000171661377,404.645251366422,-0.44770336151123047,117.40522003173828,2021-11-25,2.5114750745033567,5.988268487716347,4.191787941401443,146712.5779490505,-0.4,117.4,-0.4_117.4
0,2022,4,5.099999904632568,150.2562638093403,-0.08581500500440598,117.43888854980469,2022-01-01,0.9325819593109236,2.2236140090933274,1.556529806365329,77826.49031826646,-0.1,117.4,-0.1_117.4
1,2022,53,91.62001037597656,4065.715764132361,-1.8881860971450806,115.85888671875,2022-01-01,25.234310219020433,60.16775807488377,42.11743065241864,2105871.532620932,-1.9000000000000001,115.9,-1.9000000000000001_115.9
2,2022,76,168.7100067138672,22253.132217636416,-0.9260901212692261,117.10395050048828,2022-01-01,138.116502555006,329.3198918357935,230.52392428505544,11526196.214252772,-0.9,117.10000000000001,-0.9_117.10000000000001
3,2022,5,20.28999900817871,287.0564214448254,1.1458820104599,117.83781433105469,2022-01-05,1.7816471217698169,4.248093649758603,2.973665554831022,148683.2777415511,1.1,117.80000000000001,1.1_117.80000000000001
4,2022,16,46.15999984741211,1109.4245345606814,-0.7155324816703796,117.10104370117188,2022-01-05,6.8857648920450165,16.418163706048606,11.492714594234023,574635.7297117012,-0.7000000000000001,117.10000000000001,-0.7000000000000001_117.10000000000001
5,2022,9,62.90999984741211,1647.8175021848565,1.4188355207443237,117.23837280273438,2022-01-05,10.227359817254147,24.38573933221712,17.070017532551983,853500.8766275991,1.4000000000000001,117.2,1.4000000000000001_117.2
6,2022,7,49.679996490478516,5557.491885311421,-2.3061115741729736,116.2534408569336,2022-01-05,34.49318211342419,82.24427054356703,57.57098938049691,2878549.4690248454,-2.3000000000000003,116.30000000000001,-2.3000000000000003_116.30000000000001
7,2022,20,46.79000473022461,7362.045330796855,-0.7040104866027832,116.23728942871094,2022-01-06,45.69334073048858,108.94951543525856,76.26466080468099,3813233.0402340493,-0.7000000000000001,116.2,-0.7000000000000001_116.2
8,2022,85,662.8099975585938,79569.18917613433,2.055050849914551,117.17855072021484,2022-01-09,493.8548880519158,1177.5293705476188,824.2705593833331,41213527.96916665,2.1,117.2,2.1_117.2
9,2022,32,49.90999984741211,260.68474902798533,1.1639304161071777,117.67897033691406,2022-01-09,1.6179684483535162,3.8578242610313933,2.700476982721975,135023.84913609875,1.2000000000000002,117.7,1.2000000000000002_117.7
56,2022,19,150.21998596191406,8292.431623532088,0.8541284799575806,117.17243957519531,2022-01-11,51.467885164097176,122.71812608712192,85.90268826098534,4295134.413049268,0.9,117.2,0.9_117.2
10,2022,30,25.270002365112305,460.93776456593395,-1.290584921836853,114.76549530029297,2022-01-12,2.8608607235485817,6.82133073606519,4.774931515245632,238746.57576228163,-1.3,114.80000000000001,-1.3_114.80000000000001
11,2022,56,645.7300415039062,31823.679680648995,0.743464469909668,116.6323013305664,2022-01-13,197.51715367235155,470.9526123222487,329.66682862557406,16483341.431278702,0.7000000000000001,116.60000000000001,0.7000000000000001_116.60000000000001
12,2022,4,7.560000419616699,143.16861544560163,-1.2443499565124512,116.81683349609375,2022-01-13,0.8885916934119295,2.118725242438416,1.483107669706891,74155.38348534454,-1.2000000000000002,116.80000000000001,-1.2000000000000002_116.80000000000001
13,2022,36,35.62000274658203,950.0817097200205,-2.212784767150879,115.51433563232422,2022-01-16,5.8967861964173975,14.060079400067263,9.842055580047083,492102.77900235413,-2.2,115.5,-2.2_115.5
14,2022,45,298.7900085449219,16042.90439308134,0.759605348110199,117.06707000732422,2022-01-17,99.57204333871894,237.41590567076923,166.19113396953844,8309556.698476922,0.8,117.10000000000001,0.8_117.10000000000001
15,2022,45,318.08001708984375,10386.59622974119,1.0243109464645386,117.04641723632812,2022-01-17,64.46554717209308,153.70927173162383,107.59649021213667,5379824.510606834,1.0,117.0,1.0_117.0
16,2022,12,33.69000244140625,3272.0871522547814,-0.8788366317749023,114.68933868408203,2022-01-21,20.308567311096525,48.422998457890166,33.896098920523116,1694804.9460261557,-0.9,114.7,-0.9_114.7
17,2022,9,18.780000686645508,439.4828650454579,-0.24103887379169464,117.33045959472656,2022-01-23,2.7276985396611053,6.503823738833074,4.552676617183152,227633.83085915758,-0.2,117.30000000000001,-0.2_117.30000000000001
18,2022,3,9.550000190734863,764.4731450144559,-2.076169967651367,116.0423583984375,2022-01-26,4.744786309360151,11.313293381144948,7.9193053668014635,395965.2683400732,-2.1,116.0,-2.1_116.0
19,2022,17,113.18000030517578,7264.475788968226,2.2054736614227295,117.87545013427734,2022-01-27,45.08776468207125,107.5056022527356,75.25392157691492,3762696.078845746,2.2,117.9,2.2_117.9
20,2022,3,17.020000457763672,1330.5469842337598,-2.4690067768096924,115.67867279052734,2022-01-31,8.258185596085786,19.69051298688788,13.783359090821516,689167.9545410759,-2.5,115.7,-2.5_115.7
21,2022,3,15.90000057220459,169.5297858835034,-0.27524334192276,116.86945343017578,2022-01-31,1.0522051851456393,2.508839214367029,1.7561874500569201,87809.372502846,-0.30000000000000004,116.9,-0.30000000000000004_116.9
97,2022,7,39.65999984741211,1338.7193473500931,2.212214231491089,116.92438507080078,2022-01-31,8.308908262908524,19.81145424186235,13.868017969303644,693400.8984651822,2.2,116.9,2.2_116.9
22,2022,84,490.97003173828125,68764.72210095571,2.0880839824676514,117.53961944580078,2022-01-31,426.79577970708226,1017.6361072648316,712.3452750853821,35617263.75426911,2.1,117.5,2.1_117.5
23,2022,11,69.65999603271484,3418.7445135580456,-1.982514500617981,114.2503433227539,2022-02-01,21.218812287805882,50.59335298996078,35.41534709297254,1770767.3546486269,-2.0,114.30000000000001,-2.0_114.30000000000001
24,2022,12,49.5099983215332,5144.7747535485,0.835308313369751,117.28314208984375,2022-02-02,31.93160802910489,76.13654782562865,53.295583477940056,2664779.173897003,0.8,117.30000000000001,0.8_117.30000000000001
25,2022,20,187.42999267578125,7569.504998460938,0.8111245036125183,116.81553649902344,2022-02-03,46.98096188146876,112.01967179110312,78.41377025377219,3920688.5126886093,0.8,116.80000000000001,0.8_116.80000000000001
26,2022,27,168.9099884033203,13777.080665642312,1.240074872970581,117.05050659179688,2022-02-04,85.50896019251792,203.88440918112812,142.7190864267897,7135954.321339484,1.2000000000000002,117.10000000000001,1.2000000000000002_117.10000000000001
27,2022,16,73.30999755859375,12356.742147545985,0.5640875101089478,117.27232360839844,2022-02-04,76.69347360640258,182.8650882794625,128.00556179562375,6400278.0897811875,0.6000000000000001,117.30000000000001,0.6000000000000001_117.30000000000001
28,2022,3,41.480003356933594,203.94783168862318,-0.26524999737739563,117.23189544677734,2022-02-04,1.2658245563375141,3.018185359929333,2.112729751950533,105636.48759752663,-0.30000000000000004,117.2,-0.30000000000000004_117.2
29,2022,3,8.100000381469727,339.8897081411438,0.373879998922348,116.79739379882812,2022-02-05,2.1095627026244603,5.0299634598149,3.52097442187043,176048.7210935215,0.4,116.80000000000001,0.4_116.80000000000001
30,2022,116,138.01998901367188,4543.201723490583,0.6661887168884277,117.55443572998047,2022-02-06,28.197879126116245,67.23398241360121,47.063787689520844,2353189.3844760424,0.7000000000000001,117.60000000000001,0.7000000000000001_117.60000000000001
31,2022,8,47.26000213623047,641.5736338883983,1.3149962425231934,116.6641616821289,2022-02-14,3.981997032037732,9.494526777195654,6.646168744036958,332308.4372018479,1.3,116.7,1.3_116.7
32,2022,19,118.02000427246094,9552.849759599378,0.8614004850387573,116.9233169555664,2022-02-15,59.29080838263382,141.37081552328974,98.95957086630281,4947978.5433151405,0.9,116.9,0.9_116.9
33,2022,9,8.139999389648438,149.63748014638355,-0.6945222020149231,116.93827056884766,2022-02-24,0.9287414107297207,2.2144567467824885,1.550119722747742,77505.9861373871,-0.7000000000000001,116.9,-0.7000000000000001_116.9
34,2022,5,13.489999771118164,1584.3966853996728,-0.18470799922943115,116.87386322021484,2022-02-25,9.833731571221923,23.4471866682788,16.41303066779516,820651.533389758,-0.2,116.9,-0.2_116.9
35,2022,13,16.290000915527344,465.9412353260651,-0.1424538493156433,117.36605072021484,2022-02-25,2.8919153128651303,6.895376152836859,4.826763306985801,241338.16534929004,-0.1,117.4,-0.1_117.4
36,2022,6,44.630001068115234,640.9813560922179,-1.2893000841140747,116.10523223876953,2022-02-26,3.9783209950219365,9.485761770190472,6.64003323913333,332001.6619566665,-1.3,116.10000000000001,-1.3_116.10000000000001
37,2022,48,422.52001953125,33819.192728822905,-1.028687834739685,115.3552474975586,2022-02-26,209.90252397982792,500.4838322311801,350.33868256182603,17516934.1280913,-1.0,115.4,-1.0_115.4
38,2022,32,28.450000762939453,1536.2848022099367,1.0442637205123901,117.64552307128906,2022-03-01,9.535119898379081,22.7351880150958,15.91463161056706,795731.580528353,1.0,117.60000000000001,1.0_117.60000000000001
39,2022,13,79.22000122070312,3143.22672709762,-0.8526837825775146,116.92498016357422,2022-03-02,19.508780967924892,46.51601741541748,32.56121219079223,1628060.6095396117,-0.9,116.9,-0.9_116.9
163,2022,3,16.06999969482422,1254.7483038614898,0.5412499904632568,116.00677490234375,2022-03-02,7.787732783919165,18.568782662483997,12.998147863738797,649907.3931869399,0.5,116.0,0.5_116.0
40,2022,10,144.44000244140625,3530.17554255416,-1.0386121273040771,115.01004791259766,2022-03-04,21.910421174614694,52.24239969751004,36.56967978825703,1828483.9894128514,-1.0,115.0,-1.0_115.0
41,2022,16,73.77999877929688,1395.1600466996615,-0.5971456170082092,115.12655639648438,2022-03-04,8.659213645525307,20.64670946899867,14.452696628299067,722634.8314149533,-0.6000000000000001,115.10000000000001,-0.6000000000000001_115.10000000000001
42,2022,3,11.079999923706055,1015.2656296121253,0.20396000146865845,117.47351837158203,2022-03-04,6.301357335000217,15.024723893182173,10.51730672522752,525865.336261376,0.2,117.5,0.2_117.5
43,2022,4,28.639999389648438,506.19407843122633,-1.206162452697754,113.51698303222656,2022-03-10,3.141748992600969,7.491070359289691,5.243749251502783,262187.4625751392,-1.2000000000000002,113.5,-1.2000000000000002_113.5
44,2022,32,204.47000122070312,16503.171214521004,1.5541752576828003,118.16011047363281,2022-03-10,102.4287397802641,244.22730724649824,170.95911507254877,8547955.753627438,1.6,118.2,1.6_118.2
45,2022,8,7.229999542236328,139.98722264575298,-1.5592824220657349,113.66366577148438,2022-03-12,0.8688460305330413,2.0716444125360534,1.4501510887752374,72507.55443876187,-1.6,113.7,-1.6_113.7
46,2022,12,18.759998321533203,584.8117102761433,0.10319999605417252,117.47241973876953,2022-03-14,3.629697935850016,8.654517812993996,6.058162469095797,302908.12345478986,0.1,117.5,0.1_117.5
47,2022,20,48.579994201660156,647.5146846670324,-2.1679389476776123,115.5738296508789,2022-03-14,4.018870814434815,9.582447263205268,6.707713084243687,335385.6542121843,-2.2,115.60000000000001,-2.2_115.60000000000001
48,2022,24,165.010009765625,7616.030882605538,2.1954753398895264,117.2589111328125,2022-03-15,47.26972987751916,112.70819954459938,78.89573968121957,3944786.9840609785,2.2,117.30000000000001,2.2_117.30000000000001
49,2022,5,86.11000061035156,341.04318012423136,1.4946659803390503,117.25528717041016,2022-03-16,2.1167218528304246,5.047033473374832,3.532923431362382,176646.1715681191,1.5,117.30000000000001,1.5_117.30000000000001
50,2022,59,536.5798950195312,35368.45781867172,1.7230616807937622,117.93856048583984,2022-03-16,219.518207455204,523.411113066263,366.3877791463841,18319388.957319204,1.7000000000000002,117.9,1.7000000000000002_117.9
51,2022,4,23.780000686645508,186.85506302424955,1.3946324586868286,117.03932189941406,2022-03-16,1.1597364154045233,2.7652327116156457,1.9356628981309518,96783.14490654759,1.4000000000000001,117.0,1.4000000000000001_117.0
52,2022,4,12.309999465942383,385.742555380722,-0.4869149923324585,116.45228576660156,2022-03-19,2.39415342140428,5.708531067539514,3.9959717472776597,199798.58736388298,-0.5,116.5,-0.5_116.5
206,2022,3,8.020000457763672,632.785658215711,-1.8924099206924438,116.03191375732422,2022-03-21,3.9274534984542626,9.364475188516767,6.555132631961737,327756.63159808685,-1.9000000000000001,116.0,-1.9000000000000001_116.0
53,2022,3,26.850000381469727,121.6034798077133,-0.6456500291824341,114.5709457397461,2022-03-24,0.7547453169872712,1.7995868817691192,1.2597108172383833,62985.540861919166,-0.6000000000000001,114.60000000000001,-0.6000000000000001_114.60000000000001
54,2022,7,24.029998779296875,2678.820527178836,0.3054957091808319,116.36202239990234,2022-03-29,16.626393020451665,39.643357961036635,27.750350572725644,1387517.5286362823,0.30000000000000004,116.4,0.30000000000000004_116.4
55,2022,4,16.260000228881836,482.04290968198154,-2.488722562789917,115.45886993408203,2022-03-30,2.9918521184154194,7.133661784064227,4.993563248844959,249678.16244224794,-2.5,115.5,-2.5_115.5
57,2022,8,35.400001525878906,4738.850801221911,0.45661500096321106,116.7697525024414,2022-03-31,29.412196557032658,70.1293560844227,49.09054925909589,2454527.4629547945,0.5,116.80000000000001,0.5_116.80000000000001
58,2022,16,59.54999923706055,14185.925156536203,-0.14396438002586365,116.74761199951172,2022-04-02,88.04649830710265,209.93482141982088,146.9543749938746,7347718.749693731,-0.1,116.7,-0.1_116.7
59,2022,21,183.7899932861328,18468.135742807644,-1.880399227142334,115.2893295288086,2022-04-04,114.62450735299744,273.3064453915399,191.3145117740779,9565725.588703895,-1.9000000000000001,115.30000000000001,-1.9000000000000001_115.30000000000001
60,2022,5,31.05000114440918,2323.8996652139913,-1.9936997890472412,115.89967346191406,2022-04-09,14.423537815217145,34.39095130073308,24.073665910513153,1203683.2955256577,-2.0,115.9,-2.0_115.9
61,2022,12,37.90999984741211,5501.498549372256,1.4695124626159668,118.29390716552734,2022-04-12,34.14565334081501,81.41563576286875,56.99094503400812,2849547.251700406,1.5,118.30000000000001,1.5_118.30000000000001
62,2022,3,7.909999847412109,328.67131007710003,0.9120533466339111,118.10956573486328,2022-04-12,2.039934486258246,4.863944510172666,3.404761157120866,170238.05785604328,0.9,118.10000000000001,0.9_118.10000000000001
63,2022,5,21.969999313354492,3674.69343139528,-0.7182880640029907,114.55423736572266,2022-04-14,22.807387281145502,54.38109258155159,38.06676480708611,1903338.2403543054,-0.7000000000000001,114.60000000000001,-0.7000000000000001_114.60000000000001
64,2022,7,22.869998931884766,946.5375075638735,-0.9381271004676819,115.80143737792969,2022-04-14,5.874788717529145,14.00762942317001,9.805340596219008,490267.0298109504,-0.9,115.80000000000001,-0.9_115.80000000000001
81,2022,32,214.02000427246094,27019.565713907432,-0.907752513885498,115.08216857910156,2022-04-15,167.6998941300687,399.8574390036679,279.9002073025675,13995010.365128374,-0.9,115.10000000000001,-0.9_115.10000000000001
65,2022,11,73.17999267578125,3481.6983160509944,0.9541217684745789,117.90090942382812,2022-04-18,21.60954195848,51.52499439778017,36.06749607844612,1803374.803922306,1.0,117.9,1.0_117.9
66,2022,4,9.479999542236328,1049.034721536401,-2.4867050647735596,115.3291015625,2022-04-20,6.510948902848946,15.524466293089446,10.867126405162612,543356.3202581306,-2.5,115.30000000000001,-2.5_115.30000000000001
67,2022,8,25.139999389648438,215.56873283283463,-0.8459262847900391,117.26713562011719,2022-04-23,1.3379509521580495,3.1901608764731626,2.2331126135312136,111655.63067656069,-0.8,117.30000000000001,-0.8_117.30000000000001
150,2022,3,33.980003356933594,617.4974990737162,1.217936635017395,118.7359390258789,2022-04-24,3.8325658641857174,9.138228614966105,6.396760030476273,319838.00152381364,1.2000000000000002,118.7,1.2000000000000002_118.7
68,2022,16,74.50999450683594,8065.905205552933,-0.5950281620025635,114.3765869140625,2022-04-26,50.06192413885336,119.36580450213073,83.5560631514915,4177803.157574575,-0.6000000000000001,114.4,-0.6000000000000001_114.4
69,2022,6,7.7699995040893555,137.94034938311194,2.3271117210388184,117.5519027709961,2022-04-29,0.8561418874288503,2.0413531225341766,1.4289471857739235,71447.35928869617,2.3000000000000003,117.60000000000001,2.3000000000000003_117.60000000000001
70,2022,8,36.08000183105469,1698.3157064634477,0.6800450086593628,116.84031677246094,2022-05-01,10.540782453315222,25.1330526995348,17.59313688967436,879656.8444837179,0.7000000000000001,116.80000000000001,0.7000000000000001_116.80000000000001
71,2022,3,21.270000457763672,132.8114457022046,-1.888100028038025,116.3447494506836,2022-05-03,0.8243087849504946,1.9654514477086444,1.375816013396051,68790.80066980256,-1.9000000000000001,116.30000000000001,-1.9000000000000001_116.30000000000001
72,2022,5,36.22999954223633,776.4889210392885,-0.3522639870643616,116.12274169921875,2022-05-06,4.819363539378984,11.491112576309074,8.043778803416352,402188.9401708176,-0.4,116.10000000000001,-0.4_116.10000000000001
73,2022,4,17.299999237060547,1061.323662220344,-1.0328375101089478,114.39066314697266,2022-05-06,6.587221559245016,15.706328000341836,10.994429600239284,549721.4800119642,-1.0,114.4,-1.0_114.4
74,2022,10,91.55999755859375,4957.653516061645,-1.9996669292449951,115.24959564208984,2022-05-06,30.770219572743393,73.36737604851979,51.357163233963846,2567858.1616981924,-2.0,115.2,-2.0_115.2
127,2022,8,35.84000015258789,4844.543850422893,-0.10402125120162964,115.66433715820312,2022-05-16,30.068192043746407,71.69348751501191,50.185441260508334,2509272.063025417,-0.1,115.7,-0.1_115.7
160,2022,5,39.529998779296875,1918.1576845780905,-0.8155840039253235,115.7788314819336,2022-05-21,11.905255770375021,28.386452524135795,19.870516766895054,993525.8383447527,-0.8,115.80000000000001,-0.8_115.80000000000001
75,2022,10,56.18000030517578,3761.359464956578,-0.43379101157188416,116.5331802368164,2022-05-22,23.345289511210648,55.66364680893465,38.96455276625425,1948227.6383127125,-0.4,116.5,-0.4_116.5
76,2022,7,28.520000457763672,2682.472564811019,0.3160642981529236,117.47676849365234,2022-05-25,16.649059792033448,39.69740377473371,27.788182642313593,1389409.1321156796,0.30000000000000004,117.5,0.30000000000000004_117.5
92,2022,5,74.61000061035156,1644.445565424817,0.36138400435447693,116.2674560546875,2022-05-28,10.206431522415535,24.33583867831217,17.03508707481852,851754.353740926,0.4,116.30000000000001,0.4_116.30000000000001
77,2022,28,218.3400115966797,22729.5144589121,-0.5872471928596497,116.04039764404297,2022-05-28,141.07322111492928,336.36978245950826,235.45884772165576,11772942.386082787,-0.6000000000000001,116.0,-0.6000000000000001_116.0
78,2022,15,55.470001220703125,3356.0355970697046,2.2766923904418945,117.13523864746094,2022-05-28,20.829602528942395,49.66533560377398,34.765734922641784,1738286.7461320893,2.3000000000000003,117.10000000000001,2.3000000000000003_117.10000000000001
79,2022,7,42.84000015258789,1794.4094640224785,-0.08197285979986191,115.54951477050781,2022-05-29,11.137198885016614,26.555126029973863,18.588588220981702,929429.4110490851,-0.1,115.5,-0.1_115.5
80,2022,3,3.0,115.00754732397161,-0.6187732815742493,117.2561264038086,2022-05-31,0.7138069395564595,1.7019749253551593,1.1913824477486115,59569.12238743057,-0.6000000000000001,117.30000000000001,-0.6000000000000001_117.30000000000001
82,2022,4,29.209999084472656,622.9477453650127,-1.6564226150512695,114.28466796875,2022-05-31,3.8663934147729853,9.21888577826223,6.453220044783561,322661.00223917805,-1.7000000000000002,114.30000000000001,-1.7000000000000002_114.30000000000001
83,2022,11,60.349998474121094,2935.786866407748,-0.6342654228210449,116.98799133300781,2022-05-31,18.22128275109967,43.44615417923542,30.41230792546479,1520615.3962732395,-0.6000000000000001,117.0,-0.6000000000000001_117.0
84,2022,4,20.459999084472656,1787.2131500458981,-0.4216575026512146,117.2921371459961,2022-06-01,11.092534174089078,26.44862914148166,18.51404039903716,925702.019951858,-0.4,117.30000000000001,-0.4_117.30000000000001
85,2022,5,11.210000038146973,151.66258934503486,-0.6901359558105469,117.49739837646484,2022-06-01,0.9413104727868821,2.244425954520668,1.5710981681644676,78554.90840822337,-0.7000000000000001,117.5,-0.7000000000000001_117.5
86,2022,4,11.300000190734863,805.0905821245586,1.0810325145721436,117.83370208740234,2022-06-01,4.996882881722636,11.91438314527016,8.34006820168911,417003.4100844555,1.1,117.80000000000001,1.1_117.80000000000001
158,2022,6,28.6200008392334,2865.166441113181,0.8584383130073547,117.70600128173828,2022-06-03,17.782969346261208,42.401055871637496,29.680739110146245,1484036.9555073122,0.9,117.7,0.9_117.7
87,2022,3,4.110000133514404,124.1668357805646,-1.4866867065429688,113.75980377197266,2022-06-05,0.7706550666041415,1.8375215016446524,1.2862650511512566,64313.252557562824,-1.5,113.80000000000001,-1.5_113.80000000000001
88,2022,4,26.479999542236328,2000.5878220385327,-1.115572452545166,114.16999053955078,2022-06-08,12.41686744732096,29.606320526850862,20.724424368795603,1036221.2184397802,-1.1,114.2,-1.1_114.2
89,2022,10,64.0999984741211,4081.3046113443716,-2.206099033355713,115.65495300292969,2022-06-08,25.331064106730715,60.398454474271325,42.278918131989926,2113945.9065994965,-2.2,115.7,-2.2_115.7
90,2022,3,40.26000213623047,97.69455836032422,0.5969933867454529,115.97362518310547,2022-06-09,0.6063519772146965,1.4457632785136425,1.0120342949595498,50601.71474797749,0.6000000000000001,116.0,0.6000000000000001_116.0
91,2022,7,20.690000534057617,1456.8264643474413,-2.0661399364471436,115.57292175292969,2022-06-13,9.041953021147112,21.559299112157884,15.091509378510517,754575.4689255259,-2.1,115.60000000000001,-2.1_115.60000000000001
93,2022,3,15.109999656677246,154.24615104388383,0.4446466863155365,117.57762908935547,2022-06-14,0.9573456314553452,2.2826595951109008,1.5978617165776305,79893.08582888152,0.4,117.60000000000001,0.4_117.60000000000001
94,2022,4,56.689998626708984,2071.7272650441,-0.932004988193512,114.05811309814453,2022-06-17,12.85840219243217,30.65909967931933,21.46136977552353,1073068.4887761765,-0.9,114.10000000000001,-0.9_114.10000000000001
95,2022,10,11.280000686645508,562.0885814633633,0.7645189762115479,117.62159729003906,2022-06-17,3.488664347947242,8.318242530502982,5.822769771352087,291138.48856760433,0.8,117.60000000000001,0.8_117.60000000000001
96,2022,6,24.719999313354492,2259.533106579675,-0.9274849891662598,114.831298828125,2022-06-18,14.024039718808597,33.438402782170115,23.40688194751908,1170344.097375954,-0.9,114.80000000000001,-0.9_114.80000000000001
98,2022,3,86.87000274658203,422.9658207778399,0.578083336353302,116.75801849365234,2022-06-24,2.6251836952572414,6.259391126899549,4.381573788829684,219078.6894414842,0.6000000000000001,116.80000000000001,0.6000000000000001_116.80000000000001
99,2022,7,25.440000534057617,675.2777801132787,-0.8537357449531555,117.18779754638672,2022-06-27,4.191185507289484,9.993308057989857,6.995315640592899,349765.782029645,-0.9,117.2,-0.9_117.2
100,2022,7,57.92000198364258,1007.5152088006163,0.5284871459007263,116.22747802734375,2022-07-02,6.2532534993088635,14.91002688251573,10.437018817761011,521850.94088805054,0.5,116.2,0.5_116.2
101,2022,4,16.56999969482422,2059.1473032263425,-0.3977699875831604,116.70076751708984,2022-07-03,12.78032328149274,30.47293120538922,21.331051843772453,1066552.5921886226,-0.4,116.7,-0.4_116.7
102,2022,8,94.83000183105469,3623.1822994598106,2.3122825622558594,117.93888854980469,2022-07-06,22.487677798633282,53.61878908955671,37.53315236268969,1876657.6181344846,2.3000000000000003,117.9,2.3000000000000003_117.9
103,2022,27,222.3699951171875,11937.219536763874,0.7725259065628052,114.27851867675781,2022-07-10,74.08966057112801,176.65665256559296,123.65965679591507,6182982.839795753,0.8,114.30000000000001,0.8_114.30000000000001
104,2022,4,11.119999885559082,1843.3477392308873,-1.094172477722168,113.53984069824219,2022-07-15,11.440939650440319,27.279354302229876,19.09554801156091,954777.4005780455,-1.1,113.5,-1.1_113.5
105,2022,4,11.329999923706055,1778.1843139251075,-2.2896924018859863,116.06229400634766,2022-07-16,11.036495713752354,26.315013104618977,18.42050917323328,921025.458661664,-2.3000000000000003,116.10000000000001,-2.3000000000000003_116.10000000000001
106,2022,51,615.9700927734375,25252.76098413182,1.76148521900177,114.93446350097656,2022-07-16,156.73402705177708,373.710830211062,261.59758114774337,13079879.057387168,1.8,114.9,1.8_114.9
107,2022,4,45.92000198364258,2267.1397090098526,1.6890249252319336,117.15753173828125,2022-07-19,14.071250929963398,33.55097145183176,23.485680016282227,1174284.0008141114,1.7000000000000002,117.2,1.7000000000000002_117.2
108,2022,8,38.33000183105469,4113.411122230327,0.45421624183654785,115.2452621459961,2022-07-19,25.530336683258074,60.87359265206941,42.611514856448586,2130575.742822429,0.5,115.2,0.5_115.2
109,2022,32,286.1199951171875,8671.755738373287,0.769534707069397,114.49592590332031,2022-07-20,53.82220183126362,128.33167186793605,89.83217030755523,4491608.515377762,0.8,114.5,0.8_114.5
110,2022,8,64.80999755859375,1331.6878982090386,1.59197998046875,117.2610855102539,2022-07-20,8.265266803640774,19.70739715686711,13.795178009806977,689758.9004903488,1.6,117.30000000000001,1.6_117.30000000000001
111,2022,11,204.72998046875,1421.4137512271968,1.392623782157898,115.31572723388672,2022-07-20,8.822160138315294,21.035233073259853,14.724663151281897,736233.1575640949,1.4000000000000001,115.30000000000001,1.4000000000000001_115.30000000000001
112,2022,9,87.28999328613281,2656.5754801313183,1.4225566387176514,115.39231872558594,2022-07-20,16.488326699390594,39.314157720103154,27.519910404072206,1375995.5202036104,1.4000000000000001,115.4,1.4000000000000001_115.4
113,2022,3,15.449999809265137,126.97209865119909,1.6567567586898804,115.14755249023438,2022-07-20,0.7880662378788253,1.8790360559147319,1.3153252391403123,65766.26195701561,1.7000000000000002,115.10000000000001,1.7000000000000002_115.10000000000001
114,2022,23,179.97000122070312,14689.057247443036,-2.129345655441284,115.25008392333984,2022-07-20,91.16924273874564,217.38057800527983,152.16640460369587,7608320.2301847935,-2.1,115.30000000000001,-2.1_115.30000000000001
115,2022,6,46.84000015258789,798.3103866756984,1.699716567993164,115.10363006591797,2022-07-20,4.95480085601599,11.814044316110882,8.269831021277618,413491.5510638809,1.7000000000000002,115.10000000000001,1.7000000000000002_115.10000000000001
116,2022,8,130.8000030517578,1083.0142261767662,1.9172186851501465,115.03180694580078,2022-07-20,6.721846420267161,16.027322550957283,11.219125785670098,560956.289283505,1.9000000000000001,115.0,1.9000000000000001_115.0
117,2022,12,147.11000061035156,3506.0848012147294,1.986899971961975,115.15167236328125,2022-07-21,21.760899349766934,51.88588537608531,36.32011976325972,1816005.988162986,2.0,115.2,2.0_115.2
118,2022,10,66.89999389648438,6242.640073331584,0.8344990015029907,114.66705322265625,2022-07-21,38.74562938852044,92.38364889999758,64.6685542299983,3233427.7114999155,0.8,114.7,0.8_114.7
119,2022,3,13.730000495910645,506.81417065756784,2.1731033325195312,116.59677124023438,2022-07-21,3.1455976629241498,7.500246986782388,5.250172890747671,262508.6445373836,2.2,116.60000000000001,2.2_116.60000000000001
120,2022,73,634.8999633789062,53007.800345757016,0.2741227447986603,115.44449615478516,2022-07-21,328.99871893484004,784.4524045241194,549.1166831668835,27455834.158344176,0.30000000000000004,115.4,0.30000000000000004_115.4
121,2022,6,26.65999984741211,946.4218979852174,-0.09494832903146744,116.3985366821289,2022-07-21,5.8740711740161835,14.005918538896918,9.804142977227842,490207.1488613921,-0.1,116.4,-0.1_116.4
122,2022,10,148.69000244140625,1059.7612765719243,1.5186409950256348,115.37506103515625,2022-07-21,6.57752444158574,15.683206550843794,10.978244585590655,548912.2292795328,1.5,115.4,1.5_115.4
123,2022,14,98.54999542236328,3480.9202467545,0.4737500250339508,117.46683502197266,2022-07-21,21.60471278616726,51.51347989752662,36.059435928268634,1802971.7964134316,0.5,117.5,0.5_117.5
201,2022,4,12.869999885559082,740.5858185336361,0.821179986000061,117.47303771972656,2022-07-21,4.596527001112944,10.959789357712449,7.671852550398714,383592.62751993566,0.8,117.5,0.8_117.5
124,2022,4,27.56999969482422,451.5299226323274,-0.09165500104427338,116.60868835449219,2022-07-23,2.802469922121075,6.68210586391312,4.677474104739184,233873.70523695918,-0.1,116.60000000000001,-0.1_116.60000000000001
125,2022,4,23.53999900817871,666.2516692993656,2.1273999214172363,117.67256927490234,2022-07-26,4.135163961868405,9.859732352427834,6.901812646699483,345090.6323349741,2.1,117.7,2.1_117.7
126,2022,5,23.599998474121094,854.0435818657428,0.7971380352973938,114.10896301269531,2022-08-11,5.300715036571828,12.6388293230998,8.84718052616986,442359.026308493,0.8,114.10000000000001,0.8_114.10000000000001
128,2022,16,170.66000366210938,7615.925383094579,0.4015931189060211,116.06653594970703,2022-08-12,47.26907508324875,112.7066382773046,78.89464679411321,3944732.339705661,0.4,116.10000000000001,0.4_116.10000000000001
129,2022,6,42.34000015258789,2063.0618624327594,1.0639066696166992,116.7638931274414,2022-08-12,12.804619421979709,30.530862026175893,21.371603418323122,1068580.1709161561,1.1,116.80000000000001,1.1_116.80000000000001
130,2022,4,25.600000381469727,539.6737173607435,1.3544225692749023,116.711181640625,2022-08-13,3.349544038733152,7.986529199112333,5.590570439378633,279528.52196893166,1.4000000000000001,116.7,1.4000000000000001_116.7
131,2022,5,27.049999237060547,333.05069640006644,0.6403619647026062,117.06831359863281,2022-08-13,2.067115627157861,4.92875421947927,3.450127953635489,172506.39768177446,0.6000000000000001,117.10000000000001,0.6000000000000001_117.10000000000001
132,2022,34,473.0,14776.453504976234,-0.4859185516834259,114.89056396484375,2022-08-17,91.7116771838758,218.67393867901347,153.07175707530942,7653587.853765471,-0.5,114.9,-0.5_114.9
133,2022,3,34.560001373291016,180.18743447564634,0.6547166705131531,116.74689483642578,2022-08-17,1.1183530484940831,2.666559738707723,1.866591817095406,93329.5908547703,0.7000000000000001,116.7,0.7000000000000001_116.7
134,2022,4,33.029998779296875,395.63179101305093,0.8299450278282166,113.67046356201172,2022-08-20,2.4555320455512715,5.854879993925533,4.098415995747873,204920.79978739363,0.8,113.7,0.8_113.7
135,2022,5,27.589998245239258,905.520148281544,0.91839599609375,114.5663070678711,2022-08-21,5.62020998440017,13.400621286511335,9.380434900557933,469021.74502789666,0.9,114.60000000000001,0.9_114.60000000000001
136,2022,4,61.1099967956543,195.8565680702625,0.8020699620246887,113.730224609375,2022-08-21,1.2156052424319934,2.8984442810756503,2.028910996752955,101445.54983764775,0.8,113.7,0.8_113.7
137,2022,3,18.510000228881836,309.572752885695,0.8473266959190369,114.0582046508789,2022-08-21,1.9213971991327485,4.581308577083277,3.206916003958294,160345.80019791468,0.8,114.10000000000001,0.8_114.10000000000001
159,2022,6,63.46999740600586,3158.2978986669323,-2.4235031604766846,115.5943832397461,2022-08-21,19.602321845056345,46.739052830949284,32.717336981664495,1635866.8490832248,-2.4000000000000004,115.60000000000001,-2.4000000000000004_115.60000000000001
138,2022,5,23.489999771118164,980.1310089598682,2.24468994140625,117.66450500488281,2022-08-22,6.0832904635311875,14.504773292083291,10.153341304458303,507667.06522291515,2.2,117.7,2.2_117.7
139,2022,7,106.05000305175781,2854.2546117997344,2.3124802112579346,116.99556732177734,2022-08-22,17.715243882424886,42.239573774911044,29.56770164243773,1478385.0821218865,2.3000000000000003,117.0,2.3000000000000003_117.0
140,2022,9,56.14999771118164,1144.6343377516168,1.953932285308838,117.00374603271484,2022-08-22,7.104298392175301,16.93922691930758,11.857458843515305,592872.9421757653,2.0,117.0,2.0_117.0
144,2022,3,7.880000114440918,764.1790453884738,0.8153066635131836,116.45980072021484,2022-08-22,4.742960947817959,11.308941056444311,7.916258739511018,395812.9369755509,0.8,116.5,0.8_116.5
141,2022,8,91.83999633789062,633.8291954742629,1.7440974712371826,117.06352233886719,2022-08-22,3.9339303267509456,9.379918298895653,6.565942809226957,328297.1404613479,1.7000000000000002,117.10000000000001,1.7000000000000002_117.10000000000001
142,2022,6,51.72999572753906,530.7076775627573,1.8882383108139038,116.6217269897461,2022-08-23,3.293895330652166,7.853842473145366,5.497689731201755,274884.48656008777,1.9000000000000001,116.60000000000001,1.9000000000000001_116.60000000000001
143,2022,4,16.260000228881836,587.7484459936435,0.7029949426651001,116.52415466308594,2022-08-23,3.6479251077493506,8.697978009040957,6.08858460632867,304429.2303164335,0.7000000000000001,116.5,0.7000000000000001_116.5
145,2022,16,103.22000122070312,5859.496579263161,0.7344906330108643,116.40704345703125,2022-08-23,36.36760732583322,86.71358084889414,60.699506594225895,3034975.3297112947,0.7000000000000001,116.4,0.7000000000000001_116.4
146,2022,3,11.979999542236328,165.0097494909311,-0.6894299983978271,114.24197387695312,2022-08-25,1.0241510841832293,2.4419480513011824,1.7093636359108275,85468.18179554137,-0.7000000000000001,114.2,-0.7000000000000001_114.2
147,2022,4,54.189998626708984,1037.4986325803065,-0.2214675098657608,115.8984375,2022-09-01,6.439348903163668,15.353745896065146,10.7476221272456,537381.10636228,-0.2,115.9,-0.2_115.9
148,2022,4,24.150001525878906,472.82352117270597,0.8926224708557129,114.77765655517578,2022-09-01,2.93463097380784,6.997225798470228,4.898058058929159,244902.90294645797,0.9,114.80000000000001,0.9_114.80000000000001
149,2022,3,16.56999969482422,637.4375009379996,0.9453699588775635,116.48596954345703,2022-09-12,3.956325669839164,9.433316928509086,6.60332184995636,330166.092497818,0.9,116.5,0.9_116.5
151,2022,3,35.310001373291016,124.86474283703559,1.5822800397872925,117.19957733154297,2022-09-12,0.7749867031937916,1.8478496960804145,1.29349478725629,64674.73936281451,1.6,117.2,1.6_117.2
152,2022,3,27.850000381469727,571.2491523153341,-1.7717199325561523,115.34537506103516,2022-09-12,3.5455204343223006,8.453808084718952,5.917665659303267,295883.28296516335,-1.8,115.30000000000001,-1.8_115.30000000000001
153,2022,9,52.83000183105469,4135.783859491388,-1.6234588623046875,115.71084594726562,2022-09-12,25.669195527615763,61.20468255630519,42.84327778941363,2142163.8894706815,-1.6,115.7,-1.6_115.7
154,2022,6,40.30999755859375,2231.4876557713965,-0.5814516544342041,114.66825103759766,2022-09-12,13.849972556472322,33.023363463824246,23.11635442467697,1155817.7212338485,-0.6000000000000001,114.7,-0.6000000000000001_114.7
155,2022,4,15.620000839233398,381.0209037101464,0.9431474804878235,118.93136596679688,2022-09-17,2.364847973135471,5.638656238134243,3.9470593666939697,197352.9683346985,0.9,118.9,0.9_118.9
156,2022,4,20.630001068115234,730.6683753413593,1.4268749952316284,118.17637634277344,2022-09-17,4.534973303655485,10.813022992985607,7.569116095089925,378455.8047544962,1.4000000000000001,118.2,1.4000000000000001_118.2
157,2022,3,18.15999984741211,254.64876354171838,0.9744066596031189,117.21807098388672,2022-09-17,1.5805054432950527,3.7684988542518267,2.6379491979762784,131897.45989881392,1.0,117.2,1.0_117.2
186,2022,3,18.69999885559082,633.1709960221833,-1.662326693534851,115.1628646850586,2022-09-17,3.9298451397572336,9.370177729781819,6.559124410847273,327956.22054236365,-1.7000000000000002,115.2,-1.7000000000000002_115.2
161,2022,3,26.869998931884766,629.3101432123868,-0.08377333730459213,115.78934478759766,2022-09-18,3.9058823339034965,9.313041699793715,6.5191291898556,325956.45949278,-0.1,115.80000000000001,-0.1_115.80000000000001
162,2022,13,221.07998657226562,3271.0744535088884,-0.32546842098236084,114.64991760253906,2022-09-18,20.302281885406483,48.4080117208233,33.88560820457631,1694280.4102288154,-0.30000000000000004,114.60000000000001,-0.30000000000000004_114.60000000000001
174,2022,5,34.849998474121094,842.7050287505168,-0.3254600167274475,114.76888275146484,2022-09-18,5.23034106471954,12.471032221596882,8.729722555117817,436486.1277558909,-0.30000000000000004,114.80000000000001,-0.30000000000000004_114.80000000000001
164,2022,4,47.38999557495117,625.5737415662956,-1.7969200611114502,115.22179412841797,2022-09-18,3.8826919478287714,9.2577473990224,6.480423179315679,324021.15896578395,-1.8,115.2,-1.8_115.2
165,2022,3,39.77000045776367,865.628588966918,-0.6398100256919861,114.77398681640625,2022-09-18,5.372618652082687,12.810273650494407,8.967191555346085,448359.57776730426,-0.6000000000000001,114.80000000000001,-0.6000000000000001_114.80000000000001
166,2022,7,91.16000366210938,3406.9277324636178,-0.5158271193504333,114.7616958618164,2022-09-18,21.145470141619064,50.41847868310792,35.29293507817554,1764646.753908777,-0.5,114.80000000000001,-0.5_114.80000000000001
167,2022,3,27.190000534057617,1445.59032479497,-0.2184266597032547,115.3225326538086,2022-09-18,8.972214690289698,21.393017609586344,14.97511232671044,748755.6163355219,-0.2,115.30000000000001,-0.2_115.30000000000001
168,2022,6,28.079999923706055,1778.5023235638052,-0.30075669288635254,114.48604583740234,2022-09-22,11.038469475407393,26.31971926907234,18.423803488350636,921190.1744175318,-0.30000000000000004,114.5,-0.30000000000000004_114.5
169,2022,4,44.57999801635742,639.8714526114757,-0.7398574948310852,115.14312744140625,2022-09-22,3.9714322574979555,9.469336518650532,6.628535563055372,331426.7781527686,-0.7000000000000001,115.10000000000001,-0.7000000000000001_115.10000000000001
170,2022,10,187.0500030517578,7115.5509927158055,-1.1769969463348389,115.21797943115234,2022-09-22,44.163446621991625,105.3016923800101,73.71118466600706,3685559.233300353,-1.2000000000000002,115.2,-1.2000000000000002_115.2
171,2022,5,72.1500015258789,1407.7881958624,-1.1476720571517944,115.12583923339844,2022-09-22,8.737591636499452,20.833591058326725,14.583513740828707,729175.6870414354,-1.1,115.10000000000001,-1.1_115.10000000000001
172,2022,6,50.09000015258789,215.0289994431914,-0.6415416598320007,116.72649383544922,2022-09-22,1.334601037756759,3.1821734641952357,2.227521424936665,111376.07124683323,-0.6000000000000001,116.7,-0.6000000000000001_116.7
173,2022,11,131.6899871826172,2571.6940396773016,-0.42921730875968933,114.61962890625,2022-09-22,15.961500741917133,38.05801334834459,26.64060934384121,1332030.4671920605,-0.4,114.60000000000001,-0.4_114.60000000000001
175,2022,6,71.92999267578125,1807.9519163219907,-0.46954667568206787,115.93883514404297,2022-09-25,11.221251598555261,26.75553821837277,18.728876752860938,936443.8376430469,-0.5,115.9,-0.5_115.9
176,2022,5,47.56999969482422,386.6494112709692,-0.5096620321273804,115.65494537353516,2022-09-25,2.3997819218174974,5.721951456218559,4.005366019352991,200268.30096764953,-0.5,115.7,-0.5_115.7
177,2022,8,124.79000854492188,3188.0805728661885,-1.1577425003051758,115.59124755859375,2022-09-26,19.787171274651534,47.179800989453746,33.02586069261762,1651293.034630881,-1.2000000000000002,115.60000000000001,-1.2000000000000002_115.60000000000001
178,2022,3,23.84000015258789,126.77972022391448,-0.7643234133720398,116.27971649169922,2022-09-27,0.7868722200981498,1.876189083980835,1.3133323587865844,65666.61793932923,-0.8,116.30000000000001,-0.8_116.30000000000001
179,2022,3,30.92999839782715,335.6683759027167,-0.9036033749580383,115.69131469726562,2022-09-27,2.083362541712633,4.967492762990478,3.4772449340933345,173862.24670466673,-0.9,115.7,-0.9_115.7
180,2022,4,104.12000274658203,743.4232168395977,-1.1187599897384644,115.68560791015625,2022-09-27,4.614137624486868,11.001779478207657,7.7012456347453595,385062.281737268,-1.1,115.7,-1.1_115.7
181,2022,3,10.790000915527344,363.1956099268121,2.3567698001861572,117.48709106445312,2022-09-27,2.2542133348161775,5.374863089230175,3.762404162461122,188120.2081230561,2.4000000000000004,117.5,2.4000000000000004_117.5
182,2022,6,121.15998840332031,361.1485944667726,-0.6526183485984802,114.88663482666016,2022-09-27,2.2415083091482577,5.344569694875912,3.7411987864131384,187059.9393206569,-0.7000000000000001,114.9,-0.7000000000000001_114.9
183,2022,7,72.46000671386719,1736.4599664534574,-0.6772328615188599,115.99597930908203,2022-09-27,10.777528980988015,25.697542383558282,17.988279668490797,899413.9834245399,-0.7000000000000001,116.0,-0.7000000000000001_116.0
184,2022,3,11.309999465942383,515.5780909235269,-0.9665732979774475,113.96041107177734,2022-09-27,3.199991893990907,7.629942584050076,5.340959808835053,267047.99044175266,-1.0,114.0,-1.0_114.0
199,2022,3,18.06999969482422,1406.2813489806297,-0.8203333020210266,114.83049774169922,2022-09-27,8.728239226278697,20.8112915165245,14.567904061567148,728395.2030783574,-0.8,114.80000000000001,-0.8_114.80000000000001
195,2022,6,116.84000396728516,2141.125736927323,-0.7987616658210754,114.2417221069336,2022-09-27,13.289131409579236,31.68611452966204,22.180280170763425,1109014.0085381712,-0.8,114.2,-0.8_114.2
185,2022,3,17.860000610351562,830.6576618258074,-0.708193302154541,114.82015228271484,2022-09-27,5.155567762320385,12.292745518684693,8.604921863079285,430246.09315396426,-0.7000000000000001,114.80000000000001,-0.7000000000000001_114.80000000000001
187,2022,3,11.589999198913574,788.0959697346899,-1.7012200355529785,116.07403564453125,2022-09-27,4.8914039584586835,11.662883093084819,8.164018165159373,408200.90825796867,-1.7000000000000002,116.10000000000001,-1.7000000000000002_116.10000000000001
188,2022,5,66.80000305175781,899.3234597498433,-1.4988380670547485,115.2301025390625,2022-09-27,5.58174955828798,13.30891766577868,9.316242366045074,465812.1183022537,-1.5,115.2,-1.5_115.2
189,2022,4,71.74000549316406,862.1827384200093,-0.5436275005340576,114.58038330078125,2022-09-28,5.351231603229892,12.759279160447253,8.931495412313076,446574.77061565383,-0.5,114.60000000000001,-0.5_114.60000000000001
190,2022,6,44.85000228881836,798.3315907553811,1.3367716073989868,118.4477767944336,2022-09-28,4.954932461459081,11.814358111272806,8.270050677890964,413502.5338945482,1.3,118.4,1.3_118.4
191,2022,3,1.6299998760223389,96.73485410216344,1.895323395729065,117.2391357421875,2022-09-30,0.6003954676173975,1.4315607968404611,1.0020925577883226,50104.62788941613,1.9000000000000001,117.2,1.9000000000000001_117.2
192,2022,3,31.420000076293945,556.9553457893796,-1.3179666996002197,115.1672134399414,2022-10-01,3.4568043584793635,8.242276747331832,5.7695937231322825,288479.6861566141,-1.3,115.2,-1.3_115.2
193,2022,6,33.86000061035156,1042.4203033518604,-0.8990516662597656,113.67529296875,2022-10-02,6.469895791891336,15.426580770288153,10.798606539201707,539930.3269600853,-0.9,113.7,-0.9_113.7
194,2022,3,31.310001373291016,380.4042740966912,0.20603998005390167,114.68689727783203,2022-10-02,2.361020793898439,5.629530853194282,3.940671597235997,197033.57986179987,0.2,114.7,0.2_114.7
196,2022,4,40.15999984741211,615.0854148004881,-0.6664800047874451,114.47216033935547,2022-10-02,3.81759499894176,9.102532636342081,6.371772845439456,318588.6422719728,-0.7000000000000001,114.5,-0.7000000000000001_114.5
197,2022,5,23.619998931884766,245.85700949479914,-0.7524420022964478,113.58306884765625,2022-10-07,1.525938458818057,3.638391350127814,2.5468739450894695,127343.69725447347,-0.8,113.60000000000001,-0.8_113.60000000000001
198,2022,6,159.97000122070312,863.9166274491661,-0.5044099688529968,115.7311019897461,2022-10-07,5.361993175406947,12.78493865601636,8.94945705921145,447472.8529605725,-0.5,115.7,-0.5_115.7
200,2022,4,27.040000915527344,473.25477013987677,-1.403090000152588,115.12772369384766,2022-10-23,2.937307567758461,7.003607770312845,4.902525439218992,245126.27196094958,-1.4000000000000001,115.10000000000001,-1.4000000000000001_115.10000000000001
202,2022,5,84.80000305175781,594.8088095630733,-0.824586033821106,115.67790222167969,2022-10-30,3.6917460275838887,8.802462993189089,6.161724095232362,308086.2047616181,-0.8,115.7,-0.8_115.7
203,2022,3,42.46000289916992,333.15108705838094,-0.64451003074646,115.77010345458984,2022-10-31,2.0677387127747524,4.9302398818307145,3.4511679172815,172558.395864075,-0.6000000000000001,115.80000000000001,-0.6000000000000001_115.80000000000001
204,2022,3,28.170001983642578,314.9661110550415,-0.4411100149154663,115.77783203125,2022-10-31,1.9548716673600228,4.661123863829887,3.2627867046809205,163139.335234046,-0.4,115.80000000000001,-0.4_115.80000000000001
205,2022,3,19.810001373291016,156.3220360250682,-0.4034433364868164,116.62178802490234,2022-11-06,0.970229838968408,2.3133802240444488,1.619366156831114,80968.3078415557,-0.4,116.60000000000001,-0.4_116.60000000000001
0,2023,872,5579.1796875,610212.8222127915,-2.0870540142059326,116.05924224853516,2023-01-01,3787.35271933787,9030.424060872943,6321.29684261106,395289655.4589974,-2.1,116.10000000000001,-2.1_116.10000000000001
1,2023,3,5.400000095367432,120.13370395810323,-1.4403833150863647,114.12413787841797,2023-01-01,0.7456229921881101,1.7778359471553913,1.2444851630087739,77821.39069842765,-1.4000000000000001,114.10000000000001,-1.4000000000000001_114.10000000000001
2,2023,6,34.5,2552.9534524350097,-1.4294366836547852,114.38614654541016,2023-01-01,15.845185234490232,37.78067494477911,26.446472461345373,1653777.2624253102,-1.4000000000000001,114.4,-1.4000000000000001_114.4
3,2023,4,5.550000190734863,302.564941377815,-1.55787992477417,113.66803741455078,2023-01-01,1.8779024494243897,4.477601300947486,3.13432091066324,195998.48950650438,-1.6,113.7,-1.6_113.7
4,2023,18,174.49000549316406,7227.817245069557,-1.6670489311218262,114.33084106445312,2023-01-01,44.86023941405391,106.96309939994622,74.87416957996234,4682106.446343785,-1.7000000000000002,114.30000000000001,-1.7000000000000002_114.30000000000001
5,2023,113,576.27001953125,16575.25267426095,1.1682837009429932,117.69366455078125,2023-01-01,102.8761212554189,245.29402712632316,171.7058189884262,10737279.978803255,1.2000000000000002,117.7,1.2000000000000002_117.7
6,2023,132,1479.3900146484375,48985.03502470644,0.4312722086906433,116.16162109375,2023-01-01,304.03098534528584,724.9202619271675,507.44418334901724,31732007.117364094,0.4,116.2,0.4_116.2
7,2023,12,130.41000366210938,5002.37877195828,-0.5550749897956848,114.15760040283203,2023-01-01,31.04781177234508,74.02925664537953,51.82047965176567,3240490.0540638627,-0.6000000000000001,114.2,-0.6000000000000001_114.2
8,2023,290,3242.760009765625,211199.20946741165,-0.6114128828048706,114.47438049316406,2023-01-01,1310.831026784744,3125.4971272084804,2187.847989045936,136812698.29900953,-0.6000000000000001,114.5,-0.6000000000000001_114.5
9,2023,23,139.13999938964844,4459.700159644289,-0.8562429547309875,116.92716979980469,2023-01-01,27.67961752395026,65.99825857459092,46.19878100221364,2888948.3724114257,-0.9,116.9,-0.9_116.9
10,2023,50,430.9000244140625,46900.677654754116,-0.8363516330718994,114.76190185546875,2023-01-01,291.09419302333094,694.0742517158128,485.8519762010689,30381781.627781443,-0.8,114.80000000000001,-0.8_114.80000000000001
11,2023,422,4120.64990234375,190591.0369921981,-0.46045249700546265,116.09474182128906,2023-01-01,1182.924147048011,2820.5206832590748,1974.3644782813521,123462933.92036779,-0.5,116.10000000000001,-0.5_116.10000000000001
12,2023,75,933.3099975585938,64307.50700664574,-0.9179508686065674,113.95613098144531,2023-01-02,399.13158601332543,951.6746247017746,666.1722372912423,41657748.51453325,-0.9,114.0,-0.9_114.0
13,2023,5,8.819999694824219,130.6869340204446,-0.09347199648618698,115.79850006103516,2023-01-02,0.8111227704940942,1.9340112014368596,1.3538078410058016,84657.66572161579,-0.1,115.80000000000001,-0.1_115.80000000000001
14,2023,567,4908.1396484375,65661.98428441028,2.273698329925537,117.94466400146484,2023-01-02,407.5382975973603,971.719277573335,680.2034943013344,42535165.10914534,2.3000000000000003,117.9,2.3000000000000003_117.9
15,2023,29,311.30999755859375,23769.255589011904,1.3627158403396606,117.67332458496094,2023-01-02,147.5264883245746,351.7567146519267,246.22970025634868,15397481.846130252,1.4000000000000001,117.7,1.4000000000000001_117.7
16,2023,95,654.8200073242188,20370.196834624185,0.5370544195175171,117.2800064086914,2023-01-02,126.42985785729421,301.4546874860016,211.0182812402011,13195606.180793496,0.5,117.30000000000001,0.5_117.30000000000001
17,2023,956,2795.179931640625,109305.43316136985,0.6271023154258728,117.5362548828125,2023-01-02,678.4161434381605,1617.5904171026484,1132.313291971854,70806947.08687595,0.6000000000000001,117.5,0.6000000000000001_117.5
18,2023,5,11.029999732971191,271.5549233418405,-1.4922279119491577,113.75865173339844,2023-01-02,1.6854353758722886,4.0186899133029375,2.813082939312056,175910.5154440008,-1.5,113.80000000000001,-1.5_113.80000000000001
19,2023,10,60.11000061035156,4432.738457554145,-1.590920090675354,114.55613708496094,2023-01-02,27.51227676673904,65.59925744840346,45.91948021388242,2871482.8562147096,-1.6,114.60000000000001,-1.6_114.60000000000001
20,2023,16,134.4499969482422,3047.16782734673,-1.8017594814300537,114.28477478027344,2023-01-02,18.912580885027797,45.094459939083556,31.566121957358487,1973924.3043594982,-1.8,114.30000000000001,-1.8_114.30000000000001
21,2023,288,2029.1201171875,30941.74095525728,-2.4362282752990723,115.3306884765625,2023-01-02,192.04330437205465,457.90096804982517,320.5306776348776,20043744.8645418,-2.4000000000000004,115.30000000000001,-2.4000000000000004_115.30000000000001
22,2023,825,8667.080078125,389800.28740467463,0.835096001625061,116.9735336303711,2023-01-03,2419.338179665394,5768.580675754561,4038.006473028192,252508658.77787194,0.8,117.0,0.8_117.0
23,2023,51,372.3799743652344,23155.176108463067,-0.7292006015777588,115.77019500732422,2023-01-04,143.71513676674843,342.66906864618153,239.86834805232706,14999687.408756169,-0.7000000000000001,115.80000000000001,-0.7000000000000001_115.80000000000001
24,2023,946,7571.78955078125,458776.7256383525,2.0583839416503906,117.27657318115234,2023-01-04,2847.4479987400614,6789.349929996009,4752.544950997206,297190893.4207083,2.1,117.30000000000001,2.1_117.30000000000001
25,2023,9,53.06999969482422,3513.695839491228,-0.538004457950592,116.87307739257812,2023-01-05,21.808138092487795,51.99851969099708,36.39896378369795,2276136.402285984,-0.5,116.9,-0.5_116.9
26,2023,20,105.02000427246094,3550.1640819064037,0.04688599705696106,116.13792419433594,2023-01-05,22.034482233503606,52.53820630815064,36.776744415705444,2299760.1585473088,0.0,116.10000000000001,0.0_116.10000000000001
27,2023,18,85.05001068115234,14802.996858188739,0.2443905472755432,116.22645568847656,2023-01-05,91.87642141295507,219.06674873934168,153.34672411753917,9589230.699242076,0.2,116.2,0.2_116.2
28,2023,278,1324.5799560546875,98540.22380481058,-0.9547141194343567,117.0945053100586,2023-01-05,611.6006924239429,1458.2781213673957,1020.7946849571769,63833354.03442714,-1.0,117.10000000000001,-1.0_117.10000000000001
29,2023,513,1400.4599609375,41500.66678739811,-2.1900265216827393,115.5361099243164,2023-01-11,257.57843409717236,614.1605129505169,429.91235906536184,26883709.54943427,-2.2,115.5,-2.2_115.5
30,2023,817,5655.66015625,279299.11145143816,-1.7239731550216675,116.33192443847656,2023-01-11,1733.500527616545,4133.29468739346,2893.3062811754216,180927121.68074265,-1.7000000000000002,116.30000000000001,-1.7000000000000002_116.30000000000001
287,2023,3,9.479999542236328,632.4304278610028,-0.1745133399963379,117.088623046875,2023-01-11,3.925248722348417,9.359218201731933,6.551452741212352,409681.994266232,-0.2,117.10000000000001,-0.2_117.10000000000001
31,2023,207,2165.3701171875,59684.08595311899,1.3944672346115112,117.22274780273438,2023-01-13,370.4358168286978,883.2534916060905,618.2774441242633,38662743.413422555,1.4000000000000001,117.2,1.4000000000000001_117.2
32,2023,993,7210.72021484375,217056.1470056743,0.003177835838869214,116.73237609863281,2023-01-13,1347.1827511423087,3212.172837293958,2248.52098610577,140606762.8241521,0.0,116.7,0.0_116.7
33,2023,5,73.20000457763672,528.7545016360212,0.2948080003261566,116.06600189208984,2023-01-13,3.281772730326194,7.824937792283441,5.477456454598408,342521.78447540227,0.30000000000000004,116.10000000000001,0.30000000000000004_116.10000000000001
34,2023,9,137.83999633789062,1953.4133337439869,-1.7289032936096191,114.99098205566406,2023-01-14,12.124073818570535,28.90819420330094,20.235735942310658,1265401.2756805124,-1.7000000000000002,115.0,-1.7000000000000002_115.0
35,2023,6,4.309999942779541,216.5581776599352,-0.5858383178710938,117.38388061523438,2023-01-14,1.344092049854039,3.204803483197083,2.243362438237958,140284.1833503342,-0.6000000000000001,117.4,-0.6000000000000001_117.4
36,2023,14,40.36000061035156,2146.80736962519,-0.4033956825733185,117.30545806884766,2023-01-15,13.324395085243268,31.77019593659447,22.239137155616127,1390679.9637521433,-0.4,117.30000000000001,-0.4_117.30000000000001
37,2023,17,128.65000915527344,5479.4686796858605,-0.9395000338554382,115.82637023925781,2023-01-15,34.0089225416147,81.08961989097585,56.76273392368309,3549544.0404496747,-0.9,115.80000000000001,-0.9_115.80000000000001
38,2023,18,105.0,2631.48617605752,-1.6636782884597778,113.53479766845703,2023-01-15,16.332607185556682,38.942865857770606,27.260006100439423,1704649.9614787784,-1.7000000000000002,113.5,-1.7000000000000002_113.5
39,2023,28,248.48001098632812,13255.629360327204,-0.25622323155403137,116.84553527832031,2023-01-17,82.27251555009647,196.167550008921,137.3172850062447,8586861.7832955,-0.30000000000000004,116.80000000000001,-0.30000000000000004_116.80000000000001
40,2023,197,3089.10009765625,185684.56908777286,-0.8295040130615234,115.08173370361328,2023-01-17,1152.4716165803886,2747.910793389255,1923.5375553724784,120284573.95010719,-0.8,115.10000000000001,-0.8_115.10000000000001
41,2023,104,747.7300415039062,30605.484446790415,-1.366471529006958,113.55564880371094,2023-01-17,189.95629152116288,452.92477162433386,317.0473401370337,19825921.32078913,-1.4000000000000001,113.60000000000001,-1.4000000000000001_113.60000000000001
42,2023,82,743.8699340820312,50343.883549981605,-1.4055101871490479,115.2093276977539,2023-01-17,312.46482755579007,745.029604063291,521.5207228443037,32612255.361622844,-1.4000000000000001,115.2,-1.4000000000000001_115.2
43,2023,11,9.789999008178711,340.59568294365016,-1.291022777557373,114.7629623413086,2023-01-18,2.113944412563561,5.0404110472972565,3.5282877331080793,220634.41681444753,-1.3,114.80000000000001,-1.3_114.80000000000001
44,2023,86,284.2099914550781,35478.09229897817,0.04414429888129234,117.44357299804688,2023-01-18,220.1986658657895,525.0335729897869,367.5235010928508,22982347.09383924,0.0,117.4,0.0_117.4
45,2023,300,663.4000244140625,5708.101988545667,1.0381990671157837,117.63858032226562,2023-01-18,35.42796021588279,84.47312095533832,59.131184668736815,3697650.370890119,1.0,117.60000000000001,1.0_117.60000000000001
46,2023,6,8.260000228881836,149.0611216582128,2.255816698074341,117.33108520507812,2023-01-29,0.9251641786427723,2.20592732660349,1.544149128622443,96560.27746014722,2.3000000000000003,117.30000000000001,2.3000000000000003_117.30000000000001
64,2023,64,110.68000793457031,940.6133835106072,-0.6877636909484863,116.93589782714844,2023-02-08,5.838019992707088,13.919959432565394,9.743971602795774,609319.7762376282,-0.7000000000000001,116.9,-0.7000000000000001_116.9
47,2023,5,23.19999885559082,935.9147149011055,0.6019319295883179,116.9801254272461,2023-02-10,5.808857191324232,13.85042472513095,9.695297307591664,606276.0265356295,0.6000000000000001,117.0,0.6000000000000001_117.0
48,2023,21,42.63999938964844,5229.999052545672,-0.6122952699661255,117.03478240966797,2023-02-10,32.460561975680676,77.3977660960745,54.17843626725215,3387940.155100079,-0.6000000000000001,117.0,-0.6000000000000001_117.0
49,2023,38,251.82003784179688,25702.041454337366,-0.24815921485424042,117.28705596923828,2023-02-10,159.5225355010227,380.35964685426535,266.2517527979857,16649520.857716441,-0.2,117.30000000000001,-0.2_117.30000000000001
50,2023,4,12.34000015258789,741.1087069092167,-0.0033050000201910734,117.25463104248047,2023-02-10,4.5997723650893745,10.96752748381552,7.677269238670863,480082.6773018051,-0.0,117.30000000000001,-0.0_117.30000000000001
51,2023,83,673.9400634765625,58189.35599690515,-0.44277429580688477,116.39141082763672,2023-02-10,361.15861163360904,861.1332658918001,602.79328612426,37694472.56120835,-0.4,116.4,-0.4_116.4
52,2023,27,134.27001953125,13360.535964553073,-0.4486529529094696,117.40054321289062,2023-02-11,82.92362987993071,197.72004298917406,138.40403009242183,8654819.213769415,-0.4,117.4,-0.4_117.4
53,2023,16,126.27999877929688,6157.500700820335,0.8462962508201599,117.69564819335938,2023-02-18,38.21720254748177,91.12368744054287,63.78658120838,3988766.2827036264,0.8,117.7,0.8_117.7
54,2023,10,76.8499984741211,3505.2753967683407,1.6859359741210938,117.1585693359375,2023-03-02,21.755875692414147,51.87390715287928,36.31173500701549,2270681.7251937,1.7000000000000002,117.2,1.7000000000000002_117.2
55,2023,48,438.42999267578125,10380.525859846213,1.3298557996749878,116.66170501708984,2023-03-08,64.42787075643575,153.61943747648775,107.53360623354142,6724398.998602046,1.3,116.7,1.3_116.7
56,2023,80,629.1099853515625,33385.23620754972,1.249159574508667,117.00875091552734,2023-03-09,207.20912529810494,494.06179180786114,345.84325426550276,21626616.218984686,1.2000000000000002,117.0,1.2000000000000002_117.0
57,2023,3,19.84000015258789,1113.6610846921387,-0.2633233368396759,115.70246124267578,2023-03-09,6.912059504476793,16.48085960959169,11.536601726714181,721418.3157766178,-0.30000000000000004,115.7,-0.30000000000000004_115.7
58,2023,11,52.93000411987305,8121.892594287903,-1.1521717309951782,116.93574523925781,2023-03-11,50.40941599948829,120.19435127127977,84.13604588989584,5261279.357632857,-1.2000000000000002,116.9,-1.2000000000000002_116.9
59,2023,7,56.499996185302734,3333.848804607789,0.44739431142807007,116.765380859375,2023-03-12,20.691897771347644,49.33699746142697,34.535898222998874,2159633.3235787884,0.4,116.80000000000001,0.4_116.80000000000001
60,2023,8,42.150001525878906,6790.412427724355,-0.5998512506484985,116.78883361816406,2023-03-16,42.14543850505867,100.4900282957169,70.34301980700182,4398760.057591245,-0.6000000000000001,116.80000000000001,-0.6000000000000001_116.80000000000001
61,2023,74,574.8500366210938,31014.83517774059,0.29210081696510315,116.39885711669922,2023-03-16,192.4969716701068,458.98267561380345,321.2878729296624,20091094.55791058,0.30000000000000004,116.4,0.30000000000000004_116.4
62,2023,16,13.710000038146973,169.47863069631214,-0.14080438017845154,117.3674087524414,2023-03-16,1.0518876848731697,2.508082178433934,1.7556575249037538,109786.53200480643,-0.1,117.4,-0.1_117.4
63,2023,11,46.34000015258789,2478.928971692148,2.125631093978882,117.66667938232422,2023-03-17,15.385744186656455,36.68520066488786,25.6796404654215,1605824.9572242026,2.1,117.7,2.1_117.7
65,2023,363,2639.590087890625,125723.2582311187,1.6272443532943726,118.05819702148438,2023-03-19,780.3151730227003,1860.5547029061386,1302.388292034297,81442247.06578068,1.6,118.10000000000001,1.6_118.10000000000001
66,2023,11,166.33999633789062,1915.4182798180022,0.8527708649635315,117.30126190185547,2023-03-19,11.888253354677062,28.34591259157872,19.842138814105102,1240788.4664624343,0.9,117.30000000000001,0.9_117.30000000000001
67,2023,10,133.6199951171875,2481.946046073662,1.9488890171051025,117.74220275878906,2023-03-19,15.404469989273704,36.72984977761785,25.710894844332493,1607779.3873006438,1.9000000000000001,117.7,1.9000000000000001_117.7
68,2023,32,204.8000030517578,17603.335455584085,-0.029267501085996628,115.5599365234375,2023-03-19,109.25702964641106,260.5084296217727,182.35590073524085,11403261.540676815,-0.0,115.60000000000001,-0.0_115.60000000000001
69,2023,47,479.10003662109375,33713.09119941821,1.066586971282959,116.76599884033203,2023-03-24,209.24399321598787,498.9136557793692,349.23955904555845,21838997.345795907,1.1,116.80000000000001,1.1_116.80000000000001
70,2023,5,3.129999876022339,109.56211518836928,-1.1272519826889038,114.4564437866211,2023-04-05,0.6800092685538146,1.6213890058379747,1.1349723040865822,70973.22309144624,-1.1,114.5,-1.1_114.5
71,2023,69,156.70999145507812,5977.2365541231875,0.7944602370262146,117.56245422363281,2023-04-07,37.09837337618244,88.45599245218847,61.919194716531926,3871993.003208891,0.8,117.60000000000001,0.8_117.60000000000001
72,2023,18,143.12001037597656,14249.549724122999,-1.1255000829696655,113.60619354248047,2023-04-11,88.44139115480247,210.87638935330835,147.61347254731584,9230713.278801301,-1.1,113.60000000000001,-1.1_113.60000000000001
73,2023,47,279.7600402832031,29421.766287345534,-0.7414708137512207,116.24971008300781,2023-04-12,182.60941510869077,435.4071506251872,304.785005437631,19059120.74503138,-0.7000000000000001,116.2,-0.7000000000000001_116.2
74,2023,4,23.1200008392334,859.1746451014549,-0.4779924750328064,116.45979309082031,2023-04-12,5.332561542563622,12.714762956768151,8.900334069737704,556564.5903829079,-0.5,116.5,-0.5_116.5
75,2023,17,86.2199935913086,3759.8858581799655,-1.7573734521865845,114.55279541015625,2023-04-12,23.336143409343435,55.6418391811573,38.94928742681011,2435615.7906607166,-1.8,114.60000000000001,-1.8_114.60000000000001
76,2023,11,113.87999725341797,627.1521369515914,-0.10120090842247009,114.0892562866211,2023-04-13,3.89248843167356,9.281105773586308,6.496774041510415,406262.7711377708,-0.1,114.10000000000001,-0.1_114.10000000000001
77,2023,8,97.75,4781.405721465667,-2.1386163234710693,115.26780700683594,2023-04-13,29.67631833068197,70.75911829473516,49.53138280631461,3097345.9610272716,-2.1,115.30000000000001,-2.1_115.30000000000001
83,2023,190,1900.75,159469.57441697692,-1.791701316833496,115.25057220458984,2023-04-13,989.7653807562514,2359.960048971336,1651.9720342799353,103302767.2196272,-1.8,115.30000000000001,-1.8_115.30000000000001
78,2023,67,718.1900024414062,57842.44783001584,-1.5766639709472656,115.79127502441406,2023-04-13,359.0054880980132,855.9994375893557,599.1996063125489,37469748.98154262,-1.6,115.80000000000001,-1.6_115.80000000000001
79,2023,18,100.77999877929688,8130.681572665442,-1.9918161630630493,114.25363159179688,2023-04-13,50.46396575646925,120.32441769879797,84.22709238915857,5266972.768371253,-2.0,114.30000000000001,-2.0_114.30000000000001
80,2023,7,25.659997940063477,4183.421250824351,-1.5115457773208618,113.91516876220703,2023-04-14,25.964862214777153,61.90965929430692,43.33676150601484,2709977.707255626,-1.5,113.9,-1.5_113.9
225,2023,8,52.88999938964844,4285.200432720294,-0.24722249805927277,116.98783874511719,2023-04-17,26.59656585536562,63.415870143427,44.3911091003989,2775909.2253752444,-0.2,117.0,-0.2_117.0
81,2023,16,116.75999450683594,7588.1534041546065,0.9201375246047974,118.14820861816406,2023-04-17,47.09670525401724,112.29564601737775,78.60695221216442,4915528.542683277,0.9,118.10000000000001,0.9_118.10000000000001
82,2023,33,156.1800079345703,952.8994700761814,-2.0257813930511475,113.70217895507812,2023-04-18,5.914274934704884,14.101778902260246,9.871245231582172,617278.578066528,-2.0,113.7,-2.0_113.7
84,2023,4,16.389999389648438,161.96371348049144,2.189579963684082,117.4151840209961,2023-04-20,1.0052455280438062,2.3968703409062875,1.6778092386344012,104918.44511952501,2.2,117.4,2.2_117.4
85,2023,17,89.36000061035156,6166.284156140967,1.5035487413406372,117.07389068603516,2023-04-20,38.27171802500508,91.25367213338725,63.877570493371074,3994456.1156619736,1.5,117.10000000000001,1.5_117.10000000000001
86,2023,52,335.2300109863281,26793.192724299188,0.9174416065216064,117.91963195800781,2023-04-20,166.29488537481438,396.5073879760984,277.5551715832689,17356357.544616554,0.9,117.9,0.9_117.9
87,2023,208,1920.320068359375,26380.221537154903,2.243008613586426,117.20504760742188,2023-04-23,163.73173446794328,390.3959055406563,273.2771338784594,17088839.0128217,2.2,117.2,2.2_117.2
88,2023,16,61.840003967285156,198.5897064157694,-1.2463243007659912,116.81770324707031,2023-04-23,1.232568764941477,2.938891478149384,2.0572240347045687,128644.3905621808,-1.2000000000000002,116.80000000000001,-1.2000000000000002_116.80000000000001
89,2023,21,65.87999725341797,6429.749650032216,-1.5520286560058594,114.43682861328125,2023-04-23,39.90694547093501,95.15264811133817,66.60685367793671,4165126.381042416,-1.6,114.4,-1.6_114.4
90,2023,6,64.69999694824219,587.0462205085108,-0.007673332933336496,114.32849884033203,2023-04-23,3.6435666683592025,8.68758590699678,6.081310134897746,380282.5666655607,-0.0,114.30000000000001,-0.0_114.30000000000001
113,2023,12,88.45000457763672,6443.970665046391,-1.3878201246261597,113.85735321044922,2023-04-23,39.99520975828704,95.36310222091974,66.75417155464382,4174338.609826542,-1.4000000000000001,113.9,-1.4000000000000001_113.9
91,2023,15,101.09998321533203,6307.47220098155,2.3394227027893066,116.95526885986328,2023-04-25,39.14801709001966,93.34308728630482,65.34016110041337,4085916.294092149,2.3000000000000003,117.0,2.3000000000000003_117.0
92,2023,5,50.52000045776367,172.39204136164304,-0.6894440054893494,117.4974594116211,2023-05-02,1.0699700872813596,2.5511971914485794,1.7858380340140054,111673.8097809978,-0.7000000000000001,117.5,-0.7000000000000001_117.5
93,2023,3,11.760000228881836,364.3435690877682,-0.398470014333725,117.052490234375,2023-05-12,2.2613382690877484,5.391851519578796,3.774296063705157,236018.05575167458,-0.4,117.10000000000001,-0.4_117.10000000000001
94,2023,5,129.77999877929688,693.7414785730278,-1.0631901025772095,114.02336120605469,2023-05-16,4.305782474159151,10.266548836869259,7.1865841858084805,449398.6688911617,-1.1,114.0,-1.1_114.0
95,2023,16,33.7400016784668,1071.0769030637725,-1.3019812107086182,114.25435638427734,2023-05-22,6.647756116838818,15.85066436558667,11.095465055910669,693832.7163412619,-1.3,114.30000000000001,-1.3_114.30000000000001
96,2023,13,78.7300033569336,1409.3367661053353,-1.1709070205688477,114.90706634521484,2023-05-25,8.74720300733135,20.856508056253848,14.599555639377693,912954.0127972052,-1.2000000000000002,114.9,-1.2000000000000002_114.9
97,2023,8,74.22999572753906,825.6803251069672,0.14400124549865723,116.31698608398438,2023-05-27,5.1246753767936415,12.219086854643695,8.553360798250585,534867.3107970038,0.1,116.30000000000001,0.1_116.30000000000001
114,2023,10,277.1000061035156,2849.585970444447,-0.5579970479011536,115.5715560913086,2023-05-27,17.68626744848428,42.17048343512846,29.51933840458992,1845932.7884542216,-0.6000000000000001,115.60000000000001,-0.6000000000000001_115.60000000000001
98,2023,17,103.30999755859375,12255.858126463021,-1.952495813369751,115.58625793457031,2023-05-27,76.06732587944927,181.3721247457865,126.96048732205054,7939220.153709786,-2.0,115.60000000000001,-2.0_115.60000000000001
99,2023,66,660.6500244140625,27425.09598196777,-2.4253876209259033,115.64768981933594,2023-05-27,170.21686215762116,405.8588046859303,284.1011632801512,17765698.043397695,-2.4000000000000004,115.60000000000001,-2.4000000000000004_115.60000000000001
100,2023,12,6.849999904632568,1482.6153138744553,-1.4636473655700684,114.5921401977539,2023-05-28,9.202014340459527,21.940943415249517,15.358660390674661,960423.1102100586,-1.5,114.60000000000001,-1.5_114.60000000000001
101,2023,5,15.319998741149902,378.83265631902907,-0.1268640011548996,116.20243835449219,2023-05-31,2.3512663760177985,5.606272779162945,3.9243909454140615,245403.93898957752,-0.1,116.2,-0.1_116.2
102,2023,35,433.50994873046875,8504.58470874363,0.7843326330184937,114.5191650390625,2023-05-31,52.78463652516848,125.85773944092762,88.10041760864932,5509183.414321668,0.8,114.5,0.8_114.5
103,2023,17,65.8499984741211,1684.8449515052814,-2.043658971786499,113.5031509399414,2023-05-31,10.457174737178844,24.933701546520307,17.453591082564213,1091425.4111659878,-2.0,113.5,-2.0_113.5
104,2023,479,3190.85009765625,32956.746621096114,-2.395948648452759,115.14064025878906,2023-05-31,204.54965774614791,487.7206555182097,341.40445886274676,21349045.026064143,-2.4000000000000004,115.10000000000001,-2.4000000000000004_115.10000000000001
105,2023,8,42.320003509521484,2724.2803364807824,-0.22712624073028564,115.970703125,2023-06-01,16.908544306221057,40.31610907471258,28.2212763522988,1764761.074138301,-0.2,116.0,-0.2_116.0
106,2023,12,36.41999816894531,489.98678835908345,-0.6370983719825745,117.2253646850586,2023-06-03,3.041156671539543,7.251221741067787,5.07585521874745,317408.4543939343,-0.6000000000000001,117.2,-0.6000000000000001_117.2
107,2023,172,1065.1300048828125,39762.67749231054,-1.9148856401443481,114.97837829589844,2023-06-06,246.79141317050514,588.4403383219585,411.9082368253709,25757857.77340092,-1.9000000000000001,115.0,-1.9000000000000001_115.0
108,2023,12,118.36000061035156,1452.7147558269164,0.32589831948280334,116.91291046142578,2023-06-08,9.016433251847829,21.498450715986202,15.04891550119034,941053.8330359355,0.30000000000000004,116.9,0.30000000000000004_116.9
109,2023,4,23.71000099182129,625.3562679887816,-2.3294849395751953,115.73308563232422,2023-06-10,3.881342174249457,9.25452904871002,6.4781703340970145,405099.4255020886,-2.3000000000000003,115.7,-2.3000000000000003_115.7
110,2023,8,66.05999755859375,1366.71925638311,1.3753137588500977,117.03179931640625,2023-06-11,8.482692765228322,20.22581959609582,14.158073717267074,885346.8237618619,1.4000000000000001,117.0,1.4000000000000001_117.0
111,2023,18,130.8000030517578,11168.925665842886,-1.2614628076553345,114.37423706054688,2023-06-11,69.32116050793444,165.2868169849065,115.70077188943453,7235116.36856201,-1.3,114.4,-1.3_114.4
112,2023,42,571.760009765625,27350.22806636889,0.5373833775520325,115.22557067871094,2023-06-12,169.75218623896978,404.7508485732418,283.3255940012692,17717199.36968137,0.5,115.2,0.5_115.2
115,2023,3,14.5,1372.8680300043006,-1.8277167081832886,113.96420288085938,2023-06-25,8.520855802200181,20.3168141331367,14.221769893195688,889329.936731206,-1.8,114.0,-1.8_114.0
116,2023,9,98.79000091552734,1028.1914907878652,-0.21044667065143585,116.91231536865234,2023-06-26,6.381583108192264,15.216011266242651,10.651207886369855,666051.9827583662,-0.2,116.9,-0.2_116.9
117,2023,797,5770.5498046875,158498.9242732393,-2.3222038745880127,114.8473892211914,2023-06-27,983.7409343211871,2345.5955812092325,1641.9169068464626,102673989.93582985,-2.3000000000000003,114.80000000000001,-2.3000000000000003_114.80000000000001
118,2023,20,163.99000549316406,16371.395120726502,-1.1651995182037354,114.1921157836914,2023-06-28,101.61085702033367,242.2771777757105,169.59402444299735,10605223.130493954,-1.2000000000000002,114.2,-1.2000000000000002_114.2
119,2023,15,43.8800048828125,5122.930005521425,-1.328837275505066,113.98495483398438,2023-06-30,31.796026207760043,75.81327153413407,53.069290073893846,3318581.916190804,-1.3,114.0,-1.3_114.0
120,2023,4,18.05000114440918,375.19778273355496,-2.204740047454834,115.3111343383789,2023-07-01,2.328706134971939,5.5524809729444735,3.886736681061131,243049.3048767957,-2.2,115.30000000000001,-2.2_115.30000000000001
121,2023,7,26.470001220703125,4984.7755102812735,-1.2426115274429321,116.57482147216797,2023-07-10,30.938555200613493,73.76874930759297,51.63812451531508,3229086.840316198,-1.2000000000000002,116.60000000000001,-1.2000000000000002_116.60000000000001
122,2023,55,662.280029296875,13213.920634781172,0.31647878885269165,116.77409362792969,2023-07-12,82.0136457765246,195.5503104737808,136.88521733164654,8559843.295399854,0.30000000000000004,116.80000000000001,0.30000000000000004_116.80000000000001
123,2023,269,1501.2900390625,5589.7868921418785,-2.483285903930664,114.41584777832031,2023-07-12,34.693624610677574,82.72219823717114,57.905538766019795,3621007.0556555158,-2.5,114.4,-2.5_114.4
124,2023,23,117.45999908447266,7290.617794166781,1.211327314376831,118.72069549560547,2023-07-13,45.25001790074119,107.89247283976854,75.52473098783797,4722788.002862472,1.2000000000000002,118.7,1.2000000000000002_118.7
125,2023,27,226.62998962402344,1435.2449402944565,-2.395075798034668,115.00081634521484,2023-07-17,8.90800492822909,21.239918222435413,14.867942755704789,929737.0643424876,-2.4000000000000004,115.0,-2.4000000000000004_115.0
126,2023,1991,9827.9599609375,102476.92544837472,-2.273958921432495,114.00991821289062,2023-07-17,636.0342623723883,1516.5366238905085,1061.575636723356,66383509.29122162,-2.3000000000000003,114.0,-2.3000000000000003_114.0
127,2023,31,536.6699829101562,10917.18987822571,1.4237244129180908,115.35792541503906,2023-07-18,67.75873476878125,161.56142671002266,113.09299869701586,7072044.487520493,1.4000000000000001,115.4,1.4000000000000001_115.4
128,2023,14,75.6199951171875,5388.726697502784,-0.13234642148017883,115.66910552978516,2023-07-19,33.44572248997872,79.74674647139437,55.82272252997606,3490762.307966993,-0.1,115.7,-0.1_115.7
129,2023,4,44.53999710083008,1281.1835195363967,-0.09307000041007996,117.2513427734375,2023-07-19,7.9518058455267235,18.959992415860498,13.271994691102348,829937.6440187031,-0.1,117.30000000000001,-0.1_117.30000000000001
130,2023,5,38.89999771118164,577.0850606154106,-0.6139139533042908,116.42024993896484,2023-07-19,3.5817416384096736,8.54017258708872,5.978120810962104,373829.8286718933,-0.6000000000000001,116.4,-0.6000000000000001_116.4
131,2023,16,82.38999938964844,14999.73602797161,1.7536462545394897,114.94454956054688,2023-07-19,93.09750461959014,221.97825447611208,155.38477813327845,9716676.3310083,1.8,114.9,1.8_114.9
132,2023,38,148.00001525878906,4586.239723987282,-0.7607486844062805,117.05632019042969,2023-07-20,28.464999190268543,67.87089363714433,47.50962554600103,2970919.4142680825,-0.8,117.10000000000001,-0.8_117.10000000000001
133,2023,3,16.049999237060547,471.22410828994896,-2.496363401412964,115.44628143310547,2023-07-21,2.9247040425629547,6.973556389939375,4.881489472957562,305254.1812124552,-2.5,115.4,-2.5_115.4
134,2023,4,12.829999923706055,1048.353344516595,1.8352150917053223,114.85488891601562,2023-07-24,6.506719861742436,15.514382723537645,10.86006790647635,679112.6263956856,1.8,114.9,1.8_114.9
135,2023,7,72.36000061035156,786.1323868618136,-1.3707057237625122,114.30342102050781,2023-07-25,4.8792167662815915,11.63382440179669,8.143677081257684,509248.5589222867,-1.4000000000000001,114.30000000000001,-1.4000000000000001_114.30000000000001
136,2023,9,57.45000076293945,1529.5173638492402,-1.624066710472107,114.83798217773438,2023-07-25,9.493117050937443,22.635037975669725,15.844526582968806,990805.7808127883,-1.6,114.80000000000001,-1.6_114.80000000000001
137,2023,12,43.720001220703125,2847.2837395155066,-1.515288233757019,114.22032928466797,2023-07-28,17.67197840005418,42.136413155354596,29.495489208748214,1844441.426690652,-1.5,114.2,-1.5_114.2
138,2023,4,19.790000915527344,1576.80356220352,-1.761970043182373,115.529296875,2023-07-28,9.786604020409513,23.33481747525027,16.334372232675186,1021437.2988258774,-1.8,115.5,-1.8_115.5
139,2023,11,80.87999725341797,949.6757398413919,-1.0736018419265747,115.04524230957031,2023-07-28,5.894266499898701,14.054071528671406,9.837850070069983,615190.2784316862,-1.1,115.0,-1.1_115.0
140,2023,4,43.04999923706055,797.856338239679,2.488460063934326,117.58378601074219,2023-07-28,4.951982754664672,11.807324939244033,8.265127457470824,516843.215298023,2.5,117.60000000000001,2.5_117.60000000000001
141,2023,73,778.2600708007812,20000.186873727398,0.7757943868637085,114.253662109375,2023-07-29,124.13335050678845,295.97898010651977,207.18528607456383,12955917.494100701,0.8,114.30000000000001,0.8_114.30000000000001
142,2023,64,636.719970703125,39129.25884529429,0.8836181163787842,114.70049285888672,2023-07-29,242.86003095772733,579.0664956519884,405.3465469563918,25347535.62082405,0.9,114.7,0.9_114.7
143,2023,4,21.489999771118164,231.90122456256472,0.6708875298500061,114.46234893798828,2023-07-29,1.4393203510209693,3.4318623303287663,2.4023036312301365,150223.25297171413,0.7000000000000001,114.5,0.7000000000000001_114.5
144,2023,8,63.10000228881836,1588.3297619389746,0.43097376823425293,116.62947082519531,2023-07-29,9.858142641563695,23.505391523570054,16.453774066499037,1028903.8537003843,0.4,116.60000000000001,0.4_116.60000000000001
145,2023,7,106.4000015258789,4113.954153019599,-0.5391842722892761,115.71015930175781,2023-07-29,25.533707063331335,60.88162886194035,42.61714020335824,2664977.628336601,-0.5,115.7,-0.5_115.7
146,2023,3,35.060001373291016,263.37723381208986,-0.2907933294773102,115.4137954711914,2023-07-29,1.6346796500812606,3.897669833744438,2.7283688836211066,170613.09139947867,-0.30000000000000004,115.4,-0.30000000000000004_115.4
147,2023,4,11.819999694824219,1559.6814075825196,2.23722505569458,116.74226379394531,2023-07-30,9.680333492317995,23.08142994972635,16.157000964808443,1010345.7413323664,2.2,116.7,2.2_116.7
148,2023,11,115.22000122070312,1262.0852650362401,1.3776345252990723,118.02395629882812,2023-07-30,7.833270437087615,18.677360962241604,13.074152673569122,817565.989136298,1.4000000000000001,118.0,1.4000000000000001_118.0
149,2023,13,346.06005859375,1698.2776257265955,1.7040170431137085,115.08998107910156,2023-07-30,10.540546101050863,25.132489149917674,17.59274240494237,1100126.9608082613,1.7000000000000002,115.10000000000001,1.7000000000000002_115.10000000000001
150,2023,25,164.29000854492188,18055.381827463716,1.3336623907089233,118.45562744140625,2023-07-30,112.06270496735362,267.1981783203483,187.0387248242438,11696092.579434436,1.3,118.5,1.3_118.5
151,2023,96,758.489990234375,27459.384050119537,-0.12740842998027802,116.40823364257812,2023-07-30,170.4296748082707,406.3662273168015,284.456359121761,17787909.50496108,-0.1,116.4,-0.1_116.4
152,2023,22,185.91001892089844,10443.83380513374,0.9023292064666748,114.07587432861328,2023-07-31,64.82079845315464,154.55631977649543,108.18942384354679,6765409.241208511,0.9,114.10000000000001,0.9_114.10000000000001
153,2023,7,4.78000020980835,683.4650317295522,-0.7124814391136169,117.1461181640625,2023-07-31,4.242000581217877,10.11446964505699,7.080128751539893,442741.6912200441,-0.7000000000000001,117.10000000000001,-0.7000000000000001_117.10000000000001
154,2023,5,52.40999984741211,1293.2173424245932,-1.3906561136245728,116.17659759521484,2023-07-31,8.026495085379747,19.138078683139813,13.396655078197869,837733.0320049473,-1.4000000000000001,116.2,-1.4000000000000001_116.2
155,2023,6,40.099998474121094,559.8499422196937,2.320791721343994,116.6820068359375,2023-07-31,3.474769988277147,8.285113332043435,5.799579332430405,362665.0943948705,2.3000000000000003,116.7,2.3000000000000003_116.7
156,2023,3,24.520000457763672,191.56215905736607,0.4446433484554291,115.01309967041016,2023-08-01,1.1889515225151237,2.834892134897106,1.984424494427974,124092.0169100645,0.4,115.0,0.4_115.0
157,2023,7,36.720001220703125,682.91284720364,0.8030728697776794,113.74317169189453,2023-08-01,4.238573387475527,10.106297970770049,7.074408579539034,442383.99170431437,0.8,113.7,0.8_113.7
158,2023,5,50.23999786376953,362.3210532495382,1.9889461994171143,115.1049575805664,2023-08-01,2.2487853030060996,5.361920690490646,3.7533444833434517,234707.89057691608,2.0,115.10000000000001,2.0_115.10000000000001
159,2023,27,204.08001708984375,6174.068163693369,-1.8289601802825928,114.35713195800781,2023-08-01,38.32003032048263,91.3688661878752,63.958206331512635,3999498.5165284798,-1.8,114.4,-1.8_114.4
160,2023,9,66.5,1316.758647460578,0.1363811045885086,115.07735443115234,2023-08-01,8.172606773628912,19.48646200070172,13.640523400491205,852982.8498029165,0.1,115.10000000000001,0.1_115.10000000000001
161,2023,3,25.85999870300293,476.69308171275685,-0.2496933490037918,115.5896224975586,2023-08-02,2.9586478251431823,7.054490692510253,4.938143484757177,308796.92653232056,-0.2,115.60000000000001,-0.2_115.60000000000001
162,2023,7,132.04000854492188,994.3976676454814,-2.30517578125,115.8659439086914,2023-08-02,6.171838043329471,14.715902873719479,10.301132011603634,644160.68808161,-2.3000000000000003,115.9,-2.3000000000000003_115.9
163,2023,45,651.1399536132812,22437.344587439216,-0.995764434337616,115.3994140625,2023-08-02,139.2598368054702,332.04601583060776,232.4322110814254,14534683.455554776,-1.0,115.4,-1.0_115.4
164,2023,4,24.3799991607666,224.26837354180054,-0.44449999928474426,115.18103790283203,2023-08-03,1.391946225113613,3.318905212743107,2.323233648920175,145278.76976792532,-0.4,115.2,-0.4_115.2
165,2023,4,19.53999900817871,187.55118911415875,-0.6772649884223938,116.40025329589844,2023-08-03,1.1640569982301334,2.7755345498643433,1.9428741849050402,121493.75140466688,-0.7000000000000001,116.4,-0.7000000000000001_116.4
166,2023,9,187.10000610351562,917.7634852415425,-1.5313600301742554,115.74778747558594,2023-08-03,5.69619959628848,13.581808112884495,9.507265679019145,594517.8447061043,-1.5,115.7,-1.5_115.7
167,2023,8,60.40999984741211,1152.446578941601,-0.0389849990606308,116.05995178222656,2023-08-03,7.152785922817016,17.054838798054327,11.938387158638028,746543.1641911118,-0.0,116.10000000000001,-0.0_116.10000000000001
168,2023,355,3365.27001953125,28030.42130644809,-2.236435890197754,114.40267181396484,2023-08-04,173.9738800869415,414.81689959291765,290.37182971504234,18157821.62757074,-2.2,114.4,-2.2_114.4
169,2023,222,1110.739990234375,25648.396038396884,-2.414869785308838,114.5616226196289,2023-08-04,159.18957935105942,379.56575849723646,265.6960309480655,16614769.903275382,-2.4000000000000004,114.60000000000001,-2.4000000000000004_114.60000000000001
170,2023,19,122.35000610351562,1832.223457920998,1.4020047187805176,115.7167739868164,2023-08-04,11.371895580017629,27.114728168618885,18.98030971803322,1186895.7075977712,1.4000000000000001,115.7,1.4000000000000001_115.7
171,2023,14,261.07000732421875,2856.553321773617,1.9194878339767456,116.7835464477539,2023-08-04,17.72951107766176,42.27359194873742,29.59151436411619,1850446.1677312776,1.9000000000000001,116.80000000000001,1.9000000000000001_116.80000000000001
172,2023,5,25.559999465942383,233.23311789065684,2.3682878017425537,117.0743179321289,2023-08-05,1.447586892847681,3.451572767603592,2.416100937322514,151086.03991358876,2.4000000000000004,117.10000000000001,2.4000000000000004_117.10000000000001
173,2023,3,20.1200008392334,252.3637902739625,1.9170132875442505,115.0310287475586,2023-08-05,1.566323506429374,3.7346839673394725,2.614278777137631,163478.69477074748,1.9000000000000001,115.0,1.9000000000000001_115.0
174,2023,5,22.079999923706055,774.3570225542318,1.4548040628433228,117.8019790649414,2023-08-05,4.806131677918826,11.459563014133401,8.02169410989338,501620.5977739627,1.5,117.80000000000001,1.5_117.80000000000001
175,2023,5,33.340003967285156,619.6972615957309,-0.7911980152130127,116.12028503417969,2023-08-05,3.846218931224588,9.170782484180082,6.419547738926057,401433.5787582631,-0.8,116.10000000000001,-0.8_116.10000000000001
176,2023,12,99.83000183105469,4103.06119928415,1.040679931640625,118.82921600341797,2023-08-05,25.466098752837343,60.720426101320086,42.50429827092406,2657921.283775694,1.0,118.80000000000001,1.0_118.80000000000001
177,2023,3,14.010000228881836,633.9214951838003,-0.44044002890586853,115.58566284179688,2023-08-06,3.9345031950080287,9.381284224827521,6.566898957379264,410647.8925017975,-0.4,115.60000000000001,-0.4_115.60000000000001
178,2023,32,50.19000244140625,1814.57830443548,-0.6768706440925598,117.2665786743164,2023-08-06,11.26237900218799,26.853600881887022,18.797520617320913,1175465.3567629287,-0.7000000000000001,117.30000000000001,-0.7000000000000001_117.30000000000001
179,2023,5,15.9399995803833,1510.0350897260032,1.0579960346221924,117.8384017944336,2023-08-06,9.37219818264497,22.34672348833231,15.642706441832615,978185.361927119,1.1,117.80000000000001,1.1_117.80000000000001
180,2023,23,83.5300064086914,4249.837844087966,-2.396453619003296,116.26077270507812,2023-08-06,26.377084075658324,62.89254588733857,44.024782121136994,2753001.7003810597,-2.4000000000000004,116.30000000000001,-2.4000000000000004_116.30000000000001
181,2023,4,14.829999923706055,232.61229196763605,0.7178850173950195,114.02432250976562,2023-08-07,1.4437336687556963,3.442385282272604,2.409669697590823,150683.87519944692,0.7000000000000001,114.0,0.7000000000000001_114.0
182,2023,4,62.099998474121094,208.44750802524703,1.0944600105285645,116.67781066894531,2023-08-07,1.2937522903825878,3.0847752183807486,2.159342652866524,135030.17411170233,1.1,116.7,1.1_116.7
183,2023,3,43.57999801635742,1037.9582577961012,-0.19194667041301727,115.88088989257812,2023-08-07,6.4422016174095,15.36054780264037,10.75238346184826,672378.7950197572,-0.2,115.9,-0.2_115.9
184,2023,4,56.57999801635742,248.44817295431565,0.40773501992225647,116.6978988647461,2023-08-08,1.5420207986467447,3.6767374877353793,2.573716241414765,160942.19772438952,0.4,116.7,0.4_116.7
185,2023,17,44.769996643066406,2190.5255466288177,-0.5163470506668091,117.2904052734375,2023-08-08,13.595736739387409,32.41717296352654,22.692021074468578,1419000.1538497435,-0.5,117.30000000000001,-0.5_117.30000000000001
186,2023,157,776.47998046875,1520.6587891210147,-2.107489585876465,114.23474884033203,2023-08-10,9.438135336582869,22.503941604930223,15.752759123451154,985067.286266771,-2.1,114.2,-2.1_114.2
187,2023,80,643.239990234375,5153.602489260555,-1.902266502380371,114.11647033691406,2023-08-10,31.98639833772772,76.26718781560476,53.387031470923326,3338451.2389712483,-1.9000000000000001,114.10000000000001,-1.9000000000000001_114.10000000000001
188,2023,7,32.90999984741211,373.23579312380946,-1.9807273149490356,114.4506607055664,2023-08-11,2.316528831556982,5.523445860055858,3.8664121020391007,241778.34797681108,-2.0,114.5,-2.0_114.5
189,2023,6,67.6300048828125,905.5212032203397,-1.658230185508728,114.48017120361328,2023-08-11,5.620216531993355,13.400636898350902,9.38044582884563,586587.4190152038,-1.7000000000000002,114.5,-1.7000000000000002_114.5
190,2023,5,47.439998626708984,340.41288079366257,1.855970025062561,116.8533935546875,2023-08-13,2.112809830996845,5.037705792878574,3.5263940550150017,220515.9994422531,1.9000000000000001,116.9,1.9000000000000001_116.9
191,2023,14,105.15000915527344,8321.099297485607,-2.1446785926818848,115.1500473022461,2023-08-13,51.645814222538185,123.14237356802595,86.19966149761815,5390323.432430556,-2.1,115.2,-2.1_115.2
192,2023,5,24.760000228881836,1479.1299554903549,-1.8747320175170898,115.55619049072266,2023-08-13,9.180382081887801,21.889364256197414,15.32255497933819,958165.330522955,-1.9000000000000001,115.60000000000001,-1.9000000000000001_115.60000000000001
193,2023,5,121.05000305175781,636.5621894721861,0.09780199825763702,113.90312194824219,2023-08-14,3.9508929533513406,9.420363359796818,6.5942543518577725,412358.50738472206,0.1,113.9,0.1_113.9
194,2023,3,14.34999942779541,812.0744256291592,-1.20701003074646,113.66219329833984,2023-08-14,5.040228871393359,12.017735723461843,8.41241500642329,526053.5475966675,-1.2000000000000002,113.7,-1.2000000000000002_113.7
195,2023,5,22.950000762939453,886.5037300579013,-0.2655859887599945,117.08206939697266,2023-08-14,5.502182501774994,13.119200912459407,9.183440638721585,574268.0934611768,-0.30000000000000004,117.10000000000001,-0.30000000000000004_117.10000000000001
196,2023,3,5.939999580383301,171.4382018116295,-1.2692700624465942,113.69512176513672,2023-08-17,1.064049977637554,2.5370815004812552,1.7759570503368785,111055.92222871602,-1.3,113.7,-1.3_113.7
197,2023,5,31.799999237060547,340.36488078222106,-1.3488960266113281,116.6431655883789,2023-08-17,2.1125119136682615,5.03699544979422,3.5258968148559537,220484.90552338737,-1.3,116.60000000000001,-1.3_116.60000000000001
198,2023,6,64.70000457763672,670.1567668843044,-1.167080044746399,116.56857299804688,2023-08-17,4.159401377765313,9.917523152469053,6.942266206728337,434120.7327053431,-1.2000000000000002,116.60000000000001,-1.2000000000000002_116.60000000000001
199,2023,3,10.850000381469727,178.17230279912403,-1.5054668188095093,113.9953842163086,2023-08-17,1.1058459130208806,2.636738186431084,1.8457167305017588,115418.20430846648,-1.5,114.0,-1.5_114.0
200,2023,7,394.4899597167969,1877.4306585333154,-0.03740999847650528,113.59198760986328,2023-08-18,11.652479022285918,27.78374097410828,19.448618681875796,1216180.472033739,-0.0,113.60000000000001,-0.0_113.60000000000001
201,2023,128,1111.9300537109375,56496.10332043484,0.275783509016037,115.44845581054688,2023-08-18,350.64925343051374,836.0751400148536,585.2525980103975,36597600.711384185,0.30000000000000004,115.4,0.30000000000000004_115.4
202,2023,19,169.989990234375,9922.774927788772,0.7416093945503235,116.3926010131836,2023-08-18,61.58678945791358,146.84526807154356,102.79168765008049,6427872.603822484,0.7000000000000001,116.4,0.7000000000000001_116.4
203,2023,4,19.479999542236328,296.93584386017034,-0.18911248445510864,114.24345397949219,2023-08-19,1.8429648391107292,4.394297352203826,3.076008146542678,192352.01742775328,-0.2,114.2,-0.2_114.2
204,2023,9,118.13999938964844,1150.7582902715894,-0.25510111451148987,115.53514099121094,2023-08-20,7.142307374263728,17.029854133569426,11.920897893498598,745449.5079741478,-0.30000000000000004,115.5,-0.30000000000000004_115.5
205,2023,9,78.81999969482422,1964.6427588627887,-0.1370433270931244,115.45475006103516,2023-08-20,12.19377047555993,29.07437634023945,20.352063438167615,1272675.5829789354,-0.1,115.5,-0.1_115.5
206,2023,8,45.18000030517578,796.9962217223398,-2.3113760948181152,115.56817626953125,2023-08-20,4.9466443472889,11.794596237698288,8.256217366388801,516286.0405723909,-2.3000000000000003,115.60000000000001,-2.3000000000000003_115.60000000000001
207,2023,4,15.65999984741211,229.8475810998804,-2.484830141067505,116.0517578125,2023-08-20,1.4265741879286513,3.401470849417846,2.381029594592492,148892.9236386523,-2.5,116.10000000000001,-2.5_116.10000000000001
208,2023,11,317.3899841308594,3596.1431223125624,1.6731410026550293,117.06749725341797,2023-08-21,22.31985618399409,53.21864142466289,37.253048997264024,2329544.9129459113,1.7000000000000002,117.10000000000001,1.7000000000000002_117.10000000000001
209,2023,16,32.720001220703125,726.6364657710953,-2.236203670501709,115.22921752929688,2023-08-21,4.509948815281594,10.753355526375282,7.527348868462697,470707.70679157786,-2.2,115.2,-2.2_115.2
298,2023,4,60.95000076293945,1334.4596074810502,-1.3055449724197388,115.03694915771484,2023-08-21,8.282469720830386,19.74841515778186,13.823890610447302,864449.3515431011,-1.3,115.0,-1.3_115.0
210,2023,6,29.440000534057617,1295.2659552172815,-1.061579942703247,114.8718032836914,2023-08-22,8.039210025067712,19.168395716117622,13.417877001282335,839060.1025211882,-1.1,114.9,-1.1_114.9
211,2023,19,183.1699981689453,8992.430773481221,-0.8751447796821594,114.86305236816406,2023-08-22,55.81250656107193,133.07728101829593,93.15409671280715,5825205.1297419695,-0.9,114.9,-0.9_114.9
212,2023,41,238.34999084472656,3454.186210783623,-1.810808539390564,114.44435119628906,2023-08-24,21.43878506366216,51.11784795914781,35.782493571403464,2237586.670500573,-1.8,114.4,-1.8_114.4
213,2023,4,120.59000396728516,207.21093293232857,-1.5946099758148193,114.93852233886719,2023-08-27,1.2860773516229478,3.0664753776273646,2.146532764339155,134229.13335242038,-1.6,114.9,-1.6_114.9
214,2023,4,20.810001373291016,438.51738995763304,-1.1411800384521484,113.72427368164062,2023-08-28,2.7217062127774017,6.489535855743941,4.542675099020758,284067.1019670651,-1.1,113.7,-1.1_113.7
215,2023,5,24.229999542236328,556.9210309126979,-1.5782959461212158,115.63330078125,2023-08-28,3.456591379438636,8.241768927966598,5.769238249576619,360767.77546077466,-1.6,115.60000000000001,-1.6_115.60000000000001
216,2023,16,358.71002197265625,2256.619530621606,-0.7723787426948547,115.8790512084961,2023-08-29,14.005956290492922,33.39528532301952,23.376699726113664,1461815.1639730658,-0.8,115.9,-0.8_115.9
217,2023,4,24.799999237060547,2415.1040684691975,-2.2273499965667725,115.3996353149414,2023-08-29,14.989607933887543,35.740668002238515,25.018467601566957,1564479.8345287866,-2.2,115.4,-2.2_115.4
218,2023,5,15.610000610351562,1004.0925629259452,-2.2947440147399902,115.33226013183594,2023-08-29,6.232010472795983,14.859375794021068,10.401563055814746,650440.9425692635,-2.3000000000000003,115.30000000000001,-2.3000000000000003_115.30000000000001
219,2023,3,14.770000457763672,417.3482640025248,0.8448966145515442,113.67626953125,2023-08-29,2.590317713824938,6.176257967417306,4.323380577192114,270353.95763355447,0.8,113.7,0.8_113.7
220,2023,3,14.100000381469727,160.8384931159305,1.923923373222351,116.94708251953125,2023-08-30,0.9982617246027043,2.380218417701744,1.6661528923912208,104189.5388199002,1.9000000000000001,116.9,1.9000000000000001_116.9
221,2023,6,42.160003662109375,1308.9800744416739,-1.1227549314498901,115.34674835205078,2023-08-30,8.124328208178774,19.371348370846412,13.559943859592488,847943.969371897,-1.1,115.30000000000001,-1.1_115.30000000000001
222,2023,13,156.51998901367188,1951.277060637965,-0.829967737197876,115.93482971191406,2023-08-30,12.110814805546193,28.876579901937593,20.213605931356312,1264017.4197055043,-0.8,115.9,-0.8_115.9
223,2023,7,17.920000076293945,1326.044268639712,-1.178924322128296,116.8199234008789,2023-08-30,8.230238998556613,19.62387815104109,13.736714705728762,858997.9806933367,-1.2000000000000002,116.80000000000001,-1.2000000000000002_116.80000000000001
224,2023,29,301.0599670410156,6481.903781134204,-0.22266070544719696,115.31868743896484,2023-08-30,40.230645798203675,95.92446722629784,67.14712705840849,4198911.296343458,-0.2,115.30000000000001,-0.2_115.30000000000001
226,2023,3,46.869998931884766,127.4999034388981,0.9694066643714905,116.50341796875,2023-08-30,0.7913421161055768,1.886846939070214,1.3207928573491499,82593.13974861438,1.0,116.5,1.0_116.5
227,2023,12,81.54999542236328,590.8002311314403,0.6491275429725647,116.1611099243164,2023-08-30,3.6668663464774336,8.743140799683474,6.120198559778431,382714.37653862464,0.6000000000000001,116.2,0.6000000000000001_116.2
228,2023,20,164.7100067138672,3470.766380028679,0.929827094078064,118.91059875488281,2023-08-30,21.541691700152743,51.363214745674775,35.95425032197234,2248327.135383896,0.9,118.9,0.9_118.9
229,2023,4,12.380000114440918,640.1061640776671,0.9463949799537659,117.7444076538086,2023-08-30,3.97288901992146,9.472809969214833,6.630966978450383,414654.25806343777,0.9,117.7,0.9_117.7
230,2023,30,338.8299865722656,9571.802535451341,0.5687776803970337,115.99162292480469,2023-08-31,59.40844086190825,141.65129406592877,99.15590584615013,6200516.260277307,0.6000000000000001,116.0,0.6000000000000001_116.0
231,2023,24,234.82000732421875,12940.369818027562,-0.3252241611480713,114.6885986328125,2023-08-31,80.31582266957652,191.50208371164007,134.05145859814803,8382639.860517991,-0.30000000000000004,114.7,-0.30000000000000004_114.7
232,2023,3,14.280000686645508,965.2404072621755,-0.17148667573928833,115.5320816040039,2023-08-31,5.990870313086255,14.28441009590511,9.999087067133576,625272.9115690639,-0.2,115.5,-0.2_115.5
233,2023,17,173.92001342773438,7591.611436350818,-1.017995834350586,114.41400909423828,2023-08-31,47.11816790961071,112.34682078134729,78.6427745469431,4917768.620743993,-1.0,114.4,-1.0_114.4
234,2023,3,23.809999465942383,173.7081161353003,-1.6974834203720093,114.88542938232422,2023-08-31,1.0781384495173216,2.5706735329303028,1.7994714730512118,112526.34962431142,-1.7000000000000002,114.9,-1.7000000000000002_114.9
235,2023,5,50.810001373291016,970.0035378850537,-0.16601398587226868,113.8985824584961,2023-09-01,6.020433205015832,14.354898764474777,10.048429135132343,628358.4191072308,-0.2,113.9,-0.2_113.9
236,2023,14,182.38999938964844,552.1764779652099,0.98154217004776,118.53406524658203,2023-09-01,3.4271437918862313,8.17155518689883,5.7200886308291805,357694.3023516411,1.0,118.5,1.0_118.5
237,2023,3,17.520000457763672,178.89151816537424,-1.6248565912246704,113.70606231689453,2023-09-02,1.1103098019691326,2.647381718510242,1.8531672029571693,115884.10470252066,-1.6,113.7,-1.6_113.7
238,2023,22,188.82998657226562,7811.43486506003,-0.3338581919670105,114.4964599609375,2023-09-02,48.48252609775394,115.59994609680817,80.91996226776571,5060168.000490193,-0.30000000000000004,114.5,-0.30000000000000004_114.5
239,2023,3,33.66999816894531,337.1247388742982,-0.3821466863155365,117.13224029541016,2023-09-02,2.0924016180151606,4.989045202960917,3.492331642072642,218385.9745737285,-0.4,117.10000000000001,-0.4_117.10000000000001
240,2023,10,97.58999633789062,4112.0269644476875,-0.34653300046920776,115.49346923828125,2023-09-02,25.521745756369544,60.85310876302383,42.59717613411668,2663729.2151947184,-0.30000000000000004,115.5,-0.30000000000000004_115.5
241,2023,5,72.45000457763672,184.77822963064298,0.2109440118074417,114.31227111816406,2023-09-03,1.1468463214658802,2.734498047306168,1.9141486331143176,119697.45647453763,0.2,114.30000000000001,0.2_114.30000000000001
242,2023,60,956.25,24517.353220250734,-1.1590068340301514,115.22342681884766,2023-09-03,152.16963821403164,362.82766990410164,253.97936893287113,15882091.877479231,-1.2000000000000002,115.2,-1.2000000000000002_115.2
243,2023,5,39.18000030517578,1527.3192352302376,-0.27490997314453125,114.36906433105469,2023-09-03,9.479474124896583,22.602508286277175,15.82175580039402,989381.8554660393,-0.30000000000000004,114.4,-0.30000000000000004_114.4
244,2023,15,82.2300033569336,1650.126032246177,-2.1970787048339844,113.58560943603516,2023-09-03,10.241687961939324,24.41990283165884,17.093931982161184,1068934.8486404852,-2.2,113.60000000000001,-2.2_113.60000000000001
245,2023,7,76.44000244140625,1065.4974329660104,-0.6280356645584106,114.76466369628906,2023-09-03,6.613126524542484,15.768094843636863,11.037666390545803,690218.3924000007,-0.6000000000000001,114.80000000000001,-0.6000000000000001_114.80000000000001
246,2023,6,61.0,1711.0021212432302,-0.8332433700561523,113.72551727294922,2023-09-03,10.619522076223543,25.32079655070155,17.724557585491084,1108369.759493514,-0.8,113.7,-0.8_113.7
247,2023,4,32.41999816894531,217.67659119332694,-0.8016749620437622,114.03144836425781,2023-09-03,1.3510336059519183,3.221354673395483,2.254948271376838,141008.6802540078,-0.8,114.0,-0.8_114.0
248,2023,15,202.77000427246094,6961.1173574882205,-0.6842759847640991,115.45475006103516,2023-09-03,43.204937349414486,103.01625824194976,72.11138076936483,4509340.973650691,-0.7000000000000001,115.5,-0.7000000000000001_115.5
249,2023,3,6.789999961853027,588.1032937324627,-1.6166033744812012,113.85079193115234,2023-09-03,3.6501275091077723,8.703229333565668,6.092260533495967,380967.3279411033,-1.6,113.9,-1.6_113.9
250,2023,8,43.13999938964844,2018.2427236155088,-1.8271386623382568,114.75524139404297,2023-09-03,12.526444527747968,29.867592073743186,20.90731445162023,1307397.0946031678,-1.8,114.80000000000001,-1.8_114.80000000000001
255,2023,23,271.8399963378906,2088.4192199268377,-1.2914390563964844,116.10709381103516,2023-09-05,12.96200263872721,30.906120760340656,21.634284532238457,1352856.7146544675,-1.3,116.10000000000001,-1.3_116.10000000000001
251,2023,6,41.14999771118164,1196.3994986063476,-2.3490164279937744,116.34125518798828,2023-09-05,7.4255845329993955,17.705289737198527,12.393702816038967,775015.4181953648,-2.3000000000000003,116.30000000000001,-2.3000000000000003_116.30000000000001
252,2023,12,112.52999114990234,15022.098309861884,-0.8752858638763428,113.6212158203125,2023-09-05,93.23629857154383,222.30918965329448,155.61643275730611,9731162.389612623,-0.9,113.60000000000001,-0.9_113.60000000000001
253,2023,7,9.980000495910645,941.5322451112496,-0.20401571691036224,116.29753875732422,2023-09-06,5.843723007876892,13.933557491480256,9.753490244036179,609915.0054303143,-0.2,116.30000000000001,-0.2_116.30000000000001
254,2023,5,48.349998474121094,253.65731800682502,2.426884174346924,117.84831237792969,2023-09-06,1.5743519279870046,3.7538266394319555,2.6276786476023686,164316.6288705189,2.4000000000000004,117.80000000000001,2.4000000000000004_117.80000000000001
256,2023,49,170.45999145507812,2454.234758140148,-1.8716497421264648,113.51571655273438,2023-09-09,15.232476845421429,36.31975567240858,25.423828970686007,1589828.297023908,-1.9000000000000001,113.5,-1.9000000000000001_113.5
257,2023,15,186.10000610351562,4367.07990747796,-0.3441567122936249,115.65481567382812,2023-09-09,27.10475978393119,64.62758899302767,45.23931229511937,2828949.9157506996,-0.30000000000000004,115.7,-0.30000000000000004_115.7
258,2023,3,14.020000457763672,451.6769339922487,1.2415499687194824,117.92456817626953,2023-09-10,2.8033823642289812,6.684281457203737,4.678997020042615,292591.72065432486,1.2000000000000002,117.9,1.2000000000000002_117.9
259,2023,7,70.4699935913086,253.1278296323909,-0.6649356484413147,114.68994903564453,2023-09-10,1.5710656003947738,3.745990841195033,2.622193588836523,163973.63169071428,-0.7000000000000001,114.7,-0.7000000000000001_114.7
260,2023,4,7.449999809265137,184.55514021572145,0.676609992980957,117.01119995117188,2023-09-10,1.1454616925765777,2.7311965892789045,1.911837612495233,119552.94142216441,0.7000000000000001,117.0,0.7000000000000001_117.0
261,2023,5,50.19999694824219,1047.13713783834,-1.1205880641937256,115.6804428100586,2023-09-14,6.499171341779414,15.496384311097737,10.847469017768415,678324.7800881122,-1.1,115.7,-1.1_115.7
262,2023,3,29.3700008392334,198.21578370394727,-2.463743209838867,116.50103759765625,2023-09-20,1.2302479726737787,2.9333578667095246,2.0533505066966673,128402.16723526269,-2.5,116.5,-2.5_116.5
263,2023,44,821.0799560546875,33412.1287201926,-0.40650317072868347,114.9271469116211,2023-09-20,207.3760366234332,494.459769012514,346.1218383087598,21644036.914961673,-0.4,114.9,-0.4_114.9
264,2023,7,52.07999801635742,1217.7816194005645,-0.6835899353027344,113.869384765625,2023-09-22,7.558295007750692,18.02171969583557,12.6152037870849,788866.5384177801,-0.7000000000000001,113.9,-0.7000000000000001_113.9
265,2023,3,36.36000061035156,630.680166893427,-0.7459332942962646,115.70128631591797,2023-09-23,3.9143855359423014,9.333316420944882,6.5333214946614175,408548.19302566245,-0.7000000000000001,115.7,-0.7000000000000001_115.7
266,2023,8,45.59000015258789,2802.8833421717095,-0.6960437297821045,113.58740997314453,2023-09-23,17.396402470643324,41.47934007873228,29.035538055112593,1815679.3012003556,-0.7000000000000001,113.60000000000001,-0.7000000000000001_113.60000000000001
267,2023,4,22.3799991607666,1035.152166438472,-0.3996475040912628,114.36759948730469,2023-09-23,6.4247853040395375,15.319020987748065,10.723314691423644,670561.0375987947,-0.4,114.4,-0.4_114.4
268,2023,22,425.3799743652344,10826.949765320574,-1.1295154094696045,115.5789566040039,2023-09-23,67.19864962378992,160.22598035889658,112.15818625122759,7013587.860848015,-1.1,115.60000000000001,-1.1_115.60000000000001
269,2023,6,69.31999969482422,1718.2936372891995,-0.2535783350467682,114.53067779541016,2023-09-24,10.664777669222484,25.428702316599736,17.800091621619814,1113093.1293747518,-0.30000000000000004,114.5,-0.30000000000000004_114.5
270,2023,3,21.520000457763672,191.0671698500228,0.019236667081713676,115.75927734375,2023-09-24,1.1858793177822302,2.8275668833042995,1.9792968183130095,123771.36793956743,0.0,115.80000000000001,0.0_115.80000000000001
271,2023,8,40.66999816894531,3652.18460354518,-1.0334012508392334,115.73240661621094,2023-09-24,22.66768377564057,54.04798869844651,37.83359208891255,2365848.0140959686,-1.0,115.7,-1.0_115.7
272,2023,7,119.92999267578125,456.14798329875384,-0.6034385561943054,114.83062744140625,2023-09-24,2.8311324214760267,6.750447669654668,4.725313368758267,295488.02088856074,-0.6000000000000001,114.80000000000001,-0.6000000000000001_114.80000000000001
273,2023,3,22.809999465942383,153.86944912902212,-0.7685466408729553,114.72369384765625,2023-09-24,0.9550075897595682,2.277084854771279,1.5939593983398952,99675.06305638867,-0.8,114.7,-0.8_114.7
301,2023,3,20.060001373291016,695.7484625673643,-0.8314133286476135,114.6279067993164,2023-09-24,4.318239040150429,10.296249813139342,7.207374869197539,450698.7726955297,-0.8,114.60000000000001,-0.8_114.60000000000001
274,2023,6,93.77000427246094,291.7220712540804,-0.8355966210365295,114.52032470703125,2023-09-24,1.8106049883523028,4.3171397182176685,3.021997802752368,188974.58859951384,-0.8,114.5,-0.8_114.5
275,2023,3,13.610000610351562,375.36298675936945,-1.058440089225769,113.55060577392578,2023-09-24,2.329731491853404,5.554925796054317,3.8884480572380213,243156.32236326518,-1.1,113.60000000000001,-1.1_113.60000000000001
276,2023,6,33.82999801635742,182.79952933321974,-0.2936200201511383,116.057861328125,2023-09-25,1.1345653013374841,2.705215636113444,1.8936509452794108,118415.6745611574,-0.30000000000000004,116.10000000000001,-0.30000000000000004_116.10000000000001
277,2023,3,73.72000122070312,142.05170511793204,0.8935466408729553,117.55267333984375,2023-09-25,0.8816594671250148,2.1021962978969855,1.4715374085278898,92019.64876747453,0.9,117.60000000000001,0.9_117.60000000000001
278,2023,7,76.55999755859375,215.79750579831196,-2.156622886657715,115.05017852783203,2023-09-25,1.339370856626411,3.1935464442893746,2.2354825110025622,139791.42786052322,-2.2,115.10000000000001,-2.2_115.10000000000001
279,2023,3,39.88999938964844,164.37334232464673,-0.6237300038337708,116.5032958984375,2023-09-25,1.0202011533982733,2.432529982100201,1.7027709874701404,106479.37815947029,-0.6000000000000001,116.5,-0.6000000000000001_116.5
280,2023,3,41.650001525878906,417.5827288393326,-0.7599033713340759,115.9789047241211,2023-09-25,2.5917729455161584,6.179727768160036,4.325809437712024,270505.841568446,-0.8,116.0,-0.8_116.0
281,2023,3,12.039999961853027,345.2879762206099,-0.7603800296783447,113.80440521240234,2023-09-25,2.143067644746688,5.109851407392071,3.5768959851744495,223674.03664091384,-0.8,113.80000000000001,-0.8_113.80000000000001
282,2023,3,83.13999938964844,499.34871559786956,-0.7075700163841248,113.94598388671875,2023-09-25,3.099262498384485,7.38976713034149,5.172836991239042,323473.015573151,-0.7000000000000001,113.9,-0.7000000000000001_113.9
283,2023,3,38.310001373291016,156.08038407729637,-1.6302266120910645,115.4060287475586,2023-09-25,0.9687299996857655,2.3098040626068665,1.6168628438248065,101107.28421289663,-1.6,115.4,-1.6_115.4
284,2023,37,146.47999572753906,760.7767185083339,-1.9163496494293213,113.64187622070312,2023-09-26,4.721844033370232,11.258590664903938,7.881013465432756,492823.4150339065,-1.9000000000000001,113.60000000000001,-1.9000000000000001_113.60000000000001
285,2023,16,708.9100341796875,925.2106355619949,-1.5332599878311157,114.96857452392578,2023-09-26,5.742421150459047,13.692017080953836,9.584411956667685,599342.0328863004,-1.5,115.0,-1.5_115.0
286,2023,5,65.64999389648438,457.71861048476427,1.347108006477356,116.79219055175781,2023-09-26,2.8408806911410784,6.773691084107639,4.741583758875347,296505.45719375205,1.3,116.80000000000001,1.3_116.80000000000001
314,2023,13,81.25,2595.8031985566336,-2.0389347076416016,113.91102600097656,2023-09-26,16.111136877243613,38.414800227456425,26.890360159219497,1681534.8918364728,-2.0,113.9,-2.0_113.9
288,2023,3,211.260009765625,472.905923174862,-0.221053346991539,114.78511810302734,2023-09-26,2.9351424108599375,6.998445250103899,4.898911675072728,306343.6437773229,-0.2,114.80000000000001,-0.2_114.80000000000001
289,2023,7,60.900001525878906,290.89896908164917,-1.7952042818069458,113.7557601928711,2023-09-27,1.8054963145624832,4.304958784956505,3.0134711494695536,188441.3913897796,-1.8,113.80000000000001,-1.8_113.80000000000001
290,2023,11,43.380001068115234,615.7135652357427,-1.9280381202697754,113.71076202392578,2023-09-27,3.8214936834211977,9.111828515743305,6.378279961020313,398852.9808024832,-1.9000000000000001,113.7,-1.9000000000000001_113.7
291,2023,24,180.99000549316406,1401.1520687231825,-0.3338949978351593,115.8444595336914,2023-09-28,8.6964037865368,20.735384268814027,14.514768988169818,907652.0491372233,-0.30000000000000004,115.80000000000001,-0.30000000000000004_115.80000000000001
292,2023,4,21.28999900817871,338.755238410602,-0.6129099726676941,116.2468490600586,2023-09-28,2.1025214919802897,5.013174656993834,3.5092222598956835,219442.19557805677,-0.6000000000000001,116.2,-0.6000000000000001_116.2
293,2023,13,128.44000244140625,496.30876319862995,-1.466151475906372,115.06829071044922,2023-09-28,3.0803947008443298,7.344779450157299,5.141345615110109,321503.76534968044,-1.5,115.10000000000001,-1.5_115.10000000000001
294,2023,4,12.65999984741211,228.33239236973873,-2.221795082092285,115.00912475585938,2023-09-28,1.4171700031122743,3.3790478581804324,2.3653335007263023,147911.39980091786,-2.2,115.0,-2.2_115.0
295,2023,9,176.77000427246094,1119.2552566063869,-0.5471588969230652,115.44046783447266,2023-09-28,6.946780345207477,16.56364670094106,11.594552690658741,725042.1634049631,-0.5,115.4,-0.5_115.4
296,2023,4,62.6199951171875,206.83973967700658,-1.1740899085998535,114.27576446533203,2023-09-29,1.2837735000259825,3.0609821588976462,2.142687511228352,133988.67813964255,-1.2000000000000002,114.30000000000001,-1.2000000000000002_114.30000000000001
297,2023,12,134.95999145507812,1230.6236787043865,-0.9173867106437683,116.1543960571289,2023-09-29,7.638000655445634,18.211766900854727,12.748236830598309,797185.493727804,-0.9,116.2,-0.9_116.2
299,2023,3,16.220001220703125,1413.276719321551,-1.3995033502578735,116.58880615234375,2023-09-30,8.771656758521612,20.914814678185206,14.640370274729642,915506.2743896687,-1.4000000000000001,116.60000000000001,-1.4000000000000001_116.60000000000001
300,2023,5,17.579999923706055,608.1980134697744,0.020810000598430634,116.31414794921875,2023-10-01,3.774847588186839,9.000607287628126,6.300425101339688,393984.48286207474,0.0,116.30000000000001,0.0_116.30000000000001
302,2023,3,11.940000534057617,290.44888399436957,0.8919499516487122,118.32979583740234,2023-10-03,1.8027028121692357,4.298298060937514,3.0088086426562595,188149.83085122387,0.9,118.30000000000001,0.9_118.30000000000001
303,2023,3,9.550000190734863,339.56109543365005,-1.620923399925232,114.76336669921875,2023-10-04,2.1075231318615546,5.0251003825532665,3.517570267787286,219964.22155554238,-1.6,114.80000000000001,-1.6_114.80000000000001
304,2023,3,24.549999237060547,148.4593829660242,-0.15319333970546722,115.752197265625,2023-10-04,0.9214294215396241,2.1970223095889456,1.5379156167122618,96170.47725986787,-0.2,115.80000000000001,-0.2_115.80000000000001
305,2023,4,29.450000762939453,373.53602237659845,1.3336024284362793,117.97474670410156,2023-10-05,2.3183922372993457,5.527888895943457,3.8695222271604197,241972.83343102253,1.3,118.0,1.3_118.0
306,2023,20,266.96002197265625,4547.215510625143,-0.4128555357456207,116.66200256347656,2023-10-05,28.222791135607938,67.29338168971559,47.10536718280091,2945639.9260420892,-0.4,116.7,-0.4_116.7
307,2023,45,353.46002197265625,3643.3867728917776,-0.13685598969459534,116.06534576416016,2023-10-06,22.61307907603985,53.917791267773275,37.74245388744129,2360148.868943366,-0.1,116.10000000000001,-0.1_116.10000000000001
308,2023,3,2.200000047683716,110.38167404620246,1.206279993057251,118.00102996826172,2023-10-08,0.6850959503734726,1.6335175022570447,1.1434622515799313,71504.12497804784,1.2000000000000002,118.0,1.2000000000000002_118.0
309,2023,5,25.34000015258789,531.8919285209532,-1.7242618799209595,113.9651107788086,2023-10-10,3.3012455139384453,7.871367978932386,5.50995758525267,344554.17767860525,-1.7000000000000002,114.0,-1.7000000000000002_114.0
310,2023,4,45.090003967285156,571.211738560066,-2.0970473289489746,116.198974609375,2023-10-10,3.545288221752199,8.453254405636047,5.917278083945233,370025.15042334725,-2.1,116.2,-2.1_116.2
311,2023,3,46.900001525878906,166.60854000942305,0.48022666573524475,116.5775375366211,2023-10-11,1.0340741526561343,2.465608249581072,1.7259257747067502,107927.31646973721,0.5,116.60000000000001,0.5_116.60000000000001
312,2023,3,19.530000686645508,279.55615599533706,-1.5260900259017944,116.17325592041016,2023-10-12,1.7350959027330433,4.137098640947768,2.8959690486634373,181093.63252007074,-1.5,116.2,-1.5_116.2
313,2023,3,31.40999984741211,114.35756067095879,-0.7761266827583313,115.48333740234375,2023-10-14,0.7097727261997251,1.6923558959002745,1.184649127130192,74079.6638668323,-0.8,115.5,-0.8_115.5
315,2023,3,19.31999969482422,534.0865804117173,-0.8716999888420105,115.69094848632812,2023-10-24,3.3148668612846777,7.903846216881775,5.532692351817243,345975.85083618766,-0.9,115.7,-0.9_115.7
316,2023,5,69.02000427246094,259.7845078915023,-1.1240880489349365,115.49434661865234,2023-10-27,1.6123810031340682,3.8445017628413294,2.6911512339889305,168285.76011502979,-1.1,115.5,-1.1_115.5
317,2023,3,9.969999313354492,144.12737899524473,-0.2618033289909363,115.80731201171875,2023-10-27,0.8945423643987751,2.132913802744292,1.4930396619210045,93364.24917890618,-0.30000000000000004,115.80000000000001,-0.30000000000000004_115.80000000000001
318,2023,7,58.19000244140625,298.4793983385075,-0.6168528199195862,115.66644287109375,2023-10-27,1.8525450790502593,4.417140122779997,3.0919980859459977,193351.91630846108,-0.6000000000000001,115.7,-0.6000000000000001_115.7
319,2023,4,75.05999755859375,366.26362916744216,-0.8476425409317017,115.61549377441406,2023-10-27,2.2732553322816607,5.420266125287889,3.794186287701522,237261.85112883928,-0.8,115.60000000000001,-0.8_115.60000000000001
320,2023,201,3400.239990234375,1578.8955819962068,-2.485532760620117,114.16287994384766,2023-10-28,9.799588370397457,23.365776880205406,16.35604381614378,1022792.4879549191,-2.5,114.2,-2.5_114.2
321,2023,4,131.48001098632812,163.1751429355054,-1.887932538986206,115.66197204589844,2023-10-29,1.0127643976475216,2.4147980561236406,1.6903586392865484,105703.19679050572,-1.9000000000000001,115.7,-1.9000000000000001_115.7
322,2023,6,9.480000495910645,137.6422384438815,0.7961833477020264,117.80689239501953,2023-11-04,0.8542916292316126,2.0369414351679986,1.425859004617599,89163.24113575231,0.8,117.80000000000001,0.8_117.80000000000001
323,2023,3,3.490000009536743,131.28755460442284,0.7819466590881348,117.4356918334961,2023-11-15,0.8148505879361654,1.9428996717796236,1.3600297702457365,85046.74162277664,0.8,117.4,0.8_117.4
324,2023,3,15.140000343322754,118.21514553536642,-0.4627666473388672,117.58487701416016,2023-12-19,0.733715249192459,1.7494435641830923,1.2246104949281647,76578.56807934292,-0.5,117.60000000000001,-0.5_117.60000000000001
0,2024,27,275.3499755859375,8164.4670651993065,-2.291649103164673,116.09454345703125,2024-01-01,50.673659116497795,120.8244028082224,84.57708196575568,4735047.933852832,-2.3000000000000003,116.10000000000001,-2.3000000000000003_116.10000000000001
1,2024,39,111.27000427246094,14238.344724297807,-0.5288558602333069,117.31586456298828,2024-01-01,88.37184609607324,210.710568681667,147.4973980771669,8257641.83135019,-0.5,117.30000000000001,-0.5_117.30000000000001
2,2024,37,69.33000183105469,2002.7450980040862,0.8150643706321716,117.53795623779297,2024-01-01,12.430256816893486,29.638245645557205,20.746771951890043,1161508.027726564,0.8,117.5,0.8_117.5
3,2024,515,1124.1600341796875,20730.373961145528,0.6351295113563538,117.47944641113281,2024-01-03,128.66533664423162,306.7848806106229,214.74941642743602,12022746.078690005,0.6000000000000001,117.5,0.6000000000000001_117.5
4,2024,345,838.469970703125,3058.4673120211096,-2.2003066539764404,115.50130462646484,2024-01-03,18.9827123743227,45.261678874124875,31.68317521188741,1773782.5642375166,-2.2,115.5,-2.2_115.5
5,2024,1110,10395.0,509308.24690416985,0.9756160974502563,117.09989166259766,2024-01-04,3161.077420331657,7537.156349101741,5276.009444371219,295377388.7431227,1.0,117.10000000000001,1.0_117.10000000000001
6,2024,285,2269.97998046875,132599.7532227574,-0.09665312618017197,117.39070892333984,2024-01-04,822.9948923895512,1962.3186507723665,1373.6230555406564,76902286.76444365,-0.1,117.4,-0.1_117.4
7,2024,102,499.66998291015625,29903.13664051766,0.2539685070514679,117.47000122070312,2024-01-07,185.59709293146082,442.530859372757,309.77160156092987,17342563.113388658,0.30000000000000004,117.5,0.30000000000000004_117.5
8,2024,30,42.46000289916992,142.55105652372444,0.7959736585617065,117.80706024169922,2024-01-08,0.8847587463203862,2.1095861048390065,1.4767102733873045,82673.62465558824,0.8,117.80000000000001,0.8_117.80000000000001
9,2024,13,73.7300033569336,8272.568862372225,-1.821372389793396,115.62247467041016,2024-01-09,51.3446047613361,122.42418084414429,85.696926590901,4797742.435191592,-1.8,115.60000000000001,-1.8_115.60000000000001
10,2024,302,2855.489990234375,118546.45907974169,0.39452558755874634,116.23558807373047,2024-01-10,735.7715829953,1754.3466106185476,1228.0426274329832,68751966.49683556,0.4,116.2,0.4_116.2
11,2024,970,8993.541015625,659311.3312979906,-0.31225788593292236,116.45661926269531,2024-01-10,4092.0879938687267,9757.023603944093,6829.916522760865,382372876.526767,-0.30000000000000004,116.5,-0.30000000000000004_116.5
12,2024,76,1043.0599365234375,50094.269954189745,-0.8962621092796326,115.0732650756836,2024-01-10,310.91557343265015,741.3356197035625,518.9349337924938,29052572.268372763,-0.9,115.10000000000001,-0.9_115.10000000000001
13,2024,3,5.420000076293945,133.52957753674892,0.10346332937479019,116.34054565429688,2024-01-10,0.8287659488405319,1.9760789448071676,1.3832552613650173,77441.5458075205,0.1,116.30000000000001,0.1_116.30000000000001
164,2024,11,26.729999542236328,3520.915725749399,-2.4138600826263428,115.35614776611328,2024-01-10,21.85294910736296,52.10536542122301,36.4737557948561,2041983.218175019,-2.4000000000000004,115.4,-2.4000000000000004_115.4
14,2024,190,2423.579833984375,121345.97309791128,0.6691184043884277,116.65001678466797,2024-01-11,753.1470733874729,1795.776088709085,1257.0432620963593,70375567.02846467,0.7000000000000001,116.7,0.7000000000000001_116.7
15,2024,106,934.4400024414062,6820.827007082216,1.3272525072097778,116.64833068847656,2024-01-11,42.334209923235036,100.94012789906279,70.65808952934394,3955793.1423003203,1.3,116.60000000000001,1.3_116.60000000000001
16,2024,463,3355.5,192268.51199025512,2.0584893226623535,117.16535949707031,2024-01-11,1193.335579361862,2845.3453182594258,1991.741722781598,111507660.34992775,2.1,117.2,2.1_117.2
17,2024,86,124.58999633789062,2499.731055083675,1.0464833974838257,117.6512222290039,2024-01-11,15.51485459573488,36.99304675978625,25.895132731850374,1449739.0059926433,1.0,117.7,1.0_117.7
18,2024,5,37.05999755859375,1517.6852966029164,-0.5018099546432495,116.96356201171875,2024-01-11,9.419680029574549,22.459937451948168,15.721956216363717,880193.7187731226,-0.5,117.0,-0.5_117.0
19,2024,24,108.0199966430664,11687.558787053122,-0.6187962889671326,116.88729095458984,2024-01-11,72.5401137820256,172.96197038394362,121.07337926876053,6778293.138361558,-0.6000000000000001,116.9,-0.6000000000000001_116.9
20,2024,6,30.6200008392334,3883.187025666036,-0.5909299850463867,116.79254150390625,2024-01-11,24.10142561085879,57.466549821556875,40.22658487508981,2252085.3542319033,-0.6000000000000001,116.80000000000001,-0.6000000000000001_116.80000000000001
21,2024,31,174.76998901367188,11981.794104848534,-0.10723419487476349,117.26103973388672,2024-01-11,74.36631751031942,177.31630316204397,124.12141221343077,6948937.262768921,-0.1,117.30000000000001,-0.1_117.30000000000001
22,2024,28,402.58001708984375,12831.648238255977,-1.084517240524292,115.33492279052734,2024-01-21,79.6410302761531,189.89313363034682,132.92519354124278,7441816.960406477,-1.1,115.30000000000001,-1.1_115.30000000000001
23,2024,32,241.92999267578125,19662.89913320848,-2.3005008697509766,116.27180480957031,2024-01-22,122.03993720121194,290.9875226730715,203.69126587115005,11403655.519796336,-2.3000000000000003,116.30000000000001,-2.3000000000000003_116.30000000000001
24,2024,45,377.0999755859375,26207.860224374104,-1.939712405204773,115.96038055419922,2024-01-24,162.66195510096472,387.84516309565964,271.4916141669617,15199458.01913735,-1.9000000000000001,116.0,-1.9000000000000001_116.0
25,2024,75,122.42999267578125,13180.802612287836,-1.8787809610366821,115.85447692871094,2024-01-25,81.80809514241241,195.060203127154,136.5421421890078,7644311.830451601,-1.9000000000000001,115.9,-1.9000000000000001_115.9
26,2024,4,12.800000190734863,169.17146395147046,-1.244247555732727,116.81735229492188,2024-01-26,1.0499812208264987,2.5035364759145087,1.752475533140156,98112.34272285164,-1.2000000000000002,116.80000000000001,-1.2000000000000002_116.80000000000001
27,2024,11,117.38999938964844,3546.2366724347144,0.06471454352140427,116.1471939086914,2024-01-26,22.0101063364377,52.480085318720384,36.73605972310427,2056668.3035979925,0.1,116.10000000000001,0.1_116.10000000000001
28,2024,11,65.81000518798828,8621.5793980786,-1.2334063053131104,113.65479278564453,2024-01-27,53.51077687927328,127.58912170479692,89.31238519335784,5000153.885050138,-1.2000000000000002,113.7,-1.2000000000000002_113.7
29,2024,19,197.15000915527344,17922.172097720875,-1.8278899192810059,115.49987030029297,2024-01-28,111.23592418887978,265.2268327425055,185.65878291975383,10394106.961762419,-1.8,115.5,-1.8_115.5
30,2024,123,1139.0599365234375,142607.3525146239,-1.8701635599136353,115.24893951416016,2024-01-28,885.1081535541571,2110.419218553179,1477.293452987225,82706273.96548979,-1.9000000000000001,115.2,-1.9000000000000001_115.2
31,2024,119,1609.469970703125,22501.49624102678,2.2608115673065186,117.19239044189453,2024-01-28,139.65800107016693,332.9953840100589,233.0967688070412,13049922.601662202,2.3000000000000003,117.2,2.3000000000000003_117.2
32,2024,52,446.8900451660156,20796.92860370935,-0.915153443813324,117.09153747558594,2024-01-28,129.07841532321547,307.7698101691198,215.43886711838385,12061344.97562272,-0.9,117.10000000000001,-0.9_117.10000000000001
33,2024,140,2301.0498046875,154704.83148072264,-0.719332218170166,115.79110717773438,2024-01-28,960.1924818271042,2289.447520081177,1602.613264056824,89722303.58822128,-0.7000000000000001,115.80000000000001,-0.7000000000000001_115.80000000000001
34,2024,12,91.8899917602539,5448.300112193136,-0.871576726436615,116.91852569580078,2024-01-28,33.81547141349293,80.62836215992954,56.43985351195067,3159785.1988665583,-0.9,116.9,-0.9_116.9
35,2024,20,154.99000549316406,1585.772815867205,1.3726204633712769,117.02474212646484,2024-01-28,9.842272675699984,23.467551762607428,16.4272862338252,919681.6198007038,1.4000000000000001,117.0,1.4000000000000001_117.0
36,2024,66,114.0199966430664,1078.8149007133168,-2.1590609550476074,115.58293151855469,2024-01-28,6.695782846814694,15.96517752823053,11.17562426976137,625667.3247425903,-2.2,115.60000000000001,-2.2_115.60000000000001
37,2024,47,599.199951171875,24489.999108580578,-0.8929407596588135,114.69459533691406,2024-01-28,151.99986192378037,362.422861582811,253.69600310796767,14203170.73399957,-0.9,114.7,-0.9_114.7
38,2024,206,1806.429931640625,51191.43538312926,2.27321457862854,117.93744659423828,2024-01-29,317.7252508428841,757.5723632258059,530.3006542580641,29688882.12863772,2.3000000000000003,117.9,2.3000000000000003_117.9
39,2024,3,35.55999755859375,760.1026125812226,0.16259001195430756,116.6754379272461,2024-01-29,4.717660121096955,11.248614698876727,7.874030289213708,440827.5857416295,0.2,116.7,0.2_116.7
40,2024,18,133.52999877929688,6337.579448817407,1.0206767320632935,116.84780883789062,2024-01-30,39.33488102144185,93.78863874862527,65.6520471240377,3675529.8582392503,1.0,116.80000000000001,1.0_116.80000000000001
41,2024,13,126.04999542236328,2204.7517766330084,0.25525540113449097,116.42684936523438,2024-01-30,13.684033394146178,32.6277042487583,22.839392974130806,1278663.4156567133,0.30000000000000004,116.4,0.30000000000000004_116.4
42,2024,3,16.779998779296875,114.96620476204988,-0.6902000308036804,117.49771881103516,2024-01-30,0.7135503424175288,1.7013631046061914,1.1909541732243338,66675.56938796434,-0.7000000000000001,117.5,-0.7000000000000001_117.5
43,2024,173,314.780029296875,6583.810723720496,-0.7125701308250427,117.07106018066406,2024-01-30,40.86314239951077,97.4325687816931,68.20279814718516,3818333.6542701614,-0.7000000000000001,117.10000000000001,-0.7000000000000001_117.10000000000001
63,2024,13,44.3900032043457,11594.199047057124,1.057040810585022,117.81194305419922,2024-02-01,71.96066632979357,171.58035726195206,120.10625008336643,6724148.41091727,1.1,117.80000000000001,1.1_117.80000000000001
44,2024,24,137.51998901367188,13007.824771451975,0.9307945370674133,117.90545654296875,2024-02-01,80.7344892265301,192.50033680016082,134.75023576011256,7543991.949029902,0.9,117.9,0.9_117.9
45,2024,27,25.930002212524414,847.3547391833155,-1.462042212486267,114.58477783203125,2024-02-08,5.259200001816167,12.539842406240618,8.777889684368432,491430.1539793667,-1.5,114.60000000000001,-1.5_114.60000000000001
46,2024,3,28.65999984741211,169.70091916636085,-0.7864332795143127,114.34259033203125,2024-02-10,1.0532673426103891,2.5113717834296194,1.7579602484007335,98419.40450671506,-0.8,114.30000000000001,-0.8_114.30000000000001
47,2024,11,59.31999969482422,4239.656612933661,-1.4691764116287231,113.5468978881836,2024-02-13,26.31389314932112,62.741875774488854,43.91931304214219,2458822.740664331,-1.5,113.5,-1.5_113.5
48,2024,11,24.55000114440918,1656.8641639794682,-0.5992190837860107,117.02297973632812,2024-02-15,10.283508914587937,24.519619167852817,17.16373341749697,960911.615378568,-0.6000000000000001,117.0,-0.6000000000000001_117.0
49,2024,50,664.510009765625,33055.76461129748,-0.8919709920883179,113.9970703125,2024-02-15,205.16422374804318,489.1860040140529,342.430202809837,19170954.904308725,-0.9,114.0,-0.9_114.0
50,2024,21,199.37998962402344,12715.584798222471,-0.9407730102539062,113.7746810913086,2024-02-15,78.92066982284011,188.1755327486322,131.72287292404255,7374505.040652522,-0.9,113.80000000000001,-0.9_113.80000000000001
51,2024,9,58.929996490478516,7190.873815335594,-1.9462809562683105,115.04889678955078,2024-02-15,44.630945970895475,106.41638057560067,74.49146640292047,4170404.746567502,-1.9000000000000001,115.0,-1.9000000000000001_115.0
52,2024,7,29.799999237060547,1494.399297643546,-1.5304114818572998,113.84745025634766,2024-02-15,9.275152926454261,22.115332360692268,15.480732652484587,866688.8175493496,-1.5,113.80000000000001,-1.5_113.80000000000001
53,2024,8,74.7300033569336,2187.2228465323365,-1.2695412635803223,114.33302307128906,2024-02-15,13.575238169484852,32.36829692990116,22.657807850930812,1268497.3725343614,-1.3,114.30000000000001,-1.3_114.30000000000001
54,2024,14,225.12998962402344,4259.218225925516,-1.0562222003936768,114.052978515625,2024-02-15,26.435304442991878,63.03136438272648,44.12195506790853,2470167.654476859,-1.1,114.10000000000001,-1.1_114.10000000000001
55,2024,12,163.66000366210938,4885.055042502519,-1.725404143333435,114.2857894897461,2024-02-16,30.31962919468993,72.2930049790401,50.60510348532807,2833126.718626092,-1.7000000000000002,114.30000000000001,-1.7000000000000002_114.30000000000001
56,2024,38,138.63999938964844,3784.6053589486087,-1.3103245496749878,113.9747543334961,2024-02-16,23.489567698458337,56.00765839436957,39.2053608760587,2194912.128646146,-1.3,114.0,-1.3_114.0
57,2024,5,22.399999618530273,1898.0903672673296,-1.18887197971344,116.55390930175781,2024-02-16,11.780705767457805,28.089480093397405,19.662636065378184,1100812.6801201976,-1.2000000000000002,116.60000000000001,-1.2000000000000002_116.60000000000001
58,2024,13,93.0,3049.4136602063168,-1.1380770206451416,114.50381469726562,2024-02-16,18.92651989266302,45.12769559450353,31.589386916152467,1768531.8265007958,-1.1,114.5,-1.1_114.5
59,2024,11,102.739990234375,2984.6444425996665,-1.9638161659240723,114.25261688232422,2024-02-16,18.524522649238346,44.16918820202031,30.918431741414214,1730968.4010430747,-2.0,114.30000000000001,-2.0_114.30000000000001
60,2024,16,156.3800048828125,5188.456762525488,-1.2858619689941406,114.07318115234375,2024-02-16,32.20272520243011,76.78298960878001,53.748092726146005,3009086.971273284,-1.3,114.10000000000001,-1.3_114.10000000000001
210,2024,10,87.77999877929688,5121.813839072698,-1.130531907081604,114.21832275390625,2024-02-16,31.789098598439264,75.79675359811631,53.05772751868142,2970436.8751333794,-1.1,114.2,-1.1_114.2
61,2024,18,158.42999267578125,8868.946952322,-0.8442744016647339,113.54544067382812,2024-02-16,55.04609069952761,131.24986732075828,91.8749071245308,5143616.675366856,-0.8,113.5,-0.8_113.5
62,2024,357,6031.33984375,289226.61605433666,-0.6188845038414001,114.44538879394531,2024-02-16,1795.1166723210813,4280.209949031766,2996.146964322236,167739287.79758036,-0.6000000000000001,114.4,-0.6000000000000001_114.4
64,2024,26,206.1199951171875,16510.411088291065,-2.3484888076782227,115.73837280273438,2024-02-17,102.4736748498211,244.3344487681296,171.0341141376907,9575344.879998613,-2.3000000000000003,115.7,-2.3000000000000003_115.7
94,2024,3,34.98999786376953,1287.0512936091955,-2.032956600189209,116.23848724365234,2024-02-17,7.988224828022842,19.046828493769546,13.33277994563868,746435.6852565815,-2.0,116.2,-2.0_116.2
65,2024,14,113.10000610351562,540.0510210336047,0.26208144426345825,116.69164276123047,2024-02-17,3.3518858153058653,7.992112844754694,5.594478991328286,313206.90632951405,0.30000000000000004,116.7,0.30000000000000004_116.7
66,2024,32,192.1800079345703,13673.107240351384,0.4687812626361847,115.24458312988281,2024-02-17,84.86363773995701,202.34572613931036,141.64200829751724,7929827.834536502,0.5,115.2,0.5_115.2
67,2024,9,51.81999969482422,1418.3041019236173,0.9178244471549988,118.20643615722656,2024-02-17,8.80285975930426,20.98921396177988,14.692449773245913,822556.8005551725,0.9,118.2,0.9_118.2
68,2024,17,228.4199981689453,9160.101172146957,1.334094524383545,116.84320068359375,2024-02-18,56.85317125578674,135.55860351315366,94.89102245920755,5312473.892378734,1.3,116.80000000000001,1.3_116.80000000000001
69,2024,19,113.76998901367188,8307.756044689208,1.1931047439575195,117.66825103759766,2024-02-18,51.56299786253447,122.9449092953711,86.06143650675976,4818149.522830945,1.2000000000000002,117.7,1.2000000000000002_117.7
70,2024,4,66.05000305175781,992.031971930448,0.9112375378608704,116.57560729980469,2024-02-18,6.157155093753014,14.680893390588212,10.276625373411747,575336.8715304567,0.9,116.60000000000001,0.9_116.60000000000001
71,2024,23,15.210000038146973,142.01825753635322,-0.3845447897911072,117.05081176757812,2024-02-18,0.8814518710463409,2.1017013134678284,1.4711909194274797,82364.62362414745,-0.4,117.10000000000001,-0.4_117.10000000000001
72,2024,27,304.6899719238281,7776.424833011228,0.5777029991149902,115.99396514892578,2024-02-18,48.265232499098786,115.08183925887093,80.55728748120964,4509999.739635522,0.6000000000000001,116.0,0.6000000000000001_116.0
73,2024,16,58.839996337890625,2249.160195197542,-0.8397474884986877,116.22565460205078,2024-02-18,13.959659108142123,33.28489602990812,23.29942722093568,1304418.432964084,-0.8,116.2,-0.8_116.2
74,2024,87,540.8299560546875,38121.88057057774,2.242497682571411,117.60848999023438,2024-02-18,236.60762735481,564.1584952310652,394.91094666174564,22109089.34885783,2.2,117.60000000000001,2.2_117.60000000000001
75,2024,4,12.149999618530273,575.9260943476124,-2.4051222801208496,116.1844253540039,2024-02-18,3.574548387323849,8.52302126464926,5.966114885254482,334012.9418509722,-2.4000000000000004,116.2,-2.4000000000000004_116.2
76,2024,9,91.16999816894531,1903.5323049275928,0.006703333463519812,116.36930084228516,2024-02-18,11.814481749616498,28.170014298835444,19.71901000918481,1103968.7753642115,0.0,116.4,0.0_116.4
77,2024,10,86.72000122070312,596.7689140337664,0.1585170030593872,116.2056884765625,2024-02-18,3.7039116306768323,8.831470208261667,6.182029145783167,346100.9017266706,0.2,116.2,0.2_116.2
242,2024,4,16.540000915527344,1796.6501489717514,-2.341094970703125,116.43964385986328,2024-02-18,11.151105941582609,26.58828550244344,18.61179985171041,1041981.6146980072,-2.3000000000000003,116.4,-2.3000000000000003_116.4
78,2024,7,40.880001068115234,1703.1558180130467,-1.3671342134475708,116.16375732421875,2024-02-18,10.570823135798422,25.20468059426882,17.643276415988172,987758.8301490978,-1.4000000000000001,116.2,-1.4000000000000001_116.2
79,2024,3,9.90000057220459,815.933099367329,-0.4570000171661377,117.27388763427734,2024-02-18,5.064178152600365,12.074839505781375,8.452387654046962,473206.9228118192,-0.5,117.30000000000001,-0.5_117.30000000000001
80,2024,3,22.150001525878906,352.0696023497912,-0.428793340921402,117.1750259399414,2024-02-18,2.185158550127452,5.210211408918633,3.647147986243043,204185.58000981677,-0.4,117.2,-0.4_117.2
81,2024,20,20.459999084472656,701.5243596312916,-0.64713454246521,117.28276062011719,2024-02-19,4.354087777927448,10.381726220583671,7.267208354408569,406854.65972156374,-0.6000000000000001,117.30000000000001,-0.6000000000000001_117.30000000000001
82,2024,6,205.40000915527344,870.2053444824345,-0.7834517359733582,114.7717514038086,2024-02-19,5.40102478649425,12.87800418912547,9.014602932387827,504682.54516973253,-0.8,114.80000000000001,-0.8_114.80000000000001
83,2024,19,32.4900016784668,2860.5618858966372,-1.5115578174591064,114.40132904052734,2024-02-19,17.754390669960245,42.33291393049259,29.63303975134481,1659005.7304790393,-1.5,114.4,-1.5_114.4
84,2024,7,18.15999984741211,534.0678156389147,-1.2949470281600952,114.25281524658203,2024-02-19,3.3147503956669215,7.903568520560681,5.532497964392476,309736.8985365128,-1.3,114.30000000000001,-1.3_114.30000000000001
85,2024,33,385.1700134277344,21919.28188141156,1.0987318754196167,116.70088958740234,2024-02-19,136.04442387568886,324.3793038978951,227.06551272852656,12712262.730106559,1.1,116.7,1.1_116.7
86,2024,13,35.52000045776367,4801.519465304452,-0.17094923555850983,117.08597564697266,2024-02-20,29.80115648493059,71.05677778287463,49.73974444801224,2784679.5929219653,-0.2,117.10000000000001,-0.2_117.10000000000001
87,2024,8,60.980003356933594,2651.133968258601,0.10859750211238861,116.25309753417969,2024-02-20,16.45455335992894,39.23362981581441,27.463540871070087,1537546.3356668588,0.1,116.30000000000001,0.1_116.30000000000001
88,2024,3,31.349998474121094,213.9744281897965,0.9290599822998047,118.45330047607422,2024-02-20,1.3280557257624988,3.1665670638150725,2.2165969446705507,124096.17994738078,0.9,118.5,0.9_118.5
89,2024,15,161.1999969482422,3843.7467550197357,0.2794153392314911,116.20747375488281,2024-02-20,23.85663525109215,56.882880721127044,39.81801650478893,2229211.6540206084,0.30000000000000004,116.2,0.30000000000000004_116.2
281,2024,3,18.520000457763672,1247.3129400471043,-1.274713397026062,114.68592071533203,2024-02-20,7.74158438398951,18.45874812068711,12.921123684480975,723389.1094756674,-1.3,114.7,-1.3_114.7
90,2024,43,444.82000732421875,19025.867015853666,-1.3886147737503052,115.2806396484375,2024-02-20,118.08612758898458,281.56020493948296,197.09214345763806,11034203.651475867,-1.4000000000000001,115.30000000000001,-1.4000000000000001_115.30000000000001
91,2024,21,146.260009765625,12879.20054930026,-2.0138843059539795,116.35870361328125,2024-02-20,79.93616890318373,190.59685128125955,133.41779589688167,7469395.30328692,-2.0,116.4,-2.0_116.4
92,2024,41,245.0699920654297,20363.55843341836,0.8707653284072876,114.68285369873047,2024-02-20,126.38865589308807,301.35644704300756,210.94951293010527,11810008.481391944,0.9,114.7,0.9_114.7
93,2024,19,123.56999969482422,15963.000373825198,0.7818647623062134,116.44451904296875,2024-02-21,99.0761102911006,236.23342121324092,165.36339484926864,9257869.660636306,0.8,116.4,0.8_116.4
95,2024,34,299.07000732421875,2250.129370266415,-0.10638970136642456,116.95448303222656,2024-02-21,13.965674399363472,33.299238668316484,23.309467067821537,1304980.5137919888,-0.1,117.0,-0.1_117.0
96,2024,19,130.47000122070312,5726.766523597992,1.683222770690918,117.07957458496094,2024-02-22,35.54380369706246,84.74933387693888,59.32453371385721,3321284.019970296,1.7000000000000002,117.10000000000001,1.7000000000000002_117.10000000000001
97,2024,23,352.8200378417969,5011.018703850408,1.6282992362976074,117.1938247680664,2024-02-22,31.101436455988875,74.1571173621702,51.90998215351914,2906180.350864769,1.6,117.2,1.6_117.2
98,2024,9,50.15999984741211,3872.571458025063,-0.6599388718605042,116.40428161621094,2024-02-23,24.035538927543023,57.30945204524787,40.116616431673506,2245928.770927241,-0.7000000000000001,116.4,-0.7000000000000001_116.4
99,2024,58,571.679931640625,3712.245320976245,-0.1841779351234436,116.07087707519531,2024-02-23,23.04045719699061,54.93681588800963,38.45577112160674,2152946.3462431533,-0.2,116.10000000000001,-0.2_116.10000000000001
100,2024,26,102.92999267578125,8546.344790886593,0.32486194372177124,116.79767608642578,2024-02-23,53.04382504908443,126.47573899262555,88.53301729483788,4956520.973251498,0.30000000000000004,116.80000000000001,0.30000000000000004_116.80000000000001
101,2024,25,151.52999877929688,2087.251518772641,0.25805798172950745,116.08423614501953,2024-02-24,12.954755173612195,30.888840171970635,21.622188120379445,1210518.2019194432,0.30000000000000004,116.10000000000001,0.30000000000000004_116.10000000000001
102,2024,13,47.16999816894531,628.0353025971551,-0.785820722579956,117.17220306396484,2024-02-24,3.8979698959882927,9.294175574818137,6.505922902372696,364234.0936893354,-0.8,117.2,-0.8_117.2
103,2024,5,24.439998626708984,2163.8329464396443,-0.319271981716156,115.70063781738281,2024-02-25,13.430066192600027,32.022154225438605,22.415507957807023,1254932.2130178262,-0.30000000000000004,115.7,-0.30000000000000004_115.7
104,2024,6,275.22998046875,332.4322634045683,-1.358660101890564,113.81878662109375,2024-02-28,2.0632772550326495,4.91960214662978,3.4437215026408454,192796.74832534773,-1.4000000000000001,113.80000000000001,-1.4000000000000001_113.80000000000001
105,2024,5,27.040000915527344,394.9348562191553,-1.6365740299224854,115.03206634521484,2024-02-29,2.45120644341579,5.844566187819604,4.091196331473722,229045.62661755635,-1.6,115.0,-1.6_115.0
106,2024,3,3.1500000953674316,120.63901394581394,-0.4901866614818573,117.24407196044922,2024-03-02,0.7487592539748174,1.78531393402344,1.249719753816408,69965.5604174116,-0.5,117.2,-0.5_117.2
107,2024,43,77.25,3061.598896488393,-1.189659595489502,114.74319458007812,2024-03-05,19.002148896329878,45.308022599940834,31.715615819958582,1775598.7516803811,-1.2000000000000002,114.7,-1.2000000000000002_114.7
108,2024,16,120.54000091552734,5958.677658495184,0.49551185965538025,117.5663070678711,2024-03-05,36.983185557660796,88.18134286843406,61.726940007903835,3455782.7363424962,0.5,117.60000000000001,0.5_117.60000000000001
109,2024,26,39.59000015258789,837.6624716152411,-0.844681978225708,117.26567077636719,2024-03-15,5.19904388153442,12.396408372957332,8.677485861070132,485809.04593201133,-0.8,117.30000000000001,-0.8_117.30000000000001
110,2024,3,1.649999976158142,118.7079049896958,-0.5379366874694824,117.40695190429688,2024-03-15,0.7367736147190409,1.7567358180830717,1.22971507265815,68845.59834276653,-0.5,117.4,-0.5_117.4
111,2024,6,34.209999084472656,1659.9429538676168,1.2101716995239258,117.93621826171875,2024-03-16,10.30261776125698,24.565181596684592,17.195627117679212,962697.1841832707,1.2000000000000002,117.9,1.2000000000000002_117.9
112,2024,10,96.62001037597656,4910.490018466325,-1.3688570261001587,116.27891540527344,2024-03-17,30.477494158971556,72.6694123742475,50.86858866197325,2847877.9362405725,-1.4000000000000001,116.30000000000001,-1.4000000000000001_116.30000000000001
113,2024,17,135.4499969482422,608.5152279539701,-0.03004647046327591,116.89767456054688,2024-03-18,3.776816414628367,9.005301684740514,6.30371117931836,352913.2703741384,-0.0,116.9,-0.0_116.9
114,2024,10,101.80000305175781,5248.258446662559,-0.3649420142173767,115.48823547363281,2024-03-18,32.573890905268364,77.6679834136526,54.36758838955682,3043769.435989339,-0.4,115.5,-0.4_115.5
115,2024,6,19.829999923706055,926.0124236128863,0.6228916049003601,117.65047454833984,2024-03-23,5.747397535818936,13.703882590564456,9.592717813395119,537048.3067829257,0.6000000000000001,117.7,0.6000000000000001_117.7
116,2024,3,41.279998779296875,163.64189515651077,0.21953000128269196,116.62390899658203,2024-03-24,1.0156613464318347,2.42170543390005,1.695193803730035,94905.42510182601,0.2,116.60000000000001,0.2_116.60000000000001
117,2024,3,2.8299999237060547,104.61326085694384,-1.5583866834640503,113.6629409790039,2024-03-25,0.6492936620843146,1.5481518472574636,1.0837062930802244,60671.29681809636,-1.6,113.7,-1.6_113.7
118,2024,8,37.25,3901.7095605312793,-0.31789499521255493,114.74565124511719,2024-03-25,24.21638775232367,57.740661309265214,40.418462916485645,2262827.646379449,-0.30000000000000004,114.7,-0.30000000000000004_114.7
119,2024,19,135.5399932861328,4704.586105433835,0.4511784613132477,117.45568084716797,2024-03-26,29.199528969518408,69.62227933673803,48.73559553571662,2728462.316067095,0.5,117.5,0.5_117.5
120,2024,33,237.25,11045.248816002873,-0.8709545135498047,114.84072875976562,2024-03-26,68.55354659273983,163.45654669245639,114.41958268471946,6405780.336604019,-0.9,114.80000000000001,-0.9_114.80000000000001
121,2024,67,378.4300231933594,14055.770452272553,-0.21315447986125946,116.3826904296875,2024-04-01,87.23867887889068,208.00868658581965,145.60608061007375,8151756.422954978,-0.2,116.4,-0.2_116.4
122,2024,24,168.47000122070312,3767.5936679979973,-1.651720404624939,116.07564544677734,2024-04-03,23.383982775236476,55.755905599796264,39.02913391985738,2185046.0625032154,-1.7000000000000002,116.10000000000001,-1.7000000000000002_116.10000000000001
123,2024,9,40.66999816894531,1614.169047543733,0.9314588904380798,117.74382781982422,2024-04-04,10.018516997917034,23.887782220630186,16.72144755444113,936150.2413353868,0.9,117.7,0.9_117.7
124,2024,5,34.32999801635742,2022.3542451164112,-1.0932320356369019,114.3320541381836,2024-04-04,12.55196313628948,29.928437702246878,20.949906391572814,1172880.509332204,-1.1,114.30000000000001,-1.1_114.30000000000001
125,2024,191,3105.7099609375,151954.83860590804,-0.5860110521316528,114.97574615478516,2024-04-04,943.1243498353498,2248.750896018277,1574.125627212794,88127423.23950827,-0.6000000000000001,115.0,-0.6000000000000001_115.0
126,2024,7,80.06000518798828,2125.975493223754,-2.477315902709961,116.02080535888672,2024-04-04,13.195099762585532,31.46190894058136,22.02333625840695,1232976.4804269131,-2.5,116.0,-2.5_116.0
127,2024,70,763.8999633789062,55416.53169699846,-0.1553698480129242,115.44124603271484,2024-04-04,343.94877390123247,820.0987638902694,574.0691347231885,32139260.507477712,-0.2,115.4,-0.2_115.4
128,2024,10,77.49999237060547,1343.2922695006646,0.3051750063896179,116.5822982788086,2024-04-05,8.337290605120677,19.879128051251133,13.915389635875792,779053.0887645063,0.30000000000000004,116.60000000000001,0.30000000000000004_116.60000000000001
129,2024,3,31.68000030517578,132.8693178854121,-2.4891233444213867,116.29326629638672,2024-04-06,0.8246679749944701,1.9663078871944575,1.3764155210361202,77058.62294520719,-2.5,116.30000000000001,-2.5_116.30000000000001
130,2024,7,123.44000244140625,614.7883172118294,-0.9176071882247925,116.14302825927734,2024-04-14,3.815751030215841,9.098135945359218,6.368695161751452,356551.398630655,-0.9,116.10000000000001,-0.9_116.10000000000001
131,2024,149,942.8099365234375,61205.77191441112,1.5370372533798218,118.14556884765625,2024-04-14,379.88032742186965,905.772634137568,634.0408438962976,35496776.64553422,1.5,118.10000000000001,1.5_118.10000000000001
132,2024,8,32.59000015258789,5506.61700668694,-0.4546237587928772,115.61898803710938,2024-04-14,34.17742160677718,81.49138284389772,57.043967990728405,3193606.5479609296,-0.5,115.60000000000001,-0.5_115.60000000000001
133,2024,85,672.0800170898438,43942.57080070402,2.0501906871795654,117.58294677734375,2024-04-15,272.73437882416,650.2977882639651,455.20845178477555,25484845.17317066,2.1,117.60000000000001,2.1_117.60000000000001
134,2024,6,21.759998321533203,2980.7333883311,-1.1542783975601196,116.93692016601562,2024-04-15,18.500248262532047,44.111309250145496,30.877916475101845,1728700.153858577,-1.2000000000000002,116.9,-1.2000000000000002_116.9
135,2024,14,142.22999572753906,5280.555880741664,1.3673793077468872,117.64305114746094,2024-04-15,32.774348467506336,78.14594702765004,54.702162919355025,3062500.591040091,1.4000000000000001,117.60000000000001,1.4000000000000001_117.60000000000001
136,2024,150,1154.780029296875,44910.639776171774,1.7711763381958008,117.900390625,2024-04-15,278.74280495563494,664.6240578053811,465.2368404637667,26046284.51336398,1.8,117.9,1.8_117.9
137,2024,5,22.139999389648438,1207.669552927527,-0.08703799545764923,116.4490737915039,2024-04-15,7.495533359583574,17.87207313801313,12.51045119660919,700397.6102421655,-0.1,116.4,-0.1_116.4
138,2024,15,100.54998779296875,5613.021456060043,-2.079766035079956,115.59988403320312,2024-04-16,34.8378324765808,83.06604215098737,58.14622950569115,3255316.658876119,-2.1,115.60000000000001,-2.1_115.60000000000001
139,2024,26,168.66001892089844,8196.924058761235,2.4350762367248535,117.91993713378906,2024-04-16,50.875107002142904,121.30472771280631,84.91330939896442,4753871.6267010225,2.4000000000000004,117.9,2.4000000000000004_117.9
140,2024,8,36.540000915527344,2761.1128651056,1.435844898223877,118.00492858886719,2024-04-17,17.137149429498272,40.86118669453413,28.602830686173892,1601329.4759654454,1.4000000000000001,118.0,1.4000000000000001_118.0
141,2024,8,38.5,792.6127230974683,0.9193637371063232,118.10517120361328,2024-04-18,4.919437682937079,11.729725671214126,8.210807969849888,459682.084192046,0.9,118.10000000000001,0.9_118.10000000000001
142,2024,3,11.360000610351562,219.56814597962438,0.9255566596984863,118.9175796508789,2024-04-21,1.3627737479202264,3.2493474346630973,2.274543204264168,127340.30129072943,0.9,118.9,0.9_118.9
143,2024,3,7.269999980926514,755.7312188307268,-0.24215000867843628,116.97786712646484,2024-04-21,4.6905285869738265,11.18392327013736,7.828746289096151,438292.360995048,-0.2,117.0,-0.2_117.0
144,2024,6,37.0099983215332,641.0828823540845,1.45158851146698,117.79749298095703,2024-04-23,3.9789511288866604,9.487264238123949,6.641084966686764,371801.1418599585,1.5,117.80000000000001,1.5_117.80000000000001
145,2024,6,34.779998779296875,1089.1324448778303,-0.09932666271924973,114.1005630493164,2024-04-29,6.759819814780491,16.117864911518343,11.28250543806284,631651.0669499481,-0.1,114.10000000000001,-0.1_114.10000000000001
146,2024,22,278.3999938964844,8948.774625792184,-0.26061636209487915,115.5608901977539,2024-05-12,55.54154989866304,132.4312219514502,92.70185536601514,5189913.372666357,-0.30000000000000004,115.60000000000001,-0.30000000000000004_115.60000000000001
159,2024,3,26.020000457763672,1459.1032408301376,0.6467499732971191,117.37030029296875,2024-05-12,9.056084083768503,21.592992696399552,15.115094887479685,846218.5872755502,0.6000000000000001,117.4,0.6000000000000001_117.4
147,2024,8,6.399999618530273,183.4527948511839,-0.8556749820709229,117.18421936035156,2024-06-12,1.138619865328682,2.714883188870153,1.9004182322091068,106394.91473022684,-0.9,117.2,-0.9_117.2
148,2024,7,55.36000061035156,3350.547392984333,-1.0888714790344238,115.50836944580078,2024-06-16,20.795539389148576,49.58411671026761,34.70888169718732,1943176.7418170322,-1.1,115.5,-1.1_115.5
282,2024,3,30.09000015258789,1277.073120717435,-1.0886965990066528,114.7365493774414,2024-06-17,7.926294205033647,18.89916340171436,13.229414381200051,740648.7641314849,-1.1,114.7,-1.1_114.7
149,2024,21,176.97999572753906,7886.482073539931,-2.237440824508667,115.95298767089844,2024-07-17,48.94831481730981,116.71055553090807,81.69738887163564,4573828.3159785215,-2.2,116.0,-2.2_116.0
150,2024,22,145.97000122070312,8118.799554906923,-2.4145729541778564,114.78759002685547,2024-07-17,50.3902187117812,120.14857796690059,84.1040045768304,4708562.69623385,-2.4000000000000004,114.80000000000001,-2.4000000000000004_114.80000000000001
151,2024,3,22.56999969482422,252.14936973261652,1.6886533498764038,115.08980560302734,2024-07-20,1.5649926818534436,3.7315107983314952,2.6120575588320465,146236.04243121212,1.7000000000000002,115.10000000000001,1.7000000000000002_115.10000000000001
152,2024,59,575.2100219726562,26331.25423837276,1.7820004224777222,114.9096908569336,2024-07-20,163.42781356453017,389.6712477540259,272.7698734278181,15271021.363856396,1.8,114.9,1.8_114.9
153,2024,4,21.96000099182129,194.60033628351098,1.675302505493164,115.02986145019531,2024-07-20,1.2078083022490274,2.879853544630656,2.015897481241459,112860.02048730307,1.7000000000000002,115.0,1.7000000000000002_115.0
154,2024,12,89.80001068115234,1581.1160281460416,1.3926315307617188,115.31414794921875,2024-07-20,9.813369812637927,23.3986368425127,16.37904578975889,916980.8785396515,1.4000000000000001,115.30000000000001,1.4000000000000001_115.30000000000001
155,2024,3,27.579999923706055,669.0779357342337,-1.415470004081726,114.34449005126953,2024-07-20,4.152705494065082,9.90155773446966,6.931090414128762,388037.09683499875,-1.4000000000000001,114.30000000000001,-1.4000000000000001_114.30000000000001
156,2024,3,27.56999969482422,656.7684781922992,-2.0015499591827393,115.46630859375,2024-07-23,4.076305497542619,9.719392402119079,6.803574681483354,380898.1285428456,-2.0,115.5,-2.0_115.5
157,2024,6,37.470001220703125,1942.2529668107688,1.4241849184036255,115.39007568359375,2024-07-30,12.054805778774098,28.743034045380238,20.120123831766165,1126425.1327214288,1.4000000000000001,115.4,1.4000000000000001_115.4
158,2024,6,11.09999942779541,212.45492385931146,-2.3167598247528076,114.68023681640625,2024-07-30,1.3186247556998911,3.1440802068249916,2.200856144777494,123214.931265368,-2.3000000000000003,114.7,-2.3000000000000003_114.7
267,2024,3,10.319999694824219,1240.4306717659008,-0.18027998507022858,115.68982696533203,2024-07-31,7.6988688320686105,18.356898735001323,12.849829114500926,719397.6829753343,-0.2,115.7,-0.2_115.7
160,2024,7,9.649999618530273,542.5518815743641,-1.2875499725341797,114.76618957519531,2024-08-04,3.3674076801781623,8.029122606559218,5.620385824591453,314657.3003897525,-1.3,114.80000000000001,-1.3_114.80000000000001
161,2024,5,19.1299991607666,699.8119527049454,-1.9263420104980469,113.58247375488281,2024-08-04,4.34345953677448,10.356384634588139,7.249469244211697,405861.53563719185,-1.9000000000000001,113.60000000000001,-1.9000000000000001_113.60000000000001
162,2024,10,54.63999938964844,4412.184550898359,-1.9644769430160522,116.23551940917969,2024-08-04,27.384706693754467,65.29508407404488,45.70655885183141,2558881.6973197814,-2.0,116.2,-2.0_116.2
163,2024,5,29.06999969482422,577.823649497448,-2.2005319595336914,116.0572509765625,2024-08-04,3.5863257712056926,8.551102824161186,5.9857719769128295,335113.4441274648,-2.2,116.10000000000001,-2.2_116.10000000000001
165,2024,19,191.8000030517578,3963.671645541939,0.786139965057373,114.54486083984375,2024-08-06,24.60096221981844,58.65762647776669,41.06033853443668,2298763.052850438,0.8,114.5,0.8_114.5
166,2024,6,194.63999938964844,1617.8599447261586,-1.7725566625595093,115.09935760498047,2024-08-09,10.04142495555379,23.94240310945635,16.759682176619446,938290.8066580397,-1.8,115.10000000000001,-1.8_115.10000000000001
167,2024,8,115.33999633789062,1130.4105863711386,-0.11402750015258789,115.68327331542969,2024-08-10,7.016017121266093,16.728732314759014,11.710112620331309,655590.6550492484,-0.1,115.7,-0.1_115.7
168,2024,25,194.6800079345703,7773.176099824712,0.7568067312240601,114.2701187133789,2024-08-11,48.24506888073407,115.03376187133179,80.52363330993225,4508115.610856557,0.8,114.30000000000001,0.8_114.30000000000001
169,2024,15,91.32000732421875,12697.288837026928,-2.3633761405944824,114.8777847290039,2024-08-11,78.80711393567346,187.90477428177815,131.5333419972447,7363894.151715744,-2.4000000000000004,114.9,-2.4000000000000004_114.9
170,2024,5,19.079998016357422,412.21488556347197,2.1746459007263184,117.628662109375,2024-08-11,2.55845683827002,6.100290071492917,4.270203050045041,239067.31775677163,2.2,117.60000000000001,2.2_117.60000000000001
171,2024,7,111.08000183105469,268.83172274453085,1.2930585145950317,116.78433990478516,2024-08-12,1.6685335330855002,3.978389783083857,2.7848728481586997,155911.1064041648,1.3,116.80000000000001,1.3_116.80000000000001
172,2024,17,337.67999267578125,1908.925934034098,1.3804634809494019,115.70750427246094,2024-08-12,11.847957899444923,28.249833595129783,19.774883516590847,1107096.8536763387,1.4000000000000001,115.7,1.4000000000000001_115.7
173,2024,8,89.25999450683594,2051.749458700213,-0.5336137413978577,115.31855773925781,2024-08-13,12.734407749135235,30.363451904437948,21.254416333106562,1189928.498408971,-0.5,115.30000000000001,-0.5_115.30000000000001
174,2024,4,33.65999984741211,851.0855367480768,0.7976950407028198,114.1492919921875,2024-08-14,5.282355605546288,12.595053773273019,8.816537641291113,493593.85984768294,0.8,114.10000000000001,0.8_114.10000000000001
175,2024,185,2346.449951171875,68664.06170715693,0.2889496386051178,115.43562316894531,2024-08-14,426.17101994736277,1016.1464531490083,711.3025172043058,39822271.42568306,0.30000000000000004,115.4,0.30000000000000004_115.4
176,2024,11,58.02000045776367,934.5974287531467,0.7596536874771118,114.46110534667969,2024-08-14,5.800681310560982,13.830930456750215,9.68165131972515,542027.2491348125,0.8,114.5,0.8_114.5
177,2024,6,98.1199951171875,846.4263608642191,0.595081627368927,116.25299072265625,2024-08-16,5.253437920090886,12.526103511210586,8.76827245784741,490891.7335525872,0.6000000000000001,116.30000000000001,0.6000000000000001_116.30000000000001
178,2024,7,188.6699981689453,292.75219230799087,0.7400828003883362,115.00751495361328,2024-08-16,1.8169985475053658,4.332384284723354,3.032668999306347,169783.97392616584,0.7000000000000001,115.0,0.7000000000000001_115.0
179,2024,3,14.539999961853027,194.18520671810924,1.157189965248108,118.72402954101562,2024-08-17,1.2052317551310883,2.873710120763898,2.0115970845347286,112619.26277767678,1.2000000000000002,118.7,1.2000000000000002_118.7
180,2024,3,19.130001068115234,320.28310380540387,1.2262033224105835,118.71014404296875,2024-08-18,1.9878721652498597,4.739809033194643,3.3178663232362497,185750.74610638144,1.2000000000000002,118.7,1.2000000000000002_118.7
181,2024,10,58.97999954223633,2331.151441481312,1.0277330875396729,118.8362808227539,2024-08-18,14.468546758927097,34.49826896516859,24.148788275618013,1351969.9116104746,1.0,118.80000000000001,1.0_118.80000000000001
182,2024,3,8.079999923706055,578.340990968506,-2.4370901584625244,114.7198715209961,2024-08-19,3.5895367077116362,8.558758862674091,5.991131203871864,335413.48044876626,-2.4000000000000004,114.7,-2.4000000000000004_114.7
183,2024,10,90.3699951171875,1953.72730891059,0.7972109913825989,113.71517181396484,2024-08-19,12.126022539832613,28.912840662365383,20.238988463655765,1133079.769137768,0.8,113.7,0.8_113.7
184,2024,3,23.139999389648438,329.94771469734366,0.21597333252429962,114.67532348632812,2024-08-20,2.047856631341866,4.882833780562395,3.4179836463936764,191355.81444334998,0.2,114.7,0.2_114.7
185,2024,11,80.36000061035156,1242.1370954117774,2.3360862731933594,116.85924530029297,2024-08-20,7.7094599373359785,18.382151775561642,12.867506242893148,720387.3370083729,2.3000000000000003,116.9,2.3000000000000003_116.9
198,2024,31,128.42999267578125,1412.5881247031136,-1.5808470249176025,114.79951477050781,2024-08-25,8.767382920598635,20.90462429675734,14.633237007730138,819241.7738777718,-1.6,114.80000000000001,-1.6_114.80000000000001
186,2024,15,182.22000122070312,490.21771789805626,1.8379167318344116,117.09009552001953,2024-08-31,3.0425899610175198,7.254639223606984,5.078247456524888,284305.68385354587,1.8,117.10000000000001,1.8_117.10000000000001
187,2024,3,17.529998779296875,689.2135193158618,-1.9342399835586548,114.9067611694336,2024-08-31,4.277679199069827,10.199540424829852,7.139678297380896,399714.88947886945,-1.9000000000000001,114.9,-1.9000000000000001_114.9
188,2024,7,67.6300048828125,2539.6649867764436,0.659875750541687,115.21617889404297,2024-08-31,15.762708916858466,37.58402145660748,26.308815019625236,1472899.0088737188,0.7000000000000001,115.2,0.7000000000000001_115.2
189,2024,17,177.95999145507812,11848.859710878409,-1.6191470623016357,115.69224548339844,2024-08-31,73.54124563347722,175.34903222618883,122.74432255833217,6871840.898428227,-1.6,115.7,-1.6_115.7
190,2024,41,249.77999877929688,15674.585675168293,-2.4367246627807617,115.10774230957031,2024-08-31,97.28603287303821,231.96522667610202,162.3756586732714,9090601.2508231,-2.4000000000000004,115.10000000000001,-2.4000000000000004_115.10000000000001
191,2024,8,52.09000015258789,2797.6108447006054,-2.2009124755859375,115.65260314941406,2024-09-01,17.363678137577892,41.40131338658364,28.980919370608543,1622496.7709635193,-2.2,115.7,-2.2_115.7
192,2024,4,39.93000030517578,396.38367283820116,0.9770874977111816,113.51229095458984,2024-09-02,2.460198682454733,5.866006950747169,4.106204865523018,229885.87939630615,1.0,113.5,1.0_113.5
193,2024,5,52.279998779296875,619.3609469331669,0.919376015663147,113.64151763916016,2024-09-03,3.844131557433923,9.165805427143114,6.41606379900018,359203.3317870251,0.9,113.60000000000001,0.9_113.60000000000001
194,2024,3,11.140000343322754,257.9921111534183,-0.6478233337402344,116.95166778564453,2024-09-03,1.6012562964530481,3.81797642276157,2.672583495933099,149624.58701981456,-0.6000000000000001,117.0,-0.6000000000000001_117.0
195,2024,5,68.83000183105469,917.4459263251355,-2.4496798515319824,115.7086410522461,2024-09-03,5.694228632090706,13.577108618585003,9.5039760330095,532080.0982080369,-2.4000000000000004,115.7,-2.4000000000000004_115.7
196,2024,4,48.650001525878906,424.02188395450764,-2.425334930419922,116.48681640625,2024-09-04,2.6317382670367087,6.27501960596985,4.392513724178895,245914.88084815542,-2.4000000000000004,116.5,-2.4000000000000004_116.5
197,2024,4,33.11000061035156,319.66964769219805,-1.7889100313186646,115.9373779296875,2024-09-04,1.9840646826897272,4.730730612284222,3.3115114285989553,185394.9673301125,-1.8,115.9,-1.8_115.9
199,2024,7,30.869997024536133,991.5528597334446,0.8325743079185486,117.68965148925781,2024-09-05,6.154181431423847,14.673803099866381,10.271662169906467,575059.0065822136,0.8,117.7,0.8_117.7
200,2024,9,50.14999771118164,1822.0526485543546,-2.3492255210876465,115.09737396240234,2024-09-05,11.308769337647076,26.964212285832243,18.87494860008257,1056713.9973756226,-2.3000000000000003,115.10000000000001,-2.3000000000000003_115.10000000000001
201,2024,4,29.939998626708984,971.8702975316548,-2.10329270362854,115.89573669433594,2024-09-07,6.032019453233736,14.382524587163006,10.067767211014104,563643.9473086246,-2.1,115.9,-2.1_115.9
202,2024,12,103.12999725341797,392.12282823943576,0.44550085067749023,115.01764678955078,2024-09-08,2.433753283750569,5.802951517980608,4.0620660625864256,227414.76851390104,0.4,115.0,0.4_115.0
203,2024,13,149.1800079345703,5083.120810034031,1.3372790813446045,118.40906524658203,2024-09-08,31.548946075557808,75.22414278480734,52.65689994936513,2947996.543665207,1.3,118.4,1.3_118.4
204,2024,20,147.4499969482422,8069.788936481316,-1.1187245845794678,113.52912902832031,2024-09-10,50.08602894025601,119.42327910106566,83.59629537074596,4680138.596331213,-1.1,113.5,-1.1_113.5
212,2024,4,18.5,913.0953200363176,-2.400287628173828,115.94454956054688,2024-09-11,5.667226117625389,13.512724819556562,9.458907373689593,529556.9293160118,-2.4000000000000004,115.9,-2.4000000000000004_115.9
205,2024,3,41.20000076293945,591.2567252518203,-2.3753068447113037,116.04204559326172,2024-09-11,3.6696996272366174,8.74989636977028,6.1249274588391955,342904.0637831124,-2.4000000000000004,116.0,-2.4000000000000004_116.0
206,2024,10,73.76000213623047,2321.065964535726,-2.1166231632232666,116.08943176269531,2024-09-11,14.405950141574529,34.34901590073029,24.044311130511204,1346120.7586416698,-2.1,116.10000000000001,-2.1_116.10000000000001
207,2024,21,284.4500427246094,12346.122260067683,-1.1303375959396362,115.62734985351562,2024-09-11,76.62756011154326,182.70792657469846,127.89554860228891,7160232.288499145,-1.1,115.60000000000001,-1.1_115.60000000000001
208,2024,3,15.850000381469727,967.6627185851593,-0.18994666635990143,115.7638168334961,2024-09-11,6.005904653634717,14.320257422702792,10.024180195891953,561203.728267011,-0.2,115.80000000000001,-0.2_115.80000000000001
209,2024,3,25.560001373291016,440.40499529776906,-1.7111066579818726,115.39883422851562,2024-09-12,2.733421842075515,6.517470169905323,4.562229118933725,255416.3972235046,-1.7000000000000002,115.4,-1.7000000000000002_115.4
211,2024,3,123.77000427246094,179.0389250111686,-0.9488466382026672,116.0257339477539,2024-09-13,1.111224698703429,2.6495631645214415,1.854694215165009,103835.05563601303,-0.9,116.0,-0.9_116.0
249,2024,16,94.95000457763672,5383.984031154159,-0.9002962112426758,113.64950561523438,2024-09-13,33.41628661180881,79.67656064974612,55.773592454822285,3122484.5735832257,-0.9,113.60000000000001,-0.9_113.60000000000001
213,2024,3,115.69000244140625,147.90436188396487,1.780316710472107,117.20784759521484,2024-09-13,0.9179846224008504,2.188808657644456,1.5321660603511191,85778.3168887574,1.8,117.2,1.8_117.2
214,2024,6,73.87999725341797,1685.1374318362653,-1.507485032081604,113.97342681884766,2024-09-14,10.458990048389264,24.938029907580752,17.456620935306525,977308.9230631358,-1.5,114.0,-1.5_114.0
215,2024,9,11.880000114440918,162.46559911738547,-2.432309150695801,114.37118530273438,2024-09-14,1.0083605362220913,2.4042976514547276,1.6830083560183093,94223.22281168505,-2.4000000000000004,114.4,-2.4000000000000004_114.4
216,2024,28,339.6700439453125,10142.840044084958,-0.9941579103469849,115.39677429199219,2024-09-14,62.95264770653806,150.1019700758598,105.07137905310186,5882421.156287908,-1.0,115.4,-1.0_115.4
217,2024,11,103.43000030517578,4107.503848796626,-1.4669219255447388,115.21476745605469,2024-09-14,25.49367254365204,60.786172030594415,42.55032042141609,2382179.68879298,-1.5,115.2,-1.5_115.2
218,2024,6,50.040000915527344,1527.308310902373,-1.608033299446106,115.80950927734375,2024-09-14,9.47940632185912,22.602346619216757,15.821642633451729,885774.6628337951,-1.6,115.80000000000001,-1.6_115.80000000000001
219,2024,25,389.2900390625,11991.412732136092,-0.6911815404891968,113.61438751220703,2024-09-15,74.42601657413412,177.4586474067538,124.22105318472767,6954515.662546978,-0.7000000000000001,113.60000000000001,-0.7000000000000001_113.60000000000001
220,2024,9,56.51000213623047,2547.8913144015623,-0.3266066610813141,114.64309692382812,2024-09-15,15.813766520315859,37.7057613221336,26.394032925493516,1477669.9333337545,-0.30000000000000004,114.60000000000001,-0.30000000000000004_114.60000000000001
221,2024,3,167.77999877929688,632.8054216302818,-0.3092833459377289,114.35906982421875,2024-09-15,3.927576162251537,9.364767663548378,6.555337364483864,367000.56235062913,-0.30000000000000004,114.4,-0.30000000000000004_114.4
222,2024,4,58.26000213623047,216.8641785897821,0.08676250278949738,116.69384765625,2024-09-15,1.3459912781422498,3.2093319330410544,2.246532353128738,125772.1137899124,0.1,116.7,0.1_116.7
223,2024,16,268.6000061035156,5760.668652806985,-0.28175437450408936,114.47982025146484,2024-09-15,35.754220975390716,85.25104507044269,59.67573154930987,3340945.830788113,-0.30000000000000004,114.5,-0.30000000000000004_114.5
224,2024,6,26.990001678466797,256.4604387370718,-1.993316650390625,114.96649932861328,2024-09-15,1.5917498038327376,3.79530949257188,2.656716644800316,148736.2813591457,-2.0,115.0,-2.0_115.0
225,2024,5,85.75,1769.7462490427683,-0.8869439959526062,114.30859375,2024-09-15,10.984123939815863,26.190139779498796,18.333097845649156,1026378.4828886681,-0.9,114.30000000000001,-0.9_114.30000000000001
226,2024,4,98.91000366210938,1426.4287794067504,-1.3221299648284912,115.04696655273438,2024-09-15,8.853286460021403,21.10944952609408,14.776614668265855,827268.7722028639,-1.3,115.0,-1.3_115.0
227,2024,8,53.970001220703125,813.4334383912297,-1.5313899517059326,115.73757934570312,2024-09-15,5.0486637329575235,12.037847496107217,8.426493247275051,471757.22444869374,-1.5,115.7,-1.5_115.7
228,2024,4,26.049999237060547,1078.4885228281012,-1.5243425369262695,116.09492492675781,2024-09-15,6.693757146721044,15.960347523680806,11.172243266576563,625478.0392792888,-1.5,116.10000000000001,-1.5_116.10000000000001
229,2024,3,19.329999923706055,189.88303437112927,-2.0315101146698,113.50485229492188,2024-09-15,1.17852985123089,2.8100430864736183,1.9670301605315328,110124.18353735787,-2.0,113.5,-2.0_113.5
230,2024,7,43.51000213623047,596.8751964913241,-1.7657185792922974,115.35740661621094,2024-09-15,3.7045712843910716,8.83304306223497,6.183130143564478,346162.54108745727,-1.8,115.4,-1.8_115.4
231,2024,4,28.850000381469727,1181.4668278245904,2.4010250568389893,117.47587585449219,2024-09-15,7.332903276176274,17.484303968607694,12.239012778025385,685201.1303777512,2.4000000000000004,117.5,2.4000000000000004_117.5
232,2024,4,30.170000076293945,430.0414172255233,2.3276498317718506,117.51333618164062,2024-09-15,2.669099159619159,6.364101539529825,4.4548710776708775,249405.95728340407,2.3000000000000003,117.5,2.3000000000000003_117.5
233,2024,6,126.29000091552734,2254.1589609693474,-1.796851634979248,116.01204681396484,2024-09-15,13.990684495433277,33.358871818448065,23.351210272913644,1307317.5071290703,-1.8,116.0,-1.8_116.0
234,2024,3,21.270000457763672,150.907424099997,1.124626636505127,116.8795166015625,2024-09-15,0.9366234569782463,2.2332504069895696,1.5632752848926985,87519.96682471773,1.1,116.9,1.1_116.9
235,2024,13,318.9700012207031,4048.7620124248365,-0.9104384779930115,115.96623229980469,2024-09-16,25.12908490205703,59.91686271220273,41.941803898541906,2348111.8912598686,-0.9,116.0,-0.9_116.0
236,2024,39,803.0299682617188,30400.93568932983,-1.1706230640411377,115.19767761230469,2024-09-16,188.68673725320065,449.89769327764253,314.92838529434977,17631265.65070417,-1.2000000000000002,115.2,-1.2000000000000002_115.2
237,2024,16,210.99000549316406,5543.0984432626565,-1.0193424224853516,114.42912292480469,2024-09-16,34.40384763879558,82.03126471893587,57.42188530325511,3214764.2487027375,-1.0,114.4,-1.0_114.4
261,2024,3,30.110000610351562,886.0779045889109,-1.8960967063903809,115.38713836669922,2024-09-16,5.499539569359881,13.112899201939857,9.1790294413579,513887.963274422,-1.9000000000000001,115.4,-1.9000000000000001_115.4
238,2024,5,47.25,1096.4701323894303,-0.0015100000891834497,114.31573486328125,2024-09-16,6.8053619760381565,16.226453960197517,11.358517772138262,635906.6174731606,-0.0,114.30000000000001,-0.0_114.30000000000001
239,2024,6,119.61000061035156,726.773647651035,-2.4868133068084717,115.92281341552734,2024-09-16,4.510800249645345,10.755385655052079,7.528769958536454,421498.18612866336,-2.5,115.9,-2.5_115.9
240,2024,5,21.140003204345703,1148.2317173746032,1.3357460498809814,118.5562973022461,2024-09-17,7.126625922836165,16.99246385947168,11.894724701630176,665926.1624207654,1.3,118.60000000000001,1.3_118.60000000000001
241,2024,6,99.55999755859375,1620.7232951872666,-0.295960009098053,115.06145477294922,2024-09-17,10.059196653821239,23.984777290983597,16.789344103688517,939951.4296450017,-0.30000000000000004,115.10000000000001,-0.30000000000000004_115.10000000000001
243,2024,14,81.05999755859375,2177.0952938538285,1.4302386045455933,118.3303451538086,2024-09-17,13.512380404487233,32.21842119465503,22.55289483625852,1262623.8174079333,1.4000000000000001,118.30000000000001,1.4000000000000001_118.30000000000001
244,2024,4,45.2400016784668,175.94864646980326,-1.9329299926757812,114.37955474853516,2024-09-17,1.0920445464498107,2.6038307172851667,1.8226815020996165,102042.82389504703,-1.9000000000000001,114.4,-1.9000000000000001_114.4
245,2024,3,7.489999771118164,775.4832930541274,-1.22516667842865,114.97515869140625,2024-09-17,4.8131219991399075,11.476230478092006,8.033361334664404,449747.73432118667,-1.2000000000000002,115.0,-1.2000000000000002_115.0
246,2024,6,60.959999084472656,1258.644962221704,0.007406666874885559,115.50138092041016,2024-09-18,7.8119178208434485,18.626448572035812,13.038514000425067,729961.2063137974,0.0,115.5,0.0_115.5
247,2024,4,20.630001068115234,231.12007970754127,-1.0574300289154053,113.6166763305664,2024-09-19,1.4344720899173407,3.4203023154666554,2.394211620826659,134039.9375919805,-1.1,113.60000000000001,-1.1_113.60000000000001
248,2024,5,155.89999389648438,197.28900844914023,-1.8047358989715576,113.95858001708984,2024-09-19,1.2244958405425983,2.9196426951244994,2.0437498865871495,114419.33740058157,-1.8,114.0,-1.8_114.0
250,2024,7,77.47999572753906,286.9431152519196,-0.7212900519371033,114.1263198852539,2024-09-19,1.780943874472811,4.246416852855267,2.972491796998687,166414.95325497148,-0.7000000000000001,114.10000000000001,-0.7000000000000001_114.10000000000001
251,2024,3,33.779998779296875,676.04166616073,-0.794950008392334,113.73370361328125,2024-09-19,4.1959266497135115,10.004612663025283,7.003228864117697,392075.7679576293,-0.8,113.7,-0.8_113.7
252,2024,3,13.360000610351562,135.09895023506192,1.0298267602920532,118.9750747680664,2024-09-19,0.8385064323902821,1.9993037943341425,1.3995126560338997,78351.71604805788,1.0,119.0,1.0_119.0
253,2024,7,92.77000427246094,2727.661355857039,-0.6332486271858215,115.85124969482422,2024-09-19,16.929528973312063,40.36614414053585,28.256300898375095,1581929.0057955296,-0.6000000000000001,115.9,-0.6000000000000001_115.9
254,2024,3,13.440000534057617,263.4942348253988,-0.7231233716011047,114.36260223388672,2024-09-20,1.6354058296858025,3.899401309595601,2.7295809167169205,152815.5876223968,-0.7000000000000001,114.4,-0.7000000000000001_114.4
255,2024,4,25.040000915527344,190.5081521245789,-1.2203274965286255,113.77294921875,2024-09-20,1.182409713038527,2.819294085790807,1.9735058600535649,110486.72557509883,-1.2000000000000002,113.80000000000001,-1.2000000000000002_113.80000000000001
256,2024,3,13.619999885559082,249.91884170227294,-1.3309599161148071,113.54473114013672,2024-09-20,1.5511486653172994,3.6985016361827485,2.5889511453279237,144942.42987118382,-1.3,113.5,-1.3_113.5
257,2024,18,513.3300170898438,2193.7375640971104,-0.2192588895559311,114.79329681396484,2024-09-21,13.615672477625399,32.46470700210087,22.72529490147061,1272275.635058832,-0.2,114.80000000000001,-0.2_114.80000000000001
258,2024,4,23.90999984741211,402.9073892400037,-0.9679824709892273,114.10558319091797,2024-09-21,2.5006888428629646,5.962550195032857,4.173785136523,233669.36086824012,-1.0,114.10000000000001,-1.0_114.10000000000001
259,2024,4,80.62000274658203,338.5892591882144,-0.08996500074863434,113.62149810791016,2024-09-21,2.1014913237563846,5.010718361896627,3.507502853327639,196367.54724354786,-0.1,113.60000000000001,-0.1_113.60000000000001
260,2024,7,17.970001220703125,855.0093139306538,-2.411654233932495,114.64083099365234,2024-09-21,5.306708958411964,12.653121009144195,8.857184706400936,495869.4857878564,-2.4000000000000004,114.60000000000001,-2.4000000000000004_114.60000000000001
262,2024,9,62.39999771118164,3080.51386912936,-1.520531177520752,115.82212829589844,2024-09-22,19.119546745834565,45.587941700015364,31.911559190010752,1786568.641252752,-1.5,115.80000000000001,-1.5_115.80000000000001
263,2024,12,191.97000122070312,3457.2172903166393,-0.7113408446311951,115.46964263916016,2024-09-22,21.45759779078623,51.162704331464134,35.81389303202489,2005040.8013979136,-0.7000000000000001,115.5,-0.7000000000000001_115.5
264,2024,4,30.790000915527344,145.74348343231873,0.862975001335144,117.76658630371094,2024-09-28,0.9045728936038002,2.1568302264282693,1.5097811584997884,84525.09815861065,0.9,117.80000000000001,0.9_117.80000000000001
265,2024,4,50.5,182.02616472401488,-0.836620032787323,114.52310180664062,2024-10-02,1.12976532918172,2.6937707596366343,1.8856395317456438,105567.52918477987,-0.8,114.5,-0.8_114.5
266,2024,6,58.7599983215332,621.6298029875295,-2.196643114089966,114.8138656616211,2024-10-04,3.858213461049314,9.199381798464968,6.439567258925477,360519.17299094284,-2.2,114.80000000000001,-2.2_114.80000000000001
268,2024,4,33.779998779296875,301.616432365801,-1.435920000076294,116.3681869506836,2024-10-06,1.8720154243485467,4.463564495603106,3.124495146922174,174924.86080043792,-1.4000000000000001,116.4,-1.4000000000000001_116.4
269,2024,3,66.19000244140625,409.12930473753767,-0.5714867115020752,115.47016143798828,2024-10-11,2.539305842901778,6.054627144858168,4.238239001400717,237277.81049341915,-0.6000000000000001,115.5,-0.6000000000000001_115.5
270,2024,5,19.81999969482422,218.19329487582073,0.23878200352191925,116.28355407714844,2024-10-13,1.3542405839532792,3.2290012733961406,2.260300891377298,126542.94540375804,0.2,116.30000000000001,0.2_116.30000000000001
271,2024,5,74.5199966430664,550.5894743398582,-1.024493932723999,114.79472351074219,2024-10-15,3.4172938800566515,8.148069420619617,5.703648594433732,319318.7665593725,-1.0,114.80000000000001,-1.0_114.80000000000001
272,2024,4,18.889999389648438,346.97208699411846,-1.5520100593566895,116.4195556640625,2024-10-19,2.1535202627277137,5.134774243977375,3.5943419707841624,201229.23523435133,-1.6,116.4,-1.6_116.4
273,2024,3,7.599999904632568,127.79725347817612,-0.9947166442871094,115.302978515625,2024-10-23,0.7931876516939164,1.891247366022012,1.3238731562154082,74117.03865071962,-1.0,115.30000000000001,-1.0_115.30000000000001
274,2024,4,26.459999084472656,812.71115947541,2.489642381668091,117.58226776123047,2024-10-25,5.0441808297533095,12.027158627137817,8.419011038996471,471338.3330182174,2.5,117.60000000000001,2.5_117.60000000000001
275,2024,4,54.619998931884766,178.1333500004576,-1.6821050643920898,114.55086517333984,2024-10-26,1.1056041482093513,2.6361617313362204,1.8453132119353541,103309.8601702008,-1.7000000000000002,114.60000000000001,-1.7000000000000002_114.60000000000001
276,2024,3,42.56999969482422,168.58908254008017,-2.179126739501953,115.72982025146484,2024-10-26,1.046366606806881,2.4949179236347434,1.7464425465443203,97774.58596828378,-2.2,115.7,-2.2_115.7
277,2024,3,19.549999237060547,263.8859338172504,-1.2045031785964966,115.08399200439453,2024-10-27,1.6378369523825882,3.905197988839098,2.7336385921873685,153042.75658360982,-1.2000000000000002,115.10000000000001,-1.2000000000000002_115.10000000000001
278,2024,4,43.939998626708984,203.0746290145887,-1.0676651000976562,114.91561889648438,2024-10-28,1.2604049282968495,3.005262998827472,2.10368409917923,117774.75429254919,-1.1,114.9,-1.1_114.9
279,2024,4,211.9300079345703,1123.5124244687836,-1.3383899927139282,115.14373779296875,2024-10-28,6.973202923844646,16.626647722381996,11.638653405667396,651590.0109162892,-1.3,115.10000000000001,-1.3_115.10000000000001
280,2024,3,28.190000534057617,155.35871185740976,-1.4379700422286987,115.3763656616211,2024-10-29,0.9642508620063133,2.2991241720157523,1.6093869204110265,90101.52673921132,-1.4000000000000001,115.4,-1.4000000000000001_115.4
