latitude,longitude,acq_date,acq_time,confidence,type,frp,bright_ti4,bright_ti5,scan,track,satellite,instrument,version,year
1.61292,118.16965,2012-01-20,539,n,0,2.7,332.31,289.36,0.43,0.38,N,VIIRS,2,2012
0.61903,116.86311,2012-01-20,539,n,0,2.86,332.49,290.11,0.39,0.36,N,VIIRS,2,2012
0.61753,117.26215,2012-01-20,539,n,0,3.45,333.5,293.66,0.39,0.37,N,VIIRS,2,2012
0.53478,116.86171,2012-01-20,539,n,0,3.3,337.05,292.63,0.39,0.36,N,VIIRS,2,2012
0.59168,117.25891,2012-01-20,539,n,0,4.74,339.23,295.1,0.39,0.37,N,VIIRS,2,2012
-0.89143,117.04356,2012-01-20,539,n,0,3.6,331.32,288.1,0.39,0.36,N,VIIRS,2,2012
-0.89091,117.04703,2012-01-20,539,n,0,4.72,331.22,287.3,0.39,0.36,N,VIIRS,2,2012
-0.89477,117.04406,2012-01-20,539,n,0,3.6,331.67,290.04,0.39,0.36,N,VIIRS,2,2012
-0.89424,117.04753,2012-01-20,539,n,0,4.72,337.4,289.78,0.39,0.36,N,VIIRS,2,2012
-1.28787,115.13497,2012-01-20,539,n,0,3.56,327.6,287.29,0.4,0.37,N,VIIRS,2,2012
-2.16622,115.96722,2012-01-20,539,n,0,2.19,329.81,288.48,0.39,0.36,N,VIIRS,2,2012
-2.16569,115.9707,2012-01-20,539,n,0,9.06,337.72,293.81,0.39,0.36,N,VIIRS,2,2012
-2.18322,115.98127,2012-01-20,539,n,0,3.12,331.25,289.68,0.39,0.36,N,VIIRS,2,2012
1.61378,118.16921,2012-01-20,540,n,0,3.16,331.97,288.2,0.43,0.38,N,VIIRS,2,2012
1.62925,118.03451,2012-01-20,540,n,0,10.36,337.59,291.32,0.42,0.38,N,VIIRS,2,2012
2.14723,117.37345,2012-01-20,540,n,0,4.46,329.04,293.67,0.4,0.37,N,VIIRS,2,2012
2.11597,117.09425,2012-01-20,540,n,0,2.72,326.7,294.84,0.4,0.37,N,VIIRS,2,2012
2.12218,117.08966,2012-01-20,540,n,0,2.86,331.34,295.07,0.4,0.37,N,VIIRS,2,2012
2.39886,117.9325,2012-01-20,540,n,0,5.28,343.6,294.4,0.42,0.38,N,VIIRS,2,2012
2.40291,117.9358,2012-01-20,540,n,0,7.12,334.36,294.04,0.42,0.38,N,VIIRS,2,2012
2.40176,117.92818,2012-01-20,540,n,0,6.1,335.31,295.75,0.42,0.38,N,VIIRS,2,2012
2.40119,117.92436,2012-01-20,540,n,0,6.1,327.81,294.52,0.42,0.38,N,VIIRS,2,2012
2.41737,117.95133,2012-01-20,1639,n,0,0.88,296.9,277.94,0.77,0.77,N,VIIRS,2,2012
-0.91273,117.11342,2012-01-22,1742,n,0,0.96,311.26,269.98,0.41,0.37,N,VIIRS,2,2012
0.81718,117.594,2012-01-22,1742,n,0,1.06,302.42,269.02,0.41,0.37,N,VIIRS,2,2012
-0.96343,117.15177,2012-01-22,1742,n,2,2.01,295.86,265.25,0.41,0.37,N,VIIRS,2,2012
0.10564,117.47211,2012-01-23,1723,n,2,0.61,301.08,273.9,0.44,0.39,N,VIIRS,2,2012
0.18216,117.48676,2012-01-23,1723,n,2,0.6,296.91,266.21,0.44,0.39,N,VIIRS,2,2012
-0.5839,117.38316,2012-01-23,1723,n,2,0.66,302.71,281.64,0.44,0.38,N,VIIRS,2,2012
0.0818,117.48472,2012-01-23,1723,n,3,1.4,314.89,277.58,0.44,0.39,N,VIIRS,2,2012
0.08243,117.48073,2012-01-23,1723,n,3,1.7,317.94,277.71,0.44,0.39,N,VIIRS,2,2012
0.08535,117.48527,2012-01-23,1723,n,2,1.4,305.96,276.64,0.44,0.39,N,VIIRS,2,2012
0.08598,117.48128,2012-01-23,1723,n,3,1.7,306.82,277.2,0.44,0.39,N,VIIRS,2,2012
0.09561,117.46645,2012-01-23,1723,n,2,3.06,326.19,277.11,0.44,0.39,N,VIIRS,2,2012
-2.0411,116.22071,2012-01-25,545,n,0,3.4,340.73,278.12,0.39,0.36,N,VIIRS,2,2012
-2.03774,116.22021,2012-01-25,545,n,0,3.4,327.65,276.31,0.39,0.36,N,VIIRS,2,2012
-1.94444,115.39114,2012-01-25,545,n,0,2.02,331.62,284.06,0.38,0.36,N,VIIRS,2,2012
-1.24192,114.98186,2012-01-26,526,n,0,3.81,331.53,286.36,0.56,0.43,N,VIIRS,2,2012
-1.24379,114.97957,2012-01-26,526,n,0,3.7,332.36,286.35,0.56,0.43,N,VIIRS,2,2012
-2.176,115.97261,2012-01-28,629,n,0,4.99,330.9,283.9,0.57,0.69,N,VIIRS,2,2012
-2.17644,115.97246,2012-01-28,1730,n,0,0.89,308.19,285.43,0.42,0.38,N,VIIRS,2,2012
-2.25206,113.84743,2012-01-29,610,n,0,3.76,331.72,296.76,0.39,0.44,N,VIIRS,2,2012
-2.25145,113.8485,2012-01-29,610,n,0,4.53,331.64,296.77,0.39,0.44,N,VIIRS,2,2012
-2.16248,115.96314,2012-01-29,1711,n,0,0.91,305.87,287.94,0.52,0.5,N,VIIRS,2,2012
-1.90421,116.41312,2012-01-30,551,n,0,2.62,327.61,295.86,0.45,0.39,N,VIIRS,2,2012
-1.90358,116.41718,2012-01-30,551,n,0,2.62,328.85,295.26,0.45,0.39,N,VIIRS,2,2012
-1.91949,116.36147,2012-01-30,551,n,0,2.24,328.03,295.99,0.45,0.39,N,VIIRS,2,2012
-0.24554,117.3392,2012-01-30,551,n,0,6.29,336.55,293.05,0.53,0.42,N,VIIRS,2,2012
-0.33677,116.89556,2012-01-30,551,n,0,2.82,331.9,295.43,0.5,0.41,N,VIIRS,2,2012
-0.40178,116.54248,2012-01-30,551,n,0,2.17,333.81,295.5,0.48,0.4,N,VIIRS,2,2012
-0.44427,116.50951,2012-01-30,551,n,0,17.39,338.83,295.54,0.47,0.4,N,VIIRS,2,2012
-0.44794,116.51003,2012-01-30,551,n,0,17.39,345.78,298.24,0.47,0.4,N,VIIRS,2,2012
-0.44756,116.50916,2012-01-30,551,n,0,35.47,355.66,298.7,0.47,0.4,N,VIIRS,2,2012
-0.34296,117.33228,2012-01-30,551,n,0,7.26,333.78,294.88,0.53,0.42,N,VIIRS,2,2012
-0.44879,117.29385,2012-01-30,551,n,0,3.86,334.88,295.3,0.52,0.42,N,VIIRS,2,2012
-0.73678,117.25696,2012-01-30,551,n,0,7.13,337.87,294.66,0.51,0.41,N,VIIRS,2,2012
-0.0209,115.70679,2012-01-30,552,n,0,7.98,333.18,292.23,0.44,0.38,N,VIIRS,2,2012
0.13087,115.63565,2012-01-30,552,n,0,4.09,335.04,294.89,0.44,0.38,N,VIIRS,2,2012
0.48909,116.13103,2012-01-30,552,n,0,11.12,345.57,293.01,0.46,0.39,N,VIIRS,2,2012
-0.02041,116.84773,2012-01-30,552,n,0,7.21,335.93,298.49,0.5,0.41,N,VIIRS,2,2012
0.08419,117.48357,2012-01-30,552,n,2,3.03,333.56,288.56,0.54,0.42,N,VIIRS,2,2012
-0.15274,117.0402,2012-01-30,552,n,0,8.9,339.15,295.03,0.51,0.41,N,VIIRS,2,2012
-0.15363,117.03709,2012-01-30,552,n,0,8.36,336.31,297.45,0.51,0.41,N,VIIRS,2,2012
-0.12773,116.97746,2012-01-30,552,n,0,2.57,330.44,289.66,0.51,0.41,N,VIIRS,2,2012
0.75679,117.70566,2012-01-30,552,n,0,5.54,330.59,290.1,0.57,0.43,N,VIIRS,2,2012
0.14424,116.31267,2012-01-30,552,n,0,3.81,332.56,294.98,0.47,0.4,N,VIIRS,2,2012
-0.01973,116.85222,2012-01-30,552,n,0,10.52,344.27,296.69,0.5,0.41,N,VIIRS,2,2012
1.27421,117.13682,2012-01-30,552,n,0,8.32,347.21,294.95,0.54,0.42,N,VIIRS,2,2012
1.27363,117.13523,2012-01-30,552,n,0,11.09,343.46,294.15,0.54,0.42,N,VIIRS,2,2012
1.22771,117.75093,2012-01-30,552,n,0,3.22,340.32,294.55,0.39,0.44,N,VIIRS,2,2012
1.19155,117.78519,2012-01-30,552,n,0,4.07,332.35,293.52,0.39,0.44,N,VIIRS,2,2012
1.02207,117.03186,2012-01-30,552,n,0,4.95,332.17,291.82,0.53,0.42,N,VIIRS,2,2012
1.00452,117.02,2012-01-30,552,n,0,5.4,335.55,293.67,0.52,0.42,N,VIIRS,2,2012
0.81396,116.94027,2012-01-30,552,n,0,2.58,332.36,295.43,0.52,0.41,N,VIIRS,2,2012
0.81606,116.94341,2012-01-30,552,n,0,5.02,338.14,296.3,0.52,0.41,N,VIIRS,2,2012
0.70736,117.1694,2012-01-30,552,n,0,6.03,332.13,286.07,0.53,0.42,N,VIIRS,2,2012
0.70809,117.17418,2012-01-30,552,n,0,6.03,337.82,286.78,0.53,0.42,N,VIIRS,2,2012
0.76427,117.62057,2012-01-30,552,n,0,19.83,343.44,290.33,0.57,0.43,N,VIIRS,2,2012
0.80264,117.95405,2012-01-30,552,n,0,1.21,330.27,288.46,0.4,0.44,N,VIIRS,2,2012
-0.02348,116.85279,2012-01-30,552,n,0,5.85,344.71,295.4,0.5,0.41,N,VIIRS,2,2012
-1.33309,116.60784,2012-01-31,532,n,0,26.47,333.52,295.5,0.4,0.37,N,VIIRS,2,2012
-1.05641,116.65785,2012-01-31,532,n,0,2.0,331.66,292.44,0.4,0.37,N,VIIRS,2,2012
-1.11579,116.77615,2012-01-31,532,n,0,14.73,355.22,296.18,0.4,0.37,N,VIIRS,2,2012
0.22488,117.46049,2012-01-31,533,n,0,4.01,330.52,283.53,0.38,0.36,N,VIIRS,2,2012
0.11636,115.62793,2012-01-31,533,n,0,3.91,330.1,279.98,0.42,0.38,N,VIIRS,2,2012
0.22156,117.46098,2012-01-31,533,n,0,4.01,340.77,284.54,0.38,0.36,N,VIIRS,2,2012
0.22208,117.46443,2012-01-31,533,n,0,4.85,328.24,283.19,0.38,0.36,N,VIIRS,2,2012
0.02285,117.47015,2012-01-31,533,n,0,1.6,329.91,283.59,0.38,0.36,N,VIIRS,2,2012
0.81197,117.52374,2012-01-31,533,n,0,2.6,334.2,292.01,0.38,0.36,N,VIIRS,2,2012
0.08464,117.48358,2012-01-31,1813,n,2,1.23,295.04,266.03,0.42,0.61,N,VIIRS,2,2012
0.18559,117.48638,2012-01-31,1813,n,2,0.87,300.46,273.46,0.42,0.61,N,VIIRS,2,2012
0.18406,117.48828,2012-02-02,1736,n,2,0.57,299.78,273.03,0.39,0.36,N,VIIRS,2,2012
-0.74509,117.56435,2012-02-02,1736,n,0,0.96,310.8,279.92,0.39,0.36,N,VIIRS,2,2012
-2.14295,115.58157,2012-02-03,616,n,0,1.21,328.68,285.61,0.33,0.55,N,VIIRS,2,2012
0.83433,117.58186,2012-02-03,1717,n,0,1.1,300.3,277.79,0.54,0.42,N,VIIRS,2,2012
-0.96497,117.147,2012-02-03,1717,n,2,2.11,308.86,284.87,0.54,0.42,N,VIIRS,2,2012
-0.96185,117.15243,2012-02-03,1717,n,2,1.6,305.61,284.79,0.54,0.42,N,VIIRS,2,2012
-0.96141,117.14937,2012-02-03,1717,n,2,1.59,307.05,284.75,0.54,0.42,N,VIIRS,2,2012
0.83821,117.5825,2012-02-03,1717,n,0,1.07,302.87,276.99,0.54,0.42,N,VIIRS,2,2012
-1.19841,116.9381,2012-02-04,558,n,0,4.34,340.68,284.24,0.4,0.44,N,VIIRS,2,2012
-0.67289,116.12204,2012-02-04,558,n,0,3.44,331.14,292.87,0.55,0.43,N,VIIRS,2,2012
-0.48971,116.47761,2012-02-04,558,n,0,15.76,351.88,279.23,0.39,0.44,N,VIIRS,2,2012
-0.25779,116.85717,2012-02-04,558,n,0,6.14,344.35,281.47,0.41,0.45,N,VIIRS,2,2012
-0.25365,116.85653,2012-02-04,558,n,0,6.14,332.12,280.24,0.41,0.45,N,VIIRS,2,2012
0.05296,115.87734,2012-02-04,558,n,0,3.51,327.23,288.25,0.54,0.42,N,VIIRS,2,2012
0.41848,116.12691,2012-02-04,558,n,0,10.35,333.88,289.7,0.57,0.43,N,VIIRS,2,2012
0.4177,116.12181,2012-02-04,558,n,0,9.51,332.99,289.05,0.57,0.43,N,VIIRS,2,2012
0.62536,117.2783,2012-02-04,558,n,0,7.61,344.62,280.9,0.45,0.47,N,VIIRS,2,2012
2.40764,117.9226,2012-02-04,1657,n,0,0.72,300.69,271.68,0.37,0.58,N,VIIRS,2,2012
0.83962,117.58457,2012-02-04,1658,n,0,0.54,296.22,270.24,0.37,0.58,N,VIIRS,2,2012
2.39925,117.93385,2012-02-05,540,n,0,2.5,327.69,288.54,0.42,0.38,N,VIIRS,2,2012
0.18349,117.48885,2012-02-05,1820,n,2,1.69,303.31,268.29,0.54,0.68,N,VIIRS,2,2012
0.18691,117.48534,2012-02-05,1820,n,2,1.45,295.22,269.9,0.54,0.68,N,VIIRS,2,2012
0.83475,117.58315,2012-02-05,1820,n,0,1.15,296.88,272.12,0.54,0.68,N,VIIRS,2,2012
0.76023,116.97815,2012-02-06,520,n,0,3.43,328.52,289.39,0.5,0.41,N,VIIRS,2,2012
0.29994,116.91934,2012-02-06,520,n,0,4.73,326.43,286.71,0.51,0.41,N,VIIRS,2,2012
0.30136,116.92852,2012-02-06,520,n,0,3.9,327.13,287.33,0.51,0.41,N,VIIRS,2,2012
0.02883,117.41187,2012-02-06,520,n,0,8.59,331.35,291.15,0.48,0.4,N,VIIRS,2,2012
-0.03721,117.01128,2012-02-06,520,n,0,5.34,333.54,290.69,0.51,0.41,N,VIIRS,2,2012
-0.0365,117.01587,2012-02-06,520,n,0,6.87,345.76,291.8,0.51,0.41,N,VIIRS,2,2012
-0.04029,117.01643,2012-02-06,520,n,0,6.87,327.82,290.06,0.51,0.41,N,VIIRS,2,2012
0.03069,117.41068,2012-02-06,520,n,0,8.0,336.5,291.42,0.48,0.4,N,VIIRS,2,2012
-0.0359,117.01442,2012-02-06,520,n,0,5.19,343.82,291.81,0.51,0.41,N,VIIRS,2,2012
-0.03969,117.01496,2012-02-06,520,n,0,5.19,332.44,289.92,0.51,0.41,N,VIIRS,2,2012
-0.039,117.01958,2012-02-06,520,n,0,5.19,333.24,290.15,0.51,0.41,N,VIIRS,2,2012
-0.04141,117.02937,2012-02-06,520,n,0,7.93,326.98,289.83,0.51,0.41,N,VIIRS,2,2012
-0.24546,117.10736,2012-02-06,520,n,0,3.35,331.23,293.5,0.51,0.41,N,VIIRS,2,2012
-0.31759,117.26581,2012-02-06,520,n,0,3.48,329.48,291.28,0.5,0.41,N,VIIRS,2,2012
-0.88519,117.03822,2012-02-06,520,n,0,20.69,343.06,280.49,0.52,0.42,N,VIIRS,2,2012
-0.88736,117.03692,2012-02-06,520,n,0,4.23,326.35,276.92,0.52,0.42,N,VIIRS,2,2012
-0.88667,117.04159,2012-02-06,520,n,0,6.14,332.7,277.67,0.52,0.42,N,VIIRS,2,2012
2.40374,117.92258,2012-02-06,1800,n,0,1.62,308.05,287.14,0.51,0.49,N,VIIRS,2,2012
2.40586,117.92113,2012-02-07,1741,n,0,1.8,319.63,289.04,0.42,0.37,N,VIIRS,2,2012
2.40242,117.92059,2012-02-07,1741,n,0,1.8,317.08,288.16,0.42,0.37,N,VIIRS,2,2012
0.10647,117.47148,2012-02-07,1742,n,2,1.02,311.74,286.7,0.42,0.37,N,VIIRS,2,2012
-0.91235,117.11313,2012-02-07,1742,n,0,1.0,297.24,266.46,0.41,0.37,N,VIIRS,2,2012
-0.96401,117.15083,2012-02-07,1742,n,2,0.67,304.31,277.36,0.41,0.37,N,VIIRS,2,2012
-0.96342,117.1471,2012-02-07,1742,n,2,0.67,304.69,276.74,0.41,0.37,N,VIIRS,2,2012
1.39208,117.99138,2012-02-07,1742,n,0,1.46,313.03,287.47,0.43,0.38,N,VIIRS,2,2012
1.37756,117.99303,2012-02-07,1742,n,0,0.79,308.07,286.82,0.43,0.38,N,VIIRS,2,2012
1.37574,118.00448,2012-02-07,1742,n,0,0.48,302.97,285.52,0.43,0.38,N,VIIRS,2,2012
0.85651,117.5841,2012-02-07,1742,n,2,0.88,302.44,286.19,0.42,0.37,N,VIIRS,2,2012
0.83525,117.58469,2012-02-07,1742,n,0,2.48,328.34,287.18,0.42,0.37,N,VIIRS,2,2012
0.83584,117.58094,2012-02-07,1742,n,0,2.2,307.18,286.33,0.42,0.37,N,VIIRS,2,2012
0.18368,117.48717,2012-02-07,1742,n,2,0.61,301.24,278.32,0.42,0.37,N,VIIRS,2,2012
1.61138,118.12846,2012-02-08,443,n,0,4.36,331.94,280.05,0.58,0.7,N,VIIRS,2,2012
1.28171,117.10898,2012-02-08,443,n,0,6.19,329.69,283.22,0.69,0.74,N,VIIRS,2,2012
1.61188,118.1255,2012-02-08,443,n,0,2.69,326.38,280.11,0.58,0.7,N,VIIRS,2,2012
1.28864,117.10954,2012-02-08,623,n,0,9.54,347.56,287.88,0.6,0.71,N,VIIRS,2,2012
1.28616,117.10862,2012-02-08,623,n,0,8.17,349.24,287.12,0.61,0.71,N,VIIRS,2,2012
2.40073,117.91976,2012-02-08,1723,n,0,1.78,308.02,279.3,0.45,0.39,N,VIIRS,2,2012
2.39885,117.93174,2012-02-08,1723,n,0,3.32,317.66,277.8,0.44,0.39,N,VIIRS,2,2012
0.83749,117.58284,2012-02-08,1723,n,0,1.62,319.9,288.01,0.44,0.39,N,VIIRS,2,2012
0.85589,117.58167,2012-02-08,1723,n,2,0.96,306.02,286.97,0.45,0.39,N,VIIRS,2,2012
2.40429,117.9203,2012-02-08,1723,n,0,1.78,311.82,280.45,0.45,0.39,N,VIIRS,2,2012
0.81482,117.59696,2012-02-08,1723,n,2,0.68,303.3,287.45,0.44,0.39,N,VIIRS,2,2012
0.81545,117.59298,2012-02-08,1723,n,0,0.68,303.7,287.82,0.44,0.39,N,VIIRS,2,2012
0.83512,117.58376,2012-02-08,1723,n,0,3.65,332.64,288.64,0.44,0.39,N,VIIRS,2,2012
-2.36129,115.35268,2012-02-09,604,n,0,1.95,325.95,280.18,0.39,0.44,N,VIIRS,2,2012
-0.91281,117.11481,2012-02-10,545,n,0,5.95,347.42,284.94,0.43,0.38,N,VIIRS,2,2012
0.11076,117.47048,2012-02-10,1646,n,2,1.62,315.17,262.6,0.6,0.7,N,VIIRS,2,2012
0.10422,117.46939,2012-02-10,1646,n,2,1.62,297.62,262.59,0.6,0.7,N,VIIRS,2,2012
-0.57784,117.38513,2012-02-10,1646,n,0,0.76,299.26,276.71,0.59,0.7,N,VIIRS,2,2012
-0.58435,117.38408,2012-02-10,1646,n,2,0.76,299.65,276.21,0.59,0.7,N,VIIRS,2,2012
0.10456,117.47626,2012-02-11,1807,n,0,1.95,301.64,270.31,0.33,0.55,N,VIIRS,2,2012
0.10504,117.47324,2012-02-11,1807,h,2,5.95,367.0,270.4,0.33,0.55,N,VIIRS,2,2012
0.10552,117.47024,2012-02-11,1807,n,2,5.95,324.81,268.39,0.33,0.55,N,VIIRS,2,2012
-0.96126,117.15236,2012-02-11,1808,n,2,0.67,305.68,284.16,0.33,0.55,N,VIIRS,2,2012
-0.96588,117.14856,2012-02-11,1808,n,2,0.67,308.58,283.93,0.33,0.55,N,VIIRS,2,2012
2.40148,117.9342,2012-02-12,1748,n,0,0.3,304.77,288.31,0.49,0.4,N,VIIRS,2,2012
0.83584,117.58456,2012-02-13,1729,n,0,1.82,317.19,289.24,0.39,0.37,N,VIIRS,2,2012
0.09349,117.46638,2012-02-13,1730,n,0,3.76,338.13,280.85,0.39,0.36,N,VIIRS,2,2012
0.09685,117.4669,2012-02-13,1730,n,2,3.76,314.77,278.08,0.39,0.36,N,VIIRS,2,2012
0.10637,117.472,2012-02-13,1730,n,2,1.49,317.59,270.59,0.39,0.36,N,VIIRS,2,2012
0.10717,117.4706,2012-02-14,1711,n,2,1.79,309.44,287.32,0.44,0.46,N,VIIRS,2,2012
0.08329,117.48313,2012-02-14,1711,n,3,4.82,322.92,284.75,0.44,0.46,N,VIIRS,2,2012
-0.58071,117.38548,2012-02-14,1711,n,2,0.9,306.77,287.18,0.44,0.46,N,VIIRS,2,2012
-0.58498,117.3848,2012-02-14,1711,n,2,0.86,311.09,286.95,0.44,0.46,N,VIIRS,2,2012
-0.91394,117.1141,2012-02-14,1711,n,0,1.35,313.66,288.1,0.45,0.47,N,VIIRS,2,2012
-0.96344,117.14787,2012-02-14,1711,n,2,1.65,313.59,287.98,0.45,0.47,N,VIIRS,2,2012
-0.96405,117.15189,2012-02-14,1711,n,2,0.81,304.87,288.16,0.45,0.47,N,VIIRS,2,2012
-0.96079,117.14992,2012-02-14,1711,n,2,1.05,306.71,287.9,0.45,0.47,N,VIIRS,2,2012
-0.9651,117.14922,2012-02-14,1711,n,2,1.05,312.96,288.02,0.45,0.47,N,VIIRS,2,2012
-1.35668,116.6484,2012-02-15,551,n,0,2.62,332.73,293.34,0.47,0.4,N,VIIRS,2,2012
-2.34388,116.42945,2012-02-15,551,n,0,2.64,336.76,291.04,0.45,0.39,N,VIIRS,2,2012
-2.16267,115.07997,2012-02-15,551,n,0,3.39,333.1,294.13,0.4,0.37,N,VIIRS,2,2012
-2.16323,115.07634,2012-02-15,551,n,0,3.39,344.69,293.29,0.4,0.37,N,VIIRS,2,2012
-2.15643,115.07533,2012-02-15,551,n,0,5.58,336.34,296.07,0.4,0.37,N,VIIRS,2,2012
-2.15699,115.07169,2012-02-15,551,n,0,3.22,337.97,294.0,0.4,0.37,N,VIIRS,2,2012
-2.15639,115.07536,2012-02-15,551,n,0,4.2,334.94,295.77,0.4,0.37,N,VIIRS,2,2012
-2.15694,115.07171,2012-02-15,551,n,0,3.61,341.37,294.52,0.4,0.37,N,VIIRS,2,2012
-1.43293,116.25363,2012-02-15,551,n,0,2.84,331.81,292.77,0.45,0.39,N,VIIRS,2,2012
-1.21077,116.57902,2012-02-15,551,n,0,4.27,332.22,293.5,0.47,0.4,N,VIIRS,2,2012
-0.96386,117.15208,2012-02-18,1736,n,2,1.04,305.72,287.85,0.39,0.36,N,VIIRS,2,2012
-0.58437,117.38487,2012-02-18,1736,n,2,1.64,315.51,290.73,0.39,0.36,N,VIIRS,2,2012
0.10566,117.47043,2012-02-18,1736,n,2,1.03,305.22,290.41,0.39,0.36,N,VIIRS,2,2012
-0.96332,117.14863,2012-02-18,1736,n,2,1.64,319.8,287.41,0.39,0.36,N,VIIRS,2,2012
-0.96578,117.14888,2012-02-19,1717,n,2,0.85,296.9,269.42,0.54,0.42,N,VIIRS,2,2012
-0.9619,117.14949,2012-02-19,1717,n,2,0.89,300.95,272.36,0.54,0.42,N,VIIRS,2,2012
-0.01807,116.83872,2012-02-20,558,n,0,6.47,335.95,287.47,0.42,0.45,N,VIIRS,2,2012
-0.01631,116.85001,2012-02-20,558,n,0,6.39,330.28,291.11,0.42,0.45,N,VIIRS,2,2012
-0.4969,116.45179,2012-02-20,558,n,0,3.85,342.58,288.36,0.39,0.44,N,VIIRS,2,2012
-0.49755,116.45186,2012-02-20,558,n,0,4.47,341.79,288.28,0.39,0.44,N,VIIRS,2,2012
0.15121,116.40855,2012-02-20,558,n,0,4.27,339.86,284.12,0.39,0.44,N,VIIRS,2,2012
0.85704,117.58205,2012-02-20,1658,n,2,0.39,298.1,278.48,0.36,0.58,N,VIIRS,2,2012
-0.57773,116.04134,2012-02-22,520,n,0,4.18,340.5,293.19,0.39,0.44,N,VIIRS,2,2012
-1.86964,116.18626,2012-02-22,520,n,0,2.52,330.75,292.35,0.4,0.44,N,VIIRS,2,2012
-1.90652,116.40907,2012-02-22,520,n,0,4.28,332.44,295.65,0.39,0.44,N,VIIRS,2,2012
-1.906,116.41257,2012-02-22,520,n,0,6.79,344.01,295.21,0.39,0.44,N,VIIRS,2,2012
-1.92236,116.35782,2012-02-22,520,n,0,3.62,332.08,294.15,0.39,0.44,N,VIIRS,2,2012
-1.92132,116.36484,2012-02-22,520,n,0,6.24,333.9,293.66,0.39,0.44,N,VIIRS,2,2012
-1.92587,116.36192,2012-02-22,520,n,0,3.62,333.68,293.32,0.39,0.44,N,VIIRS,2,2012
-1.92535,116.36543,2012-02-22,520,n,0,6.24,342.66,294.62,0.39,0.44,N,VIIRS,2,2012
-1.93798,116.36371,2012-02-22,520,n,0,5.38,345.82,291.88,0.39,0.44,N,VIIRS,2,2012
-1.93746,116.36722,2012-02-22,520,n,0,5.38,340.04,293.11,0.39,0.44,N,VIIRS,2,2012
-0.09843,116.17091,2012-02-22,520,n,0,11.08,332.15,289.41,0.57,0.43,N,VIIRS,2,2012
-0.96552,117.15253,2012-02-22,1801,n,2,1.2,304.22,290.88,0.51,0.49,N,VIIRS,2,2012
-0.9648,117.14783,2012-02-22,1801,n,2,1.2,313.21,290.52,0.51,0.49,N,VIIRS,2,2012
-0.45639,115.96836,2012-02-22,1801,n,0,0.57,309.5,289.71,0.42,0.45,N,VIIRS,2,2012
0.10611,117.47122,2012-02-22,1801,n,2,3.05,317.94,290.41,0.52,0.5,N,VIIRS,2,2012
0.18336,117.4882,2012-02-22,1801,n,2,1.99,302.62,277.8,0.52,0.5,N,VIIRS,2,2012
0.83725,117.58097,2012-02-22,1801,n,0,1.3,299.47,279.97,0.51,0.5,N,VIIRS,2,2012
0.8371,117.58296,2012-02-22,1801,n,0,0.77,298.51,276.61,0.51,0.5,N,VIIRS,2,2012
-0.83139,115.83092,2012-02-23,501,n,0,9.27,334.13,290.57,0.43,0.62,N,VIIRS,2,2012
-0.83197,115.82704,2012-02-23,501,h,0,9.27,367.0,291.82,0.43,0.62,N,VIIRS,2,2012
-0.83767,115.82784,2012-02-23,501,n,0,9.27,337.74,291.6,0.43,0.62,N,VIIRS,2,2012
-0.8371,115.83167,2012-02-23,501,h,0,9.27,367.0,293.41,0.43,0.62,N,VIIRS,2,2012
-0.80877,117.41235,2012-02-23,501,n,0,3.3,341.61,293.91,0.33,0.55,N,VIIRS,2,2012
-1.56592,116.17593,2012-02-23,501,n,0,5.89,332.19,289.97,0.41,0.61,N,VIIRS,2,2012
-1.56535,116.17972,2012-02-23,501,n,0,5.89,352.82,290.22,0.41,0.61,N,VIIRS,2,2012
-0.5609,116.10635,2012-02-23,501,n,0,4.52,348.51,293.74,0.4,0.6,N,VIIRS,2,2012
-0.46489,115.96679,2012-02-23,501,n,0,6.02,346.04,293.07,0.41,0.61,N,VIIRS,2,2012
-0.45929,115.9659,2012-02-23,501,n,0,5.99,334.78,294.14,0.41,0.61,N,VIIRS,2,2012
-0.24188,117.32767,2012-02-23,501,n,0,2.39,335.39,293.78,0.33,0.55,N,VIIRS,2,2012
-0.18503,117.35864,2012-02-23,501,n,0,2.47,331.44,294.02,0.33,0.55,N,VIIRS,2,2012
-0.28277,117.31436,2012-02-23,501,n,0,2.01,331.93,293.25,0.33,0.55,N,VIIRS,2,2012
-0.55978,116.10659,2012-02-23,501,n,0,4.84,353.53,293.9,0.4,0.6,N,VIIRS,2,2012
-0.37552,117.41184,2012-02-23,501,n,0,2.59,333.18,294.17,0.33,0.55,N,VIIRS,2,2012
-0.38017,117.41544,2012-02-23,501,n,0,2.61,332.38,293.97,0.33,0.55,N,VIIRS,2,2012
-0.42446,117.39777,2012-02-23,501,n,0,2.8,347.53,294.92,0.33,0.55,N,VIIRS,2,2012
-0.4421,117.41838,2012-02-23,501,n,0,3.12,354.58,294.98,0.33,0.55,N,VIIRS,2,2012
-0.82984,115.82642,2012-02-23,501,n,0,13.79,332.15,290.7,0.43,0.62,N,VIIRS,2,2012
-0.83555,115.82718,2012-02-23,501,h,0,13.79,367.0,293.01,0.43,0.62,N,VIIRS,2,2012
-0.83494,115.83103,2012-02-23,501,h,0,13.79,367.0,293.41,0.43,0.62,N,VIIRS,2,2012
-0.13681,116.6618,2012-02-23,502,h,0,7.62,367.0,293.58,0.36,0.58,N,VIIRS,2,2012
-0.018,116.8366,2012-02-23,502,n,0,4.02,338.23,293.95,0.35,0.57,N,VIIRS,2,2012
-0.01819,116.83667,2012-02-23,502,n,0,2.79,332.85,294.6,0.35,0.57,N,VIIRS,2,2012
-0.01293,116.83589,2012-02-23,502,n,0,7.66,342.98,295.86,0.35,0.57,N,VIIRS,2,2012
0.20107,116.37955,2012-02-23,502,h,0,19.47,367.0,296.38,0.38,0.58,N,VIIRS,2,2012
0.20158,116.38289,2012-02-23,502,n,0,14.15,334.68,293.24,0.38,0.58,N,VIIRS,2,2012
0.62807,117.2741,2012-02-23,502,n,0,2.33,335.78,293.81,0.32,0.55,N,VIIRS,2,2012
0.82292,117.8331,2012-02-23,502,n,0,8.33,334.75,291.74,0.59,0.52,N,VIIRS,2,2012
1.37247,117.16576,2012-02-23,502,n,0,2.43,334.47,292.54,0.32,0.54,N,VIIRS,2,2012
2.09299,117.199,2012-02-23,502,n,0,5.68,327.54,286.44,0.62,0.54,N,VIIRS,2,2012
0.85646,117.58208,2012-02-23,1742,n,2,1.79,316.01,292.57,0.42,0.37,N,VIIRS,2,2012
0.83515,117.58266,2012-02-23,1742,n,0,1.7,315.9,292.35,0.42,0.37,N,VIIRS,2,2012
0.81552,117.59499,2012-02-23,1742,n,2,1.08,303.55,291.6,0.42,0.38,N,VIIRS,2,2012
0.68511,117.38454,2012-02-23,1742,n,0,0.37,303.75,291.06,0.41,0.37,N,VIIRS,2,2012
0.18308,117.48821,2012-02-23,1742,n,2,2.12,312.88,292.85,0.42,0.38,N,VIIRS,2,2012
0.1064,117.46946,2012-02-23,1742,n,2,0.8,306.8,291.49,0.42,0.38,N,VIIRS,2,2012
0.10581,117.47323,2012-02-23,1742,n,2,0.8,308.4,291.64,0.42,0.38,N,VIIRS,2,2012
0.09197,117.47112,2012-02-23,1742,n,3,4.83,333.27,295.37,0.42,0.38,N,VIIRS,2,2012
0.08327,117.48133,2012-02-23,1742,n,3,3.13,323.32,293.15,0.42,0.38,N,VIIRS,2,2012
-0.5986,117.38358,2012-02-23,1742,n,0,0.94,306.01,289.23,0.42,0.38,N,VIIRS,2,2012
-0.58473,117.38573,2012-02-23,1742,n,2,0.74,304.79,288.84,0.42,0.38,N,VIIRS,2,2012
-0.58415,117.38194,2012-02-23,1742,n,2,0.74,309.17,289.13,0.42,0.38,N,VIIRS,2,2012
-0.58292,117.38596,2012-02-23,1742,n,2,1.68,308.94,290.29,0.42,0.38,N,VIIRS,2,2012
-2.09309,116.1356,2012-02-23,1743,n,0,0.45,304.7,267.82,0.4,0.37,N,VIIRS,2,2012
1.15402,117.68722,2012-02-24,443,n,0,5.14,325.66,287.43,0.62,0.72,N,VIIRS,2,2012
0.08337,117.47872,2012-02-24,443,n,2,3.99,337.07,287.55,0.67,0.74,N,VIIRS,2,2012
0.08444,117.482,2012-02-24,443,n,3,6.27,336.23,287.55,0.67,0.74,N,VIIRS,2,2012
0.8172,117.52827,2012-02-24,443,n,0,6.44,325.6,287.16,0.65,0.73,N,VIIRS,2,2012
0.37425,117.53492,2012-02-24,623,n,0,3.27,331.18,288.18,0.63,0.72,N,VIIRS,2,2012
0.67386,117.28955,2012-02-24,623,n,0,4.01,327.34,286.06,0.61,0.71,N,VIIRS,2,2012
-0.0117,116.84839,2012-02-24,623,n,0,9.14,326.15,286.17,0.56,0.69,N,VIIRS,2,2012
-0.0181,116.84932,2012-02-24,623,n,0,7.36,342.55,286.3,0.56,0.69,N,VIIRS,2,2012
-0.0173,116.8545,2012-02-24,623,n,0,7.36,329.06,285.68,0.56,0.69,N,VIIRS,2,2012
-0.01206,116.853,2012-02-24,623,n,0,14.29,352.01,286.89,0.56,0.69,N,VIIRS,2,2012
-0.01929,116.84877,2012-02-24,623,n,0,7.15,334.38,286.16,0.56,0.69,N,VIIRS,2,2012
-0.06095,117.38853,2012-02-24,623,n,0,7.89,343.21,288.26,0.61,0.71,N,VIIRS,2,2012
-0.06714,117.43668,2012-02-24,623,n,0,7.33,337.51,288.09,0.61,0.71,N,VIIRS,2,2012
-0.06627,117.44244,2012-02-24,623,n,0,10.16,334.01,288.3,0.61,0.71,N,VIIRS,2,2012
-0.05857,117.39121,2012-02-24,623,n,0,9.63,345.92,288.33,0.61,0.71,N,VIIRS,2,2012
-0.06445,117.43919,2012-02-24,623,n,0,12.61,356.79,288.33,0.61,0.71,N,VIIRS,2,2012
-0.71088,114.28481,2012-02-24,623,n,0,2.34,329.22,290.98,0.37,0.58,N,VIIRS,2,2012
-0.70343,116.25587,2012-02-24,623,n,0,4.13,325.17,275.97,0.5,0.66,N,VIIRS,2,2012
0.10938,115.62375,2012-02-24,623,n,0,5.46,326.92,288.16,0.47,0.64,N,VIIRS,2,2012
0.59657,117.64759,2012-02-24,623,n,0,5.17,335.59,287.87,0.65,0.73,N,VIIRS,2,2012
0.39393,117.55346,2012-02-24,623,n,0,3.79,327.68,288.05,0.63,0.72,N,VIIRS,2,2012
0.40631,116.26939,2012-02-24,623,n,0,8.03,345.49,288.99,0.52,0.67,N,VIIRS,2,2012
0.59871,117.64777,2012-02-24,623,n,0,5.3,334.33,287.86,0.65,0.73,N,VIIRS,2,2012
0.40474,116.26842,2012-02-24,623,n,0,9.19,350.3,289.08,0.52,0.67,N,VIIRS,2,2012
2.07287,117.31331,2012-02-24,624,n,0,3.04,333.88,288.39,0.65,0.73,N,VIIRS,2,2012
0.18537,117.48563,2012-02-24,1723,n,2,1.26,309.14,292.75,0.44,0.38,N,VIIRS,2,2012
0.83685,117.58479,2012-02-24,1723,n,0,1.35,307.83,291.69,0.44,0.38,N,VIIRS,2,2012
0.83748,117.58086,2012-02-24,1723,n,0,1.21,311.09,291.65,0.44,0.39,N,VIIRS,2,2012
-0.01266,116.84856,2012-02-24,1723,n,0,0.83,299.63,280.32,0.47,0.4,N,VIIRS,2,2012
-0.00968,116.85333,2012-02-24,1723,n,0,1.03,300.01,281.42,0.47,0.4,N,VIIRS,2,2012
-0.00954,116.85261,2012-02-24,1723,n,0,0.76,306.82,281.48,0.47,0.4,N,VIIRS,2,2012
0.08465,117.48306,2012-02-24,1723,n,3,5.34,333.63,294.59,0.44,0.38,N,VIIRS,2,2012
0.0936,117.47231,2012-02-24,1723,n,3,6.35,335.7,296.6,0.44,0.38,N,VIIRS,2,2012
0.10484,117.47005,2012-02-24,1723,n,2,6.96,330.68,293.53,0.44,0.38,N,VIIRS,2,2012
0.10838,117.4706,2012-02-24,1723,n,2,6.96,344.59,293.77,0.44,0.38,N,VIIRS,2,2012
0.81725,117.59392,2012-02-24,1723,n,2,1.08,309.57,291.39,0.44,0.38,N,VIIRS,2,2012
0.85521,117.58366,2012-02-24,1723,n,2,1.66,312.9,291.37,0.44,0.39,N,VIIRS,2,2012
0.85773,117.58353,2012-02-24,1723,n,2,1.34,310.65,291.58,0.44,0.39,N,VIIRS,2,2012
1.23625,118.05016,2012-02-24,1723,n,0,0.55,302.23,290.81,0.43,0.38,N,VIIRS,2,2012
-0.58134,117.38437,2012-02-24,1724,n,2,1.43,305.3,290.58,0.44,0.38,N,VIIRS,2,2012
-0.58487,117.38382,2012-02-24,1724,n,2,1.09,309.97,290.32,0.44,0.38,N,VIIRS,2,2012
-0.96264,117.15031,2012-02-24,1724,n,2,1.53,321.43,289.04,0.44,0.39,N,VIIRS,2,2012
-2.20901,115.44456,2012-02-24,1724,n,0,2.04,311.64,286.05,0.52,0.42,N,VIIRS,2,2012
-0.12092,115.9934,2012-02-25,604,n,0,8.56,339.58,286.72,0.47,0.47,N,VIIRS,2,2012
-0.11192,115.99464,2012-02-25,604,n,0,4.99,334.88,284.99,0.47,0.47,N,VIIRS,2,2012
-0.12134,115.99181,2012-02-25,604,n,0,8.63,334.62,286.79,0.47,0.47,N,VIIRS,2,2012
0.06265,117.34896,2012-02-25,604,n,0,4.93,339.6,293.46,0.58,0.52,N,VIIRS,2,2012
0.05855,117.35442,2012-02-25,604,n,0,13.02,344.7,292.91,0.58,0.52,N,VIIRS,2,2012
0.00902,117.22462,2012-02-25,604,n,0,12.01,348.64,295.32,0.57,0.52,N,VIIRS,2,2012
-2.05915,113.75525,2012-02-25,604,n,0,7.75,338.0,295.87,0.48,0.4,N,VIIRS,2,2012
-1.83716,116.20941,2012-02-25,604,n,0,10.2,331.6,292.54,0.45,0.47,N,VIIRS,2,2012
-1.02213,115.1137,2012-02-25,604,n,0,6.32,340.46,294.5,0.4,0.44,N,VIIRS,2,2012
-0.70892,114.9957,2012-02-25,604,n,0,10.31,337.09,294.2,0.39,0.44,N,VIIRS,2,2012
-0.8031,114.97712,2012-02-25,604,n,0,7.62,341.75,295.91,0.39,0.44,N,VIIRS,2,2012
-0.80363,114.97361,2012-02-25,604,n,0,6.59,343.67,296.3,0.39,0.44,N,VIIRS,2,2012
-0.76075,115.2022,2012-02-25,604,n,0,7.76,349.59,292.62,0.41,0.45,N,VIIRS,2,2012
-0.70837,114.99923,2012-02-25,604,n,0,11.26,340.61,293.97,0.39,0.44,N,VIIRS,2,2012
-1.93497,116.06252,2012-02-25,604,n,0,5.54,341.22,293.68,0.44,0.46,N,VIIRS,2,2012
-1.93712,116.06322,2012-02-25,604,n,0,5.21,340.92,294.3,0.44,0.46,N,VIIRS,2,2012
-2.23146,115.18192,2012-02-25,604,n,0,3.62,339.76,294.32,0.39,0.44,N,VIIRS,2,2012
-2.24916,115.17396,2012-02-25,604,n,0,5.1,339.98,295.43,0.38,0.44,N,VIIRS,2,2012
-1.15142,114.90018,2012-02-25,604,n,0,3.33,337.14,295.72,0.38,0.43,N,VIIRS,2,2012
-1.25125,114.31615,2012-02-25,604,n,0,4.32,332.28,294.17,0.53,0.42,N,VIIRS,2,2012
-1.21765,115.03126,2012-02-25,604,n,0,3.53,333.98,295.55,0.39,0.44,N,VIIRS,2,2012
-1.04947,114.9658,2012-02-25,604,n,0,15.79,332.63,294.56,0.39,0.44,N,VIIRS,2,2012
-1.28546,115.12865,2012-02-25,604,n,0,15.85,351.25,294.13,0.39,0.44,N,VIIRS,2,2012
0.61552,117.65062,2012-02-25,604,n,0,6.01,340.14,285.24,0.62,0.54,N,VIIRS,2,2012
0.52418,117.55743,2012-02-25,604,n,0,8.5,344.03,291.42,0.61,0.53,N,VIIRS,2,2012
0.51925,117.55817,2012-02-25,604,n,0,4.31,333.5,291.21,0.61,0.53,N,VIIRS,2,2012
-1.90151,113.53883,2012-02-25,604,n,0,3.06,331.67,295.79,0.47,0.4,N,VIIRS,2,2012
-2.05981,113.75089,2012-02-25,604,n,0,7.75,331.88,295.59,0.48,0.4,N,VIIRS,2,2012
-0.57522,114.78685,2012-02-25,604,n,0,3.56,339.22,294.18,0.38,0.44,N,VIIRS,2,2012
-1.15197,114.89674,2012-02-25,604,n,0,3.33,336.35,294.54,0.38,0.43,N,VIIRS,2,2012
-1.14742,114.89957,2012-02-25,604,n,0,73.35,342.46,298.48,0.38,0.43,N,VIIRS,2,2012
-1.14624,114.89849,2012-02-25,604,n,0,8.89,343.39,295.46,0.38,0.43,N,VIIRS,2,2012
-1.12424,114.88124,2012-02-25,604,n,0,7.48,340.26,295.31,0.38,0.43,N,VIIRS,2,2012
-1.12477,114.87778,2012-02-25,604,n,0,7.48,334.35,294.58,0.38,0.43,N,VIIRS,2,2012
-1.04892,114.9693,2012-02-25,604,n,0,15.79,344.0,295.43,0.39,0.44,N,VIIRS,2,2012
-1.90217,113.53458,2012-02-25,604,n,0,3.06,334.64,295.43,0.47,0.4,N,VIIRS,2,2012
-2.19977,115.54619,2012-02-25,1705,n,0,0.54,298.8,282.45,0.35,0.57,N,VIIRS,2,2012
-0.01163,116.84772,2012-02-25,1705,n,0,2.03,316.52,289.27,0.62,0.54,N,VIIRS,2,2012
0.08419,117.48498,2012-02-25,1705,n,2,3.19,312.97,290.87,0.56,0.52,N,VIIRS,2,2012
0.08497,117.47991,2012-02-25,1705,n,3,3.19,310.24,290.77,0.56,0.52,N,VIIRS,2,2012
0.10561,117.47283,2012-02-25,1705,n,2,1.82,305.44,289.68,0.56,0.52,N,VIIRS,2,2012
-0.18035,117.24946,2012-02-26,545,n,0,9.25,345.15,297.13,0.44,0.38,N,VIIRS,2,2012
-0.20397,117.09647,2012-02-26,545,n,0,3.23,331.34,292.46,0.43,0.38,N,VIIRS,2,2012
-0.20457,117.09258,2012-02-26,545,n,0,3.23,333.29,292.13,0.43,0.38,N,VIIRS,2,2012
-0.18074,117.24972,2012-02-26,545,n,0,4.91,331.53,296.23,0.44,0.38,N,VIIRS,2,2012
-0.20421,117.09262,2012-02-26,545,n,0,5.98,333.3,292.35,0.43,0.38,N,VIIRS,2,2012
-0.1772,117.24918,2012-02-26,545,n,0,4.91,339.04,297.98,0.44,0.38,N,VIIRS,2,2012
-0.62976,114.19712,2012-02-26,545,n,0,3.4,341.23,289.16,0.39,0.36,N,VIIRS,2,2012
-0.04317,117.35178,2012-02-26,545,n,0,8.7,339.63,295.44,0.45,0.39,N,VIIRS,2,2012
-0.03961,117.35126,2012-02-26,545,n,0,8.7,338.56,293.46,0.45,0.39,N,VIIRS,2,2012
-0.01804,117.39764,2012-02-26,545,n,0,5.34,335.44,291.05,0.45,0.39,N,VIIRS,2,2012
-0.02184,116.85202,2012-02-26,545,n,0,4.43,339.7,294.56,0.43,0.38,N,VIIRS,2,2012
-0.02243,116.8482,2012-02-26,545,n,0,4.58,335.02,292.93,0.43,0.38,N,VIIRS,2,2012
-0.02051,116.85249,2012-02-26,545,n,0,3.85,339.88,295.31,0.43,0.38,N,VIIRS,2,2012
-0.02108,116.84866,2012-02-26,545,n,0,5.22,339.69,295.69,0.43,0.38,N,VIIRS,2,2012
-0.01702,116.85197,2012-02-26,545,n,0,5.07,339.04,294.58,0.43,0.38,N,VIIRS,2,2012
0.08108,117.4837,2012-02-26,545,n,3,2.43,337.7,292.67,0.45,0.39,N,VIIRS,2,2012
-0.01296,116.85528,2012-02-26,545,n,0,5.07,333.49,290.65,0.43,0.38,N,VIIRS,2,2012
-0.01353,116.85145,2012-02-26,545,n,0,5.07,348.26,294.15,0.43,0.38,N,VIIRS,2,2012
-0.01411,116.84761,2012-02-26,545,n,0,8.49,343.99,293.52,0.43,0.38,N,VIIRS,2,2012
0.11256,117.42468,2012-02-26,545,n,0,1.91,332.62,292.19,0.45,0.39,N,VIIRS,2,2012
0.18179,117.48572,2012-02-26,545,n,2,5.54,333.8,290.03,0.46,0.39,N,VIIRS,2,2012
0.21181,117.48961,2012-02-26,545,n,0,22.86,342.15,292.44,0.46,0.39,N,VIIRS,2,2012
0.24718,117.48016,2012-02-26,545,n,0,1.76,330.49,291.02,0.46,0.39,N,VIIRS,2,2012
0.36135,116.23547,2012-02-26,546,n,0,5.02,333.57,288.04,0.41,0.37,N,VIIRS,2,2012
0.30606,116.14639,2012-02-26,546,n,0,4.36,332.58,287.55,0.41,0.37,N,VIIRS,2,2012
0.60969,117.65774,2012-02-26,546,n,0,5.3,332.76,293.88,0.47,0.4,N,VIIRS,2,2012
0.60905,117.65352,2012-02-26,546,n,0,5.3,332.22,292.74,0.47,0.4,N,VIIRS,2,2012
0.40997,116.16453,2012-02-26,546,n,0,3.73,334.9,291.92,0.41,0.37,N,VIIRS,2,2012
0.10706,117.47369,2012-02-27,1807,n,2,0.85,303.95,281.98,0.33,0.55,N,VIIRS,2,2012
0.1851,117.4895,2012-02-27,1807,n,2,1.47,312.58,283.82,0.33,0.55,N,VIIRS,2,2012
0.18559,117.48647,2012-02-27,1807,n,2,1.47,321.49,283.4,0.33,0.55,N,VIIRS,2,2012
0.09167,117.47134,2012-02-27,1807,n,3,2.47,304.3,282.66,0.33,0.55,N,VIIRS,2,2012
0.09583,117.47822,2012-02-27,1807,n,2,2.17,331.14,282.05,0.33,0.56,N,VIIRS,2,2012
2.08029,117.0673,2012-02-28,508,n,0,4.58,329.21,279.3,0.49,0.49,N,VIIRS,2,2012
0.83735,117.5816,2012-02-28,1748,n,0,0.98,306.97,287.12,0.49,0.4,N,VIIRS,2,2012
0.10622,117.46854,2012-02-28,1749,n,2,1.31,303.98,288.86,0.49,0.41,N,VIIRS,2,2012
-0.58285,117.38731,2012-02-28,1749,n,2,0.75,303.67,284.04,0.5,0.41,N,VIIRS,2,2012
-0.5859,117.38225,2012-02-28,1749,n,2,0.3,300.78,284.12,0.5,0.41,N,VIIRS,2,2012
-0.94009,117.07845,2012-02-28,1749,n,0,1.58,304.97,279.27,0.48,0.4,N,VIIRS,2,2012
-2.19788,115.545,2012-02-28,1749,n,0,0.38,300.77,277.77,0.43,0.38,N,VIIRS,2,2012
-1.90897,113.98229,2012-02-29,629,n,0,7.72,353.27,276.92,0.43,0.62,N,VIIRS,2,2012
-0.18791,116.55285,2012-02-29,629,n,0,11.01,329.48,280.39,0.68,0.74,N,VIIRS,2,2012
-1.34298,113.54746,2012-02-29,629,n,0,6.4,337.74,287.63,0.41,0.61,N,VIIRS,2,2012
-1.34056,113.54783,2012-02-29,629,n,0,5.83,336.82,287.56,0.41,0.61,N,VIIRS,2,2012
-1.41922,113.70673,2012-02-29,629,n,0,5.76,326.45,287.1,0.42,0.61,N,VIIRS,2,2012
-1.45877,113.63919,2012-02-29,629,n,0,8.08,347.19,286.86,0.41,0.61,N,VIIRS,2,2012
-1.45818,113.64297,2012-02-29,629,n,0,9.27,336.52,286.16,0.42,0.61,N,VIIRS,2,2012
-1.42112,113.7065,2012-02-29,629,n,0,6.75,344.29,287.9,0.42,0.61,N,VIIRS,2,2012
-1.46117,113.63902,2012-02-29,629,n,0,5.85,332.55,286.53,0.41,0.61,N,VIIRS,2,2012
-1.46056,113.64278,2012-02-29,629,n,0,9.58,351.84,286.36,0.41,0.61,N,VIIRS,2,2012
-1.59935,113.51882,2012-02-29,629,n,0,8.74,350.83,276.64,0.4,0.6,N,VIIRS,2,2012
-1.93069,113.99364,2012-02-29,629,n,0,3.25,330.21,275.57,0.43,0.62,N,VIIRS,2,2012
-1.91007,113.98297,2012-02-29,629,n,0,7.65,354.4,276.98,0.43,0.62,N,VIIRS,2,2012
0.85649,117.58327,2012-02-29,1729,n,2,0.62,304.46,286.68,0.39,0.36,N,VIIRS,2,2012
0.8168,117.59516,2012-02-29,1729,n,2,0.93,303.94,287.45,0.39,0.36,N,VIIRS,2,2012
0.83579,117.58363,2012-02-29,1729,n,0,1.23,310.4,286.51,0.39,0.36,N,VIIRS,2,2012
-0.20271,117.11862,2012-02-29,1730,n,0,0.79,303.19,281.65,0.4,0.37,N,VIIRS,2,2012
-0.49976,115.58452,2012-02-29,1730,n,0,0.57,302.6,285.99,0.45,0.39,N,VIIRS,2,2012
0.10584,117.47126,2012-02-29,1730,n,2,0.58,306.21,285.18,0.39,0.36,N,VIIRS,2,2012
-0.5833,117.38616,2012-02-29,1730,n,2,1.12,306.44,285.5,0.39,0.36,N,VIIRS,2,2012
-0.297,116.92961,2012-03-01,610,n,0,2.81,328.38,278.35,0.34,0.56,N,VIIRS,2,2012
0.01509,117.15049,2012-03-01,611,n,0,2.38,335.72,284.59,0.36,0.57,N,VIIRS,2,2012
0.11721,115.64049,2012-03-01,611,n,0,5.06,333.0,287.98,0.57,0.52,N,VIIRS,2,2012
0.41595,116.16315,2012-03-01,611,n,0,12.94,340.48,288.39,0.63,0.54,N,VIIRS,2,2012
0.83575,117.5813,2012-03-03,533,n,0,3.95,329.55,289.93,0.38,0.36,N,VIIRS,2,2012
0.06595,116.42696,2012-03-07,558,n,0,3.93,337.13,285.6,0.4,0.44,N,VIIRS,2,2012
-1.6489,114.48083,2012-03-07,558,n,0,2.72,330.37,287.92,0.45,0.39,N,VIIRS,2,2012
0.98225,117.70558,2012-03-07,1658,n,0,0.65,303.81,284.4,0.36,0.57,N,VIIRS,2,2012
-0.96356,117.1494,2012-03-07,1659,n,2,1.37,306.66,280.21,0.36,0.58,N,VIIRS,2,2012
-1.93812,116.36578,2012-03-08,539,n,0,8.56,335.18,294.57,0.38,0.36,N,VIIRS,2,2012
-1.92763,116.36775,2012-03-08,539,n,0,4.74,336.66,295.39,0.38,0.36,N,VIIRS,2,2012
-1.99556,113.72781,2012-03-08,539,n,0,3.36,330.55,289.1,0.45,0.39,N,VIIRS,2,2012
-1.36847,116.69324,2012-03-08,539,n,0,11.84,334.64,287.63,0.38,0.36,N,VIIRS,2,2012
-0.1485,117.36185,2012-03-08,539,n,0,9.66,348.94,283.85,0.4,0.37,N,VIIRS,2,2012
-2.03025,116.27088,2012-03-08,539,n,0,2.97,334.27,292.84,0.38,0.36,N,VIIRS,2,2012
0.18235,117.48821,2012-03-10,1742,n,2,0.94,306.2,277.05,0.42,0.38,N,VIIRS,2,2012
-1.91053,116.42369,2012-03-12,604,n,0,3.3,333.88,287.5,0.47,0.48,N,VIIRS,2,2012
-1.91494,116.42435,2012-03-12,604,n,0,3.3,333.01,286.13,0.47,0.48,N,VIIRS,2,2012
-0.07239,117.40166,2012-03-13,545,n,0,2.34,332.94,289.62,0.45,0.39,N,VIIRS,2,2012
-0.42384,117.4156,2012-03-13,545,n,0,2.54,333.73,293.36,0.45,0.39,N,VIIRS,2,2012
-0.11915,116.93176,2012-03-13,545,n,0,2.34,331.82,294.19,0.43,0.38,N,VIIRS,2,2012
0.80204,117.54133,2012-03-13,546,n,0,6.91,342.42,285.74,0.47,0.39,N,VIIRS,2,2012
0.23325,117.4994,2012-03-13,546,n,0,5.38,333.95,277.19,0.46,0.39,N,VIIRS,2,2012
-0.58466,117.38116,2012-03-13,1646,n,2,1.26,299.91,270.24,0.58,0.7,N,VIIRS,2,2012
-0.57904,117.3876,2012-03-13,1646,n,0,1.26,299.56,271.46,0.58,0.7,N,VIIRS,2,2012
-0.96437,117.14987,2012-03-13,1646,n,2,3.79,305.97,277.49,0.59,0.7,N,VIIRS,2,2012
-0.96457,117.14567,2012-03-13,1646,n,2,1.88,306.73,277.68,0.59,0.7,N,VIIRS,2,2012
-0.5854,117.38518,2012-03-13,1646,n,2,0.71,299.65,271.38,0.58,0.7,N,VIIRS,2,2012
-0.57893,117.38622,2012-03-13,1646,n,0,0.71,301.68,271.84,0.58,0.7,N,VIIRS,2,2012
-0.58199,117.38522,2012-03-13,1826,n,2,1.22,297.36,272.58,0.71,0.75,N,VIIRS,2,2012
0.08103,117.48181,2012-03-14,527,l,3,5.65,334.1,290.12,0.41,0.37,N,VIIRS,2,2012
-2.42529,116.25574,2012-03-16,448,n,0,5.09,331.85,285.9,0.68,0.74,N,VIIRS,2,2012
-0.27545,115.63651,2012-03-16,449,n,0,5.19,328.16,279.07,0.7,0.75,N,VIIRS,2,2012
-0.85596,117.18692,2012-03-16,1730,n,0,0.92,307.08,285.5,0.39,0.36,N,VIIRS,2,2012
0.09466,117.46723,2012-03-16,1730,n,3,1.02,306.19,278.79,0.39,0.36,N,VIIRS,2,2012
0.09411,117.47074,2012-03-16,1730,n,3,1.02,306.34,283.11,0.39,0.36,N,VIIRS,2,2012
0.09075,117.47022,2012-03-16,1730,n,3,1.02,318.53,285.95,0.39,0.36,N,VIIRS,2,2012
-1.92307,116.36252,2012-03-17,610,n,0,12.65,330.81,287.74,0.6,0.53,N,VIIRS,2,2012
-1.91354,116.42228,2012-03-17,610,n,0,5.73,327.73,293.71,0.6,0.53,N,VIIRS,2,2012
-1.174,114.92378,2012-03-17,610,n,0,1.75,326.13,281.04,0.49,0.49,N,VIIRS,2,2012
-1.95115,116.18637,2012-03-17,610,n,0,7.03,332.89,287.34,0.58,0.52,N,VIIRS,2,2012
0.08581,117.48376,2012-03-17,611,n,2,2.88,329.62,269.2,0.38,0.59,N,VIIRS,2,2012
-0.20357,117.12004,2012-03-17,1711,n,0,1.25,299.97,275.17,0.46,0.47,N,VIIRS,2,2012
0.08529,117.48294,2012-03-17,1711,n,3,1.83,319.09,272.06,0.44,0.46,N,VIIRS,2,2012
0.08104,117.48227,2012-03-17,1711,n,3,1.83,309.89,278.55,0.44,0.46,N,VIIRS,2,2012
-0.2004,117.12085,2012-03-17,1711,n,0,1.49,302.16,276.31,0.46,0.47,N,VIIRS,2,2012
-1.33063,113.92558,2012-03-18,551,n,0,1.51,325.61,280.97,0.39,0.36,N,VIIRS,2,2012
1.21104,117.91432,2012-03-18,552,n,0,2.95,341.13,286.7,0.41,0.45,N,VIIRS,2,2012
0.70141,117.2727,2012-03-18,552,n,0,3.46,329.75,280.2,0.55,0.43,N,VIIRS,2,2012
0.7013,117.27488,2012-03-18,552,n,0,6.81,334.04,280.32,0.55,0.43,N,VIIRS,2,2012
1.07551,117.05525,2012-03-18,552,n,0,3.49,334.35,287.39,0.54,0.42,N,VIIRS,2,2012
1.21069,117.12754,2012-03-18,552,n,0,15.51,353.57,281.21,0.55,0.42,N,VIIRS,2,2012
0.09215,117.46877,2012-03-18,1652,n,3,2.33,316.93,287.84,0.46,0.63,N,VIIRS,2,2012
0.10979,117.47173,2012-03-18,1652,n,2,1.62,304.85,287.08,0.46,0.63,N,VIIRS,2,2012
0.08772,117.48253,2012-03-18,1652,n,0,4.12,310.8,287.41,0.46,0.63,N,VIIRS,2,2012
0.08964,117.46996,2012-03-18,1652,n,3,1.59,309.35,287.61,0.46,0.63,N,VIIRS,2,2012
0.09616,117.46678,2012-03-18,1652,n,2,1.59,315.0,287.32,0.46,0.63,N,VIIRS,2,2012
0.09552,117.47093,2012-03-18,1652,n,3,1.59,315.32,287.78,0.46,0.63,N,VIIRS,2,2012
0.08361,117.48451,2012-03-18,1652,n,2,4.03,310.35,287.13,0.46,0.63,N,VIIRS,2,2012
0.09149,117.47295,2012-03-18,1652,n,3,2.33,305.63,288.05,0.46,0.63,N,VIIRS,2,2012
0.08427,117.48036,2012-03-18,1652,n,3,4.04,315.85,287.33,0.46,0.63,N,VIIRS,2,2012
-0.36225,115.72354,2012-03-19,533,l,0,3.69,333.09,296.65,0.42,0.37,N,VIIRS,2,2012
-0.36169,115.72728,2012-03-19,533,n,0,7.61,345.66,300.06,0.42,0.37,N,VIIRS,2,2012
-0.20044,116.92629,2012-03-19,533,n,0,1.69,328.63,291.27,0.39,0.36,N,VIIRS,2,2012
-0.41913,117.04535,2012-03-19,533,n,0,3.02,331.86,287.01,0.39,0.36,N,VIIRS,2,2012
-2.48025,116.3099,2012-03-20,513,n,0,4.56,330.09,291.42,0.5,0.49,N,VIIRS,2,2012
-0.71129,116.89877,2012-03-20,514,n,0,9.13,351.68,289.63,0.43,0.46,N,VIIRS,2,2012
-0.203,117.11909,2012-03-20,514,n,0,1.72,325.36,282.66,0.41,0.45,N,VIIRS,2,2012
-1.15063,114.31748,2012-03-20,514,n,0,2.59,327.21,289.94,0.33,0.55,N,VIIRS,2,2012
-2.04972,116.2177,2012-03-21,455,n,0,7.62,348.01,287.59,0.53,0.67,N,VIIRS,2,2012
-2.04899,116.22256,2012-03-21,455,n,0,7.62,338.47,287.6,0.53,0.67,N,VIIRS,2,2012
-1.31177,116.72042,2012-03-21,455,n,0,4.94,328.93,289.03,0.48,0.64,N,VIIRS,2,2012
-2.02936,116.14013,2012-03-21,455,n,0,3.27,332.52,286.02,0.54,0.68,N,VIIRS,2,2012
0.094,117.47614,2012-03-21,455,n,2,2.23,327.66,285.56,0.4,0.6,N,VIIRS,2,2012
-0.44964,116.46142,2012-03-21,455,n,0,4.15,336.62,287.24,0.48,0.65,N,VIIRS,2,2012
-0.45133,116.46107,2012-03-21,455,n,0,4.72,338.68,287.74,0.48,0.65,N,VIIRS,2,2012
-1.42095,113.70102,2012-03-21,635,n,0,13.43,348.79,285.31,0.54,0.68,N,VIIRS,2,2012
-1.20587,114.9109,2012-03-21,635,n,0,8.73,333.49,287.77,0.65,0.73,N,VIIRS,2,2012
-1.20684,114.9049,2012-03-21,635,n,0,8.73,349.09,287.56,0.65,0.73,N,VIIRS,2,2012
-1.21721,113.86294,2012-03-21,635,n,0,7.36,340.84,290.31,0.56,0.69,N,VIIRS,2,2012
-1.97871,115.95383,2012-03-21,635,n,0,7.65,330.58,286.96,0.74,0.76,N,VIIRS,2,2012
-1.21593,113.85941,2012-03-21,636,n,0,8.13,338.62,289.82,0.56,0.69,N,VIIRS,2,2012
-0.51205,117.30733,2012-03-21,1736,n,0,0.52,297.75,269.39,0.39,0.36,N,VIIRS,2,2012
-0.2012,117.11877,2012-03-21,1736,n,0,2.02,320.16,289.11,0.38,0.36,N,VIIRS,2,2012
-0.44126,117.42132,2012-03-21,1736,n,0,1.94,329.02,287.56,0.39,0.36,N,VIIRS,2,2012
0.01076,117.21702,2012-03-22,617,n,0,5.25,326.23,289.3,0.47,0.64,N,VIIRS,2,2012
0.01143,117.2214,2012-03-22,617,n,0,8.0,342.05,289.94,0.47,0.64,N,VIIRS,2,2012
0.01455,117.21938,2012-03-22,617,n,0,5.91,336.17,289.61,0.47,0.64,N,VIIRS,2,2012
0.00858,117.22015,2012-03-22,617,n,0,7.82,327.11,289.19,0.47,0.64,N,VIIRS,2,2012
-1.32534,113.54578,2012-03-22,617,n,0,6.54,328.5,289.62,0.5,0.49,N,VIIRS,2,2012
-1.32438,113.54687,2012-03-22,617,n,0,6.29,332.33,290.38,0.5,0.49,N,VIIRS,2,2012
0.85677,117.58123,2012-03-22,1717,n,0,0.77,304.15,290.75,0.53,0.42,N,VIIRS,2,2012
0.60429,117.43488,2012-03-22,1717,n,0,2.15,312.95,290.99,0.53,0.42,N,VIIRS,2,2012
-0.14089,117.36623,2012-03-22,1717,n,0,1.18,305.49,285.94,0.53,0.42,N,VIIRS,2,2012
-0.20203,117.11764,2012-03-22,1717,n,0,3.37,323.87,289.17,0.54,0.42,N,VIIRS,2,2012
-0.50409,117.30481,2012-03-22,1717,n,0,0.38,301.0,283.97,0.53,0.42,N,VIIRS,2,2012
-0.51253,117.30833,2012-03-22,1717,n,0,0.45,299.99,284.23,0.53,0.42,N,VIIRS,2,2012
-0.58335,117.38393,2012-03-22,1717,n,2,2.41,316.9,289.55,0.52,0.41,N,VIIRS,2,2012
-0.80782,117.10349,2012-03-22,1717,n,0,1.46,302.62,283.12,0.54,0.42,N,VIIRS,2,2012
-1.89806,113.52747,2012-03-23,558,n,0,6.67,343.7,299.76,0.41,0.37,N,VIIRS,2,2012
-1.35322,116.31987,2012-03-23,558,n,0,8.03,339.4,282.83,0.56,0.43,N,VIIRS,2,2012
-1.35534,116.31737,2012-03-23,558,n,0,7.27,334.41,282.83,0.56,0.43,N,VIIRS,2,2012
-1.41027,114.37773,2012-03-23,558,n,0,3.25,332.74,292.62,0.44,0.39,N,VIIRS,2,2012
-1.19351,113.84185,2012-03-23,558,n,0,1.78,332.84,298.19,0.42,0.38,N,VIIRS,2,2012
-1.19261,113.84148,2012-03-23,558,n,0,2.0,330.95,297.24,0.42,0.38,N,VIIRS,2,2012
-1.18157,113.84378,2012-03-23,558,n,0,4.85,343.01,293.83,0.43,0.38,N,VIIRS,2,2012
-1.20091,113.62196,2012-03-23,558,n,0,19.4,337.66,300.41,0.42,0.37,N,VIIRS,2,2012
-1.15369,113.86308,2012-03-23,558,n,0,3.99,341.58,297.37,0.43,0.38,N,VIIRS,2,2012
-0.63947,114.62415,2012-03-23,558,n,0,4.13,336.87,295.95,0.46,0.39,N,VIIRS,2,2012
-0.63942,114.62452,2012-03-23,558,n,0,6.9,335.8,295.51,0.46,0.39,N,VIIRS,2,2012
-0.64266,114.57818,2012-03-23,558,n,0,2.02,333.78,294.14,0.46,0.39,N,VIIRS,2,2012
0.85706,117.58216,2012-03-23,1658,n,0,1.28,306.45,283.54,0.36,0.57,N,VIIRS,2,2012
-2.03593,116.45164,2012-03-24,539,n,0,4.38,335.38,296.08,0.38,0.36,N,VIIRS,2,2012
-1.93615,116.37252,2012-03-24,539,n,0,4.74,337.56,297.14,0.38,0.36,N,VIIRS,2,2012
-1.92618,116.37103,2012-03-24,539,n,0,4.6,331.64,299.02,0.38,0.36,N,VIIRS,2,2012
-1.92671,116.36758,2012-03-24,539,n,0,5.76,333.17,300.67,0.38,0.36,N,VIIRS,2,2012
-1.90962,116.4356,2012-03-24,539,n,0,4.82,332.79,296.09,0.38,0.36,N,VIIRS,2,2012
-1.9063,116.4351,2012-03-24,539,n,0,3.93,331.12,296.76,0.38,0.36,N,VIIRS,2,2012
-1.90311,116.03461,2012-03-24,539,n,0,3.03,337.13,302.01,0.39,0.36,N,VIIRS,2,2012
-1.87505,115.99509,2012-03-24,539,n,0,5.21,345.93,299.82,0.39,0.36,N,VIIRS,2,2012
-1.81232,116.03105,2012-03-24,539,n,0,3.18,337.43,300.16,0.39,0.36,N,VIIRS,2,2012
-1.89282,113.52611,2012-03-24,539,n,0,11.71,346.55,299.02,0.45,0.39,N,VIIRS,2,2012
-1.78264,114.13183,2012-03-24,539,l,0,2.84,330.21,296.14,0.43,0.38,N,VIIRS,2,2012
-1.68027,113.63577,2012-03-24,539,l,0,7.46,335.93,299.82,0.45,0.39,N,VIIRS,2,2012
-1.68086,113.63177,2012-03-24,539,n,0,7.46,337.99,300.41,0.45,0.39,N,VIIRS,2,2012
-1.17111,113.98306,2012-03-24,539,l,0,5.53,329.88,301.34,0.43,0.38,N,VIIRS,2,2012
-1.17078,113.74889,2012-03-24,539,n,0,17.91,343.28,300.27,0.44,0.38,N,VIIRS,2,2012
-1.1792,113.62108,2012-03-24,539,l,0,22.05,342.79,297.45,0.44,0.39,N,VIIRS,2,2012
-1.15789,113.6423,2012-03-24,539,n,0,3.79,331.57,296.42,0.44,0.38,N,VIIRS,2,2012
-0.74477,115.93967,2012-03-24,539,n,0,3.27,333.75,299.93,0.38,0.36,N,VIIRS,2,2012
-0.76337,114.03991,2012-03-24,539,l,0,5.62,332.36,298.28,0.42,0.38,N,VIIRS,2,2012
1.24894,117.10806,2012-03-24,540,n,0,3.99,336.63,275.45,0.4,0.37,N,VIIRS,2,2012
-2.42479,115.36688,2012-03-27,622,n,0,3.32,338.9,291.38,0.41,0.61,N,VIIRS,2,2012
-1.21051,113.6497,2012-03-27,623,n,0,4.95,356.4,288.29,0.33,0.55,N,VIIRS,2,2012
-1.68237,113.64211,2012-03-27,623,n,0,2.85,328.54,292.43,0.32,0.55,N,VIIRS,2,2012
-1.67822,113.63548,2012-03-27,623,n,0,3.75,333.52,291.71,0.32,0.55,N,VIIRS,2,2012
-1.67869,113.63251,2012-03-27,623,n,0,2.18,331.39,290.63,0.32,0.55,N,VIIRS,2,2012
-1.21049,113.65001,2012-03-27,1724,n,0,1.12,296.81,273.7,0.46,0.47,N,VIIRS,2,2012
0.85419,117.58257,2012-03-28,1704,n,0,0.8,302.32,287.64,0.56,0.52,N,VIIRS,2,2012
-0.96192,117.14598,2012-03-28,1705,n,2,1.22,301.4,272.19,0.56,0.52,N,VIIRS,2,2012
-0.96273,117.15099,2012-03-28,1705,n,2,1.22,308.63,275.13,0.56,0.52,N,VIIRS,2,2012
-0.42771,116.27953,2012-03-29,545,n,0,6.26,345.05,297.09,0.41,0.37,N,VIIRS,2,2012
-0.42809,116.27968,2012-03-29,545,n,0,6.53,346.12,297.44,0.41,0.37,N,VIIRS,2,2012
-0.35113,115.79549,2012-03-29,545,n,0,4.51,332.85,296.85,0.4,0.37,N,VIIRS,2,2012
-0.34722,115.79855,2012-03-29,545,n,0,6.93,343.39,297.67,0.4,0.37,N,VIIRS,2,2012
-0.34776,115.79498,2012-03-29,545,n,0,4.51,346.62,297.65,0.4,0.37,N,VIIRS,2,2012
0.05642,116.44073,2012-03-29,545,n,0,3.65,333.03,295.13,0.42,0.37,N,VIIRS,2,2012
-0.92109,116.98121,2012-03-29,545,n,0,3.3,333.82,289.71,0.43,0.38,N,VIIRS,2,2012
-0.91761,116.98065,2012-03-29,545,n,0,3.3,338.55,287.17,0.43,0.38,N,VIIRS,2,2012
-0.79392,117.15282,2012-03-29,545,n,0,6.41,342.07,290.43,0.43,0.38,N,VIIRS,2,2012
-0.42714,116.2832,2012-03-29,545,n,0,5.91,338.74,296.32,0.41,0.37,N,VIIRS,2,2012
-0.42754,116.28334,2012-03-29,545,n,0,5.35,339.62,296.44,0.41,0.37,N,VIIRS,2,2012
1.08464,116.8362,2012-03-29,546,n,0,5.08,346.39,298.14,0.44,0.38,N,VIIRS,2,2012
0.3146,116.1403,2012-03-29,546,n,0,11.71,346.4,298.73,0.41,0.37,N,VIIRS,2,2012
1.42684,117.16388,2012-03-29,546,n,0,6.28,342.5,295.69,0.46,0.39,N,VIIRS,2,2012
0.1068,117.47136,2012-03-29,1646,n,2,1.47,311.27,275.58,0.59,0.7,N,VIIRS,2,2012
0.10768,117.47128,2012-03-29,1646,n,2,1.94,310.4,275.23,0.58,0.7,N,VIIRS,2,2012
0.09557,117.46371,2012-03-29,1646,n,0,1.59,299.64,274.44,0.59,0.7,N,VIIRS,2,2012
0.08314,117.4809,2012-03-31,1748,n,3,3.15,309.57,289.99,0.5,0.41,N,VIIRS,2,2012
0.10774,117.47092,2012-03-31,1748,n,2,2.05,310.82,288.97,0.5,0.41,N,VIIRS,2,2012
0.09204,117.47311,2012-03-31,1748,n,3,3.82,308.81,292.36,0.5,0.41,N,VIIRS,2,2012
-0.58497,117.3857,2012-03-31,1749,n,2,0.98,306.81,289.75,0.5,0.41,N,VIIRS,2,2012
-0.96495,117.15228,2012-03-31,1749,n,2,1.25,316.07,289.34,0.49,0.4,N,VIIRS,2,2012
-0.96424,117.14781,2012-03-31,1749,n,2,2.02,318.48,288.93,0.49,0.4,N,VIIRS,2,2012
0.85575,117.58489,2012-04-01,1729,n,0,0.52,303.32,290.29,0.39,0.36,N,VIIRS,2,2012
0.8563,117.58139,2012-04-01,1729,n,0,1.06,311.96,290.74,0.39,0.36,N,VIIRS,2,2012
1.15586,117.67831,2012-04-01,1729,n,2,0.72,308.04,291.2,0.39,0.36,N,VIIRS,2,2012
0.10549,117.47233,2012-04-01,1730,n,2,2.46,336.93,286.41,0.39,0.36,N,VIIRS,2,2012
0.10604,117.46882,2012-04-01,1730,n,2,2.46,312.07,284.82,0.39,0.36,N,VIIRS,2,2012
-0.58386,117.38382,2012-04-01,1730,n,2,0.51,306.81,284.25,0.39,0.36,N,VIIRS,2,2012
-0.58441,117.38732,2012-04-01,1730,n,2,0.51,302.44,285.63,0.39,0.36,N,VIIRS,2,2012
-2.08589,116.1464,2012-04-01,1730,n,0,0.37,303.71,289.71,0.41,0.37,N,VIIRS,2,2012
-2.19791,115.16879,2012-04-02,610,n,0,3.71,331.12,290.11,0.49,0.49,N,VIIRS,2,2012
-1.82261,116.06429,2012-04-02,610,n,0,7.56,338.47,291.96,0.57,0.52,N,VIIRS,2,2012
-0.46501,117.4416,2012-04-02,610,n,0,2.59,337.71,291.7,0.37,0.58,N,VIIRS,2,2012
-0.34696,117.37267,2012-04-02,610,n,0,2.28,339.1,290.68,0.37,0.58,N,VIIRS,2,2012
0.1072,117.47323,2012-04-02,611,n,2,3.67,332.38,291.86,0.38,0.59,N,VIIRS,2,2012
0.17825,117.49406,2012-04-02,611,n,0,5.99,332.02,291.79,0.38,0.59,N,VIIRS,2,2012
0.85463,117.58381,2012-04-02,611,n,0,4.41,332.67,295.18,0.4,0.6,N,VIIRS,2,2012
1.28907,116.90324,2012-04-02,1710,n,0,0.7,304.25,289.54,0.49,0.49,N,VIIRS,2,2012
-0.96238,117.14698,2012-04-02,1711,n,2,1.5,320.14,289.55,0.44,0.46,N,VIIRS,2,2012
-0.96301,117.1509,2012-04-02,1711,n,2,1.22,313.94,289.64,0.44,0.46,N,VIIRS,2,2012
-0.58617,117.38449,2012-04-02,1711,n,2,0.65,305.6,289.97,0.43,0.46,N,VIIRS,2,2012
-0.58193,117.38516,2012-04-02,1711,n,2,0.65,312.41,290.41,0.43,0.46,N,VIIRS,2,2012
-0.5039,117.305,2012-04-02,1711,n,0,0.74,303.58,290.07,0.44,0.46,N,VIIRS,2,2012
-0.50546,117.30785,2012-04-02,1711,n,0,1.07,304.59,290.0,0.44,0.46,N,VIIRS,2,2012
0.0839,117.48432,2012-04-02,1711,n,2,4.95,325.4,292.9,0.43,0.46,N,VIIRS,2,2012
0.08452,117.4804,2012-04-02,1711,n,3,4.61,324.53,291.96,0.44,0.46,N,VIIRS,2,2012
0.10762,117.47203,2012-04-02,1711,n,2,3.4,338.97,291.45,0.44,0.46,N,VIIRS,2,2012
0.17731,117.49402,2012-04-02,1711,n,0,2.49,316.01,291.76,0.44,0.46,N,VIIRS,2,2012
0.17792,117.49009,2012-04-02,1711,n,0,2.49,308.89,292.09,0.44,0.46,N,VIIRS,2,2012
0.85365,117.58281,2012-04-02,1711,n,0,1.96,314.22,290.25,0.44,0.46,N,VIIRS,2,2012
0.85643,117.5818,2012-04-02,1711,n,0,2.13,318.12,291.1,0.44,0.46,N,VIIRS,2,2012
-1.85036,116.1532,2012-04-03,551,n,0,2.94,333.33,295.08,0.45,0.39,N,VIIRS,2,2012
1.2124,117.1331,2012-04-03,552,n,0,4.95,331.95,297.73,0.55,0.43,N,VIIRS,2,2012
1.03072,116.72053,2012-04-03,552,n,0,1.5,330.3,295.21,0.52,0.41,N,VIIRS,2,2012
2.41565,117.92394,2012-04-03,552,n,0,14.89,355.46,298.74,0.43,0.46,N,VIIRS,2,2012
1.57858,118.14056,2012-04-03,552,n,0,15.27,348.65,297.67,0.43,0.46,N,VIIRS,2,2012
2.47377,117.91118,2012-04-03,552,n,0,7.74,340.55,295.37,0.43,0.46,N,VIIRS,2,2012
-1.24724,116.81638,2012-04-03,1652,n,3,0.93,299.28,271.61,0.48,0.65,N,VIIRS,2,2012
1.42221,117.16594,2012-04-04,533,n,0,3.46,326.28,286.34,0.38,0.36,N,VIIRS,2,2012
1.7168,117.99458,2012-04-04,533,n,0,3.55,336.55,294.14,0.39,0.36,N,VIIRS,2,2012
2.47054,117.88184,2012-04-04,533,n,0,23.05,346.09,293.39,0.39,0.36,N,VIIRS,2,2012
1.42553,117.16545,2012-04-04,533,n,0,3.46,331.31,286.53,0.38,0.36,N,VIIRS,2,2012
-0.96473,117.15067,2012-04-04,1814,n,2,2.01,305.81,264.56,0.43,0.62,N,VIIRS,2,2012
-0.96324,117.14906,2012-04-04,1814,n,2,1.34,297.49,265.08,0.43,0.62,N,VIIRS,2,2012
0.62957,116.85841,2012-04-05,514,n,0,5.42,342.24,289.6,0.41,0.45,N,VIIRS,2,2012
0.3542,116.7489,2012-04-05,514,n,0,2.7,326.23,289.84,0.42,0.46,N,VIIRS,2,2012
-0.1275,116.97606,2012-04-05,514,n,0,5.0,341.1,291.63,0.42,0.45,N,VIIRS,2,2012
-1.10984,113.77418,2012-04-06,635,n,0,4.19,328.86,287.18,0.55,0.68,N,VIIRS,2,2012
0.83431,117.5843,2012-04-06,1736,n,0,1.41,322.74,288.84,0.39,0.36,N,VIIRS,2,2012
0.09077,117.47212,2012-04-06,1736,n,3,3.05,311.58,295.33,0.39,0.36,N,VIIRS,2,2012
0.81606,117.5921,2012-04-06,1736,n,0,0.79,315.55,288.65,0.39,0.36,N,VIIRS,2,2012
-0.96517,117.14859,2012-04-06,1736,n,2,1.22,316.23,286.97,0.39,0.36,N,VIIRS,2,2012
-0.58284,117.38553,2012-04-06,1736,n,2,0.97,308.88,290.73,0.39,0.36,N,VIIRS,2,2012
0.85436,117.58381,2012-04-06,1736,n,0,1.4,310.71,288.99,0.39,0.36,N,VIIRS,2,2012
-1.83678,114.13409,2012-04-07,616,n,0,42.47,342.98,296.98,0.54,0.51,N,VIIRS,2,2012
-1.83755,114.12918,2012-04-07,616,n,0,42.47,343.76,293.86,0.54,0.51,N,VIIRS,2,2012
-1.12315,115.36571,2012-04-07,617,n,0,2.73,328.39,291.33,0.34,0.56,N,VIIRS,2,2012
0.85347,117.58403,2012-04-07,1717,n,0,1.38,306.65,289.59,0.53,0.42,N,VIIRS,2,2012
0.81666,117.59269,2012-04-07,1717,n,0,1.59,311.32,289.34,0.53,0.42,N,VIIRS,2,2012
0.10748,117.47053,2012-04-07,1717,n,2,1.22,308.6,289.8,0.52,0.42,N,VIIRS,2,2012
-0.85581,117.18749,2012-04-07,1717,n,0,1.43,306.55,290.28,0.53,0.42,N,VIIRS,2,2012
-0.96156,117.14944,2012-04-07,1717,n,2,0.62,303.82,290.01,0.53,0.42,N,VIIRS,2,2012
-0.96541,117.14881,2012-04-07,1717,n,2,1.43,309.57,290.46,0.53,0.42,N,VIIRS,2,2012
-2.07612,113.77339,2012-04-08,557,n,0,3.86,338.71,290.97,0.42,0.37,N,VIIRS,2,2012
-1.9386,116.37064,2012-04-08,557,n,0,5.95,336.11,297.38,0.56,0.43,N,VIIRS,2,2012
-1.93464,116.37006,2012-04-08,557,n,0,10.18,337.27,296.44,0.56,0.43,N,VIIRS,2,2012
-2.26855,114.01924,2012-04-08,557,n,0,4.63,338.79,293.25,0.42,0.38,N,VIIRS,2,2012
1.02265,116.82659,2012-04-08,558,n,0,4.62,331.29,292.83,0.44,0.46,N,VIIRS,2,2012
-0.81057,115.70726,2012-04-08,558,n,0,4.39,334.96,293.4,0.53,0.42,N,VIIRS,2,2012
-1.05084,116.66998,2012-04-08,558,n,0,6.38,340.01,296.72,0.4,0.44,N,VIIRS,2,2012
-0.06867,117.46777,2012-04-08,558,n,0,3.19,329.97,293.73,0.46,0.47,N,VIIRS,2,2012
-1.05959,116.95408,2012-04-08,558,n,0,2.85,340.69,293.23,0.42,0.45,N,VIIRS,2,2012
-0.07744,117.46906,2012-04-08,558,n,0,3.95,335.93,293.94,0.46,0.47,N,VIIRS,2,2012
-0.28817,117.37981,2012-04-08,558,n,0,5.32,342.66,293.79,0.45,0.47,N,VIIRS,2,2012
-0.32095,117.28024,2012-04-08,558,n,0,4.73,333.79,292.73,0.45,0.47,N,VIIRS,2,2012
0.7974,118.00465,2012-04-08,558,n,0,5.65,329.28,294.09,0.52,0.5,N,VIIRS,2,2012
0.67473,117.69409,2012-04-08,558,n,0,7.53,348.37,297.16,0.49,0.49,N,VIIRS,2,2012
-0.96462,117.15008,2012-04-08,558,n,2,3.16,335.53,294.77,0.43,0.46,N,VIIRS,2,2012
-0.96173,117.14897,2012-04-08,1658,n,2,0.79,309.92,289.11,0.36,0.57,N,VIIRS,2,2012
-0.58602,117.38415,2012-04-08,1658,n,2,0.39,309.59,288.93,0.35,0.57,N,VIIRS,2,2012
-0.58076,117.38499,2012-04-08,1658,n,2,0.66,306.34,289.01,0.35,0.57,N,VIIRS,2,2012
-0.58143,117.38535,2012-04-08,1658,n,2,0.99,313.19,289.19,0.35,0.57,N,VIIRS,2,2012
0.10689,117.47131,2012-04-08,1658,n,2,1.47,308.49,284.96,0.36,0.57,N,VIIRS,2,2012
-1.09965,113.93922,2012-04-08,1659,n,0,1.01,299.09,270.8,0.59,0.7,N,VIIRS,2,2012
-1.10057,113.94037,2012-04-08,1659,n,0,1.32,296.45,271.52,0.59,0.7,N,VIIRS,2,2012
-0.96531,117.148,2012-04-08,1659,n,2,1.35,310.77,289.24,0.36,0.57,N,VIIRS,2,2012
-1.92624,116.36831,2012-04-09,539,n,0,5.25,337.0,303.37,0.38,0.36,N,VIIRS,2,2012
1.09903,116.8648,2012-04-09,539,n,0,9.63,344.88,296.44,0.39,0.36,N,VIIRS,2,2012
0.81604,117.59461,2012-04-09,539,n,0,3.06,337.9,300.66,0.41,0.37,N,VIIRS,2,2012
0.65674,117.18645,2012-04-09,539,n,0,4.99,334.35,293.66,0.4,0.37,N,VIIRS,2,2012
0.61263,117.65578,2012-04-09,539,n,0,8.69,335.14,295.86,0.41,0.37,N,VIIRS,2,2012
0.32073,117.50266,2012-04-09,539,n,0,11.64,345.45,300.08,0.4,0.37,N,VIIRS,2,2012
-0.28109,117.37099,2012-04-09,539,n,0,2.68,331.79,296.47,0.4,0.37,N,VIIRS,2,2012
-0.28446,117.37151,2012-04-09,539,n,0,47.45,343.84,303.2,0.4,0.37,N,VIIRS,2,2012
-0.41614,116.92337,2012-04-09,539,n,0,2.23,334.3,296.26,0.39,0.36,N,VIIRS,2,2012
-0.35046,117.40018,2012-04-09,539,n,0,3.76,334.03,297.52,0.4,0.37,N,VIIRS,2,2012
-0.76752,117.0597,2012-04-09,539,n,0,8.25,346.66,296.81,0.39,0.36,N,VIIRS,2,2012
-0.77087,117.06022,2012-04-09,539,n,0,3.49,330.16,297.17,0.39,0.36,N,VIIRS,2,2012
-1.87623,115.91772,2012-04-09,539,n,0,2.81,335.43,298.67,0.39,0.36,N,VIIRS,2,2012
-1.92291,116.36782,2012-04-09,539,n,0,5.25,346.33,304.52,0.38,0.36,N,VIIRS,2,2012
-1.92956,116.36881,2012-04-09,539,n,0,2.84,333.18,302.03,0.38,0.36,N,VIIRS,2,2012
-1.92904,116.37226,2012-04-09,539,l,0,5.23,332.49,303.35,0.38,0.36,N,VIIRS,2,2012
-2.16334,115.95956,2012-04-09,539,n,0,8.06,348.34,304.47,0.39,0.36,N,VIIRS,2,2012
2.1232,117.59501,2012-04-09,540,n,0,3.81,336.19,288.68,0.42,0.37,N,VIIRS,2,2012
2.05614,117.38091,2012-04-09,540,n,0,2.37,328.89,292.48,0.41,0.37,N,VIIRS,2,2012
0.11093,117.47046,2012-04-09,1639,n,2,0.9,300.78,277.79,0.75,0.77,N,VIIRS,2,2012
0.10794,117.47159,2012-04-09,1639,n,2,1.23,302.3,277.87,0.74,0.76,N,VIIRS,2,2012
-0.85353,117.18422,2012-04-09,1640,n,0,1.61,305.28,272.76,0.75,0.77,N,VIIRS,2,2012
-0.95986,117.14662,2012-04-09,1640,n,0,1.02,298.27,271.43,0.75,0.77,N,VIIRS,2,2012
-0.45329,117.39655,2012-04-09,1820,n,0,1.28,307.44,279.57,0.56,0.69,N,VIIRS,2,2012
-0.96558,117.15303,2012-04-09,1820,n,2,2.22,297.45,272.45,0.55,0.68,N,VIIRS,2,2012
-0.58384,117.38309,2012-04-09,1820,n,2,1.31,299.42,278.33,0.56,0.69,N,VIIRS,2,2012
0.85742,117.58224,2012-04-10,520,l,0,13.01,333.22,296.04,0.46,0.39,N,VIIRS,2,2012
0.70527,117.16926,2012-04-10,520,n,0,19.24,345.15,294.45,0.48,0.4,N,VIIRS,2,2012
0.70157,117.16978,2012-04-10,520,n,0,5.23,338.72,293.83,0.48,0.4,N,VIIRS,2,2012
0.37927,116.25249,2012-04-10,520,n,0,7.47,335.23,291.7,0.55,0.42,N,VIIRS,2,2012
0.3789,116.25028,2012-04-10,520,n,0,6.26,331.54,292.24,0.55,0.42,N,VIIRS,2,2012
0.19907,116.37916,2012-04-10,520,n,0,43.66,338.42,295.98,0.54,0.42,N,VIIRS,2,2012
0.11209,116.33527,2012-04-10,520,n,0,3.49,328.02,289.21,0.54,0.42,N,VIIRS,2,2012
0.11693,116.41898,2012-04-10,520,n,0,2.73,327.04,290.87,0.54,0.42,N,VIIRS,2,2012
-0.20924,115.64277,2012-04-10,520,n,0,2.71,329.48,291.01,0.4,0.44,N,VIIRS,2,2012
-1.4908,116.18015,2012-04-10,520,n,0,4.45,335.06,274.39,0.39,0.44,N,VIIRS,2,2012
-1.49028,116.18365,2012-04-10,520,n,0,4.45,340.37,273.79,0.39,0.44,N,VIIRS,2,2012
2.41833,117.92125,2012-04-10,521,l,0,4.34,331.78,292.31,0.43,0.38,N,VIIRS,2,2012
2.10794,117.16131,2012-04-10,521,l,0,18.93,337.09,295.31,0.46,0.39,N,VIIRS,2,2012
2.10432,117.16187,2012-04-10,521,n,0,49.5,343.56,302.67,0.46,0.39,N,VIIRS,2,2012
2.08284,117.57021,2012-04-10,521,n,0,6.54,337.55,289.98,0.45,0.39,N,VIIRS,2,2012
2.01686,117.32254,2012-04-10,521,n,0,3.36,332.02,290.68,0.46,0.39,N,VIIRS,2,2012
2.10596,117.15941,2012-04-10,1800,n,0,0.63,296.89,267.54,0.47,0.47,N,VIIRS,2,2012
-0.96256,117.14833,2012-04-10,1801,n,2,1.46,306.92,282.77,0.52,0.5,N,VIIRS,2,2012
-0.96388,117.15123,2012-04-10,1801,n,2,1.55,304.61,282.73,0.52,0.5,N,VIIRS,2,2012
0.85379,117.58127,2012-04-10,1801,n,0,1.45,308.65,276.23,0.52,0.5,N,VIIRS,2,2012
0.09337,117.46599,2012-04-11,1742,n,0,3.94,324.81,289.62,0.42,0.38,N,VIIRS,2,2012
0.85576,117.58265,2012-04-11,1742,n,0,0.82,302.13,284.09,0.42,0.38,N,VIIRS,2,2012
-0.96413,117.14963,2012-04-11,1742,n,2,1.65,321.02,289.82,0.42,0.38,N,VIIRS,2,2012
-0.58559,117.38373,2012-04-11,1742,n,2,0.29,304.13,287.84,0.42,0.38,N,VIIRS,2,2012
-0.5046,117.30681,2012-04-11,1742,n,0,1.43,313.09,289.5,0.42,0.38,N,VIIRS,2,2012
-2.08588,116.14611,2012-04-11,1743,n,0,0.51,305.11,282.3,0.4,0.37,N,VIIRS,2,2012
-0.58326,117.38342,2012-04-12,1723,n,2,0.79,300.54,282.55,0.43,0.38,N,VIIRS,2,2012
2.06752,117.09464,2012-04-12,1723,n,0,1.25,304.76,288.39,0.48,0.4,N,VIIRS,2,2012
2.06386,117.09407,2012-04-12,1723,n,0,0.71,303.59,288.32,0.48,0.4,N,VIIRS,2,2012
0.85648,117.58396,2012-04-12,1723,n,0,0.65,300.64,282.46,0.44,0.38,N,VIIRS,2,2012
0.85295,117.58341,2012-04-12,1723,n,0,0.65,300.84,282.0,0.44,0.38,N,VIIRS,2,2012
0.86634,117.2196,2012-04-12,1723,n,0,0.5,305.47,287.94,0.46,0.39,N,VIIRS,2,2012
0.10636,117.47012,2012-04-12,1723,n,2,1.44,309.35,287.22,0.44,0.38,N,VIIRS,2,2012
0.09579,117.46844,2012-04-12,1723,n,3,3.67,324.98,288.4,0.44,0.38,N,VIIRS,2,2012
-0.50315,117.30728,2012-04-12,1723,n,0,0.8,305.6,281.64,0.44,0.38,N,VIIRS,2,2012
-0.50277,117.30782,2012-04-12,1723,n,0,0.99,300.45,281.24,0.44,0.38,N,VIIRS,2,2012
-0.5063,117.30727,2012-04-12,1723,n,0,1.15,304.53,281.6,0.44,0.38,N,VIIRS,2,2012
-0.58387,117.38731,2012-04-12,1723,n,2,0.79,300.78,278.37,0.43,0.38,N,VIIRS,2,2012
-0.94247,117.07677,2012-04-12,1724,n,0,1.23,309.56,278.51,0.44,0.39,N,VIIRS,2,2012
-0.18245,117.41283,2012-04-13,604,n,0,4.89,333.26,291.2,0.59,0.52,N,VIIRS,2,2012
-0.44352,117.42171,2012-04-13,604,n,0,6.7,345.19,291.4,0.58,0.52,N,VIIRS,2,2012
-2.21023,113.8123,2012-04-13,604,n,0,2.28,331.83,292.8,0.49,0.4,N,VIIRS,2,2012
-2.25665,113.88264,2012-04-13,604,n,0,4.92,331.78,293.75,0.49,0.4,N,VIIRS,2,2012
-2.25428,113.8811,2012-04-13,604,n,0,4.82,334.97,296.24,0.49,0.4,N,VIIRS,2,2012
0.09057,117.47271,2012-04-13,1704,n,3,4.62,306.22,290.36,0.56,0.51,N,VIIRS,2,2012
0.85481,117.58014,2012-04-13,1704,n,0,1.54,306.83,286.85,0.56,0.52,N,VIIRS,2,2012
-0.96238,117.15015,2012-04-13,1705,n,2,1.39,299.27,275.7,0.56,0.52,N,VIIRS,2,2012
-0.07326,116.6395,2012-04-14,545,n,0,11.75,347.58,292.05,0.42,0.38,N,VIIRS,2,2012
0.6015,117.60843,2012-04-14,545,n,0,14.15,343.02,295.21,0.47,0.4,N,VIIRS,2,2012
0.30401,116.43951,2012-04-14,545,n,0,5.39,336.66,295.92,0.42,0.37,N,VIIRS,2,2012
0.3,116.43627,2012-04-14,545,n,0,8.22,339.56,296.87,0.42,0.37,N,VIIRS,2,2012
0.30056,116.44001,2012-04-14,545,n,0,8.22,348.7,297.25,0.42,0.37,N,VIIRS,2,2012
0.30112,116.44377,2012-04-14,545,n,0,3.04,333.36,290.43,0.42,0.37,N,VIIRS,2,2012
0.29767,116.44431,2012-04-14,545,n,0,3.04,332.15,294.79,0.42,0.37,N,VIIRS,2,2012
0.29365,116.44106,2012-04-14,545,n,0,5.01,347.57,295.99,0.42,0.37,N,VIIRS,2,2012
0.29019,116.44158,2012-04-14,545,n,0,5.01,330.98,295.37,0.42,0.37,N,VIIRS,2,2012
0.29148,116.44158,2012-04-14,545,n,0,5.43,330.41,294.92,0.42,0.37,N,VIIRS,2,2012
0.32341,117.46816,2012-04-14,545,n,0,4.32,336.28,295.96,0.46,0.39,N,VIIRS,2,2012
0.10779,116.26794,2012-04-14,545,n,0,3.04,338.03,295.05,0.41,0.37,N,VIIRS,2,2012
0.18978,116.97414,2012-04-14,545,n,0,3.45,331.78,294.4,0.44,0.38,N,VIIRS,2,2012
0.19037,116.97806,2012-04-14,545,n,0,8.08,353.97,296.63,0.44,0.38,N,VIIRS,2,2012
0.22324,117.44882,2012-04-14,545,n,0,7.53,336.49,295.67,0.46,0.39,N,VIIRS,2,2012
0.05186,117.39449,2012-04-14,545,n,0,3.89,332.95,296.2,0.45,0.39,N,VIIRS,2,2012
-0.07673,116.64,2012-04-14,545,n,0,11.75,339.35,295.31,0.42,0.38,N,VIIRS,2,2012
0.03514,117.4054,2012-04-14,545,n,0,3.05,330.44,296.45,0.45,0.39,N,VIIRS,2,2012
-0.21676,116.83586,2012-04-14,545,n,0,27.19,334.07,295.31,0.43,0.38,N,VIIRS,2,2012
-0.24064,116.81981,2012-04-14,545,n,0,5.93,339.97,295.8,0.43,0.38,N,VIIRS,2,2012
-0.31551,116.55991,2012-04-14,545,n,0,4.33,333.34,295.07,0.42,0.37,N,VIIRS,2,2012
-0.46925,116.00572,2012-04-14,545,n,0,6.81,348.48,296.96,0.4,0.37,N,VIIRS,2,2012
-0.84803,114.71037,2012-04-14,545,n,0,4.09,331.87,292.16,0.38,0.36,N,VIIRS,2,2012
-0.44066,117.41948,2012-04-14,545,n,0,5.15,341.4,294.42,0.45,0.39,N,VIIRS,2,2012
-0.50546,117.30604,2012-04-14,545,n,0,5.42,342.04,296.25,0.44,0.39,N,VIIRS,2,2012
-2.24416,113.98576,2012-04-14,545,n,0,5.26,333.29,294.45,0.39,0.36,N,VIIRS,2,2012
-2.24752,113.98626,2012-04-14,545,n,0,5.26,337.67,296.09,0.39,0.36,N,VIIRS,2,2012
0.85501,117.58498,2012-04-14,546,n,0,10.16,338.01,301.32,0.47,0.4,N,VIIRS,2,2012
1.99452,117.26595,2012-04-14,546,n,0,12.72,332.8,296.15,0.47,0.4,N,VIIRS,2,2012
1.8974,117.77373,2012-04-14,546,n,0,4.41,334.26,295.84,0.5,0.41,N,VIIRS,2,2012
0.7962,117.54186,2012-04-14,546,n,0,7.91,339.97,292.46,0.47,0.4,N,VIIRS,2,2012
2.41354,117.95174,2012-04-14,546,n,0,2.2,330.23,294.85,0.51,0.41,N,VIIRS,2,2012
1.2637,116.93424,2012-04-14,546,n,0,5.54,333.13,295.55,0.44,0.39,N,VIIRS,2,2012
1.26014,116.93476,2012-04-14,546,n,0,3.17,332.4,295.14,0.44,0.39,N,VIIRS,2,2012
1.17381,116.93507,2012-04-14,546,n,0,3.99,336.89,296.07,0.44,0.39,N,VIIRS,2,2012
1.15222,117.63131,2012-04-14,546,n,0,7.93,344.78,294.57,0.48,0.4,N,VIIRS,2,2012
-1.45288,116.44822,2012-04-15,526,n,0,4.82,330.7,292.51,0.46,0.39,N,VIIRS,2,2012
-1.44927,116.44759,2012-04-15,526,n,0,4.82,342.43,291.72,0.46,0.39,N,VIIRS,2,2012
0.90819,116.80064,2012-04-15,527,n,0,4.99,344.09,295.33,0.42,0.38,N,VIIRS,2,2012
0.08169,117.48145,2012-04-15,527,l,3,2.75,330.16,292.33,0.41,0.37,N,VIIRS,2,2012
0.47916,116.61227,2012-04-15,527,l,0,9.15,331.64,292.96,0.43,0.38,N,VIIRS,2,2012
0.82404,118.00963,2012-04-15,527,n,0,1.58,330.94,291.51,0.39,0.36,N,VIIRS,2,2012
2.07513,117.062,2012-04-15,527,l,0,23.1,342.08,288.15,0.41,0.37,N,VIIRS,2,2012
-0.58656,117.38387,2012-04-15,1807,n,2,0.71,310.47,273.95,0.34,0.56,N,VIIRS,2,2012
-0.50409,117.30618,2012-04-15,1807,n,0,0.85,299.06,262.31,0.34,0.56,N,VIIRS,2,2012
-0.58139,117.38468,2012-04-15,1807,n,2,0.71,299.03,273.09,0.34,0.56,N,VIIRS,2,2012
-0.58509,117.38435,2012-04-15,1807,n,2,1.51,313.74,273.34,0.34,0.56,N,VIIRS,2,2012
-0.58185,117.38776,2012-04-15,1807,n,2,0.6,300.23,272.52,0.34,0.56,N,VIIRS,2,2012
2.40362,117.93347,2012-04-15,1807,n,0,0.37,302.15,276.68,0.33,0.56,N,VIIRS,2,2012
0.10828,117.47243,2012-04-16,1748,n,2,0.82,305.58,285.95,0.5,0.41,N,VIIRS,2,2012
0.82189,117.27709,2012-04-16,1748,n,0,0.73,301.83,285.03,0.48,0.4,N,VIIRS,2,2012
0.08367,117.48241,2012-04-16,1748,n,3,6.83,340.59,288.73,0.5,0.41,N,VIIRS,2,2012
0.09401,117.46568,2012-04-16,1748,n,2,2.94,330.55,288.08,0.5,0.41,N,VIIRS,2,2012
0.0933,117.47015,2012-04-16,1748,n,3,2.94,306.87,288.82,0.5,0.41,N,VIIRS,2,2012
0.10454,117.47185,2012-04-16,1748,n,2,1.37,303.31,286.08,0.5,0.41,N,VIIRS,2,2012
-1.65109,113.56477,2012-04-16,1749,n,0,0.36,302.39,276.39,0.38,0.36,N,VIIRS,2,2012
-2.08409,116.14652,2012-04-16,1749,n,0,0.31,302.85,280.82,0.45,0.39,N,VIIRS,2,2012
-0.96474,117.14674,2012-04-16,1749,n,2,0.99,308.31,287.34,0.49,0.41,N,VIIRS,2,2012
-0.58467,117.38478,2012-04-16,1749,n,2,1.63,317.22,286.48,0.5,0.41,N,VIIRS,2,2012
-0.50659,117.3075,2012-04-16,1749,n,0,1.56,315.11,287.47,0.5,0.41,N,VIIRS,2,2012
-0.50285,117.30804,2012-04-16,1749,n,0,1.56,309.1,287.53,0.5,0.41,N,VIIRS,2,2012
-1.94467,114.2559,2012-04-17,629,n,0,5.52,339.9,281.7,0.45,0.63,N,VIIRS,2,2012
0.98035,117.00447,2012-04-17,630,n,0,4.28,325.64,284.3,0.76,0.77,N,VIIRS,2,2012
0.86469,117.21845,2012-04-17,1729,n,0,0.93,311.01,286.28,0.4,0.37,N,VIIRS,2,2012
-0.80686,117.10276,2012-04-17,1730,n,0,0.71,306.01,290.68,0.39,0.37,N,VIIRS,2,2012
-1.49039,116.18346,2012-04-17,1730,n,0,0.62,305.13,279.67,0.41,0.37,N,VIIRS,2,2012
-1.33285,116.68971,2012-04-17,1730,n,0,0.71,304.8,285.79,0.4,0.37,N,VIIRS,2,2012
-0.96508,117.14731,2012-04-17,1730,n,2,0.88,313.91,289.24,0.39,0.36,N,VIIRS,2,2012
-0.46911,115.9981,2012-04-17,1730,n,0,0.93,306.99,283.56,0.43,0.38,N,VIIRS,2,2012
-0.58612,117.38231,2012-04-17,1730,n,2,0.67,307.44,288.37,0.39,0.36,N,VIIRS,2,2012
-0.58333,117.38634,2012-04-17,1730,n,2,0.67,310.7,289.19,0.39,0.36,N,VIIRS,2,2012
-0.58278,117.38283,2012-04-17,1730,n,2,0.67,306.64,288.84,0.39,0.36,N,VIIRS,2,2012
-0.50661,117.30476,2012-04-17,1730,n,0,1.23,316.67,290.11,0.39,0.36,N,VIIRS,2,2012
-0.50326,117.30527,2012-04-17,1730,n,0,1.23,316.61,290.15,0.39,0.36,N,VIIRS,2,2012
-0.4654,117.58691,2012-04-17,1730,n,2,1.63,307.81,291.47,0.39,0.36,N,VIIRS,2,2012
0.10663,117.47148,2012-04-17,1730,n,2,0.87,308.81,286.75,0.39,0.36,N,VIIRS,2,2012
-0.47139,115.99558,2012-04-18,610,n,0,8.72,335.61,285.87,0.59,0.53,N,VIIRS,2,2012
-1.03183,114.90882,2012-04-18,610,n,0,4.49,328.03,283.07,0.49,0.49,N,VIIRS,2,2012
-2.27805,113.8905,2012-04-18,610,n,0,3.88,336.65,279.21,0.4,0.45,N,VIIRS,2,2012
0.55232,116.73636,2012-04-18,611,n,0,1.07,325.46,285.8,0.35,0.56,N,VIIRS,2,2012
0.794,118.01389,2012-04-18,611,n,0,6.65,337.36,288.31,0.43,0.62,N,VIIRS,2,2012
2.08184,117.09751,2012-04-18,611,n,0,4.22,331.67,272.56,0.39,0.59,N,VIIRS,2,2012
1.29702,116.77736,2012-04-18,611,n,0,4.46,349.68,285.33,0.36,0.57,N,VIIRS,2,2012
-2.08594,116.14645,2012-04-18,1711,n,0,0.98,306.26,287.21,0.49,0.49,N,VIIRS,2,2012
0.10652,117.47138,2012-04-18,1711,n,2,0.79,307.16,276.98,0.44,0.46,N,VIIRS,2,2012
0.10761,117.47285,2012-04-18,1711,n,2,0.68,302.98,276.78,0.44,0.46,N,VIIRS,2,2012
-0.50521,117.30424,2012-04-18,1711,n,0,0.9,303.25,271.58,0.44,0.46,N,VIIRS,2,2012
-0.50393,117.3059,2012-04-18,1711,n,0,1.38,304.24,270.81,0.44,0.46,N,VIIRS,2,2012
-1.83618,115.91526,2012-04-20,532,n,0,2.72,328.14,291.93,0.42,0.38,N,VIIRS,2,2012
0.57311,116.7334,2012-04-20,533,n,0,3.5,332.7,290.68,0.39,0.36,N,VIIRS,2,2012
1.04242,117.02998,2012-04-21,514,n,0,1.62,326.0,289.41,0.4,0.44,N,VIIRS,2,2012
1.09994,116.86447,2012-04-21,514,n,0,1.81,330.32,284.98,0.41,0.45,N,VIIRS,2,2012
0.09526,117.47613,2012-04-21,514,n,2,3.95,334.08,286.26,0.39,0.44,N,VIIRS,2,2012
-1.33754,116.7011,2012-04-24,557,n,0,7.04,342.58,295.36,0.4,0.44,N,VIIRS,2,2012
-1.35721,116.68218,2012-04-24,557,n,0,3.09,339.97,294.22,0.39,0.44,N,VIIRS,2,2012
-2.01389,113.51395,2012-04-24,557,n,0,3.61,336.13,297.71,0.41,0.37,N,VIIRS,2,2012
-1.90269,114.36539,2012-04-24,557,n,0,16.49,348.32,297.5,0.44,0.38,N,VIIRS,2,2012
0.10737,117.46947,2012-04-24,1658,n,2,1.87,311.59,287.88,0.36,0.57,N,VIIRS,2,2012
-0.96449,117.14683,2012-04-24,1658,n,2,1.4,316.63,287.41,0.36,0.57,N,VIIRS,2,2012
-0.58494,117.38328,2012-04-24,1658,n,2,1.47,312.41,287.57,0.35,0.57,N,VIIRS,2,2012
-0.58019,117.38734,2012-04-24,1658,n,2,0.74,303.55,287.57,0.35,0.57,N,VIIRS,2,2012
-0.43686,117.32101,2012-04-24,1658,n,0,0.48,305.15,287.3,0.36,0.57,N,VIIRS,2,2012
-0.44488,117.61381,2012-04-24,1658,n,0,2.18,310.55,288.03,0.34,0.56,N,VIIRS,2,2012
0.0968,117.46771,2012-04-24,1658,n,2,2.76,321.39,287.94,0.36,0.57,N,VIIRS,2,2012
0.0973,117.46447,2012-04-24,1658,n,3,2.76,328.84,287.1,0.36,0.57,N,VIIRS,2,2012
0.10687,117.47269,2012-04-24,1658,n,2,1.36,309.87,287.44,0.36,0.57,N,VIIRS,2,2012
-2.41588,115.34336,2012-04-25,538,n,0,1.48,332.2,295.76,0.4,0.37,N,VIIRS,2,2012
-1.96167,116.43071,2012-04-25,538,n,0,2.24,332.35,294.7,0.38,0.36,N,VIIRS,2,2012
-0.89054,116.87621,2012-04-25,539,n,0,3.22,332.42,296.3,0.39,0.36,N,VIIRS,2,2012
-1.8233,116.18591,2012-04-25,539,n,0,1.96,331.25,293.3,0.38,0.36,N,VIIRS,2,2012
-0.49148,116.4802,2012-04-25,539,n,0,8.38,339.08,291.02,0.38,0.36,N,VIIRS,2,2012
0.11051,117.46471,2012-04-25,1639,n,0,0.89,295.5,271.2,0.75,0.77,N,VIIRS,2,2012
0.10651,117.47282,2012-04-25,1639,n,2,3.93,298.05,272.58,0.75,0.77,N,VIIRS,2,2012
0.10762,117.46603,2012-04-25,1639,n,2,4.11,307.54,270.94,0.75,0.77,N,VIIRS,2,2012
0.10946,117.47144,2012-04-25,1639,n,2,0.89,301.09,272.89,0.75,0.77,N,VIIRS,2,2012
-0.14022,117.36983,2012-04-25,1820,n,0,3.45,297.16,265.05,0.55,0.68,N,VIIRS,2,2012
1.2887,116.90353,2012-04-26,520,n,0,3.02,326.69,294.37,0.49,0.4,N,VIIRS,2,2012
-0.20125,116.76375,2012-04-26,520,n,0,3.66,328.54,290.64,0.52,0.41,N,VIIRS,2,2012
-2.1604,113.85458,2012-04-26,520,n,0,3.95,339.72,290.3,0.57,0.52,N,VIIRS,2,2012
-2.16011,113.85699,2012-04-26,520,n,0,8.7,340.04,291.19,0.57,0.52,N,VIIRS,2,2012
-1.90195,113.54093,2012-04-26,520,n,0,6.7,326.82,292.61,0.59,0.53,N,VIIRS,2,2012
2.40009,117.93214,2012-04-26,1800,n,0,2.19,313.01,286.1,0.52,0.5,N,VIIRS,2,2012
0.10603,117.47099,2012-04-26,1801,n,2,3.38,323.91,269.53,0.52,0.5,N,VIIRS,2,2012
-0.96839,117.13995,2012-04-26,1801,n,0,1.85,302.87,282.04,0.52,0.5,N,VIIRS,2,2012
-2.16068,113.8117,2012-04-27,501,n,0,8.89,337.7,284.73,0.6,0.71,N,VIIRS,2,2012
-2.15918,113.81397,2012-04-27,501,n,0,7.41,342.21,285.24,0.6,0.71,N,VIIRS,2,2012
2.39923,117.93082,2012-04-27,1741,n,0,0.96,310.83,286.95,0.42,0.38,N,VIIRS,2,2012
0.18342,117.48678,2012-04-27,1742,n,2,1.31,303.63,287.46,0.42,0.38,N,VIIRS,2,2012
-0.96454,117.14945,2012-04-27,1742,n,2,0.99,309.75,285.07,0.42,0.38,N,VIIRS,2,2012
0.10435,117.47063,2012-04-27,1742,n,2,0.95,302.81,285.16,0.42,0.38,N,VIIRS,2,2012
1.57091,118.15312,2012-04-28,443,n,0,3.42,328.39,281.67,0.56,0.69,N,VIIRS,2,2012
-2.48858,114.17643,2012-04-28,622,n,0,2.51,331.12,290.56,0.34,0.56,N,VIIRS,2,2012
1.17517,117.08944,2012-04-28,623,n,0,4.3,325.61,288.41,0.61,0.71,N,VIIRS,2,2012
1.22417,118.06169,2012-04-28,1723,n,0,0.67,306.29,288.34,0.42,0.38,N,VIIRS,2,2012
-1.43103,116.91473,2012-04-28,1724,n,3,0.91,311.7,291.23,0.45,0.39,N,VIIRS,2,2012
-2.12877,116.10918,2012-04-29,603,n,0,3.03,330.34,291.68,0.45,0.47,N,VIIRS,2,2012
-1.5143,113.86756,2012-04-29,604,n,0,4.48,336.35,293.4,0.5,0.41,N,VIIRS,2,2012
-1.24281,116.6452,2012-04-29,604,n,0,7.64,344.12,289.68,0.5,0.49,N,VIIRS,2,2012
-2.22597,113.80032,2012-04-29,604,n,0,4.24,332.97,295.13,0.49,0.4,N,VIIRS,2,2012
-2.2253,113.80473,2012-04-29,604,n,0,4.24,335.05,298.54,0.49,0.4,N,VIIRS,2,2012
-2.28318,113.98035,2012-04-29,604,n,0,5.98,340.96,299.1,0.5,0.41,N,VIIRS,2,2012
-0.68945,117.49763,2012-04-30,545,n,2,36.69,340.29,299.65,0.45,0.39,N,VIIRS,2,2012
1.02912,117.04945,2012-04-30,545,n,0,2.96,334.89,294.98,0.45,0.39,N,VIIRS,2,2012
0.18295,117.43381,2012-04-30,545,n,0,17.74,335.55,296.49,0.46,0.39,N,VIIRS,2,2012
-0.26774,117.33284,2012-04-30,545,n,0,8.8,333.46,295.26,0.45,0.39,N,VIIRS,2,2012
-0.53086,117.37505,2012-04-30,545,n,0,5.97,339.65,294.87,0.45,0.39,N,VIIRS,2,2012
-0.69151,117.49761,2012-04-30,545,n,2,19.2,336.41,297.89,0.45,0.39,N,VIIRS,2,2012
-1.16083,114.99725,2012-04-30,545,n,0,2.27,332.57,296.27,0.38,0.36,N,VIIRS,2,2012
-1.19475,115.05904,2012-04-30,545,n,0,6.89,339.75,296.76,0.38,0.36,N,VIIRS,2,2012
-1.72964,113.66525,2012-04-30,545,n,0,3.56,334.03,295.41,0.4,0.37,N,VIIRS,2,2012
-1.89415,113.51822,2012-04-30,545,n,0,2.38,331.14,296.43,0.4,0.37,N,VIIRS,2,2012
-1.45763,116.49154,2012-04-30,545,n,0,4.09,340.04,295.4,0.41,0.37,N,VIIRS,2,2012
-1.75816,116.21638,2012-04-30,545,n,0,37.72,338.96,299.42,0.4,0.37,N,VIIRS,2,2012
-1.77114,116.22199,2012-04-30,545,n,0,3.18,331.46,296.4,0.4,0.37,N,VIIRS,2,2012
-1.92905,116.37142,2012-04-30,545,n,0,7.62,338.19,298.5,0.4,0.37,N,VIIRS,2,2012
-1.93474,116.37965,2012-04-30,545,n,0,1.95,332.76,295.37,0.4,0.37,N,VIIRS,2,2012
-2.23381,115.16401,2012-04-30,545,n,0,20.24,341.39,296.19,0.38,0.36,N,VIIRS,2,2012
-2.27649,116.1065,2012-04-30,545,n,0,3.69,335.34,290.3,0.39,0.36,N,VIIRS,2,2012
1.83261,117.82372,2012-04-30,546,n,0,3.07,331.86,295.29,0.5,0.41,N,VIIRS,2,2012
1.83219,117.82287,2012-04-30,546,n,0,2.5,331.72,295.67,0.5,0.41,N,VIIRS,2,2012
1.17671,117.09452,2012-04-30,546,n,0,30.74,340.91,301.77,0.45,0.39,N,VIIRS,2,2012
1.72218,117.9621,2012-04-30,546,n,0,4.99,334.15,297.02,0.5,0.41,N,VIIRS,2,2012
1.54376,117.20095,2012-04-30,546,n,0,8.81,346.37,297.02,0.46,0.39,N,VIIRS,2,2012
1.55609,118.1154,2012-04-30,546,n,0,15.26,338.89,296.32,0.51,0.41,N,VIIRS,2,2012
1.55736,118.11845,2012-04-30,546,n,0,15.73,343.73,296.27,0.51,0.41,N,VIIRS,2,2012
1.42495,118.03325,2012-04-30,546,n,0,3.78,333.65,294.81,0.5,0.41,N,VIIRS,2,2012
1.18029,117.09399,2012-04-30,546,n,0,8.61,343.86,296.42,0.45,0.39,N,VIIRS,2,2012
2.40069,117.93407,2012-04-30,1645,n,0,1.42,314.23,278.15,0.59,0.7,N,VIIRS,2,2012
2.39417,117.93309,2012-04-30,1645,n,0,1.42,306.57,277.78,0.59,0.7,N,VIIRS,2,2012
-0.48834,116.47358,2012-05-01,526,n,0,4.4,333.3,293.99,0.45,0.39,N,VIIRS,2,2012
-2.04941,116.26656,2012-05-01,526,n,0,4.08,335.54,293.47,0.48,0.4,N,VIIRS,2,2012
-2.05073,116.26773,2012-05-01,526,n,0,4.04,337.29,292.39,0.48,0.4,N,VIIRS,2,2012
1.33506,117.63078,2012-05-01,527,n,0,4.31,332.95,281.5,0.4,0.37,N,VIIRS,2,2012
2.07772,117.4026,2012-05-01,527,n,0,3.45,331.85,288.68,0.4,0.37,N,VIIRS,2,2012
0.35141,116.2654,2012-05-01,527,n,0,2.77,326.73,293.15,0.45,0.39,N,VIIRS,2,2012
0.35079,116.26138,2012-05-01,527,n,0,2.77,331.92,293.51,0.45,0.39,N,VIIRS,2,2012
1.3356,117.63432,2012-05-01,527,n,0,8.45,342.03,282.34,0.4,0.37,N,VIIRS,2,2012
1.21943,117.60152,2012-05-02,508,n,0,2.34,329.05,287.07,0.46,0.47,N,VIIRS,2,2012
-0.21373,115.48857,2012-05-02,508,n,0,2.57,328.18,284.1,0.34,0.56,N,VIIRS,2,2012
-0.21255,115.48961,2012-05-02,508,n,0,2.88,338.48,284.0,0.34,0.56,N,VIIRS,2,2012
0.69074,117.51641,2012-05-02,508,n,0,4.34,331.6,287.3,0.48,0.48,N,VIIRS,2,2012
0.09275,117.46793,2012-05-02,1748,n,3,8.24,322.21,293.89,0.5,0.41,N,VIIRS,2,2012
0.09203,117.4724,2012-05-02,1748,n,3,13.85,344.21,294.43,0.5,0.41,N,VIIRS,2,2012
0.09142,117.46994,2012-05-02,1748,n,3,14.07,333.26,294.89,0.5,0.41,N,VIIRS,2,2012
-0.58223,117.38755,2012-05-02,1748,n,2,1.27,306.63,290.06,0.5,0.41,N,VIIRS,2,2012
1.15615,117.6773,2012-05-02,1748,n,2,0.73,303.72,289.49,0.5,0.41,N,VIIRS,2,2012
0.85442,117.58135,2012-05-02,1748,n,0,1.21,306.13,290.02,0.49,0.41,N,VIIRS,2,2012
0.09649,117.46851,2012-05-02,1748,n,2,5.21,332.7,291.74,0.5,0.41,N,VIIRS,2,2012
-0.96219,117.14963,2012-05-02,1749,n,2,2.05,313.92,290.1,0.49,0.4,N,VIIRS,2,2012
-0.25413,117.16478,2012-05-03,449,n,0,2.15,330.16,285.46,0.55,0.68,N,VIIRS,2,2012
0.58005,116.7618,2012-05-03,449,n,0,6.72,341.28,283.0,0.57,0.69,N,VIIRS,2,2012
-0.4041,117.29678,2012-05-03,449,l,0,16.72,357.68,287.16,0.54,0.68,N,VIIRS,2,2012
-0.40483,117.29202,2012-05-03,449,n,0,16.72,357.08,287.89,0.54,0.68,N,VIIRS,2,2012
-1.81124,114.53871,2012-05-05,551,n,0,5.22,334.72,297.55,0.4,0.37,N,VIIRS,2,2012
1.70121,118.00558,2012-05-05,552,n,0,1.42,331.19,293.22,0.42,0.45,N,VIIRS,2,2012
0.81145,117.5125,2012-05-05,552,n,0,2.29,333.17,290.87,0.57,0.43,N,VIIRS,2,2012
-0.85725,117.18678,2012-05-05,1652,n,0,1.07,303.18,283.59,0.46,0.64,N,VIIRS,2,2012
2.15011,117.53067,2012-05-06,533,n,0,2.37,334.22,287.76,0.39,0.36,N,VIIRS,2,2012
-0.94069,117.07717,2012-05-06,1814,n,0,0.49,302.38,285.58,0.42,0.61,N,VIIRS,2,2012
-0.96232,117.15279,2012-05-06,1814,n,2,0.89,303.66,283.98,0.43,0.62,N,VIIRS,2,2012
-0.96169,117.14881,2012-05-06,1814,n,2,1.23,304.5,284.01,0.43,0.62,N,VIIRS,2,2012
-0.93874,117.07755,2012-05-06,1814,n,0,0.6,303.03,285.8,0.42,0.61,N,VIIRS,2,2012
-0.96371,117.1525,2012-05-06,1814,n,2,1.07,310.35,283.91,0.43,0.62,N,VIIRS,2,2012
1.50802,118.24168,2012-05-07,514,n,0,8.8,340.84,293.07,0.5,0.41,N,VIIRS,2,2012
1.5087,118.24618,2012-05-07,514,n,0,9.65,345.46,292.81,0.5,0.41,N,VIIRS,2,2012
0.08395,117.48188,2012-05-07,514,n,3,4.76,344.97,293.55,0.39,0.44,N,VIIRS,2,2012
1.50873,118.24388,2012-05-07,514,n,0,16.38,349.44,293.6,0.5,0.41,N,VIIRS,2,2012
0.10565,117.47369,2012-05-07,1754,n,2,0.59,303.44,287.05,0.41,0.45,N,VIIRS,2,2012
0.10624,117.46998,2012-05-07,1754,n,2,0.59,300.33,285.53,0.41,0.45,N,VIIRS,2,2012
0.18241,117.48503,2012-05-07,1754,n,2,0.81,304.88,288.68,0.41,0.45,N,VIIRS,2,2012
0.10408,117.46998,2012-05-08,1736,n,2,1.33,306.86,289.3,0.39,0.36,N,VIIRS,2,2012
-0.96529,117.15153,2012-05-08,1736,n,2,0.61,308.61,287.47,0.39,0.36,N,VIIRS,2,2012
-0.96475,117.14806,2012-05-08,1736,n,2,1.42,314.59,287.09,0.39,0.36,N,VIIRS,2,2012
-0.94421,117.07684,2012-05-08,1736,n,0,0.77,310.4,284.11,0.39,0.36,N,VIIRS,2,2012
-2.20675,115.42723,2012-05-10,557,n,0,6.94,331.67,288.43,0.49,0.4,N,VIIRS,2,2012
-1.09316,114.11142,2012-05-10,557,n,0,3.38,332.9,294.39,0.44,0.38,N,VIIRS,2,2012
-0.96185,117.14889,2012-05-10,1658,n,2,1.19,310.04,280.12,0.36,0.58,N,VIIRS,2,2012
-2.09106,115.3399,2012-05-11,538,n,0,2.88,331.6,281.94,0.4,0.37,N,VIIRS,2,2012
-0.2563,116.03724,2012-05-11,539,n,0,3.1,331.02,294.62,0.38,0.36,N,VIIRS,2,2012
-0.33873,115.85196,2012-05-11,539,n,0,1.53,330.4,292.27,0.38,0.36,N,VIIRS,2,2012
-0.56346,116.77449,2012-05-11,539,n,0,5.46,341.02,295.56,0.39,0.36,N,VIIRS,2,2012
-0.56679,116.77498,2012-05-11,539,n,0,2.14,327.94,294.98,0.39,0.36,N,VIIRS,2,2012
-0.62989,117.02726,2012-05-11,539,n,0,2.0,328.04,283.52,0.39,0.36,N,VIIRS,2,2012
-0.57858,117.38425,2012-05-11,1639,n,0,0.9,302.21,284.98,0.74,0.76,N,VIIRS,2,2012
-0.58569,117.38307,2012-05-11,1639,n,2,0.9,301.92,284.94,0.74,0.76,N,VIIRS,2,2012
0.08452,117.48472,2012-05-11,1819,n,2,2.2,306.09,285.87,0.55,0.68,N,VIIRS,2,2012
0.18398,117.48901,2012-05-11,1819,n,2,1.9,306.79,285.5,0.55,0.68,N,VIIRS,2,2012
0.10591,117.47243,2012-05-11,1819,n,2,0.34,299.81,280.77,0.55,0.68,N,VIIRS,2,2012
-0.96551,117.14764,2012-05-11,1820,n,2,1.69,307.54,286.18,0.55,0.68,N,VIIRS,2,2012
-0.96314,117.14896,2012-05-11,1820,n,2,1.87,313.72,286.61,0.54,0.68,N,VIIRS,2,2012
-2.41425,114.4584,2012-05-11,1820,n,0,0.81,309.78,291.11,0.38,0.58,N,VIIRS,2,2012
-0.58237,117.38577,2012-05-11,1820,n,2,0.98,304.34,286.0,0.56,0.69,N,VIIRS,2,2012
-0.58384,117.38503,2012-05-11,1820,n,2,0.59,305.22,285.72,0.56,0.69,N,VIIRS,2,2012
-0.59653,117.38293,2012-05-11,1820,n,0,0.58,302.08,285.77,0.56,0.69,N,VIIRS,2,2012
-2.41806,115.35709,2012-05-12,519,n,0,3.37,334.36,296.35,0.45,0.47,N,VIIRS,2,2012
-2.35603,114.10573,2012-05-12,519,n,0,3.8,325.58,280.93,0.55,0.51,N,VIIRS,2,2012
-1.8748,116.11084,2012-05-12,519,n,0,2.0,332.53,296.07,0.4,0.44,N,VIIRS,2,2012
-1.8511,116.21332,2012-05-12,519,n,0,5.93,343.06,299.17,0.39,0.44,N,VIIRS,2,2012
-0.40932,115.80148,2012-05-12,520,n,0,6.37,339.87,278.8,0.4,0.44,N,VIIRS,2,2012
-0.25331,117.05421,2012-05-12,520,n,0,7.54,341.56,293.75,0.5,0.41,N,VIIRS,2,2012
-0.24472,117.25817,2012-05-12,520,n,0,7.83,330.92,293.73,0.49,0.4,N,VIIRS,2,2012
-0.24167,117.26026,2012-05-12,520,n,0,8.33,342.04,294.58,0.49,0.4,N,VIIRS,2,2012
-0.95821,117.05401,2012-05-12,520,n,0,2.7,332.13,294.85,0.51,0.41,N,VIIRS,2,2012
-1.43016,116.91451,2012-05-12,520,n,3,2.47,327.06,293.49,0.53,0.42,N,VIIRS,2,2012
-1.89434,114.19864,2012-05-12,520,n,0,10.72,340.05,284.42,0.53,0.5,N,VIIRS,2,2012
0.08336,117.48349,2012-05-12,1801,n,2,1.75,308.74,285.13,0.52,0.5,N,VIIRS,2,2012
-0.57366,117.40766,2012-05-12,1801,n,0,1.19,311.03,288.13,0.53,0.5,N,VIIRS,2,2012
-0.58453,117.3865,2012-05-12,1801,n,2,1.34,303.29,288.0,0.53,0.5,N,VIIRS,2,2012
-0.5825,117.38508,2012-05-12,1801,n,2,0.85,307.65,288.3,0.53,0.5,N,VIIRS,2,2012
-0.40952,115.79768,2012-05-12,1801,n,0,1.37,305.8,285.02,0.41,0.45,N,VIIRS,2,2012
-0.96327,117.15042,2012-05-12,1801,n,2,1.03,311.65,284.03,0.51,0.5,N,VIIRS,2,2012
-2.22741,113.97982,2012-05-12,1801,n,3,1.24,308.25,292.16,0.51,0.41,N,VIIRS,2,2012
-0.4116,115.79716,2012-05-13,501,n,0,3.69,329.9,289.92,0.42,0.61,N,VIIRS,2,2012
0.34996,116.098,2012-05-13,501,n,0,7.44,352.84,286.82,0.39,0.59,N,VIIRS,2,2012
0.34936,116.0988,2012-05-13,501,n,0,6.22,347.57,286.55,0.39,0.59,N,VIIRS,2,2012
0.1965,116.37379,2012-05-13,501,n,0,3.58,338.03,288.74,0.37,0.58,N,VIIRS,2,2012
-0.37058,116.71228,2012-05-13,501,n,0,4.97,337.96,285.94,0.36,0.57,N,VIIRS,2,2012
-1.68321,113.62391,2012-05-13,641,n,0,7.21,334.8,288.58,0.67,0.74,N,VIIRS,2,2012
-1.68217,113.63017,2012-05-13,641,n,0,7.21,345.76,289.69,0.67,0.74,N,VIIRS,2,2012
-1.68291,113.62677,2012-05-13,641,h,0,19.9,367.0,290.31,0.67,0.74,N,VIIRS,2,2012
-0.57439,117.40576,2012-05-13,1742,n,0,0.63,311.81,286.16,0.42,0.38,N,VIIRS,2,2012
-0.58529,117.38467,2012-05-13,1742,n,2,0.91,304.45,282.95,0.42,0.38,N,VIIRS,2,2012
-2.08398,116.14574,2012-05-13,1742,n,0,0.93,303.29,293.15,0.4,0.37,N,VIIRS,2,2012
-1.68458,113.62678,2012-05-14,622,h,0,10.44,367.0,296.77,0.32,0.55,N,VIIRS,2,2012
-1.6827,113.62645,2012-05-14,622,h,0,12.19,367.0,298.25,0.32,0.55,N,VIIRS,2,2012
-2.0169,115.41959,2012-05-14,622,n,0,4.06,347.84,290.01,0.42,0.61,N,VIIRS,2,2012
-0.66479,114.656,2012-05-14,623,n,0,2.84,329.85,291.36,0.39,0.59,N,VIIRS,2,2012
-0.58375,117.38606,2012-05-14,1723,n,2,0.73,306.95,290.02,0.44,0.38,N,VIIRS,2,2012
-0.58314,117.38216,2012-05-14,1723,n,2,0.73,302.88,288.15,0.44,0.38,N,VIIRS,2,2012
-1.43183,116.91284,2012-05-14,1723,n,3,2.49,310.0,293.91,0.45,0.39,N,VIIRS,2,2012
-2.0662,113.7501,2012-05-15,603,n,0,2.44,329.2,296.91,0.48,0.4,N,VIIRS,2,2012
-2.06961,113.77748,2012-05-15,603,n,0,3.6,329.52,293.05,0.49,0.4,N,VIIRS,2,2012
-1.92299,115.38527,2012-05-15,603,n,0,5.26,340.46,290.18,0.4,0.44,N,VIIRS,2,2012
-2.22457,113.80371,2012-05-15,603,n,0,3.81,335.74,299.18,0.48,0.4,N,VIIRS,2,2012
-1.8496,116.21455,2012-05-15,603,n,0,5.32,338.85,293.45,0.46,0.47,N,VIIRS,2,2012
-1.95648,116.30316,2012-05-15,603,n,0,6.09,343.06,294.87,0.46,0.47,N,VIIRS,2,2012
-1.97003,116.33079,2012-05-15,603,n,0,6.63,343.59,295.27,0.46,0.47,N,VIIRS,2,2012
-2.38354,115.61927,2012-05-15,603,n,0,5.23,341.1,288.34,0.41,0.45,N,VIIRS,2,2012
-0.03245,116.10239,2012-05-15,604,n,0,4.79,339.57,287.28,0.48,0.48,N,VIIRS,2,2012
-0.03177,116.10676,2012-05-15,604,n,0,15.25,350.61,290.24,0.48,0.48,N,VIIRS,2,2012
-0.37001,116.57764,2012-05-15,604,n,0,8.97,340.49,288.35,0.51,0.49,N,VIIRS,2,2012
-0.3693,116.58145,2012-05-15,604,n,0,10.92,341.11,292.71,0.51,0.49,N,VIIRS,2,2012
-0.98813,113.81808,2012-05-15,604,n,0,4.71,336.2,295.71,0.5,0.41,N,VIIRS,2,2012
-0.47918,117.43284,2012-05-15,604,n,0,5.15,338.31,288.18,0.58,0.52,N,VIIRS,2,2012
-1.11373,113.77569,2012-05-15,604,n,0,6.44,340.49,293.58,0.5,0.41,N,VIIRS,2,2012
-1.13403,113.77234,2012-05-15,604,n,0,3.13,330.97,291.94,0.5,0.41,N,VIIRS,2,2012
-0.80415,116.24705,2012-05-15,604,n,0,4.37,334.52,294.71,0.48,0.48,N,VIIRS,2,2012
-0.80858,116.2477,2012-05-15,604,n,0,2.91,328.6,295.2,0.48,0.48,N,VIIRS,2,2012
-1.20058,113.81459,2012-05-15,604,n,0,3.12,330.44,294.96,0.5,0.41,N,VIIRS,2,2012
-1.11837,114.43393,2012-05-15,604,n,0,5.36,332.0,292.88,0.54,0.42,N,VIIRS,2,2012
-1.13184,114.50121,2012-05-15,604,n,0,4.92,331.41,294.07,0.55,0.42,N,VIIRS,2,2012
-1.13107,114.50613,2012-05-15,604,n,0,5.53,328.61,294.42,0.55,0.42,N,VIIRS,2,2012
-1.213,114.90953,2012-05-15,604,n,0,2.42,329.03,297.46,0.38,0.44,N,VIIRS,2,2012
-1.22863,115.02296,2012-05-15,604,n,0,11.48,356.71,296.9,0.39,0.44,N,VIIRS,2,2012
-1.47533,113.85747,2012-05-15,604,n,0,14.76,347.29,290.39,0.5,0.41,N,VIIRS,2,2012
-1.68005,113.6245,2012-05-15,604,n,0,70.49,329.48,293.47,0.48,0.4,N,VIIRS,2,2012
-1.67825,113.62357,2012-05-15,604,n,0,44.62,349.55,292.04,0.48,0.4,N,VIIRS,2,2012
-1.68194,113.62413,2012-05-15,604,n,0,10.34,339.06,292.16,0.48,0.4,N,VIIRS,2,2012
-0.96213,117.15049,2012-05-15,1704,n,2,1.02,306.42,288.84,0.57,0.52,N,VIIRS,2,2012
-0.58389,117.38525,2012-05-15,1704,n,2,1.16,312.64,288.4,0.55,0.51,N,VIIRS,2,2012
0.09133,117.46877,2012-05-15,1704,n,3,2.18,306.24,290.08,0.56,0.51,N,VIIRS,2,2012
0.10559,117.4711,2012-05-15,1704,n,2,1.97,305.69,288.62,0.56,0.51,N,VIIRS,2,2012
0.09688,117.46452,2012-05-15,1704,n,3,2.18,322.6,289.12,0.56,0.51,N,VIIRS,2,2012
0.09609,117.46953,2012-05-15,1704,n,2,2.18,306.35,289.28,0.56,0.51,N,VIIRS,2,2012
-1.96753,116.3361,2012-05-15,1705,n,0,0.43,303.58,289.84,0.62,0.54,N,VIIRS,2,2012
-2.23078,115.175,2012-05-16,544,n,0,3.35,339.34,294.14,0.38,0.36,N,VIIRS,2,2012
-2.05938,116.14485,2012-05-16,544,n,0,2.37,332.2,295.13,0.39,0.37,N,VIIRS,2,2012
-1.13,114.74505,2012-05-16,545,n,0,16.65,345.06,296.02,0.38,0.36,N,VIIRS,2,2012
-2.05637,114.98838,2012-05-16,545,n,0,2.8,331.82,294.72,0.38,0.36,N,VIIRS,2,2012
-1.86495,116.20533,2012-05-16,545,n,0,6.27,341.85,287.27,0.4,0.37,N,VIIRS,2,2012
-1.91877,113.56981,2012-05-16,545,n,0,1.72,332.55,294.12,0.4,0.37,N,VIIRS,2,2012
-1.7193,114.44792,2012-05-16,545,n,0,10.3,343.84,298.44,0.39,0.36,N,VIIRS,2,2012
-1.71597,114.44742,2012-05-16,545,n,0,10.3,343.77,295.68,0.39,0.36,N,VIIRS,2,2012
-1.59079,114.31113,2012-05-16,545,n,0,5.69,339.07,299.06,0.39,0.36,N,VIIRS,2,2012
-1.4116,114.89471,2012-05-16,545,n,0,3.08,329.65,296.47,0.38,0.36,N,VIIRS,2,2012
-1.12947,114.74849,2012-05-16,545,n,0,16.65,345.06,301.19,0.38,0.36,N,VIIRS,2,2012
-0.20502,117.24398,2012-05-16,545,n,0,6.02,340.92,293.17,0.44,0.38,N,VIIRS,2,2012
-0.20146,117.24348,2012-05-16,545,n,0,7.99,340.44,291.14,0.44,0.38,N,VIIRS,2,2012
-0.57931,117.38528,2012-05-16,1645,n,2,1.27,303.96,286.44,0.58,0.7,N,VIIRS,2,2012
0.18656,117.48936,2012-05-16,1645,n,2,1.29,304.28,286.56,0.59,0.7,N,VIIRS,2,2012
0.1093,117.47126,2012-05-16,1645,n,2,1.12,306.3,286.5,0.59,0.7,N,VIIRS,2,2012
0.11002,117.46989,2012-05-16,1645,n,2,0.82,303.0,285.94,0.59,0.7,N,VIIRS,2,2012
0.09788,117.46229,2012-05-16,1645,n,0,3.38,307.71,286.33,0.59,0.7,N,VIIRS,2,2012
0.09703,117.46764,2012-05-16,1645,n,2,3.29,318.79,286.82,0.59,0.7,N,VIIRS,2,2012
0.09618,117.473,2012-05-16,1645,n,2,3.29,314.33,286.68,0.59,0.7,N,VIIRS,2,2012
0.09532,117.47836,2012-05-16,1645,n,2,2.88,309.85,286.72,0.59,0.7,N,VIIRS,2,2012
-0.58579,117.3842,2012-05-16,1645,n,2,0.85,305.3,286.45,0.58,0.7,N,VIIRS,2,2012
-0.58518,117.38394,2012-05-16,1645,n,2,0.85,307.76,286.74,0.58,0.7,N,VIIRS,2,2012
-0.96403,117.14738,2012-05-16,1646,n,2,1.82,308.83,286.27,0.59,0.7,N,VIIRS,2,2012
-1.24799,116.81827,2012-05-16,1646,n,0,2.43,310.97,285.96,0.62,0.71,N,VIIRS,2,2012
0.10837,117.47397,2012-05-16,1826,n,2,1.02,303.1,285.2,0.7,0.75,N,VIIRS,2,2012
0.10034,117.4795,2012-05-16,1826,n,3,3.22,315.13,285.94,0.7,0.75,N,VIIRS,2,2012
0.09445,117.47188,2012-05-16,1826,n,3,5.62,337.79,285.98,0.7,0.75,N,VIIRS,2,2012
0.09552,117.46533,2012-05-16,1826,n,2,5.62,316.65,285.74,0.7,0.75,N,VIIRS,2,2012
0.1832,117.48539,2012-05-16,1826,n,2,1.63,301.93,285.41,0.7,0.75,N,VIIRS,2,2012
0.09339,117.47841,2012-05-16,1826,n,0,3.22,317.09,285.74,0.7,0.75,N,VIIRS,2,2012
0.08539,117.48377,2012-05-16,1826,n,2,2.91,304.22,285.75,0.71,0.75,N,VIIRS,2,2012
0.09513,117.47275,2012-05-16,1826,n,3,4.62,337.46,285.64,0.7,0.75,N,VIIRS,2,2012
0.09411,117.47928,2012-05-16,1826,n,3,4.62,327.47,285.68,0.71,0.75,N,VIIRS,2,2012
0.08818,117.47162,2012-05-16,1826,n,3,4.62,315.62,285.56,0.7,0.75,N,VIIRS,2,2012
-0.58139,117.38525,2012-05-16,1826,n,2,1.09,302.61,284.8,0.71,0.75,N,VIIRS,2,2012
-0.84546,117.26835,2012-05-16,1826,n,0,0.85,301.55,283.18,0.7,0.75,N,VIIRS,2,2012
-0.96715,117.15168,2012-05-16,1826,n,2,1.84,304.43,284.54,0.7,0.75,N,VIIRS,2,2012
-1.91696,113.57095,2012-05-16,1826,n,0,0.6,302.65,287.52,0.41,0.61,N,VIIRS,2,2012
-2.48737,116.52634,2012-05-17,525,n,0,5.57,337.33,295.52,0.47,0.4,N,VIIRS,2,2012
-2.42824,115.38087,2012-05-17,526,n,0,3.24,333.09,296.83,0.54,0.42,N,VIIRS,2,2012
-2.42434,115.38031,2012-05-17,526,n,0,3.24,333.23,296.91,0.54,0.42,N,VIIRS,2,2012
-2.42499,115.37746,2012-05-17,526,n,0,4.45,337.68,296.88,0.54,0.42,N,VIIRS,2,2012
-2.35439,115.73761,2012-05-17,526,n,0,2.06,327.68,295.01,0.52,0.41,N,VIIRS,2,2012
-2.23936,115.22693,2012-05-17,526,n,0,8.42,332.31,294.12,0.55,0.43,N,VIIRS,2,2012
-2.24009,115.22197,2012-05-17,526,n,0,9.35,334.95,294.92,0.55,0.43,N,VIIRS,2,2012
-2.23615,115.2214,2012-05-17,526,n,0,4.48,328.48,294.56,0.55,0.43,N,VIIRS,2,2012
-2.24058,115.22509,2012-05-17,526,n,0,11.32,334.92,294.02,0.55,0.43,N,VIIRS,2,2012
-2.23665,115.22453,2012-05-17,526,n,0,11.32,347.56,296.89,0.55,0.43,N,VIIRS,2,2012
-2.13348,115.32501,2012-05-17,526,n,0,1.96,328.58,294.05,0.54,0.42,N,VIIRS,2,2012
-2.12958,115.32444,2012-05-17,526,n,0,6.2,337.38,296.75,0.54,0.42,N,VIIRS,2,2012
-2.12496,115.32876,2012-05-17,526,n,0,6.2,334.27,294.56,0.54,0.42,N,VIIRS,2,2012
-2.12567,115.32387,2012-05-17,526,n,0,6.2,332.17,295.31,0.54,0.42,N,VIIRS,2,2012
-2.30819,113.98888,2012-05-17,526,n,0,5.4,334.5,296.33,0.44,0.46,N,VIIRS,2,2012
-2.30876,113.98492,2012-05-17,526,n,0,4.13,336.28,297.53,0.44,0.46,N,VIIRS,2,2012
-2.30934,113.98096,2012-05-17,526,n,0,4.13,327.66,295.65,0.44,0.46,N,VIIRS,2,2012
-2.30932,113.98932,2012-05-17,526,n,0,3.32,328.17,296.07,0.44,0.46,N,VIIRS,2,2012
-2.30993,113.98537,2012-05-17,526,n,0,4.7,347.14,297.26,0.44,0.46,N,VIIRS,2,2012
-2.31053,113.98141,2012-05-17,526,n,0,4.7,332.19,296.53,0.44,0.46,N,VIIRS,2,2012
-1.93679,116.3779,2012-05-17,526,n,0,5.15,339.94,295.73,0.47,0.4,N,VIIRS,2,2012
-1.92196,116.40168,2012-05-17,526,n,0,2.56,329.71,295.98,0.47,0.4,N,VIIRS,2,2012
-1.531,113.51478,2012-05-17,526,n,0,4.34,333.66,293.82,0.46,0.47,N,VIIRS,2,2012
-0.58188,116.42532,2012-05-17,526,n,0,1.71,327.76,294.3,0.45,0.39,N,VIIRS,2,2012
-0.77534,115.03483,2012-05-17,526,n,0,8.25,329.62,294.46,0.54,0.42,N,VIIRS,2,2012
-0.77607,115.02995,2012-05-17,526,n,0,11.09,339.57,294.28,0.54,0.42,N,VIIRS,2,2012
-0.3463,116.72284,2012-05-17,526,n,0,18.49,339.21,297.54,0.44,0.38,N,VIIRS,2,2012
-0.34276,116.72231,2012-05-17,526,n,0,18.49,333.94,294.54,0.44,0.38,N,VIIRS,2,2012
-0.37637,116.42879,2012-05-17,526,n,0,3.21,338.51,295.63,0.45,0.39,N,VIIRS,2,2012
-0.37279,116.42827,2012-05-17,526,n,0,3.21,337.08,295.92,0.45,0.39,N,VIIRS,2,2012
-0.16511,116.89914,2012-05-17,526,n,0,11.1,332.43,296.08,0.43,0.38,N,VIIRS,2,2012
-0.11448,117.0134,2012-05-17,526,n,0,4.1,335.1,297.52,0.43,0.38,N,VIIRS,2,2012
-0.11624,117.00192,2012-05-17,526,n,0,2.31,332.16,295.98,0.43,0.38,N,VIIRS,2,2012
-0.111,117.01289,2012-05-17,526,n,0,4.1,338.64,296.27,0.43,0.38,N,VIIRS,2,2012
-0.09068,117.00594,2012-05-17,526,n,0,12.38,335.55,297.94,0.43,0.38,N,VIIRS,2,2012
-0.09126,117.00211,2012-05-17,526,n,0,12.38,329.36,293.7,0.43,0.38,N,VIIRS,2,2012
0.09745,117.46409,2012-05-17,526,n,3,4.53,331.35,295.78,0.41,0.37,N,VIIRS,2,2012
0.62185,117.62997,2012-05-17,526,n,0,2.13,332.91,295.81,0.4,0.37,N,VIIRS,2,2012
0.83589,118.81104,2012-05-17,526,n,0,5.31,336.63,298.53,0.38,0.36,N,VIIRS,2,2012
0.8256,114.55735,2012-05-17,526,n,0,4.98,332.25,295.31,0.55,0.43,N,VIIRS,2,2012
-2.16229,113.81667,2012-05-17,526,n,0,7.02,333.74,294.61,0.45,0.47,N,VIIRS,2,2012
-2.16289,113.81263,2012-05-17,526,n,0,7.02,339.26,293.5,0.45,0.47,N,VIIRS,2,2012
-2.12857,113.83648,2012-05-17,526,n,0,7.77,343.82,296.14,0.45,0.47,N,VIIRS,2,2012
-2.13076,113.79134,2012-05-17,526,h,0,16.63,367.0,294.77,0.45,0.47,N,VIIRS,2,2012
-2.12874,113.79154,2012-05-17,526,n,0,15.7,353.87,295.07,0.45,0.47,N,VIIRS,2,2012
-1.75138,114.54661,2012-05-17,526,n,0,4.47,331.79,292.76,0.4,0.44,N,VIIRS,2,2012
-1.89142,113.52744,2012-05-17,526,n,0,13.08,327.31,292.87,0.46,0.47,N,VIIRS,2,2012
-1.89205,113.52324,2012-05-17,526,n,0,13.08,335.38,295.51,0.47,0.47,N,VIIRS,2,2012
-1.88766,113.52262,2012-05-17,526,n,0,13.08,340.88,293.09,0.47,0.47,N,VIIRS,2,2012
-1.56937,114.4637,2012-05-17,526,n,0,8.96,347.52,297.11,0.4,0.44,N,VIIRS,2,2012
-1.56174,114.45889,2012-05-17,526,n,0,5.19,339.12,294.74,0.4,0.44,N,VIIRS,2,2012
2.4828,117.833,2012-05-17,527,n,0,5.21,339.13,296.36,0.39,0.36,N,VIIRS,2,2012
2.40337,117.92036,2012-05-17,1806,n,0,2.18,316.23,288.37,0.33,0.55,N,VIIRS,2,2012
2.40847,117.92122,2012-05-17,1806,n,0,2.18,337.27,288.7,0.33,0.55,N,VIIRS,2,2012
0.18176,117.4852,2012-05-17,1807,n,2,0.69,303.6,288.0,0.33,0.56,N,VIIRS,2,2012
-0.31154,117.2961,2012-05-17,1807,n,0,0.39,303.18,288.19,0.33,0.55,N,VIIRS,2,2012
-0.46541,117.58572,2012-05-17,1807,n,2,2.43,303.68,288.6,0.35,0.57,N,VIIRS,2,2012
0.51931,117.55712,2012-05-18,507,n,0,2.11,328.39,292.58,0.48,0.48,N,VIIRS,2,2012
0.52249,117.55849,2012-05-18,507,n,0,2.72,330.96,293.08,0.48,0.48,N,VIIRS,2,2012
0.57734,116.73964,2012-05-18,507,n,0,6.42,335.2,291.75,0.54,0.51,N,VIIRS,2,2012
0.32141,117.47478,2012-05-18,507,n,0,14.2,342.16,292.78,0.49,0.48,N,VIIRS,2,2012
0.31207,117.50283,2012-05-18,507,n,0,2.22,326.62,292.19,0.49,0.48,N,VIIRS,2,2012
2.40914,117.92403,2012-05-18,508,n,0,6.8,327.87,294.1,0.42,0.46,N,VIIRS,2,2012
2.40853,117.92023,2012-05-18,508,n,0,6.8,341.32,295.12,0.42,0.46,N,VIIRS,2,2012
2.09826,117.0782,2012-05-18,508,n,0,5.81,339.07,293.22,0.49,0.48,N,VIIRS,2,2012
2.4085,117.92406,2012-05-18,508,n,0,5.54,329.43,294.59,0.42,0.46,N,VIIRS,2,2012
2.40791,117.92025,2012-05-18,508,n,0,5.54,341.28,295.37,0.43,0.46,N,VIIRS,2,2012
2.40889,117.92123,2012-05-18,1747,n,0,2.16,320.51,283.34,0.49,0.4,N,VIIRS,2,2012
2.40517,117.92065,2012-05-18,1747,n,0,2.16,312.82,282.19,0.49,0.4,N,VIIRS,2,2012
2.40374,117.92947,2012-05-18,1747,n,0,1.27,299.71,277.45,0.49,0.4,N,VIIRS,2,2012
0.85554,117.58414,2012-05-18,1748,n,0,0.8,305.13,290.31,0.49,0.4,N,VIIRS,2,2012
0.10524,117.47222,2012-05-18,1748,n,2,0.92,296.41,272.34,0.5,0.41,N,VIIRS,2,2012
-0.33511,117.42561,2012-05-18,1748,n,0,1.24,298.39,280.28,0.5,0.41,N,VIIRS,2,2012
-0.3356,117.4232,2012-05-18,1748,n,0,0.92,301.05,283.97,0.5,0.41,N,VIIRS,2,2012
-0.08385,117.46293,2012-05-19,448,n,0,2.88,332.53,288.83,0.52,0.67,N,VIIRS,2,2012
0.04981,117.3913,2012-05-19,448,n,0,4.38,333.66,289.06,0.53,0.67,N,VIIRS,2,2012
0.10631,117.47032,2012-05-19,448,n,2,6.89,332.63,290.2,0.52,0.67,N,VIIRS,2,2012
-0.54883,117.32944,2012-05-19,448,n,0,9.67,354.35,288.66,0.54,0.68,N,VIIRS,2,2012
-0.2575,116.85902,2012-05-19,448,n,0,6.44,340.94,288.26,0.58,0.7,N,VIIRS,2,2012
2.487,117.88444,2012-05-19,449,n,0,7.38,354.12,288.98,0.45,0.63,N,VIIRS,2,2012
0.85323,118.00629,2012-05-19,449,n,0,5.59,332.08,290.6,0.47,0.64,N,VIIRS,2,2012
0.8539,118.01045,2012-05-19,449,n,0,7.34,339.58,290.36,0.47,0.64,N,VIIRS,2,2012
0.7519,117.6041,2012-05-19,449,n,0,4.67,333.66,289.32,0.5,0.66,N,VIIRS,2,2012
0.382,117.52212,2012-05-19,449,n,0,3.89,330.48,289.41,0.51,0.66,N,VIIRS,2,2012
1.14703,117.68772,2012-05-19,449,n,0,3.48,327.06,290.08,0.49,0.65,N,VIIRS,2,2012
1.57289,118.16805,2012-05-19,449,n,0,2.5,325.68,290.74,0.44,0.63,N,VIIRS,2,2012
2.48819,117.88672,2012-05-19,449,n,0,8.61,353.55,289.66,0.45,0.63,N,VIIRS,2,2012
-2.07016,115.13992,2012-05-19,628,n,0,5.49,330.94,290.38,0.51,0.66,N,VIIRS,2,2012
-2.23763,115.22333,2012-05-19,628,n,0,7.26,346.66,290.04,0.52,0.66,N,VIIRS,2,2012
-2.23684,115.22807,2012-05-19,628,n,0,8.8,328.93,289.46,0.52,0.66,N,VIIRS,2,2012
-0.5425,117.33337,2012-05-19,629,n,0,10.26,341.71,285.94,0.76,0.77,N,VIIRS,2,2012
-0.54966,117.33465,2012-05-19,629,n,0,5.81,329.73,286.63,0.76,0.77,N,VIIRS,2,2012
-1.62358,113.95004,2012-05-19,629,n,0,3.17,332.99,289.5,0.43,0.62,N,VIIRS,2,2012
-0.77499,117.19214,2012-05-19,1729,n,0,0.6,306.3,291.53,0.39,0.36,N,VIIRS,2,2012
-0.58525,117.38416,2012-05-19,1729,n,2,1.05,311.34,291.54,0.39,0.36,N,VIIRS,2,2012
-0.58191,117.38468,2012-05-19,1729,n,2,1.18,306.14,291.87,0.39,0.36,N,VIIRS,2,2012
-0.46589,117.58871,2012-05-19,1729,n,3,2.14,311.36,293.7,0.39,0.36,N,VIIRS,2,2012
0.10402,117.47262,2012-05-19,1729,n,2,1.54,309.03,292.02,0.39,0.36,N,VIIRS,2,2012
0.10737,117.47314,2012-05-19,1729,n,2,2.03,324.56,292.37,0.39,0.36,N,VIIRS,2,2012
1.30831,117.60449,2012-05-19,1729,n,0,0.67,304.28,291.09,0.39,0.37,N,VIIRS,2,2012
-0.96403,117.14862,2012-05-19,1729,n,2,1.74,322.49,292.11,0.39,0.36,N,VIIRS,2,2012
-2.0517,115.34314,2012-05-19,1730,n,0,0.61,305.11,290.79,0.44,0.38,N,VIIRS,2,2012
-2.09531,116.13543,2012-05-19,1730,n,0,0.56,303.72,290.92,0.41,0.37,N,VIIRS,2,2012
-2.18488,115.57228,2012-05-19,1730,n,0,1.23,304.01,291.23,0.43,0.38,N,VIIRS,2,2012
-1.91959,116.03691,2012-05-20,610,n,0,11.44,343.29,292.87,0.56,0.52,N,VIIRS,2,2012
-1.9267,115.04581,2012-05-20,610,n,0,7.67,335.82,295.9,0.48,0.48,N,VIIRS,2,2012
-0.00494,116.38466,2012-05-20,610,h,0,6.68,367.0,292.9,0.32,0.54,N,VIIRS,2,2012
-0.00402,116.38383,2012-05-20,610,n,0,4.34,341.99,291.79,0.32,0.54,N,VIIRS,2,2012
-0.00355,116.38673,2012-05-20,610,n,0,4.34,351.51,292.08,0.32,0.54,N,VIIRS,2,2012
-0.17146,117.01599,2012-05-20,610,n,0,3.9,345.11,290.19,0.35,0.57,N,VIIRS,2,2012
-0.22042,117.01234,2012-05-20,610,n,0,3.59,351.76,291.39,0.35,0.57,N,VIIRS,2,2012
-0.36219,116.4455,2012-05-20,610,n,0,4.56,330.92,291.46,0.64,0.54,N,VIIRS,2,2012
-0.73229,114.88383,2012-05-20,610,n,0,4.51,329.18,292.82,0.49,0.49,N,VIIRS,2,2012
-0.52989,116.98119,2012-05-20,610,n,0,2.93,330.27,291.79,0.34,0.56,N,VIIRS,2,2012
-1.0917,115.07069,2012-05-20,610,n,0,4.76,331.29,291.34,0.5,0.49,N,VIIRS,2,2012
-0.88866,116.87592,2012-05-20,610,n,0,2.5,335.81,291.23,0.33,0.56,N,VIIRS,2,2012
-0.88541,116.89701,2012-05-20,610,n,0,2.7,331.53,290.04,0.34,0.56,N,VIIRS,2,2012
-0.89014,116.87576,2012-05-20,610,n,0,2.8,334.66,292.18,0.33,0.56,N,VIIRS,2,2012
-0.96389,117.15056,2012-05-20,610,n,2,2.46,329.08,291.31,0.35,0.57,N,VIIRS,2,2012
-0.58529,117.38295,2012-05-20,1710,n,2,1.1,308.14,290.56,0.43,0.46,N,VIIRS,2,2012
-0.58167,117.38754,2012-05-20,1710,n,2,1.29,304.81,291.31,0.43,0.46,N,VIIRS,2,2012
0.10714,117.47271,2012-05-20,1710,n,2,2.77,322.63,289.56,0.44,0.46,N,VIIRS,2,2012
-0.20522,117.11631,2012-05-20,1710,n,0,1.52,306.6,290.69,0.46,0.47,N,VIIRS,2,2012
-0.20579,117.11694,2012-05-20,1710,n,0,1.47,305.89,290.6,0.46,0.47,N,VIIRS,2,2012
-0.96366,117.15052,2012-05-20,1711,n,2,1.2,310.13,291.08,0.44,0.46,N,VIIRS,2,2012
-0.96305,117.14655,2012-05-20,1711,n,2,1.2,316.16,290.63,0.45,0.47,N,VIIRS,2,2012
-0.77455,117.19143,2012-05-20,1711,n,0,0.39,305.55,287.83,0.44,0.46,N,VIIRS,2,2012
-1.33126,116.68783,2012-05-20,1711,n,0,0.68,305.45,290.62,0.47,0.48,N,VIIRS,2,2012
-0.83838,115.88702,2012-05-20,1711,n,0,0.65,306.4,288.59,0.54,0.51,N,VIIRS,2,2012
-0.95228,117.03744,2012-05-20,1711,n,0,1.36,317.67,290.74,0.45,0.47,N,VIIRS,2,2012
-0.96563,117.14733,2012-05-20,1711,n,2,2.51,307.97,290.66,0.44,0.46,N,VIIRS,2,2012
-0.58998,115.96227,2012-05-21,551,n,0,25.69,341.28,299.86,0.45,0.39,N,VIIRS,2,2012
-0.5864,115.96171,2012-05-21,551,n,0,25.69,352.29,295.64,0.45,0.39,N,VIIRS,2,2012
-0.59203,115.96278,2012-05-21,551,n,0,26.02,334.44,294.84,0.45,0.39,N,VIIRS,2,2012
-0.58784,115.96627,2012-05-21,551,n,0,26.02,333.58,294.27,0.45,0.39,N,VIIRS,2,2012
-0.58845,115.9622,2012-05-21,551,n,0,26.02,345.61,299.7,0.45,0.39,N,VIIRS,2,2012
0.05839,117.34951,2012-05-21,551,n,0,5.23,333.86,292.64,0.54,0.42,N,VIIRS,2,2012
0.05846,117.35123,2012-05-21,551,n,0,5.89,333.45,291.61,0.54,0.42,N,VIIRS,2,2012
0.24761,116.44998,2012-05-21,551,n,0,72.27,338.08,300.61,0.49,0.4,N,VIIRS,2,2012
-1.68822,114.33,2012-05-21,551,n,0,2.33,329.08,294.4,0.39,0.36,N,VIIRS,2,2012
-1.77161,113.64417,2012-05-21,551,h,0,10.08,367.0,299.01,0.38,0.36,N,VIIRS,2,2012
-1.96552,116.29614,2012-05-21,551,n,0,4.77,330.97,291.95,0.45,0.39,N,VIIRS,2,2012
-2.13325,115.32623,2012-05-21,551,n,0,3.04,336.5,299.66,0.41,0.37,N,VIIRS,2,2012
-2.13669,115.32674,2012-05-21,551,n,0,3.04,334.32,296.89,0.41,0.37,N,VIIRS,2,2012
-2.03565,116.26937,2012-05-21,551,n,0,5.57,332.75,294.69,0.45,0.39,N,VIIRS,2,2012
-1.23627,116.57893,2012-05-21,551,n,0,2.99,330.31,292.32,0.47,0.4,N,VIIRS,2,2012
-1.1871,114.98892,2012-05-21,551,n,0,3.72,336.27,294.8,0.41,0.37,N,VIIRS,2,2012
-0.58935,115.96631,2012-05-21,551,n,0,25.69,334.66,295.95,0.45,0.39,N,VIIRS,2,2012
2.39557,117.92976,2012-05-21,1651,n,0,3.3,311.34,278.29,0.47,0.64,N,VIIRS,2,2012
2.4015,117.93055,2012-05-21,1651,n,0,1.78,306.85,279.06,0.47,0.64,N,VIIRS,2,2012
0.10597,117.47089,2012-05-21,1651,n,2,0.92,303.42,279.69,0.46,0.64,N,VIIRS,2,2012
0.18131,117.49146,2012-05-21,1651,n,2,1.39,301.77,278.32,0.46,0.64,N,VIIRS,2,2012
0.18199,117.48727,2012-05-21,1651,n,2,1.41,303.52,277.72,0.46,0.64,N,VIIRS,2,2012
0.17922,117.48835,2012-05-21,1651,n,0,1.27,308.02,278.19,0.46,0.64,N,VIIRS,2,2012
2.39494,117.93393,2012-05-21,1651,n,0,2.37,303.5,277.83,0.47,0.64,N,VIIRS,2,2012
-0.96078,117.15073,2012-05-21,1652,n,2,4.96,336.47,286.94,0.47,0.64,N,VIIRS,2,2012
-0.9624,117.14445,2012-05-21,1652,n,2,6.84,313.01,287.04,0.47,0.64,N,VIIRS,2,2012
-0.96305,117.14862,2012-05-21,1652,h,2,4.84,367.0,287.59,0.47,0.64,N,VIIRS,2,2012
-0.58419,117.38328,2012-05-21,1652,n,2,1.33,315.59,287.64,0.46,0.63,N,VIIRS,2,2012
-0.48292,117.15334,2012-05-21,1652,n,0,0.44,302.72,286.57,0.47,0.64,N,VIIRS,2,2012
-0.9601,117.14658,2012-05-21,1652,n,0,2.47,312.52,286.64,0.47,0.64,N,VIIRS,2,2012
-0.96602,117.1456,2012-05-21,1652,n,2,2.47,305.93,286.35,0.47,0.64,N,VIIRS,2,2012
-0.9637,117.15276,2012-05-21,1652,n,2,4.84,302.28,287.08,0.47,0.64,N,VIIRS,2,2012
-2.18274,115.56867,2012-05-21,1833,n,0,1.09,299.41,285.24,0.72,0.76,N,VIIRS,2,2012
-0.17495,117.43184,2012-05-22,532,n,0,2.37,333.55,292.72,0.38,0.36,N,VIIRS,2,2012
-0.22704,117.24526,2012-05-22,532,n,0,18.5,349.09,292.14,0.39,0.36,N,VIIRS,2,2012
-0.23036,117.24576,2012-05-22,532,n,0,13.32,343.34,291.71,0.39,0.36,N,VIIRS,2,2012
-0.23702,117.24676,2012-05-22,532,n,0,1.85,329.26,288.24,0.39,0.36,N,VIIRS,2,2012
-0.26835,117.35114,2012-05-22,532,n,0,21.19,335.49,290.78,0.39,0.36,N,VIIRS,2,2012
-0.27272,117.34473,2012-05-22,532,n,0,19.18,331.17,291.18,0.39,0.36,N,VIIRS,2,2012
-0.2722,117.34818,2012-05-22,532,n,0,19.18,333.47,290.92,0.39,0.36,N,VIIRS,2,2012
-0.27605,117.34521,2012-05-22,532,n,0,21.33,355.5,294.56,0.39,0.36,N,VIIRS,2,2012
-0.27571,117.36992,2012-05-22,532,n,0,6.49,337.36,291.21,0.39,0.36,N,VIIRS,2,2012
-0.27903,117.37042,2012-05-22,532,n,0,15.73,339.76,299.07,0.39,0.36,N,VIIRS,2,2012
-0.27851,117.37388,2012-05-22,532,n,0,9.68,335.29,291.24,0.39,0.36,N,VIIRS,2,2012
-0.28236,117.37091,2012-05-22,532,n,0,15.73,327.85,291.11,0.39,0.36,N,VIIRS,2,2012
-0.31139,117.2691,2012-05-22,532,n,0,2.8,334.63,290.12,0.39,0.36,N,VIIRS,2,2012
-0.41191,117.29563,2012-05-22,532,n,0,9.17,341.59,291.65,0.39,0.36,N,VIIRS,2,2012
-0.43504,117.21044,2012-05-22,532,n,0,2.26,328.02,291.37,0.39,0.36,N,VIIRS,2,2012
-0.53603,117.37148,2012-05-22,532,n,0,3.57,335.23,276.39,0.39,0.36,N,VIIRS,2,2012
-0.88754,117.19157,2012-05-22,532,n,0,5.38,329.43,286.99,0.39,0.36,N,VIIRS,2,2012
-0.88702,117.19505,2012-05-22,532,n,0,5.38,332.52,286.66,0.39,0.36,N,VIIRS,2,2012
-0.96462,117.15026,2012-05-22,532,n,2,1.76,329.78,290.7,0.39,0.36,N,VIIRS,2,2012
-1.04636,116.90455,2012-05-22,532,n,0,6.26,346.45,288.81,0.39,0.36,N,VIIRS,2,2012
-1.21557,116.89799,2012-05-22,532,n,0,2.18,333.1,290.52,0.39,0.36,N,VIIRS,2,2012
-1.94183,116.31281,2012-05-22,532,n,0,4.71,341.05,299.32,0.41,0.37,N,VIIRS,2,2012
-1.93807,116.36115,2012-05-22,532,n,0,2.85,328.52,298.03,0.41,0.37,N,VIIRS,2,2012
-2.14199,115.31699,2012-05-22,532,n,0,2.29,331.56,298.51,0.45,0.39,N,VIIRS,2,2012
-2.37432,115.39068,2012-05-22,532,n,0,3.14,336.61,297.23,0.45,0.39,N,VIIRS,2,2012
-2.43289,115.31658,2012-05-22,532,n,0,2.75,336.86,297.58,0.45,0.39,N,VIIRS,2,2012
-2.28612,116.3643,2012-05-22,532,n,0,8.18,344.42,299.97,0.41,0.37,N,VIIRS,2,2012
-2.34804,116.48656,2012-05-22,532,n,0,3.99,333.2,301.7,0.41,0.37,N,VIIRS,2,2012
-2.34749,116.49021,2012-05-22,532,n,0,8.04,335.56,303.27,0.41,0.37,N,VIIRS,2,2012
-2.3702,116.47861,2012-05-22,532,n,0,22.57,347.76,305.13,0.41,0.37,N,VIIRS,2,2012
-2.36965,116.48229,2012-05-22,532,n,0,22.57,346.95,307.53,0.41,0.37,N,VIIRS,2,2012
-2.37362,116.47913,2012-05-22,532,n,0,5.57,336.37,303.41,0.41,0.37,N,VIIRS,2,2012
-2.37307,116.4828,2012-05-22,532,n,0,5.57,345.86,304.93,0.41,0.37,N,VIIRS,2,2012
-2.38251,116.55894,2012-05-22,532,n,0,3.86,334.09,302.15,0.41,0.37,N,VIIRS,2,2012
2.23135,118.03494,2012-05-22,533,n,0,1.83,334.78,286.23,0.39,0.36,N,VIIRS,2,2012
2.40184,117.92364,2012-05-22,1812,n,0,1.69,314.68,272.68,0.42,0.61,N,VIIRS,2,2012
2.39494,117.93034,2012-05-22,1812,n,0,1.73,304.88,272.76,0.42,0.61,N,VIIRS,2,2012
2.40247,117.91978,2012-05-22,1812,n,0,1.69,310.44,272.7,0.42,0.61,N,VIIRS,2,2012
2.39684,117.92902,2012-05-22,1812,n,0,2.42,311.4,272.08,0.42,0.61,N,VIIRS,2,2012
2.4038,117.92233,2012-05-22,1812,n,0,3.8,326.21,272.49,0.42,0.61,N,VIIRS,2,2012
0.0947,117.47797,2012-05-22,1813,n,2,6.28,347.22,283.13,0.43,0.62,N,VIIRS,2,2012
-0.44791,117.61327,2012-05-22,1813,n,0,1.03,313.63,283.42,0.45,0.63,N,VIIRS,2,2012
-0.44752,117.61104,2012-05-22,1813,n,0,1.49,306.44,283.86,0.45,0.63,N,VIIRS,2,2012
-0.45561,117.39692,2012-05-22,1813,n,0,2.32,323.68,285.26,0.43,0.62,N,VIIRS,2,2012
-0.58349,117.38486,2012-05-22,1813,n,2,0.8,308.35,284.91,0.43,0.62,N,VIIRS,2,2012
-0.9619,117.15068,2012-05-22,1813,n,2,1.18,312.58,289.14,0.42,0.61,N,VIIRS,2,2012
0.10734,117.47184,2012-05-22,1813,n,2,2.09,316.98,281.78,0.43,0.62,N,VIIRS,2,2012
-1.42475,116.25253,2012-05-22,1813,n,0,0.66,303.25,289.15,0.37,0.58,N,VIIRS,2,2012
0.10864,117.47038,2012-05-22,1813,n,2,1.65,307.65,281.68,0.43,0.62,N,VIIRS,2,2012
0.18088,117.49395,2012-05-22,1813,n,0,0.8,295.75,269.03,0.43,0.62,N,VIIRS,2,2012
0.1815,117.49006,2012-05-22,1813,n,2,0.88,299.87,268.55,0.43,0.62,N,VIIRS,2,2012
-2.3751,116.47911,2012-05-22,1814,n,0,0.56,302.82,289.48,0.4,0.6,N,VIIRS,2,2012
-2.36955,116.47993,2012-05-22,1814,n,0,1.48,314.39,289.43,0.4,0.6,N,VIIRS,2,2012
-2.18258,115.57235,2012-05-22,1814,n,0,0.79,315.82,284.28,0.34,0.56,N,VIIRS,2,2012
-1.77043,113.64513,2012-05-22,1814,n,0,2.01,321.97,288.27,0.5,0.49,N,VIIRS,2,2012
-1.9429,115.85706,2012-05-22,1814,n,0,0.39,302.76,284.05,0.36,0.57,N,VIIRS,2,2012
-2.38677,116.54811,2012-05-23,513,n,0,4.91,337.5,295.34,0.49,0.48,N,VIIRS,2,2012
-2.39123,116.54872,2012-05-23,513,n,0,5.2,342.09,295.79,0.49,0.48,N,VIIRS,2,2012
-0.23169,117.24506,2012-05-23,513,n,0,6.34,336.25,293.27,0.41,0.45,N,VIIRS,2,2012
-0.64588,117.03545,2012-05-23,513,n,0,3.96,340.35,292.26,0.42,0.46,N,VIIRS,2,2012
-1.27693,116.6066,2012-05-23,513,n,0,4.19,326.34,294.18,0.46,0.47,N,VIIRS,2,2012
-1.76993,113.64249,2012-05-23,513,n,0,5.92,341.02,294.13,0.37,0.58,N,VIIRS,2,2012
-1.76942,113.6459,2012-05-23,513,n,0,8.01,337.75,293.97,0.37,0.58,N,VIIRS,2,2012
-1.82791,116.18809,2012-05-23,513,n,0,10.73,339.29,282.34,0.5,0.49,N,VIIRS,2,2012
2.22377,117.65881,2012-05-23,514,n,0,5.77,331.7,292.6,0.53,0.42,N,VIIRS,2,2012
2.22453,117.66359,2012-05-23,514,n,0,5.29,327.24,291.64,0.53,0.42,N,VIIRS,2,2012
2.22673,117.66132,2012-05-23,514,n,0,5.09,335.63,291.94,0.53,0.42,N,VIIRS,2,2012
2.22286,117.6619,2012-05-23,514,n,0,4.75,340.82,292.43,0.53,0.42,N,VIIRS,2,2012
-0.77473,117.189,2012-05-23,1754,n,0,1.12,305.51,289.25,0.4,0.44,N,VIIRS,2,2012
-2.1833,115.5732,2012-05-23,1755,n,0,0.96,313.16,284.28,0.51,0.41,N,VIIRS,2,2012
-1.76993,113.64484,2012-05-23,1755,n,0,2.03,313.95,290.32,0.41,0.37,N,VIIRS,2,2012
-2.29362,115.70901,2012-05-25,616,n,0,3.24,331.85,291.07,0.34,0.56,N,VIIRS,2,2012
-2.31845,115.55777,2012-05-25,616,n,0,21.66,338.98,291.55,0.33,0.55,N,VIIRS,2,2012
-2.31894,115.55476,2012-05-25,616,n,0,25.22,349.07,294.38,0.33,0.55,N,VIIRS,2,2012
-2.29264,115.70686,2012-05-25,616,n,0,3.47,334.91,290.98,0.34,0.56,N,VIIRS,2,2012
-2.31683,115.55224,2012-05-25,616,n,0,11.39,328.37,291.76,0.33,0.55,N,VIIRS,2,2012
-2.31636,115.55526,2012-05-25,616,l,0,30.85,356.39,294.04,0.33,0.55,N,VIIRS,2,2012
-2.12611,113.83635,2012-05-25,616,n,0,2.38,335.15,292.94,0.51,0.49,N,VIIRS,2,2012
-2.13067,113.83706,2012-05-25,616,n,0,8.01,344.05,296.57,0.51,0.49,N,VIIRS,2,2012
-2.0077,115.24303,2012-05-25,616,n,0,5.86,329.62,292.09,0.64,0.54,N,VIIRS,2,2012
-1.98457,116.38727,2012-05-25,616,n,0,3.48,334.83,289.86,0.38,0.59,N,VIIRS,2,2012
-1.81982,115.58447,2012-05-25,616,n,0,4.97,341.89,291.23,0.34,0.56,N,VIIRS,2,2012
2.135,117.08453,2012-05-25,617,n,0,2.78,328.27,288.92,0.49,0.65,N,VIIRS,2,2012
0.09188,117.47253,2012-05-25,1716,n,3,2.87,307.21,291.56,0.53,0.42,N,VIIRS,2,2012
0.85579,117.58092,2012-05-25,1716,n,0,1.04,304.33,290.16,0.53,0.42,N,VIIRS,2,2012
0.10546,117.47205,2012-05-25,1716,n,2,1.85,308.73,290.1,0.53,0.42,N,VIIRS,2,2012
-0.46382,117.58669,2012-05-25,1717,n,2,4.01,307.2,290.83,0.51,0.41,N,VIIRS,2,2012
-1.77266,113.64084,2012-05-25,1717,n,0,0.74,304.09,287.23,0.58,0.52,N,VIIRS,2,2012
-0.58212,117.38654,2012-05-25,1717,n,2,1.27,306.01,288.29,0.52,0.42,N,VIIRS,2,2012
-0.77521,117.19129,2012-05-25,1717,n,0,1.32,304.21,290.47,0.53,0.42,N,VIIRS,2,2012
-0.96447,117.14762,2012-05-25,1717,n,2,1.83,314.54,290.23,0.53,0.42,N,VIIRS,2,2012
-1.43085,116.91084,2012-05-25,1717,n,3,7.38,330.24,292.27,0.54,0.42,N,VIIRS,2,2012
-1.43095,116.91325,2012-05-25,1717,n,3,6.03,330.5,292.47,0.54,0.42,N,VIIRS,2,2012
-1.2592,113.68242,2012-05-26,557,n,0,31.19,343.19,296.46,0.42,0.37,N,VIIRS,2,2012
-0.74785,114.15604,2012-05-26,557,n,0,4.9,331.69,291.21,0.44,0.38,N,VIIRS,2,2012
-0.70474,114.4156,2012-05-26,557,n,0,2.14,327.5,293.0,0.45,0.39,N,VIIRS,2,2012
-0.74431,114.15555,2012-05-26,557,n,0,4.9,332.02,290.79,0.44,0.38,N,VIIRS,2,2012
-1.17127,115.07166,2012-05-26,557,n,0,4.59,332.85,294.79,0.48,0.4,N,VIIRS,2,2012
-1.13806,114.6497,2012-05-26,557,n,0,2.95,333.69,295.88,0.46,0.39,N,VIIRS,2,2012
-1.26209,113.68668,2012-05-26,557,n,0,26.74,334.17,296.12,0.42,0.37,N,VIIRS,2,2012
-1.26266,113.68293,2012-05-26,557,n,0,26.74,339.7,300.75,0.42,0.37,N,VIIRS,2,2012
-1.25864,113.68616,2012-05-26,557,n,0,31.19,333.35,294.09,0.42,0.37,N,VIIRS,2,2012
-1.77078,113.6421,2012-05-26,557,n,0,66.48,343.54,302.57,0.41,0.37,N,VIIRS,2,2012
-1.39257,116.42892,2012-05-26,557,n,0,4.2,328.01,291.77,0.57,0.43,N,VIIRS,2,2012
-1.9235,115.04406,2012-05-26,557,n,0,4.54,330.57,297.56,0.47,0.4,N,VIIRS,2,2012
-2.15154,113.84109,2012-05-26,557,n,0,3.05,334.01,293.95,0.42,0.37,N,VIIRS,2,2012
-2.26113,115.19599,2012-05-26,557,n,0,2.93,332.66,295.61,0.47,0.4,N,VIIRS,2,2012
-2.36488,115.46667,2012-05-26,557,n,0,4.1,335.32,292.71,0.49,0.4,N,VIIRS,2,2012
2.01318,117.72592,2012-05-26,1657,n,0,0.63,303.02,288.33,0.37,0.58,N,VIIRS,2,2012
0.85381,117.58218,2012-05-26,1657,n,0,0.66,304.99,286.92,0.36,0.58,N,VIIRS,2,2012
-1.77087,113.6434,2012-05-26,1658,n,0,0.94,303.57,286.23,0.61,0.71,N,VIIRS,2,2012
-0.9651,117.14619,2012-05-26,1658,n,2,0.82,302.12,279.19,0.36,0.58,N,VIIRS,2,2012
-0.7745,117.19038,2012-05-26,1658,n,0,0.51,303.09,280.0,0.36,0.58,N,VIIRS,2,2012
-0.58088,117.38663,2012-05-26,1658,n,2,0.93,307.38,280.03,0.36,0.57,N,VIIRS,2,2012
0.10636,117.47053,2012-05-26,1658,n,2,0.47,297.71,268.83,0.36,0.57,N,VIIRS,2,2012
-2.43208,115.35344,2012-05-27,538,n,0,2.87,336.32,292.38,0.4,0.37,N,VIIRS,2,2012
-2.14437,115.58833,2012-05-27,538,n,0,2.27,331.21,294.51,0.39,0.36,N,VIIRS,2,2012
-1.42338,116.26314,2012-05-27,538,n,0,2.71,331.96,293.48,0.38,0.36,N,VIIRS,2,2012
-0.36803,117.29939,2012-05-27,538,n,0,8.37,335.62,291.34,0.39,0.36,N,VIIRS,2,2012
-0.08407,116.24817,2012-05-27,539,n,0,4.31,336.66,289.22,0.38,0.36,N,VIIRS,2,2012
-0.03153,115.59062,2012-05-27,539,n,0,5.49,334.62,294.46,0.39,0.36,N,VIIRS,2,2012
0.7684,117.27769,2012-05-27,539,n,0,5.54,330.58,294.54,0.4,0.37,N,VIIRS,2,2012
0.77178,117.27718,2012-05-27,539,n,0,5.54,348.09,294.67,0.4,0.37,N,VIIRS,2,2012
0.89649,116.7411,2012-05-27,539,n,0,1.92,330.9,293.95,0.39,0.36,N,VIIRS,2,2012
1.00858,117.0182,2012-05-27,539,n,0,2.75,332.1,295.4,0.39,0.36,N,VIIRS,2,2012
1.03761,117.02834,2012-05-27,539,n,0,5.69,333.65,296.37,0.39,0.36,N,VIIRS,2,2012
1.03707,117.0248,2012-05-27,539,n,0,4.21,332.78,296.85,0.39,0.36,N,VIIRS,2,2012
1.10058,117.06967,2012-05-27,539,n,0,6.22,333.18,297.12,0.4,0.37,N,VIIRS,2,2012
1.11273,116.87646,2012-05-27,539,n,0,28.64,333.83,298.85,0.39,0.36,N,VIIRS,2,2012
1.47611,117.87714,2012-05-27,539,n,0,11.27,342.4,298.51,0.42,0.38,N,VIIRS,2,2012
2.10598,117.49718,2012-05-27,539,n,0,4.83,333.07,296.47,0.41,0.37,N,VIIRS,2,2012
1.77873,117.06023,2012-05-27,539,n,0,2.93,332.98,291.67,0.4,0.37,N,VIIRS,2,2012
-0.96167,117.14736,2012-05-27,1639,n,2,3.9,308.05,284.5,0.76,0.77,N,VIIRS,2,2012
-0.74396,117.56181,2012-05-27,1819,n,0,0.94,304.54,284.28,0.57,0.69,N,VIIRS,2,2012
-1.57717,114.78226,2012-05-27,1820,n,0,0.36,302.25,286.87,0.38,0.59,N,VIIRS,2,2012
-2.1263,113.8462,2012-05-27,1820,n,0,1.03,320.19,285.81,0.33,0.56,N,VIIRS,2,2012
-2.37908,116.52792,2012-05-27,1820,n,0,1.19,305.38,284.12,0.52,0.66,N,VIIRS,2,2012
-2.38065,116.5289,2012-05-27,1820,n,0,0.69,301.73,284.02,0.51,0.66,N,VIIRS,2,2012
-0.62078,116.68419,2012-05-28,520,n,0,9.72,336.87,291.94,0.54,0.42,N,VIIRS,2,2012
1.14437,117.67436,2012-05-28,520,n,0,4.16,327.12,282.44,0.45,0.39,N,VIIRS,2,2012
1.14796,117.67382,2012-05-28,520,n,0,4.16,344.01,280.6,0.45,0.39,N,VIIRS,2,2012
2.30133,117.25117,2012-05-28,520,n,0,2.19,327.76,294.31,0.46,0.39,N,VIIRS,2,2012
1.15639,117.67654,2012-05-28,1800,n,2,0.98,301.19,285.44,0.52,0.5,N,VIIRS,2,2012
-0.94272,117.0761,2012-05-28,1801,n,0,0.59,301.54,286.96,0.51,0.49,N,VIIRS,2,2012
-0.96325,117.148,2012-05-28,1801,n,2,1.14,313.66,287.73,0.51,0.49,N,VIIRS,2,2012
-0.96399,117.1527,2012-05-28,1801,n,2,1.14,305.56,288.19,0.51,0.49,N,VIIRS,2,2012
-0.58407,117.38297,2012-05-28,1801,n,2,0.76,306.11,287.26,0.52,0.5,N,VIIRS,2,2012
-0.77369,117.19195,2012-05-28,1801,n,0,0.62,308.46,287.36,0.51,0.49,N,VIIRS,2,2012
-0.91128,117.11362,2012-05-28,1801,n,0,0.95,305.62,288.01,0.51,0.49,N,VIIRS,2,2012
-2.12665,113.83822,2012-05-29,500,n,0,20.92,347.88,283.59,0.61,0.71,N,VIIRS,2,2012
-2.13242,113.8447,2012-05-29,500,n,0,5.09,329.69,280.93,0.61,0.71,N,VIIRS,2,2012
-2.12748,113.84142,2012-05-29,500,l,0,22.95,356.62,284.19,0.61,0.71,N,VIIRS,2,2012
-1.43274,116.91196,2012-05-29,500,n,3,3.42,333.06,284.62,0.37,0.58,N,VIIRS,2,2012
-2.12663,113.84697,2012-05-29,500,n,0,22.95,336.48,280.55,0.61,0.71,N,VIIRS,2,2012
-2.12583,113.84377,2012-05-29,500,l,0,20.92,357.17,282.82,0.61,0.71,N,VIIRS,2,2012
2.24943,117.97484,2012-05-29,501,n,0,3.01,325.84,283.85,0.54,0.51,N,VIIRS,2,2012
1.13732,117.6817,2012-05-29,501,n,0,4.36,332.79,287.16,0.59,0.53,N,VIIRS,2,2012
1.13945,117.67871,2012-05-29,501,n,0,3.78,330.45,285.88,0.59,0.53,N,VIIRS,2,2012
0.10895,117.41862,2012-05-29,501,n,0,2.89,339.37,279.64,0.32,0.55,N,VIIRS,2,2012
-0.77348,117.19117,2012-05-29,1742,n,0,1.73,316.01,287.76,0.42,0.37,N,VIIRS,2,2012
0.08494,117.48488,2012-05-29,1742,n,2,2.33,317.95,287.46,0.42,0.38,N,VIIRS,2,2012
-0.80761,117.10209,2012-05-29,1742,n,0,0.9,306.47,287.45,0.41,0.37,N,VIIRS,2,2012
-0.58391,117.38457,2012-05-29,1742,n,2,1.02,314.91,287.94,0.42,0.38,N,VIIRS,2,2012
-0.71722,117.23815,2012-05-29,1742,n,0,0.54,303.26,284.86,0.42,0.37,N,VIIRS,2,2012
-2.12274,113.84671,2012-05-29,1742,n,0,1.96,309.4,284.55,0.39,0.36,N,VIIRS,2,2012
0.08207,117.48059,2012-05-29,1742,n,3,4.78,313.77,287.83,0.42,0.38,N,VIIRS,2,2012
0.08148,117.48436,2012-05-29,1742,n,3,4.93,329.99,287.99,0.42,0.38,N,VIIRS,2,2012
0.10458,117.47249,2012-05-29,1742,n,2,0.92,304.61,285.23,0.42,0.38,N,VIIRS,2,2012
0.18229,117.48778,2012-05-29,1742,n,2,0.97,308.33,283.99,0.42,0.38,N,VIIRS,2,2012
-2.12609,113.84618,2012-05-29,1742,n,0,1.96,319.26,284.29,0.39,0.36,N,VIIRS,2,2012
-2.11888,115.35557,2012-05-31,603,n,0,4.16,336.1,292.59,0.4,0.44,N,VIIRS,2,2012
-2.05488,115.33826,2012-05-31,603,n,0,2.69,330.23,293.81,0.4,0.44,N,VIIRS,2,2012
-1.85583,115.34485,2012-06-01,544,n,0,2.64,329.71,293.96,0.39,0.36,N,VIIRS,2,2012
-1.43265,116.91564,2012-06-01,544,n,3,3.03,330.65,292.6,0.42,0.37,N,VIIRS,2,2012
1.21818,118.06165,2012-06-01,545,n,0,4.68,328.66,292.89,0.5,0.41,N,VIIRS,2,2012
1.55134,118.22648,2012-06-01,545,n,0,2.79,334.78,292.48,0.51,0.41,N,VIIRS,2,2012
-0.96674,117.14992,2012-06-01,1826,n,2,2.78,301.62,281.21,0.69,0.74,N,VIIRS,2,2012
-0.96678,117.15025,2012-06-01,1826,n,2,1.04,303.36,281.4,0.69,0.74,N,VIIRS,2,2012
-2.43347,115.56449,2012-06-02,525,n,0,1.84,328.96,288.93,0.53,0.42,N,VIIRS,2,2012
2.08907,117.54228,2012-06-02,526,n,0,13.08,344.48,288.0,0.4,0.37,N,VIIRS,2,2012
1.57943,118.20863,2012-06-02,526,n,0,2.18,332.56,292.91,0.39,0.36,N,VIIRS,2,2012
-1.43146,116.91428,2012-06-02,526,n,3,2.89,331.39,285.03,0.44,0.39,N,VIIRS,2,2012
-2.19665,115.16087,2012-06-03,507,n,0,7.44,345.83,279.49,0.39,0.59,N,VIIRS,2,2012
-0.96601,117.14017,2012-06-03,507,n,0,2.49,325.14,278.84,0.54,0.51,N,VIIRS,2,2012
-0.53591,117.40833,2012-06-03,507,n,0,3.57,330.45,280.39,0.51,0.5,N,VIIRS,2,2012
-0.96345,117.14923,2012-06-03,1748,n,2,0.78,304.44,275.79,0.49,0.4,N,VIIRS,2,2012
1.24864,118.04339,2012-06-04,1728,n,0,0.28,299.47,280.13,0.39,0.36,N,VIIRS,2,2012
1.21867,118.06015,2012-06-04,1728,n,0,1.89,321.29,287.82,0.39,0.36,N,VIIRS,2,2012
1.15633,117.67693,2012-06-04,1729,n,2,0.77,301.82,283.04,0.39,0.36,N,VIIRS,2,2012
0.18285,117.48647,2012-06-04,1729,n,2,0.66,306.53,281.13,0.39,0.36,N,VIIRS,2,2012
0.10618,117.47098,2012-06-04,1729,n,2,1.13,309.79,286.11,0.39,0.36,N,VIIRS,2,2012
0.08236,117.48204,2012-06-04,1729,n,3,2.48,323.59,287.32,0.39,0.36,N,VIIRS,2,2012
-0.58314,117.38651,2012-06-04,1729,n,2,0.65,307.11,288.95,0.39,0.36,N,VIIRS,2,2012
-0.77224,117.19064,2012-06-04,1729,n,0,1.95,319.87,290.88,0.39,0.37,N,VIIRS,2,2012
-0.77561,117.1901,2012-06-04,1729,n,0,1.09,306.36,289.93,0.39,0.37,N,VIIRS,2,2012
-0.8466,117.26959,2012-06-04,1729,n,2,0.45,300.96,283.25,0.39,0.36,N,VIIRS,2,2012
-0.96181,117.15075,2012-06-04,1729,n,2,0.61,308.34,290.2,0.39,0.37,N,VIIRS,2,2012
-0.96461,117.14669,2012-06-04,1729,n,2,0.76,308.88,290.06,0.39,0.37,N,VIIRS,2,2012
-0.96517,117.15022,2012-06-04,1729,n,2,0.76,307.6,290.47,0.39,0.37,N,VIIRS,2,2012
-2.16695,115.94396,2012-06-04,1730,n,0,0.43,301.79,285.58,0.42,0.38,N,VIIRS,2,2012
1.96706,117.23207,2012-06-05,610,n,0,2.7,329.1,286.24,0.39,0.59,N,VIIRS,2,2012
2.11741,117.18778,2012-06-05,610,n,0,9.64,325.65,287.12,0.39,0.59,N,VIIRS,2,2012
2.11795,117.19134,2012-06-05,610,l,0,24.87,357.29,288.42,0.39,0.59,N,VIIRS,2,2012
-1.0382,114.93549,2012-06-06,551,n,0,2.34,327.32,292.44,0.41,0.37,N,VIIRS,2,2012
-1.94155,115.8569,2012-06-06,1832,n,0,0.76,302.99,282.09,0.74,0.76,N,VIIRS,2,2012
-2.45881,116.54238,2012-06-07,531,n,0,2.39,328.17,294.74,0.41,0.37,N,VIIRS,2,2012
-2.38133,116.52311,2012-06-07,531,n,0,3.8,334.85,292.09,0.41,0.37,N,VIIRS,2,2012
-1.43278,116.91299,2012-06-07,532,n,3,1.64,326.68,294.21,0.39,0.37,N,VIIRS,2,2012
-0.41988,117.29159,2012-06-08,513,n,0,5.66,342.54,283.24,0.41,0.45,N,VIIRS,2,2012
1.51048,118.23417,2012-06-08,514,n,0,3.19,328.59,288.15,0.51,0.41,N,VIIRS,2,2012
1.56579,117.21008,2012-06-08,514,n,0,3.65,326.13,292.69,0.39,0.44,N,VIIRS,2,2012
0.18415,117.48584,2012-06-08,1754,n,2,0.55,304.4,282.82,0.4,0.45,N,VIIRS,2,2012
1.22977,117.77333,2012-06-08,1754,n,0,0.59,305.31,288.59,0.41,0.45,N,VIIRS,2,2012
1.21264,118.06553,2012-06-08,1754,n,0,1.21,310.12,288.38,0.43,0.46,N,VIIRS,2,2012
-0.53579,117.40669,2012-06-09,454,n,0,3.76,337.72,286.37,0.42,0.61,N,VIIRS,2,2012
-0.53725,117.40739,2012-06-09,454,n,0,3.66,342.72,286.74,0.42,0.61,N,VIIRS,2,2012
1.56438,118.12938,2012-06-09,455,n,0,6.16,341.41,290.11,0.35,0.57,N,VIIRS,2,2012
1.21217,118.06786,2012-06-09,455,n,0,6.46,342.8,287.36,0.36,0.57,N,VIIRS,2,2012
1.56488,118.13253,2012-06-09,455,h,0,7.3,367.0,291.01,0.35,0.57,N,VIIRS,2,2012
1.56538,118.13569,2012-06-09,455,n,0,7.3,325.31,289.81,0.35,0.57,N,VIIRS,2,2012
1.65667,118.03321,2012-06-09,455,n,0,1.95,331.38,290.55,0.36,0.57,N,VIIRS,2,2012
2.49632,117.8299,2012-06-09,1734,n,0,0.6,305.54,290.57,0.38,0.36,N,VIIRS,2,2012
-0.80653,117.10312,2012-06-09,1735,n,0,0.67,304.97,291.66,0.38,0.36,N,VIIRS,2,2012
-0.77245,117.18972,2012-06-09,1735,n,0,1.43,313.66,291.65,0.39,0.36,N,VIIRS,2,2012
-0.58327,117.38608,2012-06-09,1735,n,2,0.98,308.57,291.26,0.39,0.36,N,VIIRS,2,2012
-0.58273,117.38261,2012-06-09,1735,n,2,0.77,304.96,290.98,0.39,0.36,N,VIIRS,2,2012
-0.53948,117.40706,2012-06-09,1735,n,0,0.96,311.66,290.78,0.39,0.36,N,VIIRS,2,2012
-0.53615,117.40758,2012-06-09,1735,n,0,0.71,312.74,290.87,0.39,0.36,N,VIIRS,2,2012
-0.50115,117.42365,2012-06-09,1735,n,0,0.48,304.14,290.85,0.39,0.36,N,VIIRS,2,2012
0.08129,117.48201,2012-06-09,1735,n,3,2.56,316.25,292.72,0.39,0.36,N,VIIRS,2,2012
0.10675,117.47178,2012-06-09,1735,n,2,1.7,315.41,291.13,0.39,0.36,N,VIIRS,2,2012
-1.43319,116.91389,2012-06-09,1735,n,3,2.79,309.17,288.64,0.38,0.36,N,VIIRS,2,2012
1.98595,117.37613,2012-06-09,1735,n,0,0.65,304.4,289.77,0.38,0.36,N,VIIRS,2,2012
1.96721,117.23562,2012-06-09,1735,n,0,0.5,303.51,288.9,0.38,0.36,N,VIIRS,2,2012
1.21411,118.0674,2012-06-09,1735,n,0,0.93,302.64,289.65,0.39,0.36,N,VIIRS,2,2012
1.15711,117.67754,2012-06-09,1735,n,2,0.81,308.7,290.77,0.39,0.36,N,VIIRS,2,2012
-0.96277,117.1498,2012-06-09,1735,n,2,1.07,317.8,280.36,0.39,0.36,N,VIIRS,2,2012
-0.94141,117.07886,2012-06-09,1735,n,0,1.06,316.57,290.64,0.38,0.36,N,VIIRS,2,2012
-2.36622,116.47885,2012-06-09,1736,n,0,0.24,295.53,265.17,0.38,0.36,N,VIIRS,2,2012
-2.36954,116.47833,2012-06-09,1736,n,0,0.22,295.09,263.32,0.38,0.36,N,VIIRS,2,2012
-2.22284,115.13954,2012-06-09,1736,n,0,3.58,338.44,289.29,0.4,0.37,N,VIIRS,2,2012
2.22266,117.94801,2012-06-10,436,n,0,8.27,330.61,283.45,0.74,0.76,N,VIIRS,2,2012
2.22977,117.94711,2012-06-10,436,n,0,8.27,336.78,284.16,0.74,0.76,N,VIIRS,2,2012
2.22683,117.94648,2012-06-10,436,n,0,14.61,355.08,284.16,0.74,0.76,N,VIIRS,2,2012
2.25225,117.83728,2012-06-10,436,n,0,13.3,349.97,284.57,0.75,0.77,N,VIIRS,2,2012
2.25477,117.83528,2012-06-10,436,n,0,11.52,341.54,284.11,0.75,0.77,N,VIIRS,2,2012
-2.00313,114.37558,2012-06-10,615,n,0,6.31,336.05,278.57,0.55,0.51,N,VIIRS,2,2012
0.36254,116.10051,2012-06-10,616,n,0,3.0,325.08,286.71,0.39,0.6,N,VIIRS,2,2012
0.36198,116.09692,2012-06-10,616,n,0,3.0,333.16,285.73,0.39,0.59,N,VIIRS,2,2012
2.24995,117.97688,2012-06-12,539,n,0,2.25,331.39,287.3,0.43,0.38,N,VIIRS,2,2012
2.24095,117.92913,2012-06-13,520,n,0,4.85,333.59,292.68,0.43,0.38,N,VIIRS,2,2012
1.28767,116.90329,2012-06-13,520,n,0,4.11,330.72,291.39,0.5,0.41,N,VIIRS,2,2012
1.21313,118.06593,2012-06-13,520,n,0,5.45,340.57,298.42,0.44,0.38,N,VIIRS,2,2012
1.21374,118.06988,2012-06-13,520,n,0,5.45,337.02,297.88,0.44,0.38,N,VIIRS,2,2012
1.00842,117.90413,2012-06-13,520,n,0,3.98,331.9,293.91,0.45,0.39,N,VIIRS,2,2012
2.40971,117.94749,2012-06-13,520,n,0,4.9,333.25,290.14,0.43,0.38,N,VIIRS,2,2012
-0.77191,117.19042,2012-06-13,1800,n,0,0.87,305.28,290.3,0.51,0.49,N,VIIRS,2,2012
-0.78009,117.21265,2012-06-13,1800,n,0,1.13,316.92,289.78,0.51,0.49,N,VIIRS,2,2012
-0.96239,117.15224,2012-06-13,1800,n,2,0.66,307.69,289.73,0.51,0.49,N,VIIRS,2,2012
-0.96621,117.1469,2012-06-13,1800,n,2,0.95,303.76,289.59,0.51,0.49,N,VIIRS,2,2012
0.85924,117.58363,2012-06-13,1800,n,0,1.4,299.39,279.72,0.51,0.49,N,VIIRS,2,2012
0.18243,117.48689,2012-06-13,1800,n,2,1.4,305.83,289.4,0.51,0.5,N,VIIRS,2,2012
0.10491,117.47257,2012-06-13,1800,n,2,1.54,307.53,289.5,0.51,0.5,N,VIIRS,2,2012
0.09503,117.47587,2012-06-13,1800,n,2,4.28,315.17,290.57,0.51,0.5,N,VIIRS,2,2012
-0.58297,117.38584,2012-06-13,1800,n,2,1.51,306.87,290.08,0.52,0.5,N,VIIRS,2,2012
-0.39845,117.32665,2012-06-14,500,h,0,7.9,367.0,293.0,0.33,0.56,N,VIIRS,2,2012
-0.39796,117.32974,2012-06-14,500,h,0,7.9,367.0,291.08,0.33,0.56,N,VIIRS,2,2012
-0.39232,117.30913,2012-06-14,500,n,0,5.28,346.18,293.53,0.33,0.56,N,VIIRS,2,2012
-0.39474,117.32809,2012-06-14,500,h,0,6.94,367.0,290.74,0.33,0.56,N,VIIRS,2,2012
-0.39988,117.32877,2012-06-14,500,n,0,6.94,342.38,292.66,0.33,0.56,N,VIIRS,2,2012
-1.03538,116.91096,2012-06-14,500,h,0,7.57,367.0,292.69,0.36,0.58,N,VIIRS,2,2012
-1.93591,113.6509,2012-06-14,500,n,0,5.43,330.88,290.49,0.63,0.72,N,VIIRS,2,2012
-1.93342,116.36189,2012-06-14,500,n,0,5.08,329.49,289.32,0.41,0.61,N,VIIRS,2,2012
-1.93713,116.36285,2012-06-14,500,n,0,3.83,331.11,292.23,0.41,0.61,N,VIIRS,2,2012
-0.39055,117.31008,2012-06-14,500,n,0,2.83,327.35,292.2,0.33,0.56,N,VIIRS,2,2012
-2.36894,116.52024,2012-06-14,500,n,0,2.58,334.0,288.5,0.41,0.6,N,VIIRS,2,2012
-0.35093,117.26032,2012-06-14,500,n,0,2.4,342.48,293.13,0.34,0.56,N,VIIRS,2,2012
-0.35646,116.87223,2012-06-14,500,n,0,3.02,326.34,292.14,0.36,0.57,N,VIIRS,2,2012
-0.39103,117.30707,2012-06-14,500,n,0,2.83,344.91,293.0,0.33,0.56,N,VIIRS,2,2012
-0.35751,116.87106,2012-06-14,500,n,0,3.29,335.7,292.82,0.36,0.57,N,VIIRS,2,2012
0.56228,116.72441,2012-06-14,501,n,0,3.07,329.94,293.07,0.35,0.57,N,VIIRS,2,2012
1.22804,117.14169,2012-06-14,501,n,0,1.61,326.66,292.13,0.32,0.55,N,VIIRS,2,2012
1.60742,118.15063,2012-06-14,501,n,0,7.11,337.23,293.81,0.55,0.51,N,VIIRS,2,2012
1.21354,118.0642,2012-06-14,1741,n,0,0.7,304.08,291.67,0.43,0.38,N,VIIRS,2,2012
1.60874,118.16323,2012-06-14,1741,n,0,0.72,306.69,292.21,0.43,0.38,N,VIIRS,2,2012
1.48171,117.87416,2012-06-14,1741,n,0,0.92,306.24,291.79,0.42,0.38,N,VIIRS,2,2012
1.47825,117.87364,2012-06-14,1741,n,0,0.92,311.4,291.89,0.42,0.38,N,VIIRS,2,2012
1.5426,117.20273,2012-06-14,1741,n,0,1.07,312.81,290.66,0.4,0.37,N,VIIRS,2,2012
1.54203,117.20634,2012-06-14,1741,n,0,0.99,303.38,291.05,0.4,0.37,N,VIIRS,2,2012
1.24927,118.04218,2012-06-14,1741,n,0,1.0,307.23,291.41,0.43,0.38,N,VIIRS,2,2012
1.23835,118.02082,2012-06-14,1741,n,0,0.67,305.83,291.81,0.43,0.38,N,VIIRS,2,2012
1.23896,118.01697,2012-06-14,1741,n,0,0.67,307.77,291.92,0.43,0.38,N,VIIRS,2,2012
1.21703,118.06475,2012-06-14,1741,n,0,0.66,307.83,291.78,0.43,0.38,N,VIIRS,2,2012
-0.80892,117.10231,2012-06-14,1741,n,0,0.96,306.15,293.11,0.41,0.37,N,VIIRS,2,2012
-0.77367,117.19131,2012-06-14,1741,n,0,1.48,316.8,293.42,0.41,0.37,N,VIIRS,2,2012
-0.58407,117.38466,2012-06-14,1741,n,2,1.26,315.38,292.75,0.42,0.38,N,VIIRS,2,2012
-0.46478,117.58877,2012-06-14,1741,n,3,0.83,311.31,293.91,0.43,0.38,N,VIIRS,2,2012
0.10443,117.47222,2012-06-14,1741,n,2,0.75,305.47,292.37,0.42,0.37,N,VIIRS,2,2012
0.10846,117.46899,2012-06-14,1741,n,2,0.75,304.68,292.36,0.42,0.37,N,VIIRS,2,2012
0.10684,117.47202,2012-06-14,1741,n,2,1.09,309.84,292.33,0.42,0.37,N,VIIRS,2,2012
0.18216,117.48753,2012-06-14,1741,n,2,2.56,319.45,292.57,0.42,0.37,N,VIIRS,2,2012
-1.09426,114.23239,2012-06-14,1742,n,0,1.17,312.19,292.14,0.39,0.36,N,VIIRS,2,2012
-2.09542,116.13349,2012-06-14,1742,n,0,1.94,320.22,292.24,0.4,0.37,N,VIIRS,2,2012
-0.69917,115.50974,2012-06-14,1742,n,0,0.42,303.88,292.68,0.38,0.36,N,VIIRS,2,2012
-0.80805,117.10309,2012-06-14,1742,n,0,0.82,306.27,293.4,0.41,0.37,N,VIIRS,2,2012
-0.86773,116.9046,2012-06-15,441,n,0,12.07,333.94,288.38,0.76,0.77,N,VIIRS,2,2012
-0.86346,116.89859,2012-06-15,441,n,0,19.52,353.35,284.92,0.76,0.77,N,VIIRS,2,2012
-0.86237,116.90579,2012-06-15,441,n,0,26.07,349.17,286.84,0.76,0.77,N,VIIRS,2,2012
-0.89853,117.19088,2012-06-15,441,n,0,6.99,333.75,289.8,0.73,0.76,N,VIIRS,2,2012
-0.89651,117.18863,2012-06-15,441,n,0,5.68,329.46,288.92,0.73,0.76,N,VIIRS,2,2012
0.3304,116.03539,2012-06-15,622,n,0,1.21,325.88,292.61,0.5,0.65,N,VIIRS,2,2012
-1.65406,113.63612,2012-06-15,622,n,0,9.46,343.12,296.47,0.63,0.54,N,VIIRS,2,2012
-1.49636,114.93109,2012-06-15,622,n,0,5.86,339.08,292.39,0.39,0.59,N,VIIRS,2,2012
0.53517,116.82896,2012-06-15,622,n,0,3.65,326.1,290.94,0.56,0.69,N,VIIRS,2,2012
0.83879,116.65242,2012-06-15,622,h,0,28.76,367.0,293.52,0.56,0.68,N,VIIRS,2,2012
0.83803,116.64751,2012-06-15,622,h,0,21.94,367.0,294.42,0.55,0.68,N,VIIRS,2,2012
-2.40094,114.25874,2012-06-15,622,n,0,3.86,336.72,297.09,0.34,0.56,N,VIIRS,2,2012
1.64304,118.07196,2012-06-15,622,n,0,13.0,351.36,290.79,0.71,0.75,N,VIIRS,2,2012
-1.25913,116.73979,2012-06-15,622,n,0,9.23,350.97,288.46,0.52,0.67,N,VIIRS,2,2012
-1.72233,113.88042,2012-06-15,622,h,0,22.04,367.0,296.45,0.33,0.55,N,VIIRS,2,2012
-1.72744,113.88116,2012-06-15,622,h,0,67.69,367.0,307.2,0.33,0.55,N,VIIRS,2,2012
-1.90102,114.16836,2012-06-15,622,n,0,2.6,335.08,296.66,0.34,0.56,N,VIIRS,2,2012
-1.90052,114.17144,2012-06-15,622,n,0,2.6,328.38,295.72,0.34,0.56,N,VIIRS,2,2012
-1.93118,114.50912,2012-06-15,622,n,0,2.27,328.88,296.07,0.36,0.57,N,VIIRS,2,2012
-2.06236,115.15526,2012-06-15,622,n,0,2.7,336.28,294.19,0.4,0.6,N,VIIRS,2,2012
-0.91461,114.87399,2012-06-15,622,n,0,2.9,335.52,292.43,0.4,0.6,N,VIIRS,2,2012
-0.6041,114.73717,2012-06-15,622,n,0,1.87,327.1,293.43,0.39,0.59,N,VIIRS,2,2012
-0.60447,114.73897,2012-06-15,622,n,0,3.92,331.48,293.77,0.39,0.59,N,VIIRS,2,2012
1.64116,118.0756,2012-06-15,623,n,0,12.27,348.1,290.91,0.71,0.75,N,VIIRS,2,2012
-0.46463,117.5871,2012-06-15,1722,n,2,0.31,298.89,277.78,0.43,0.38,N,VIIRS,2,2012
0.18273,117.48607,2012-06-15,1722,n,2,2.76,307.74,289.1,0.44,0.39,N,VIIRS,2,2012
-0.58367,117.3819,2012-06-15,1723,n,2,0.4,300.19,283.39,0.44,0.38,N,VIIRS,2,2012
-0.5843,117.38587,2012-06-15,1723,n,2,0.4,304.01,284.28,0.44,0.38,N,VIIRS,2,2012
-0.77335,117.19069,2012-06-15,1723,n,0,1.06,311.07,285.24,0.45,0.39,N,VIIRS,2,2012
-0.80709,117.10294,2012-06-15,1723,n,0,0.75,305.59,290.37,0.45,0.39,N,VIIRS,2,2012
-0.68703,115.51459,2012-06-15,1723,n,0,1.19,304.68,292.6,0.55,0.42,N,VIIRS,2,2012
-0.69879,115.51276,2012-06-15,1723,n,0,0.39,304.56,292.5,0.55,0.42,N,VIIRS,2,2012
-0.68648,115.51261,2012-06-15,1723,n,0,0.9,307.8,292.61,0.55,0.42,N,VIIRS,2,2012
-0.96155,117.15142,2012-06-15,1723,n,2,5.75,335.38,287.72,0.45,0.39,N,VIIRS,2,2012
-0.96448,117.14688,2012-06-15,1723,n,2,3.77,330.89,288.13,0.45,0.39,N,VIIRS,2,2012
-0.96511,117.15087,2012-06-15,1723,n,2,3.77,320.1,287.44,0.45,0.39,N,VIIRS,2,2012
-0.81929,113.98286,2012-06-15,1723,n,0,0.23,296.77,276.98,0.45,0.47,N,VIIRS,2,2012
-1.09611,114.23144,2012-06-15,1723,n,0,1.14,317.06,291.28,0.43,0.46,N,VIIRS,2,2012
-2.03118,115.5034,2012-06-16,603,n,0,6.02,345.39,299.55,0.4,0.44,N,VIIRS,2,2012
-1.85629,116.20652,2012-06-16,603,n,0,7.95,339.85,296.2,0.45,0.47,N,VIIRS,2,2012
-1.85694,116.20243,2012-06-16,603,n,0,6.52,340.97,295.28,0.45,0.47,N,VIIRS,2,2012
-1.85199,116.20582,2012-06-16,603,n,0,7.95,331.91,294.91,0.45,0.47,N,VIIRS,2,2012
-1.85264,116.20177,2012-06-16,603,n,0,6.52,340.99,294.86,0.45,0.47,N,VIIRS,2,2012
-1.94109,114.89825,2012-06-16,603,n,0,4.29,328.8,297.89,0.56,0.43,N,VIIRS,2,2012
-1.53425,116.34038,2012-06-16,603,n,0,3.4,335.27,295.89,0.46,0.47,N,VIIRS,2,2012
0.69363,116.89501,2012-06-16,603,n,0,2.38,331.38,294.9,0.54,0.51,N,VIIRS,2,2012
0.64172,116.83749,2012-06-16,603,n,0,6.95,341.37,295.4,0.54,0.51,N,VIIRS,2,2012
0.35725,115.37029,2012-06-16,603,n,0,11.28,340.01,297.64,0.43,0.46,N,VIIRS,2,2012
0.54853,116.74017,2012-06-16,603,n,0,6.78,335.22,293.5,0.53,0.5,N,VIIRS,2,2012
0.33912,116.25263,2012-06-16,603,n,0,3.45,334.56,296.13,0.49,0.48,N,VIIRS,2,2012
-0.13294,116.03352,2012-06-16,603,n,0,3.9,332.39,297.44,0.46,0.47,N,VIIRS,2,2012
-0.13231,116.03771,2012-06-16,603,n,0,9.82,355.54,299.0,0.46,0.47,N,VIIRS,2,2012
-0.13168,116.04189,2012-06-16,603,n,0,9.82,340.48,297.4,0.46,0.47,N,VIIRS,2,2012
-0.18359,115.90992,2012-06-16,603,n,0,3.18,331.38,296.5,0.45,0.47,N,VIIRS,2,2012
-0.37072,114.94919,2012-06-16,603,n,0,2.87,331.9,296.14,0.39,0.44,N,VIIRS,2,2012
-0.0392,117.30167,2012-06-16,603,n,0,4.22,329.36,295.31,0.57,0.52,N,VIIRS,2,2012
-0.02341,117.40587,2012-06-16,603,n,0,5.44,331.7,294.87,0.58,0.52,N,VIIRS,2,2012
-0.04165,117.3178,2012-06-16,603,n,0,9.94,340.57,295.78,0.57,0.52,N,VIIRS,2,2012
-0.04088,117.32295,2012-06-16,603,n,0,10.36,339.66,295.18,0.57,0.52,N,VIIRS,2,2012
-0.02824,117.40657,2012-06-16,603,n,0,5.89,341.46,292.78,0.58,0.52,N,VIIRS,2,2012
-0.04101,117.3206,2012-06-16,603,n,0,17.04,352.31,296.28,0.57,0.52,N,VIIRS,2,2012
-0.02773,117.40397,2012-06-16,603,n,0,12.82,348.14,294.85,0.57,0.52,N,VIIRS,2,2012
-0.37728,115.66753,2012-06-16,603,n,0,2.38,329.2,296.65,0.44,0.46,N,VIIRS,2,2012
-0.21183,117.04195,2012-06-16,603,n,0,3.6,331.22,292.2,0.54,0.51,N,VIIRS,2,2012
-0.34198,116.47946,2012-06-16,603,n,0,3.46,332.06,295.18,0.49,0.49,N,VIIRS,2,2012
-0.6398,114.84134,2012-06-16,603,n,0,10.36,343.28,297.92,0.38,0.43,N,VIIRS,2,2012
-0.35801,116.77065,2012-06-16,603,n,0,5.8,338.42,289.18,0.52,0.5,N,VIIRS,2,2012
-0.26212,117.34331,2012-06-16,603,n,0,4.53,334.01,294.18,0.56,0.52,N,VIIRS,2,2012
-0.35742,116.77271,2012-06-16,603,n,0,5.71,337.66,289.77,0.51,0.5,N,VIIRS,2,2012
-0.81009,113.99229,2012-06-16,603,n,0,4.12,330.48,298.77,0.51,0.41,N,VIIRS,2,2012
-0.82053,114.05052,2012-06-16,603,n,0,21.45,346.12,300.24,0.51,0.41,N,VIIRS,2,2012
-0.36102,117.02166,2012-06-16,603,n,0,8.12,329.42,295.73,0.54,0.5,N,VIIRS,2,2012
-0.3657,117.02226,2012-06-16,603,n,0,8.12,348.02,296.76,0.54,0.5,N,VIIRS,2,2012
-0.39837,117.12177,2012-06-16,603,n,0,23.15,341.83,295.71,0.54,0.51,N,VIIRS,2,2012
-0.40309,117.12236,2012-06-16,603,n,0,7.92,339.82,297.17,0.54,0.51,N,VIIRS,2,2012
-0.39997,117.12074,2012-06-16,603,n,0,16.49,338.3,296.72,0.54,0.51,N,VIIRS,2,2012
-0.39921,117.12552,2012-06-16,603,n,0,16.49,340.42,298.26,0.54,0.51,N,VIIRS,2,2012
-0.50937,117.22366,2012-06-16,603,n,0,3.08,332.4,295.1,0.55,0.51,N,VIIRS,2,2012
-0.51019,117.22681,2012-06-16,603,n,0,3.69,333.09,295.69,0.55,0.51,N,VIIRS,2,2012
-0.5681,116.98086,2012-06-16,603,n,0,4.87,340.31,296.84,0.53,0.5,N,VIIRS,2,2012
-1.16588,113.62795,2012-06-16,603,n,0,3.62,330.04,299.96,0.48,0.4,N,VIIRS,2,2012
-1.16523,113.63227,2012-06-16,603,n,0,5.35,331.39,299.64,0.48,0.4,N,VIIRS,2,2012
-1.16713,113.63184,2012-06-16,603,n,0,6.14,333.96,300.64,0.48,0.4,N,VIIRS,2,2012
-1.0937,114.22564,2012-06-16,603,n,0,10.18,344.96,301.78,0.52,0.42,N,VIIRS,2,2012
-0.71928,117.06569,2012-06-16,603,n,0,4.41,340.64,294.47,0.53,0.5,N,VIIRS,2,2012
-1.23261,113.9296,2012-06-16,603,n,0,13.36,332.46,301.06,0.5,0.41,N,VIIRS,2,2012
-1.23637,113.93016,2012-06-16,603,n,0,13.36,332.45,299.62,0.5,0.41,N,VIIRS,2,2012
-0.85111,116.90746,2012-06-16,603,n,0,7.02,335.93,296.01,0.52,0.5,N,VIIRS,2,2012
-1.19386,114.93975,2012-06-16,603,n,0,6.41,333.39,296.95,0.57,0.43,N,VIIRS,2,2012
-0.96179,117.15108,2012-06-16,603,n,2,2.43,328.44,294.28,0.53,0.5,N,VIIRS,2,2012
-1.30722,116.67744,2012-06-16,603,n,0,3.08,329.75,296.02,0.49,0.49,N,VIIRS,2,2012
-1.65271,114.48451,2012-06-16,603,n,0,4.54,333.75,300.48,0.53,0.42,N,VIIRS,2,2012
-2.33633,116.28698,2012-06-16,603,n,0,3.4,329.21,294.93,0.45,0.47,N,VIIRS,2,2012
-2.46743,115.36453,2012-06-16,603,n,0,6.08,353.96,298.88,0.39,0.44,N,VIIRS,2,2012
-2.37709,115.38646,2012-06-16,603,n,0,11.69,340.11,297.5,0.39,0.44,N,VIIRS,2,2012
1.73346,117.95564,2012-06-16,604,n,0,2.61,335.14,292.71,0.33,0.56,N,VIIRS,2,2012
1.62734,118.02936,2012-06-16,604,n,0,3.28,328.34,297.75,0.34,0.56,N,VIIRS,2,2012
1.57945,118.13405,2012-06-16,604,n,0,4.99,329.34,296.31,0.34,0.56,N,VIIRS,2,2012
1.57991,118.13719,2012-06-16,604,n,0,7.89,341.49,296.22,0.34,0.56,N,VIIRS,2,2012
1.57424,118.13476,2012-06-16,604,n,0,4.99,354.18,297.31,0.34,0.56,N,VIIRS,2,2012
1.56521,118.14565,2012-06-16,604,n,0,4.04,330.64,296.07,0.34,0.56,N,VIIRS,2,2012
1.57826,118.13284,2012-06-16,604,n,0,2.63,330.79,296.67,0.34,0.56,N,VIIRS,2,2012
1.57875,118.13596,2012-06-16,604,n,0,2.63,348.36,296.62,0.34,0.56,N,VIIRS,2,2012
1.57305,118.13353,2012-06-16,604,n,0,2.63,338.44,296.79,0.34,0.56,N,VIIRS,2,2012
1.57354,118.13664,2012-06-16,604,n,0,2.63,329.39,295.86,0.34,0.56,N,VIIRS,2,2012
1.56458,118.14751,2012-06-16,604,n,0,3.47,338.98,297.63,0.34,0.56,N,VIIRS,2,2012
1.48096,117.87528,2012-06-16,604,n,0,9.17,346.22,298.34,0.33,0.55,N,VIIRS,2,2012
1.4814,117.87824,2012-06-16,604,h,0,12.07,367.0,298.28,0.33,0.55,N,VIIRS,2,2012
1.49038,118.28928,2012-06-16,604,n,0,1.76,333.4,294.75,0.35,0.57,N,VIIRS,2,2012
1.48513,118.28999,2012-06-16,604,n,0,2.17,328.77,295.02,0.35,0.57,N,VIIRS,2,2012
1.24213,117.10056,2012-06-16,604,n,0,4.44,328.71,294.68,0.57,0.52,N,VIIRS,2,2012
1.02963,117.9634,2012-06-16,604,h,0,5.45,367.0,296.04,0.33,0.55,N,VIIRS,2,2012
1.02919,117.96044,2012-06-16,604,n,0,5.45,341.64,294.55,0.33,0.55,N,VIIRS,2,2012
1.21408,118.05795,2012-06-16,604,n,0,3.42,335.74,294.23,0.33,0.56,N,VIIRS,2,2012
1.21923,118.05721,2012-06-16,604,n,0,6.17,351.47,294.99,0.33,0.56,N,VIIRS,2,2012
2.2249,117.56226,2012-06-16,604,n,0,3.42,344.46,295.78,0.32,0.54,N,VIIRS,2,2012
2.23308,117.96503,2012-06-16,604,n,0,5.02,351.63,291.3,0.34,0.56,N,VIIRS,2,2012
2.08472,117.37616,2012-06-16,604,n,0,8.77,339.81,295.38,0.62,0.54,N,VIIRS,2,2012
2.08445,117.37863,2012-06-16,604,n,0,7.75,342.34,295.67,0.62,0.54,N,VIIRS,2,2012
2.04059,117.35706,2012-06-16,604,n,0,12.02,342.38,295.88,0.61,0.54,N,VIIRS,2,2012
1.4798,117.87471,2012-06-16,1703,n,0,1.27,310.96,286.28,0.56,0.52,N,VIIRS,2,2012
1.47904,117.87981,2012-06-16,1703,n,0,0.55,304.33,288.51,0.56,0.51,N,VIIRS,2,2012
1.47979,117.87292,2012-06-16,1703,n,0,0.87,306.7,282.17,0.56,0.51,N,VIIRS,2,2012
1.479,117.878,2012-06-16,1703,n,0,0.87,304.17,286.37,0.56,0.51,N,VIIRS,2,2012
1.24295,118.02433,2012-06-16,1703,n,0,0.81,308.26,285.65,0.54,0.51,N,VIIRS,2,2012
1.24146,118.02205,2012-06-16,1703,n,0,1.27,310.98,284.18,0.54,0.51,N,VIIRS,2,2012
0.18277,117.48828,2012-06-16,1703,n,2,2.01,300.71,278.24,0.57,0.52,N,VIIRS,2,2012
1.21657,118.05825,2012-06-16,1703,n,0,3.47,315.49,289.47,0.54,0.51,N,VIIRS,2,2012
0.10799,117.47006,2012-06-16,1704,n,2,2.49,315.24,283.12,0.57,0.52,N,VIIRS,2,2012
-0.12315,116.04395,2012-06-16,1704,n,0,0.76,301.1,280.39,0.35,0.57,N,VIIRS,2,2012
-0.582,117.38651,2012-06-16,1704,n,2,1.78,306.93,292.19,0.56,0.52,N,VIIRS,2,2012
-0.58179,117.38463,2012-06-16,1704,n,2,1.45,309.43,292.36,0.56,0.52,N,VIIRS,2,2012
-0.77168,117.19316,2012-06-16,1704,n,0,1.46,303.51,292.08,0.58,0.52,N,VIIRS,2,2012
-0.77519,117.19093,2012-06-16,1704,n,0,1.43,307.09,292.26,0.58,0.52,N,VIIRS,2,2012
-0.96461,117.14871,2012-06-16,1704,n,2,2.9,319.6,292.14,0.58,0.52,N,VIIRS,2,2012
-0.96331,117.14726,2012-06-16,1704,n,2,2.93,313.61,291.9,0.58,0.52,N,VIIRS,2,2012
-0.80945,113.98751,2012-06-16,1704,n,0,1.92,311.94,291.57,0.47,0.64,N,VIIRS,2,2012
-0.81012,113.99178,2012-06-16,1704,n,0,1.92,319.85,291.62,0.47,0.64,N,VIIRS,2,2012
-0.81191,113.98997,2012-06-16,1704,n,0,3.2,335.55,292.06,0.47,0.64,N,VIIRS,2,2012
-1.77094,113.64842,2012-06-16,1704,n,0,0.7,308.5,290.6,0.48,0.65,N,VIIRS,2,2012
-2.36582,116.47398,2012-06-16,1704,n,0,0.9,300.42,285.08,0.61,0.53,N,VIIRS,2,2012
-2.3667,116.47952,2012-06-16,1704,n,0,0.9,303.93,287.15,0.61,0.53,N,VIIRS,2,2012
-2.36773,116.47785,2012-06-16,1704,n,0,2.47,308.8,287.41,0.61,0.53,N,VIIRS,2,2012
-0.23382,116.63048,2012-06-17,544,n,0,3.93,335.62,299.64,0.41,0.37,N,VIIRS,2,2012
-0.23726,116.63098,2012-06-17,544,n,0,2.48,336.94,300.92,0.41,0.37,N,VIIRS,2,2012
-0.17336,117.07108,2012-06-17,544,n,0,5.25,331.77,299.15,0.43,0.38,N,VIIRS,2,2012
-2.3601,114.85632,2012-06-17,544,n,0,4.07,342.81,298.92,0.38,0.36,N,VIIRS,2,2012
-2.13395,115.32524,2012-06-17,544,n,0,8.1,347.02,301.37,0.38,0.36,N,VIIRS,2,2012
-2.31846,114.03968,2012-06-17,544,n,0,3.03,328.38,295.44,0.39,0.36,N,VIIRS,2,2012
-1.96574,116.20943,2012-06-17,544,n,0,3.11,334.12,293.58,0.39,0.37,N,VIIRS,2,2012
-1.9118,116.00916,2012-06-17,544,n,0,5.61,337.18,294.41,0.39,0.36,N,VIIRS,2,2012
-2.0288,115.01257,2012-06-17,544,n,0,6.95,346.42,300.55,0.38,0.36,N,VIIRS,2,2012
-2.02548,115.01208,2012-06-17,544,n,0,6.95,334.46,296.97,0.38,0.36,N,VIIRS,2,2012
-2.19775,113.82529,2012-06-17,544,n,0,6.92,335.25,302.14,0.4,0.37,N,VIIRS,2,2012
-2.19828,113.82172,2012-06-17,544,n,0,2.96,333.01,299.07,0.4,0.37,N,VIIRS,2,2012
-1.45172,116.44843,2012-06-17,544,n,0,2.82,333.25,295.4,0.4,0.37,N,VIIRS,2,2012
-1.77085,113.65067,2012-06-17,544,n,0,14.71,347.8,299.18,0.4,0.37,N,VIIRS,2,2012
-1.76854,113.64301,2012-06-17,544,n,0,6.0,333.59,297.98,0.4,0.37,N,VIIRS,2,2012
-1.56249,114.79118,2012-06-17,544,n,0,3.78,336.97,299.28,0.38,0.36,N,VIIRS,2,2012
-1.21985,116.57234,2012-06-17,544,n,0,2.12,335.02,298.23,0.41,0.37,N,VIIRS,2,2012
-1.66436,113.64152,2012-06-17,544,n,0,3.88,335.09,299.39,0.4,0.37,N,VIIRS,2,2012
-1.21644,116.57182,2012-06-17,544,n,0,1.98,331.43,296.61,0.41,0.37,N,VIIRS,2,2012
-1.61998,113.58386,2012-06-17,544,n,0,3.09,331.22,298.25,0.4,0.37,N,VIIRS,2,2012
-1.40225,114.64012,2012-06-17,544,n,0,1.84,330.37,298.12,0.38,0.36,N,VIIRS,2,2012
-1.39893,114.63962,2012-06-17,544,n,0,1.84,331.29,296.06,0.38,0.36,N,VIIRS,2,2012
-1.39945,114.63618,2012-06-17,544,n,0,4.82,337.51,298.09,0.38,0.36,N,VIIRS,2,2012
-1.39665,114.63223,2012-06-17,544,n,0,3.49,331.48,297.7,0.38,0.36,N,VIIRS,2,2012
-1.00076,117.07677,2012-06-17,544,n,0,12.2,343.27,299.6,0.42,0.38,N,VIIRS,2,2012
-0.96481,117.14952,2012-06-17,544,n,2,3.32,330.61,299.11,0.43,0.38,N,VIIRS,2,2012
-0.87966,116.88051,2012-06-17,544,n,0,2.4,332.2,296.77,0.42,0.38,N,VIIRS,2,2012
-0.77448,117.19167,2012-06-17,544,n,0,4.45,335.87,301.77,0.43,0.38,N,VIIRS,2,2012
-1.21735,113.85244,2012-06-17,544,n,0,3.89,330.25,299.34,0.39,0.36,N,VIIRS,2,2012
-0.716,116.89791,2012-06-17,544,n,0,4.41,332.35,299.16,0.42,0.38,N,VIIRS,2,2012
-0.63023,116.79726,2012-06-17,544,n,0,10.52,354.81,300.46,0.42,0.37,N,VIIRS,2,2012
-0.62677,116.79677,2012-06-17,544,n,0,3.76,337.02,298.56,0.42,0.37,N,VIIRS,2,2012
-0.983,113.88158,2012-06-17,544,n,0,9.02,349.81,301.19,0.39,0.36,N,VIIRS,2,2012
-0.97965,113.88108,2012-06-17,544,n,0,9.02,349.07,298.86,0.39,0.36,N,VIIRS,2,2012
-0.41586,116.92297,2012-06-17,544,n,0,9.0,335.1,298.27,0.42,0.38,N,VIIRS,2,2012
-0.4541,116.47033,2012-06-17,544,n,0,7.83,333.95,300.94,0.41,0.37,N,VIIRS,2,2012
-0.45068,116.46982,2012-06-17,544,n,0,4.87,333.2,298.12,0.41,0.37,N,VIIRS,2,2012
-0.68753,114.63048,2012-06-17,544,n,0,2.94,335.46,296.74,0.38,0.36,N,VIIRS,2,2012
-0.35255,116.77016,2012-06-17,544,n,0,8.34,338.16,299.56,0.42,0.38,N,VIIRS,2,2012
-0.23432,117.35583,2012-06-17,544,n,0,7.37,334.68,298.2,0.44,0.38,N,VIIRS,2,2012
-0.20983,117.39692,2012-06-17,544,n,0,27.99,349.55,299.57,0.44,0.39,N,VIIRS,2,2012
-0.38959,116.23001,2012-06-17,544,n,0,3.28,336.59,300.47,0.4,0.37,N,VIIRS,2,2012
-0.20627,117.3964,2012-06-17,544,n,0,27.99,348.53,301.11,0.44,0.39,N,VIIRS,2,2012
-0.21368,117.34862,2012-06-17,544,n,0,5.38,336.24,297.48,0.44,0.38,N,VIIRS,2,2012
-0.3862,116.22951,2012-06-17,544,n,0,3.28,336.44,299.91,0.4,0.37,N,VIIRS,2,2012
-0.20689,117.39742,2012-06-17,544,n,0,46.78,338.66,303.2,0.44,0.39,N,VIIRS,2,2012
-0.21405,117.34955,2012-06-17,544,n,0,4.88,339.99,296.97,0.44,0.38,N,VIIRS,2,2012
-0.68269,114.21643,2012-06-17,544,n,0,2.38,332.95,297.84,0.39,0.36,N,VIIRS,2,2012
-0.23643,117.15202,2012-06-17,544,n,0,1.82,332.66,297.32,0.43,0.38,N,VIIRS,2,2012
-0.21659,117.04591,2012-06-17,544,n,0,4.05,333.01,299.72,0.43,0.38,N,VIIRS,2,2012
-0.21309,117.04536,2012-06-17,544,n,0,9.19,333.65,298.99,0.43,0.38,N,VIIRS,2,2012
0.18039,116.44202,2012-06-17,544,n,0,3.03,336.0,300.87,0.41,0.37,N,VIIRS,2,2012
-0.10184,115.50574,2012-06-17,544,n,0,3.71,331.71,294.8,0.39,0.36,N,VIIRS,2,2012
0.13425,117.39173,2012-06-17,544,n,0,6.68,345.8,291.95,0.45,0.39,N,VIIRS,2,2012
-0.09811,116.12638,2012-06-17,544,n,0,26.41,343.48,300.44,0.4,0.37,N,VIIRS,2,2012
0.10772,117.47003,2012-06-17,544,n,2,7.74,339.31,292.05,0.45,0.39,N,VIIRS,2,2012
-0.13049,116.05022,2012-06-17,544,n,0,4.18,336.0,300.96,0.4,0.37,N,VIIRS,2,2012
-0.13834,116.04407,2012-06-17,544,n,0,8.29,357.11,302.1,0.4,0.37,N,VIIRS,2,2012
-0.1378,116.04766,2012-06-17,544,n,0,6.02,351.5,301.76,0.4,0.37,N,VIIRS,2,2012
-0.13726,116.05122,2012-06-17,544,n,0,6.02,349.83,301.58,0.4,0.37,N,VIIRS,2,2012
-0.04385,117.25909,2012-06-17,544,n,0,3.26,331.84,298.18,0.44,0.38,N,VIIRS,2,2012
-0.12458,117.15488,2012-06-17,544,n,0,2.97,333.51,297.96,0.43,0.38,N,VIIRS,2,2012
-0.17591,116.96139,2012-06-17,544,n,0,2.88,333.02,300.09,0.43,0.38,N,VIIRS,2,2012
0.57451,117.59549,2012-06-17,545,n,0,5.54,332.04,297.64,0.46,0.39,N,VIIRS,2,2012
1.1959,117.44706,2012-06-17,545,n,0,4.75,338.2,299.43,0.46,0.39,N,VIIRS,2,2012
1.25581,117.13425,2012-06-17,545,n,0,9.54,343.8,297.91,0.45,0.39,N,VIIRS,2,2012
1.36056,117.6741,2012-06-17,545,n,0,4.44,333.38,299.01,0.47,0.4,N,VIIRS,2,2012
1.45176,117.97997,2012-06-17,545,n,0,15.74,344.93,299.58,0.49,0.41,N,VIIRS,2,2012
1.48323,117.87715,2012-06-17,545,n,0,10.92,337.98,304.43,0.49,0.4,N,VIIRS,2,2012
1.57837,118.15617,2012-06-17,545,n,0,4.72,332.64,299.08,0.51,0.41,N,VIIRS,2,2012
2.10798,117.49528,2012-06-17,545,n,0,4.14,335.73,299.6,0.47,0.4,N,VIIRS,2,2012
2.06633,117.09264,2012-06-17,545,n,0,3.67,332.02,300.78,0.45,0.39,N,VIIRS,2,2012
2.20454,117.93786,2012-06-17,545,n,0,9.12,341.9,300.55,0.5,0.41,N,VIIRS,2,2012
2.24995,117.47081,2012-06-17,545,n,0,2.38,330.79,296.37,0.47,0.4,N,VIIRS,2,2012
2.40206,117.9444,2012-06-17,545,n,0,7.18,332.5,298.39,0.5,0.41,N,VIIRS,2,2012
2.47364,117.87981,2012-06-17,545,n,0,4.42,337.21,297.89,0.5,0.41,N,VIIRS,2,2012
0.30667,116.14965,2012-06-17,545,n,0,3.64,333.96,298.53,0.4,0.37,N,VIIRS,2,2012
0.32204,116.27406,2012-06-17,545,n,0,5.4,343.92,299.9,0.41,0.37,N,VIIRS,2,2012
0.50801,117.55037,2012-06-17,545,n,0,4.07,340.62,298.77,0.46,0.39,N,VIIRS,2,2012
0.46127,117.59046,2012-06-17,545,n,0,5.11,335.73,302.07,0.46,0.39,N,VIIRS,2,2012
0.46191,117.59459,2012-06-17,545,n,0,5.11,333.23,300.11,0.46,0.39,N,VIIRS,2,2012
0.29896,116.5805,2012-06-17,545,n,0,7.56,336.95,301.38,0.42,0.37,N,VIIRS,2,2012
0.11287,115.63099,2012-06-17,545,n,0,3.5,334.62,295.26,0.39,0.36,N,VIIRS,2,2012
0.11981,115.67681,2012-06-17,545,n,0,4.26,331.4,299.13,0.39,0.36,N,VIIRS,2,2012
0.10952,115.63148,2012-06-17,545,n,0,6.03,342.86,299.4,0.39,0.36,N,VIIRS,2,2012
0.84119,117.73664,2012-06-17,545,n,0,8.35,331.31,298.76,0.47,0.4,N,VIIRS,2,2012
0.80033,117.53803,2012-06-17,545,l,0,21.72,329.75,299.96,0.46,0.39,N,VIIRS,2,2012
1.24217,118.02174,2012-06-17,545,n,0,6.48,336.08,297.76,0.49,0.4,N,VIIRS,2,2012
0.80095,117.54214,2012-06-17,545,n,0,36.01,341.15,302.84,0.46,0.39,N,VIIRS,2,2012
0.5822,116.87177,2012-06-17,545,n,0,2.74,332.14,295.85,0.43,0.38,N,VIIRS,2,2012
0.63259,117.61246,2012-06-17,545,n,0,7.21,340.6,300.02,0.46,0.39,N,VIIRS,2,2012
0.41081,116.17065,2012-06-17,545,n,0,6.85,333.38,299.68,0.41,0.37,N,VIIRS,2,2012
0.57399,117.59526,2012-06-17,545,n,0,4.12,332.64,296.79,0.46,0.39,N,VIIRS,2,2012
0.57463,117.59943,2012-06-17,545,n,0,6.78,334.93,299.27,0.46,0.39,N,VIIRS,2,2012
0.5154,116.86209,2012-06-17,545,n,0,25.23,348.99,301.37,0.43,0.38,N,VIIRS,2,2012
0.51191,116.86261,2012-06-17,545,n,0,2.71,334.96,300.87,0.43,0.38,N,VIIRS,2,2012
0.62786,117.6302,2012-06-17,545,n,0,5.31,334.16,298.01,0.46,0.39,N,VIIRS,2,2012
1.48123,117.87684,2012-06-17,1644,n,0,1.91,306.13,289.34,0.59,0.7,N,VIIRS,2,2012
1.77244,117.92428,2012-06-17,1644,n,0,0.64,302.57,289.43,0.59,0.7,N,VIIRS,2,2012
1.77111,117.92416,2012-06-17,1644,n,0,0.62,303.16,289.19,0.59,0.7,N,VIIRS,2,2012
-0.46626,117.58131,2012-06-17,1645,h,0,18.22,367.0,291.85,0.57,0.69,N,VIIRS,2,2012
0.18526,117.48462,2012-06-17,1645,n,2,1.72,306.8,290.75,0.6,0.7,N,VIIRS,2,2012
0.1844,117.4901,2012-06-17,1645,n,0,2.16,304.01,291.41,0.6,0.7,N,VIIRS,2,2012
0.10746,117.4664,2012-06-17,1645,n,2,4.24,348.9,290.96,0.6,0.7,N,VIIRS,2,2012
0.10663,117.47182,2012-06-17,1645,n,2,4.24,310.67,290.47,0.6,0.7,N,VIIRS,2,2012
0.10934,117.46674,2012-06-17,1645,n,0,7.21,344.83,291.0,0.6,0.7,N,VIIRS,2,2012
0.10848,117.47211,2012-06-17,1645,n,2,3.69,310.79,290.83,0.6,0.7,N,VIIRS,2,2012
-0.14043,116.0496,2012-06-17,1645,n,0,1.08,303.86,288.16,0.73,0.76,N,VIIRS,2,2012
-0.4598,117.58239,2012-06-17,1645,n,0,18.22,304.85,290.76,0.57,0.69,N,VIIRS,2,2012
-0.46066,117.58768,2012-06-17,1645,n,2,12.99,308.6,291.11,0.57,0.69,N,VIIRS,2,2012
-0.46711,117.58661,2012-06-17,1645,n,2,12.99,343.28,291.46,0.57,0.69,N,VIIRS,2,2012
-0.4654,117.576,2012-06-17,1645,n,0,18.22,308.71,290.89,0.58,0.69,N,VIIRS,2,2012
-0.46796,117.59191,2012-06-17,1645,n,0,12.99,312.43,290.81,0.57,0.69,N,VIIRS,2,2012
-0.53686,117.40385,2012-06-17,1645,n,0,1.89,317.37,290.16,0.59,0.7,N,VIIRS,2,2012
-0.53773,117.40924,2012-06-17,1645,n,3,1.89,314.29,290.18,0.59,0.7,N,VIIRS,2,2012
-0.58074,117.38532,2012-06-17,1645,n,2,1.08,307.57,290.06,0.59,0.7,N,VIIRS,2,2012
-0.57978,117.3842,2012-06-17,1645,n,2,1.36,307.35,290.28,0.59,0.7,N,VIIRS,2,2012
-0.637,117.52963,2012-06-17,1645,n,0,1.13,305.17,291.18,0.58,0.69,N,VIIRS,2,2012
-0.77518,117.19061,2012-06-17,1645,n,0,0.76,302.1,289.61,0.6,0.71,N,VIIRS,2,2012
-0.7732,117.18956,2012-06-17,1645,n,0,1.24,305.86,289.88,0.6,0.71,N,VIIRS,2,2012
-0.96519,117.15277,2012-06-17,1825,n,2,2.62,310.71,288.89,0.68,0.74,N,VIIRS,2,2012
0.10451,117.47041,2012-06-17,1825,n,2,9.53,342.29,290.7,0.69,0.74,N,VIIRS,2,2012
0.10356,117.46951,2012-06-17,1825,n,2,5.93,331.1,290.6,0.69,0.74,N,VIIRS,2,2012
1.77006,117.92386,2012-06-17,1825,n,0,0.36,302.03,288.08,0.7,0.75,N,VIIRS,2,2012
1.77038,117.92424,2012-06-17,1825,n,0,0.94,302.41,287.7,0.7,0.75,N,VIIRS,2,2012
0.58409,116.00937,2012-06-17,1825,n,0,1.18,308.27,287.11,0.54,0.68,N,VIIRS,2,2012
1.48108,117.87766,2012-06-17,1825,n,0,1.57,302.89,288.27,0.7,0.75,N,VIIRS,2,2012
1.47555,117.87772,2012-06-17,1825,n,0,1.42,302.78,288.32,0.7,0.75,N,VIIRS,2,2012
-0.58598,117.38318,2012-06-17,1825,n,2,0.69,301.7,288.96,0.7,0.75,N,VIIRS,2,2012
-2.36946,116.48646,2012-06-17,1826,n,0,1.04,303.94,288.86,0.65,0.73,N,VIIRS,2,2012
-2.18195,114.96754,2012-06-18,525,n,0,2.65,337.58,297.64,0.39,0.44,N,VIIRS,2,2012
-2.02494,115.99384,2012-06-18,525,n,0,4.54,334.09,295.81,0.5,0.41,N,VIIRS,2,2012
-2.29272,114.01622,2012-06-18,525,n,0,4.83,334.39,297.69,0.45,0.47,N,VIIRS,2,2012
-1.94451,116.35581,2012-06-18,525,n,0,77.4,339.08,306.16,0.48,0.4,N,VIIRS,2,2012
-1.94083,116.35525,2012-06-18,525,n,0,6.67,338.85,297.67,0.48,0.4,N,VIIRS,2,2012
-1.8837,116.36964,2012-06-18,525,n,0,5.4,340.53,298.52,0.48,0.4,N,VIIRS,2,2012
-2.02714,114.81099,2012-06-18,525,n,0,2.24,329.71,297.51,0.39,0.44,N,VIIRS,2,2012
-1.92697,113.57882,2012-06-18,525,n,0,7.56,328.93,297.78,0.47,0.48,N,VIIRS,2,2012
-1.77255,113.65199,2012-06-18,525,n,0,9.13,334.55,292.15,0.46,0.47,N,VIIRS,2,2012
-1.77318,113.64784,2012-06-18,525,n,0,12.33,339.72,296.8,0.46,0.47,N,VIIRS,2,2012
-1.68215,113.63023,2012-06-18,525,n,0,17.46,350.82,299.59,0.46,0.47,N,VIIRS,2,2012
-1.68187,113.63066,2012-06-18,525,n,0,17.65,351.2,298.09,0.46,0.47,N,VIIRS,2,2012
-1.68251,113.62652,2012-06-18,525,n,0,8.2,340.91,293.52,0.46,0.47,N,VIIRS,2,2012
-0.9628,117.12483,2012-06-18,525,n,0,5.29,337.9,298.77,0.43,0.38,N,VIIRS,2,2012
-1.12348,114.21132,2012-06-18,525,n,0,7.14,342.33,297.86,0.42,0.45,N,VIIRS,2,2012
-1.12405,114.20757,2012-06-18,525,n,0,4.23,332.94,296.61,0.42,0.45,N,VIIRS,2,2012
-0.68222,117.07554,2012-06-18,525,n,0,11.5,342.97,289.51,0.43,0.38,N,VIIRS,2,2012
-0.64381,116.94709,2012-06-18,525,n,0,2.19,329.94,296.41,0.44,0.38,N,VIIRS,2,2012
-0.40453,116.52444,2012-06-18,525,n,0,4.63,338.17,299.29,0.45,0.39,N,VIIRS,2,2012
-0.35312,116.77117,2012-06-18,525,n,0,4.9,335.06,298.82,0.44,0.38,N,VIIRS,2,2012
-0.35392,116.7715,2012-06-18,525,n,0,5.08,333.94,298.97,0.44,0.38,N,VIIRS,2,2012
-0.26965,117.2726,2012-06-18,525,n,0,1.77,331.62,295.74,0.42,0.38,N,VIIRS,2,2012
-0.20932,117.41318,2012-06-18,525,n,0,5.28,337.34,290.9,0.42,0.37,N,VIIRS,2,2012
-0.24594,117.07816,2012-06-18,525,n,0,4.08,332.94,298.5,0.43,0.38,N,VIIRS,2,2012
-0.20727,117.26338,2012-06-18,525,n,0,3.89,335.76,298.21,0.42,0.38,N,VIIRS,2,2012
-2.19158,115.57479,2012-06-18,525,n,0,3.48,331.69,296.74,0.53,0.42,N,VIIRS,2,2012
2.49368,117.84872,2012-06-18,526,n,0,7.29,340.46,302.52,0.39,0.36,N,VIIRS,2,2012
1.76893,117.92513,2012-06-18,526,n,0,2.47,333.03,302.38,0.39,0.36,N,VIIRS,2,2012
1.90977,117.74442,2012-06-18,526,n,0,6.1,337.73,301.36,0.4,0.37,N,VIIRS,2,2012
1.97747,117.27439,2012-06-18,526,n,0,3.06,332.18,298.09,0.41,0.37,N,VIIRS,2,2012
2.084,117.37666,2012-06-18,526,n,0,4.9,335.08,302.0,0.4,0.37,N,VIIRS,2,2012
2.07209,117.09118,2012-06-18,526,n,0,4.28,332.61,298.2,0.41,0.37,N,VIIRS,2,2012
2.11529,117.12557,2012-06-18,526,n,0,5.32,333.9,299.61,0.41,0.37,N,VIIRS,2,2012
2.19959,117.47266,2012-06-18,526,n,0,3.9,334.13,299.73,0.4,0.37,N,VIIRS,2,2012
2.24679,117.66985,2012-06-18,526,n,0,4.76,328.51,295.82,0.4,0.37,N,VIIRS,2,2012
-0.14059,117.24571,2012-06-18,526,n,0,2.94,330.93,298.21,0.42,0.38,N,VIIRS,2,2012
-0.13713,117.24519,2012-06-18,526,n,0,4.47,336.77,298.41,0.42,0.38,N,VIIRS,2,2012
-0.11029,116.80869,2012-06-18,526,n,0,29.82,352.9,301.46,0.44,0.38,N,VIIRS,2,2012
-0.10676,116.80817,2012-06-18,526,n,0,29.82,347.83,296.88,0.44,0.38,N,VIIRS,2,2012
-0.15058,116.03363,2012-06-18,526,n,0,50.11,350.74,302.21,0.48,0.4,N,VIIRS,2,2012
-0.15122,116.02936,2012-06-18,526,n,0,7.49,330.01,296.27,0.48,0.4,N,VIIRS,2,2012
-0.14373,116.05442,2012-06-18,526,n,0,6.74,339.68,297.52,0.47,0.4,N,VIIRS,2,2012
-0.1321,116.05708,2012-06-18,526,n,0,6.95,336.74,299.62,0.47,0.4,N,VIIRS,2,2012
0.05932,117.34656,2012-06-18,526,n,0,2.78,332.96,297.09,0.42,0.37,N,VIIRS,2,2012
-0.13228,116.05804,2012-06-18,526,n,0,3.95,335.76,298.82,0.47,0.4,N,VIIRS,2,2012
-0.1698,115.4407,2012-06-18,526,n,0,3.64,332.24,296.62,0.51,0.41,N,VIIRS,2,2012
0.47032,117.59373,2012-06-18,526,n,0,2.33,329.17,300.27,0.41,0.37,N,VIIRS,2,2012
0.28283,116.2171,2012-06-18,526,n,0,4.26,337.66,298.64,0.46,0.39,N,VIIRS,2,2012
0.26456,116.09645,2012-06-18,526,n,0,5.09,337.59,296.78,0.47,0.4,N,VIIRS,2,2012
0.50394,117.56257,2012-06-18,526,n,0,2.94,333.61,300.09,0.41,0.37,N,VIIRS,2,2012
0.50339,117.55892,2012-06-18,526,n,0,1.62,331.62,298.77,0.41,0.37,N,VIIRS,2,2012
0.50735,117.56207,2012-06-18,526,n,0,4.08,333.25,300.5,0.41,0.37,N,VIIRS,2,2012
0.5068,117.5584,2012-06-18,526,n,0,2.62,333.06,299.83,0.41,0.37,N,VIIRS,2,2012
0.31381,116.27576,2012-06-18,526,n,0,4.18,330.95,297.76,0.46,0.39,N,VIIRS,2,2012
0.31111,116.20863,2012-06-18,526,n,0,4.27,334.05,298.68,0.46,0.39,N,VIIRS,2,2012
0.3446,116.17887,2012-06-18,526,n,0,5.56,330.57,296.17,0.46,0.39,N,VIIRS,2,2012
0.34397,116.17471,2012-06-18,526,n,0,4.59,331.31,297.08,0.46,0.39,N,VIIRS,2,2012
0.32669,116.06228,2012-06-18,526,n,0,4.18,335.96,294.9,0.47,0.4,N,VIIRS,2,2012
0.57256,117.64498,2012-06-18,526,n,0,7.67,336.09,300.59,0.4,0.37,N,VIIRS,2,2012
0.57219,117.59686,2012-06-18,526,n,0,4.29,338.32,299.81,0.41,0.37,N,VIIRS,2,2012
0.44908,116.74254,2012-06-18,526,n,0,8.38,339.68,300.5,0.44,0.38,N,VIIRS,2,2012
0.64544,117.66738,2012-06-18,526,n,0,4.81,332.09,300.28,0.4,0.37,N,VIIRS,2,2012
0.65589,117.64315,2012-06-18,526,n,0,3.9,332.45,299.5,0.4,0.37,N,VIIRS,2,2012
0.46882,116.16518,2012-06-18,526,n,0,6.99,335.68,299.42,0.46,0.39,N,VIIRS,2,2012
0.68237,117.52015,2012-06-18,526,n,0,3.19,333.27,299.81,0.41,0.37,N,VIIRS,2,2012
0.72723,117.51712,2012-06-18,526,n,0,2.3,332.51,298.91,0.41,0.37,N,VIIRS,2,2012
0.69355,117.18239,2012-06-18,526,n,0,7.97,339.25,300.95,0.42,0.37,N,VIIRS,2,2012
0.69297,117.17864,2012-06-18,526,n,0,7.97,336.44,297.96,0.42,0.37,N,VIIRS,2,2012
0.64452,116.86407,2012-06-18,526,n,0,2.79,328.99,296.65,0.43,0.38,N,VIIRS,2,2012
0.697,117.18189,2012-06-18,526,n,0,14.47,347.84,298.78,0.42,0.37,N,VIIRS,2,2012
0.69642,117.17816,2012-06-18,526,n,0,14.47,337.57,301.16,0.42,0.37,N,VIIRS,2,2012
0.64089,116.63001,2012-06-18,526,n,0,2.04,332.91,294.64,0.44,0.38,N,VIIRS,2,2012
0.78472,117.5493,2012-06-18,526,n,0,6.54,343.61,300.03,0.41,0.37,N,VIIRS,2,2012
0.79549,117.55146,2012-06-18,526,n,0,10.16,342.75,301.6,0.41,0.37,N,VIIRS,2,2012
0.8126,117.52654,2012-06-18,526,n,0,3.09,334.87,299.62,0.41,0.37,N,VIIRS,2,2012
0.81205,117.52291,2012-06-18,526,n,0,3.09,331.68,298.1,0.41,0.37,N,VIIRS,2,2012
0.89044,117.78452,2012-06-18,526,n,0,2.75,337.49,298.25,0.4,0.37,N,VIIRS,2,2012
0.92673,117.8412,2012-06-18,526,n,0,4.6,331.53,298.75,0.4,0.37,N,VIIRS,2,2012
1.00064,117.02495,2012-06-18,526,n,0,2.87,328.08,299.51,0.42,0.38,N,VIIRS,2,2012
1.01043,117.01958,2012-06-18,526,n,0,36.6,331.48,298.93,0.42,0.38,N,VIIRS,2,2012
1.33709,118.47094,2012-06-18,526,n,0,1.84,331.48,299.87,0.39,0.36,N,VIIRS,2,2012
1.09827,116.83947,2012-06-18,526,n,0,6.08,334.16,300.29,0.43,0.38,N,VIIRS,2,2012
1.47609,117.87305,2012-06-18,526,n,0,3.85,332.25,302.16,0.39,0.37,N,VIIRS,2,2012
1.5569,118.13436,2012-06-18,526,n,0,2.7,337.24,302.16,0.39,0.36,N,VIIRS,2,2012
1.58083,118.13435,2012-06-18,526,n,0,4.5,339.34,304.29,0.39,0.36,N,VIIRS,2,2012
1.57518,118.07429,2012-06-18,526,n,0,1.08,329.93,300.39,0.39,0.36,N,VIIRS,2,2012
1.58064,118.09776,2012-06-18,526,n,0,12.26,336.26,303.28,0.39,0.36,N,VIIRS,2,2012
1.5801,118.09425,2012-06-18,526,n,0,5.92,330.08,300.01,0.39,0.36,N,VIIRS,2,2012
1.57689,118.07323,2012-06-18,526,n,0,1.16,331.1,300.0,0.39,0.36,N,VIIRS,2,2012
1.46367,117.10828,2012-06-18,526,n,0,5.6,334.57,298.18,0.41,0.37,N,VIIRS,2,2012
1.77044,117.92419,2012-06-18,526,n,0,4.21,333.79,301.81,0.39,0.36,N,VIIRS,2,2012
1.47999,117.8761,2012-06-18,526,n,0,9.43,347.04,304.07,0.39,0.37,N,VIIRS,2,2012
1.48335,117.87561,2012-06-18,526,n,0,9.43,349.64,301.86,0.39,0.37,N,VIIRS,2,2012
-0.58676,117.38383,2012-06-18,1806,n,2,0.8,304.6,287.96,0.33,0.55,N,VIIRS,2,2012
-0.15645,116.0434,2012-06-18,1806,n,0,0.41,296.72,282.06,0.53,0.5,N,VIIRS,2,2012
0.09206,117.46875,2012-06-18,1806,n,3,2.5,305.69,291.29,0.33,0.55,N,VIIRS,2,2012
0.10688,117.47405,2012-06-18,1806,n,2,1.47,304.11,288.62,0.33,0.55,N,VIIRS,2,2012
0.10735,117.47105,2012-06-18,1806,n,2,3.93,346.4,289.3,0.33,0.55,N,VIIRS,2,2012
0.14222,117.28327,2012-06-18,1806,n,0,0.95,303.11,289.17,0.32,0.54,N,VIIRS,2,2012
0.18113,117.48644,2012-06-18,1806,n,2,1.58,313.35,289.48,0.33,0.55,N,VIIRS,2,2012
0.85572,117.58522,2012-06-18,1806,n,0,0.44,307.2,290.61,0.33,0.55,N,VIIRS,2,2012
1.15698,117.67867,2012-06-18,1806,n,2,0.48,300.58,289.59,0.33,0.55,N,VIIRS,2,2012
1.16205,117.67957,2012-06-18,1806,n,0,0.48,306.41,290.09,0.33,0.55,N,VIIRS,2,2012
1.47932,117.8734,2012-06-18,1806,n,0,1.99,314.11,290.2,0.33,0.56,N,VIIRS,2,2012
-1.53074,113.63525,2012-06-18,1807,n,0,0.81,309.03,291.08,0.39,0.44,N,VIIRS,2,2012
-1.77318,113.64869,2012-06-18,1807,n,0,0.74,305.22,287.1,0.39,0.44,N,VIIRS,2,2012
-1.17245,114.88508,2012-06-19,506,n,0,4.79,333.35,285.96,0.39,0.6,N,VIIRS,2,2012
-2.06394,115.15604,2012-06-19,506,n,0,5.58,342.19,283.46,0.39,0.59,N,VIIRS,2,2012
-2.06342,115.15957,2012-06-19,506,n,0,6.77,338.83,282.81,0.39,0.59,N,VIIRS,2,2012
1.55394,118.14934,2012-06-19,507,n,0,3.42,331.64,290.73,0.43,0.46,N,VIIRS,2,2012
1.84359,117.82658,2012-06-19,507,n,0,2.39,330.53,289.26,0.45,0.47,N,VIIRS,2,2012
2.10302,117.58894,2012-06-19,507,n,0,3.89,329.96,288.07,0.46,0.47,N,VIIRS,2,2012
2.49447,117.87975,2012-06-19,507,n,0,3.03,327.69,291.17,0.43,0.46,N,VIIRS,2,2012
0.06174,117.35556,2012-06-19,507,n,0,4.23,331.09,286.13,0.51,0.49,N,VIIRS,2,2012
-0.12194,116.06007,2012-06-19,507,n,0,6.95,328.82,285.16,0.63,0.54,N,VIIRS,2,2012
-0.1228,116.05441,2012-06-19,507,n,0,4.94,335.53,284.3,0.63,0.54,N,VIIRS,2,2012
0.17667,117.49172,2012-06-19,507,n,0,4.56,331.32,291.8,0.5,0.49,N,VIIRS,2,2012
-0.09737,115.48257,2012-06-19,507,n,0,3.13,326.5,286.44,0.35,0.56,N,VIIRS,2,2012
0.32766,117.507,2012-06-19,507,n,0,6.83,340.99,289.66,0.49,0.49,N,VIIRS,2,2012
0.33215,117.50626,2012-06-19,507,n,0,6.83,325.78,288.92,0.49,0.49,N,VIIRS,2,2012
0.51784,117.55379,2012-06-19,507,n,0,1.45,327.6,286.55,0.49,0.48,N,VIIRS,2,2012
0.31456,116.20876,2012-06-19,507,n,0,9.72,339.43,288.46,0.61,0.53,N,VIIRS,2,2012
0.33211,116.0592,2012-06-19,507,n,0,6.2,339.64,288.45,0.62,0.54,N,VIIRS,2,2012
0.33344,116.0624,2012-06-19,507,n,0,12.36,340.24,288.63,0.62,0.54,N,VIIRS,2,2012
0.65258,116.72424,2012-06-19,507,n,0,6.95,331.62,281.23,0.55,0.51,N,VIIRS,2,2012
0.64887,116.72211,2012-06-19,507,n,0,3.86,332.18,281.46,0.55,0.51,N,VIIRS,2,2012
1.15762,117.67622,2012-06-19,1747,n,2,0.8,303.83,291.77,0.49,0.4,N,VIIRS,2,2012
1.24212,118.02499,2012-06-19,1747,n,0,0.91,306.74,291.6,0.51,0.41,N,VIIRS,2,2012
1.24184,118.02325,2012-06-19,1747,n,0,0.85,306.37,291.59,0.51,0.41,N,VIIRS,2,2012
1.474,117.87349,2012-06-19,1747,n,0,2.38,317.76,292.32,0.49,0.41,N,VIIRS,2,2012
1.76715,117.92343,2012-06-19,1747,n,0,1.81,317.94,293.08,0.49,0.41,N,VIIRS,2,2012
1.77088,117.92401,2012-06-19,1747,n,0,0.59,306.84,292.78,0.49,0.41,N,VIIRS,2,2012
2.41812,117.95593,2012-06-19,1747,n,0,0.92,309.16,293.17,0.49,0.4,N,VIIRS,2,2012
-0.17376,116.0489,2012-06-19,1748,n,0,11.35,332.14,288.21,0.42,0.38,N,VIIRS,2,2012
-0.17379,116.05582,2012-06-19,1748,n,0,18.59,345.11,284.22,0.42,0.38,N,VIIRS,2,2012
-0.17318,116.05199,2012-06-19,1748,n,0,18.59,355.24,290.2,0.42,0.38,N,VIIRS,2,2012
-0.17257,116.04816,2012-06-19,1748,n,0,5.56,323.25,286.86,0.42,0.38,N,VIIRS,2,2012
-0.17031,116.05634,2012-06-19,1748,n,0,4.2,332.56,282.04,0.42,0.38,N,VIIRS,2,2012
-2.08426,116.14426,2012-06-19,1748,n,0,0.75,304.19,291.1,0.45,0.39,N,VIIRS,2,2012
-2.06516,115.92841,2012-06-19,1748,n,0,0.58,301.57,285.55,0.44,0.38,N,VIIRS,2,2012
-2.36717,116.47916,2012-06-19,1748,n,0,1.43,310.2,290.38,0.46,0.39,N,VIIRS,2,2012
-0.74665,117.56791,2012-06-19,1748,n,3,1.95,309.21,289.66,0.51,0.41,N,VIIRS,2,2012
-0.17435,116.05273,2012-06-19,1748,n,0,26.39,351.53,289.18,0.42,0.38,N,VIIRS,2,2012
2.07213,117.15842,2012-06-20,448,n,0,4.07,333.59,288.72,0.52,0.67,N,VIIRS,2,2012
1.47187,118.24284,2012-06-20,448,n,0,3.59,328.67,288.63,0.45,0.63,N,VIIRS,2,2012
0.94341,118.93902,2012-06-20,448,n,0,2.81,330.13,292.74,0.41,0.61,N,VIIRS,2,2012
0.24881,116.347,2012-06-20,448,n,0,7.56,344.64,289.35,0.63,0.72,N,VIIRS,2,2012
0.43221,117.54843,2012-06-20,448,n,0,4.35,329.14,290.2,0.52,0.67,N,VIIRS,2,2012
2.0783,117.15749,2012-06-20,448,n,0,4.07,325.51,292.13,0.52,0.67,N,VIIRS,2,2012
1.59112,118.09627,2012-06-20,448,n,0,4.12,329.58,294.25,0.46,0.63,N,VIIRS,2,2012
-0.91003,115.13707,2012-06-20,628,n,0,3.45,335.32,286.69,0.53,0.67,N,VIIRS,2,2012
-1.09093,113.93719,2012-06-20,628,n,0,3.57,331.87,292.55,0.43,0.62,N,VIIRS,2,2012
0.69594,117.19191,2012-06-20,628,h,0,19.55,367.0,291.6,0.76,0.77,N,VIIRS,2,2012
0.73911,117.28208,2012-06-20,628,n,0,18.08,338.07,291.17,0.77,0.78,N,VIIRS,2,2012
-2.16246,113.77772,2012-06-20,628,n,0,2.94,330.6,290.41,0.41,0.6,N,VIIRS,2,2012
-1.34656,116.67642,2012-06-20,628,n,0,6.1,329.43,289.02,0.65,0.73,N,VIIRS,2,2012
-1.34572,116.67525,2012-06-20,628,n,0,4.41,336.63,288.89,0.66,0.73,N,VIIRS,2,2012
-1.10028,116.93106,2012-06-20,628,n,0,5.53,336.84,287.18,0.69,0.74,N,VIIRS,2,2012
-1.23728,114.09543,2012-06-20,628,n,0,3.38,333.35,290.61,0.44,0.63,N,VIIRS,2,2012
0.11532,116.33421,2012-06-20,628,h,0,12.98,367.0,290.19,0.66,0.73,N,VIIRS,2,2012
0.24575,116.35621,2012-06-20,628,n,0,20.82,349.36,289.23,0.66,0.73,N,VIIRS,2,2012
0.24479,116.35013,2012-06-20,628,n,0,20.82,356.89,290.34,0.66,0.73,N,VIIRS,2,2012
0.24578,116.35233,2012-06-20,628,h,0,46.92,367.0,290.56,0.66,0.73,N,VIIRS,2,2012
0.34336,116.8548,2012-06-20,628,n,0,5.74,338.83,290.1,0.72,0.75,N,VIIRS,2,2012
0.68551,117.18794,2012-06-20,628,n,0,8.88,329.25,291.92,0.76,0.77,N,VIIRS,2,2012
0.69378,117.19368,2012-06-20,628,n,0,8.88,345.01,291.12,0.76,0.77,N,VIIRS,2,2012
0.70091,117.19219,2012-06-20,628,n,0,5.25,327.06,290.76,0.76,0.77,N,VIIRS,2,2012
0.73754,117.28378,2012-06-20,628,n,0,12.42,331.03,291.16,0.77,0.78,N,VIIRS,2,2012
0.73639,117.27652,2012-06-20,628,n,0,9.93,341.06,290.88,0.77,0.77,N,VIIRS,2,2012
0.68773,117.18631,2012-06-20,628,n,0,14.33,337.6,291.44,0.76,0.77,N,VIIRS,2,2012
-1.2565,113.57095,2012-06-20,628,n,0,3.02,331.25,291.12,0.41,0.6,N,VIIRS,2,2012
-1.10433,114.22678,2012-06-20,628,n,0,3.92,329.6,291.43,0.45,0.63,N,VIIRS,2,2012
-0.54329,117.41064,2012-06-20,628,n,0,7.43,336.14,285.57,0.75,0.77,N,VIIRS,2,2012
2.24144,116.98953,2012-06-20,629,n,0,5.09,330.49,289.35,0.78,0.78,N,VIIRS,2,2012
1.03102,117.04618,2012-06-20,629,n,0,10.99,335.62,290.08,0.75,0.77,N,VIIRS,2,2012
1.0332,117.04592,2012-06-20,629,n,0,9.23,329.62,289.83,0.75,0.77,N,VIIRS,2,2012
1.03214,117.03896,2012-06-20,629,n,0,7.68,327.86,289.71,0.75,0.77,N,VIIRS,2,2012
1.59638,117.1945,2012-06-20,629,n,0,4.14,325.6,292.1,0.79,0.78,N,VIIRS,2,2012
2.23998,117.99101,2012-06-20,1728,n,0,3.31,319.87,294.3,0.39,0.36,N,VIIRS,2,2012
2.23662,117.99049,2012-06-20,1728,n,0,3.31,351.02,296.36,0.39,0.36,N,VIIRS,2,2012
2.23607,117.99402,2012-06-20,1728,n,0,1.88,320.81,294.03,0.39,0.36,N,VIIRS,2,2012
2.23718,117.98695,2012-06-20,1728,n,0,3.31,306.95,293.9,0.39,0.36,N,VIIRS,2,2012
2.23327,117.98996,2012-06-20,1728,n,0,3.25,333.63,294.52,0.39,0.36,N,VIIRS,2,2012
2.22082,117.93727,2012-06-20,1728,n,0,1.95,311.85,294.05,0.39,0.37,N,VIIRS,2,2012
2.22027,117.94081,2012-06-20,1728,n,0,1.36,314.24,294.35,0.39,0.37,N,VIIRS,2,2012
2.21691,117.94029,2012-06-20,1728,n,0,1.36,315.52,293.95,0.39,0.37,N,VIIRS,2,2012
1.61135,118.07732,2012-06-20,1728,n,0,0.94,314.06,293.36,0.39,0.36,N,VIIRS,2,2012
1.59965,117.19341,2012-06-20,1728,n,0,0.85,312.02,280.7,0.41,0.37,N,VIIRS,2,2012
1.59623,117.19289,2012-06-20,1728,n,0,0.85,311.81,282.27,0.41,0.37,N,VIIRS,2,2012
1.25116,118.03989,2012-06-20,1728,n,0,1.15,309.56,291.93,0.39,0.36,N,VIIRS,2,2012
0.18196,117.48537,2012-06-20,1728,n,2,0.64,313.34,287.32,0.39,0.37,N,VIIRS,2,2012
0.10689,117.47022,2012-06-20,1729,n,2,1.87,312.01,292.75,0.39,0.37,N,VIIRS,2,2012
0.08449,117.48123,2012-06-20,1729,n,3,3.4,330.88,289.15,0.39,0.36,N,VIIRS,2,2012
0.08393,117.48476,2012-06-20,1729,n,2,3.4,329.97,289.36,0.39,0.36,N,VIIRS,2,2012
0.08113,117.48071,2012-06-20,1729,n,3,3.87,319.92,291.97,0.39,0.36,N,VIIRS,2,2012
-0.58437,117.38527,2012-06-20,1729,n,2,0.45,297.93,274.93,0.39,0.36,N,VIIRS,2,2012
-0.68001,117.1303,2012-06-20,1729,n,0,0.42,301.63,279.58,0.4,0.37,N,VIIRS,2,2012
-0.77399,117.19248,2012-06-20,1729,n,0,2.0,318.28,287.36,0.4,0.37,N,VIIRS,2,2012
-0.80867,117.09985,2012-06-20,1729,n,0,0.27,298.46,283.98,0.4,0.37,N,VIIRS,2,2012
-0.96291,117.14897,2012-06-20,1729,n,2,1.31,315.11,285.54,0.4,0.37,N,VIIRS,2,2012
-1.64237,113.62971,2012-06-20,1729,n,0,1.24,296.67,268.34,0.55,0.43,N,VIIRS,2,2012
-1.74119,114.99512,2012-06-20,1729,n,0,1.13,304.08,272.63,0.47,0.39,N,VIIRS,2,2012
-2.40057,114.25794,2012-06-20,1729,n,0,0.85,300.02,284.0,0.5,0.41,N,VIIRS,2,2012
-2.36917,116.4798,2012-06-20,1729,n,0,0.48,303.48,292.0,0.4,0.37,N,VIIRS,2,2012
-2.16516,116.01202,2012-06-20,1729,n,0,1.09,306.42,291.15,0.42,0.38,N,VIIRS,2,2012
-1.13421,113.85957,2012-06-21,609,n,0,2.85,333.02,290.35,0.41,0.45,N,VIIRS,2,2012
-1.16925,113.63011,2012-06-21,609,n,0,8.98,356.4,297.2,0.4,0.44,N,VIIRS,2,2012
-1.16518,113.62952,2012-06-21,609,n,0,8.98,338.98,293.92,0.4,0.44,N,VIIRS,2,2012
-1.16571,113.62603,2012-06-21,609,n,0,4.67,341.42,294.2,0.4,0.44,N,VIIRS,2,2012
-1.15593,113.63551,2012-06-21,609,n,0,5.62,342.63,290.17,0.4,0.44,N,VIIRS,2,2012
-0.97995,113.88479,2012-06-21,609,n,0,18.4,345.92,296.4,0.41,0.45,N,VIIRS,2,2012
-0.97582,113.88406,2012-06-21,609,n,0,18.4,344.83,297.12,0.41,0.45,N,VIIRS,2,2012
-0.14698,117.36759,2012-06-21,609,n,0,23.27,327.85,293.13,0.36,0.58,N,VIIRS,2,2012
-0.14748,117.36432,2012-06-21,609,n,0,23.27,354.89,297.97,0.36,0.58,N,VIIRS,2,2012
-0.14162,117.36687,2012-06-21,609,n,0,23.27,340.79,292.04,0.36,0.58,N,VIIRS,2,2012
-0.14213,117.36356,2012-06-21,609,n,0,23.27,354.32,294.73,0.36,0.58,N,VIIRS,2,2012
-0.12587,116.94614,2012-06-21,609,h,0,7.8,367.0,291.51,0.34,0.56,N,VIIRS,2,2012
-0.23796,115.5378,2012-06-21,609,n,0,6.89,340.33,292.63,0.55,0.51,N,VIIRS,2,2012
-0.11093,116.11114,2012-06-21,609,n,0,78.22,341.56,290.91,0.6,0.53,N,VIIRS,2,2012
-0.10603,116.11036,2012-06-21,609,n,0,18.78,347.78,289.56,0.6,0.53,N,VIIRS,2,2012
-0.02106,116.06181,2012-06-21,609,n,0,9.03,337.27,294.87,0.6,0.53,N,VIIRS,2,2012
0.05903,116.25258,2012-06-21,609,n,0,6.38,334.68,294.13,0.62,0.54,N,VIIRS,2,2012
0.05906,116.25102,2012-06-21,609,n,0,3.83,337.3,293.91,0.62,0.54,N,VIIRS,2,2012
-1.9354,116.38537,2012-06-21,609,n,0,5.18,329.58,294.9,0.58,0.52,N,VIIRS,2,2012
-2.06518,116.12872,2012-06-21,609,n,0,3.35,333.8,294.28,0.56,0.51,N,VIIRS,2,2012
-1.77161,113.65041,2012-06-21,609,h,0,12.16,367.0,298.5,0.39,0.44,N,VIIRS,2,2012
-1.19549,116.85234,2012-06-21,609,n,0,0.8,327.91,287.9,0.32,0.55,N,VIIRS,2,2012
-1.68339,113.62901,2012-06-21,609,l,0,6.11,329.36,299.88,0.39,0.44,N,VIIRS,2,2012
-1.09119,116.93642,2012-06-21,609,n,0,1.76,335.37,294.3,0.33,0.55,N,VIIRS,2,2012
-1.08515,116.90795,2012-06-21,609,h,0,6.82,367.0,294.42,0.33,0.55,N,VIIRS,2,2012
-1.03492,116.92805,2012-06-21,609,n,0,5.14,355.96,294.97,0.33,0.55,N,VIIRS,2,2012
-0.84675,117.2675,2012-06-21,609,h,2,4.21,367.0,293.8,0.35,0.57,N,VIIRS,2,2012
-0.84625,117.27066,2012-06-21,609,n,0,4.21,331.37,293.61,0.35,0.57,N,VIIRS,2,2012
-0.84727,117.2685,2012-06-21,609,h,2,5.88,367.0,294.44,0.35,0.57,N,VIIRS,2,2012
-0.72916,116.92601,2012-06-21,609,n,0,2.4,343.15,284.94,0.33,0.55,N,VIIRS,2,2012
1.75451,117.86298,2012-06-21,610,n,0,1.68,325.97,290.83,0.42,0.61,N,VIIRS,2,2012
1.58306,117.98524,2012-06-21,610,n,0,2.99,333.19,292.58,0.43,0.62,N,VIIRS,2,2012
1.11459,116.76762,2012-06-21,610,n,0,4.13,328.92,292.78,0.35,0.56,N,VIIRS,2,2012
1.11434,116.76777,2012-06-21,610,n,0,3.84,328.93,292.77,0.35,0.56,N,VIIRS,2,2012
1.10172,117.07295,2012-06-21,610,n,0,3.26,342.8,290.65,0.36,0.58,N,VIIRS,2,2012
1.03872,116.87,2012-06-21,610,n,0,4.45,338.88,293.03,0.35,0.57,N,VIIRS,2,2012
1.03713,117.02749,2012-06-21,610,n,0,3.33,334.6,293.63,0.36,0.57,N,VIIRS,2,2012
0.96257,117.03771,2012-06-21,610,n,0,2.61,338.53,293.9,0.36,0.57,N,VIIRS,2,2012
0.24253,116.45012,2012-06-21,610,n,0,3.42,339.27,290.43,0.32,0.55,N,VIIRS,2,2012
1.58232,117.98872,2012-06-21,1709,n,0,0.46,303.87,290.74,0.43,0.46,N,VIIRS,2,2012
1.1362,117.66204,2012-06-21,1709,n,0,0.88,310.7,290.01,0.45,0.47,N,VIIRS,2,2012
1.24118,118.01947,2012-06-21,1709,n,0,1.01,301.62,290.3,0.43,0.46,N,VIIRS,2,2012
1.13188,117.66142,2012-06-21,1709,n,0,2.26,328.59,290.45,0.45,0.47,N,VIIRS,2,2012
1.47891,117.09175,2012-06-21,1709,n,0,1.18,301.25,288.0,0.5,0.49,N,VIIRS,2,2012
1.598,117.19416,2012-06-21,1709,n,0,2.06,316.75,289.72,0.49,0.49,N,VIIRS,2,2012
-0.97806,113.8853,2012-06-21,1710,n,0,1.37,308.11,289.61,0.38,0.58,N,VIIRS,2,2012
0.1856,117.48595,2012-06-21,1710,n,2,1.16,309.44,290.43,0.45,0.47,N,VIIRS,2,2012
-2.15467,115.95985,2012-06-21,1710,n,0,1.46,301.74,283.15,0.52,0.5,N,VIIRS,2,2012
0.18373,117.48717,2012-06-21,1710,n,2,1.8,312.04,290.29,0.45,0.47,N,VIIRS,2,2012
-0.97678,113.8848,2012-06-21,1710,n,0,1.6,308.54,289.68,0.38,0.58,N,VIIRS,2,2012
-0.81877,113.98392,2012-06-21,1710,n,0,1.83,323.84,289.32,0.37,0.58,N,VIIRS,2,2012
-0.84855,117.26821,2012-06-21,1710,n,2,1.52,322.3,287.91,0.45,0.47,N,VIIRS,2,2012
-0.84425,117.26891,2012-06-21,1710,n,0,1.52,307.47,287.8,0.45,0.47,N,VIIRS,2,2012
-0.84362,117.26485,2012-06-21,1710,n,0,1.52,312.41,288.24,0.45,0.47,N,VIIRS,2,2012
0.09707,117.4777,2012-06-21,1710,n,2,3.54,334.77,292.17,0.45,0.47,N,VIIRS,2,2012
0.10691,117.47105,2012-06-21,1710,n,2,1.5,312.96,291.63,0.45,0.47,N,VIIRS,2,2012
-0.96316,117.14668,2012-06-22,1651,n,2,2.62,295.16,256.6,0.47,0.64,N,VIIRS,2,2012
-0.84809,117.26273,2012-06-22,1651,n,0,1.27,298.96,273.55,0.47,0.64,N,VIIRS,2,2012
-0.84284,117.26807,2012-06-22,1651,n,0,0.87,303.43,272.02,0.47,0.64,N,VIIRS,2,2012
-0.84215,117.26372,2012-06-22,1651,n,0,0.87,307.35,272.23,0.47,0.64,N,VIIRS,2,2012
0.10853,117.46902,2012-06-22,1651,n,2,1.23,307.83,287.02,0.47,0.64,N,VIIRS,2,2012
0.18515,117.48558,2012-06-22,1651,n,2,1.14,300.63,283.48,0.47,0.64,N,VIIRS,2,2012
-0.84522,117.26577,2012-06-22,1651,n,0,3.06,334.18,273.49,0.47,0.64,N,VIIRS,2,2012
-0.84877,117.26707,2012-06-22,1651,n,2,1.27,311.33,273.75,0.47,0.64,N,VIIRS,2,2012
-2.48793,115.52554,2012-06-23,531,n,0,2.92,330.9,292.05,0.45,0.39,N,VIIRS,2,2012
-2.36418,116.51611,2012-06-23,531,n,0,3.29,333.08,293.77,0.41,0.37,N,VIIRS,2,2012
-2.36705,116.52031,2012-06-23,531,n,0,6.75,340.58,295.86,0.41,0.37,N,VIIRS,2,2012
2.22277,117.0119,2012-06-23,532,n,0,3.02,328.96,298.59,0.38,0.36,N,VIIRS,2,2012
2.12719,117.09361,2012-06-23,532,l,0,2.49,328.01,298.83,0.38,0.36,N,VIIRS,2,2012
2.09865,117.17259,2012-06-23,532,n,0,7.86,339.08,295.32,0.38,0.36,N,VIIRS,2,2012
2.09917,117.17605,2012-06-23,532,n,0,14.07,349.8,299.52,0.38,0.36,N,VIIRS,2,2012
2.08488,117.10414,2012-06-23,532,n,0,16.94,345.7,298.76,0.38,0.36,N,VIIRS,2,2012
2.09585,117.17654,2012-06-23,532,n,0,2.79,337.42,294.95,0.38,0.36,N,VIIRS,2,2012
2.06866,117.06426,2012-06-23,532,n,0,2.33,330.2,298.45,0.38,0.36,N,VIIRS,2,2012
2.07029,117.32128,2012-06-23,532,n,0,13.97,333.32,295.17,0.38,0.36,N,VIIRS,2,2012
2.07081,117.32473,2012-06-23,532,n,0,13.97,334.36,295.19,0.38,0.36,N,VIIRS,2,2012
2.06749,117.32522,2012-06-23,532,n,0,13.97,334.26,296.72,0.38,0.36,N,VIIRS,2,2012
0.66508,116.90027,2012-06-23,532,n,0,23.75,337.51,296.8,0.39,0.36,N,VIIRS,2,2012
0.66841,116.89977,2012-06-23,532,n,0,23.75,344.0,301.53,0.39,0.36,N,VIIRS,2,2012
0.26447,116.46534,2012-06-23,532,n,0,2.81,336.3,297.05,0.4,0.37,N,VIIRS,2,2012
0.26501,116.46889,2012-06-23,532,n,0,1.99,327.91,293.93,0.4,0.37,N,VIIRS,2,2012
0.2136,116.42552,2012-06-23,532,n,0,51.93,344.49,300.32,0.4,0.37,N,VIIRS,2,2012
0.20968,116.42245,2012-06-23,532,n,0,2.47,331.99,297.02,0.4,0.37,N,VIIRS,2,2012
0.26783,116.25187,2012-06-23,532,n,0,11.26,345.68,298.05,0.4,0.37,N,VIIRS,2,2012
-0.34115,116.53612,2012-06-23,532,n,0,2.54,329.95,293.67,0.4,0.37,N,VIIRS,2,2012
1.55293,117.18388,2012-06-23,532,n,0,1.72,329.47,291.26,0.38,0.36,N,VIIRS,2,2012
0.61723,117.25569,2012-06-23,532,n,0,4.08,329.05,295.73,0.39,0.36,N,VIIRS,2,2012
0.21023,116.42601,2012-06-23,532,n,0,11.24,348.74,299.08,0.4,0.37,N,VIIRS,2,2012
0.04026,116.3896,2012-06-23,532,n,0,4.29,342.12,297.83,0.4,0.37,N,VIIRS,2,2012
-0.27474,115.63864,2012-06-23,532,n,0,7.2,334.54,291.48,0.42,0.38,N,VIIRS,2,2012
1.15521,117.67683,2012-06-23,1812,n,2,0.74,300.92,287.07,0.42,0.61,N,VIIRS,2,2012
0.1834,117.48753,2012-06-23,1812,n,2,1.64,309.73,288.8,0.42,0.61,N,VIIRS,2,2012
0.10832,117.47321,2012-06-23,1812,n,2,1.22,303.94,288.92,0.42,0.61,N,VIIRS,2,2012
0.10479,117.47105,2012-06-23,1812,n,2,1.32,311.27,288.75,0.42,0.61,N,VIIRS,2,2012
2.41477,117.93862,2012-06-23,1812,n,0,1.29,305.52,288.16,0.42,0.61,N,VIIRS,2,2012
2.21836,117.93784,2012-06-23,1812,n,0,2.49,321.3,288.23,0.42,0.61,N,VIIRS,2,2012
2.228,117.03661,2012-06-23,1812,n,0,0.6,306.38,288.02,0.36,0.58,N,VIIRS,2,2012
2.22745,117.03991,2012-06-23,1812,n,0,0.6,302.72,287.84,0.36,0.58,N,VIIRS,2,2012
2.22961,117.03704,2012-06-23,1812,n,0,0.62,305.04,287.94,0.36,0.58,N,VIIRS,2,2012
2.22908,117.04036,2012-06-23,1812,n,0,0.62,303.57,287.8,0.36,0.58,N,VIIRS,2,2012
1.59735,117.19617,2012-06-23,1812,n,0,2.77,327.22,287.2,0.38,0.59,N,VIIRS,2,2012
-0.84885,117.26513,2012-06-23,1813,n,0,2.45,313.11,289.58,0.42,0.61,N,VIIRS,2,2012
-0.84944,117.26893,2012-06-23,1813,n,0,2.35,332.46,289.76,0.42,0.61,N,VIIRS,2,2012
-0.84377,117.2698,2012-06-23,1813,n,0,2.35,309.62,289.81,0.42,0.61,N,VIIRS,2,2012
-0.84318,117.266,2012-06-23,1813,n,0,2.45,311.78,289.41,0.42,0.61,N,VIIRS,2,2012
-0.10056,116.06021,2012-06-23,1813,n,0,0.74,306.01,289.03,0.34,0.56,N,VIIRS,2,2012
-0.69746,115.49516,2012-06-23,1813,n,0,0.58,302.96,289.58,0.63,0.54,N,VIIRS,2,2012
-0.67237,114.73696,2012-06-23,1813,n,0,3.22,321.29,289.23,0.56,0.52,N,VIIRS,2,2012
-1.23658,113.85033,2012-06-23,1813,n,0,1.16,306.33,289.4,0.5,0.49,N,VIIRS,2,2012
-1.23598,113.85238,2012-06-23,1813,n,0,0.99,300.64,289.27,0.5,0.49,N,VIIRS,2,2012
-1.15822,113.97991,2012-06-23,1813,n,0,1.75,301.37,288.65,0.51,0.49,N,VIIRS,2,2012
-1.15368,113.98064,2012-06-23,1813,n,0,1.21,304.58,287.99,0.51,0.49,N,VIIRS,2,2012
-1.15711,113.9775,2012-06-23,1813,n,0,2.03,302.87,288.95,0.51,0.49,N,VIIRS,2,2012
-1.91935,114.24037,2012-06-24,512,n,0,8.18,340.13,292.8,0.35,0.57,N,VIIRS,2,2012
-1.91982,114.23715,2012-06-24,512,h,0,8.18,367.0,292.94,0.35,0.57,N,VIIRS,2,2012
-1.9246,114.24109,2012-06-24,512,n,0,6.98,347.41,293.17,0.35,0.57,N,VIIRS,2,2012
-1.92507,114.23789,2012-06-24,512,h,0,6.98,367.0,293.76,0.35,0.57,N,VIIRS,2,2012
-1.91941,114.23897,2012-06-24,512,h,0,6.12,367.0,293.37,0.35,0.57,N,VIIRS,2,2012
-1.92466,114.23969,2012-06-24,512,h,0,15.16,367.0,295.3,0.35,0.57,N,VIIRS,2,2012
-1.9199,114.23577,2012-06-24,512,n,0,6.12,329.53,292.37,0.35,0.57,N,VIIRS,2,2012
0.35249,116.21909,2012-06-24,513,n,0,5.59,327.69,291.73,0.47,0.48,N,VIIRS,2,2012
0.35315,116.22336,2012-06-24,513,n,0,9.39,339.13,292.29,0.47,0.48,N,VIIRS,2,2012
-0.76368,115.02734,2012-06-24,513,n,0,3.23,325.46,293.05,0.59,0.53,N,VIIRS,2,2012
2.40949,117.9475,2012-06-24,513,n,0,2.67,328.64,288.0,0.52,0.41,N,VIIRS,2,2012
1.35212,118.44785,2012-06-24,513,n,0,3.4,329.92,292.5,0.5,0.41,N,VIIRS,2,2012
1.24268,118.01963,2012-06-24,513,n,0,9.06,335.84,292.12,0.53,0.42,N,VIIRS,2,2012
1.24157,118.02267,2012-06-24,513,n,0,7.09,346.49,292.92,0.53,0.42,N,VIIRS,2,2012
2.41214,117.94945,2012-06-24,514,n,0,4.25,331.31,289.02,0.52,0.41,N,VIIRS,2,2012
1.48155,117.88256,2012-06-24,1753,n,0,1.08,305.71,288.48,0.41,0.45,N,VIIRS,2,2012
1.2438,118.02065,2012-06-24,1753,n,0,0.79,311.0,287.26,0.42,0.45,N,VIIRS,2,2012
1.58305,117.97392,2012-06-24,1753,n,0,0.97,309.36,289.31,0.41,0.45,N,VIIRS,2,2012
1.23963,118.02001,2012-06-24,1753,n,0,0.79,300.64,287.15,0.42,0.45,N,VIIRS,2,2012
-1.22683,114.22553,2012-06-24,1754,n,0,3.3,324.47,289.4,0.42,0.38,N,VIIRS,2,2012
-1.22335,114.22607,2012-06-24,1754,n,0,4.45,340.14,290.02,0.42,0.38,N,VIIRS,2,2012
-1.50601,116.16668,2012-06-24,1754,n,0,0.74,301.79,288.43,0.53,0.42,N,VIIRS,2,2012
-1.6844,113.63158,2012-06-24,1754,n,0,0.66,310.34,290.21,0.41,0.37,N,VIIRS,2,2012
-1.68479,113.63093,2012-06-24,1754,n,0,0.59,304.24,289.97,0.41,0.37,N,VIIRS,2,2012
-0.84744,117.26473,2012-06-24,1754,n,0,5.74,309.77,289.91,0.4,0.44,N,VIIRS,2,2012
-0.84799,117.26834,2012-06-24,1754,n,2,5.74,350.76,290.39,0.4,0.44,N,VIIRS,2,2012
-0.84882,117.26768,2012-06-24,1754,n,2,7.0,348.16,290.2,0.4,0.44,N,VIIRS,2,2012
-0.84472,117.26831,2012-06-24,1754,n,0,7.0,339.54,290.5,0.4,0.44,N,VIIRS,2,2012
-0.77403,117.19091,2012-06-24,1754,n,0,0.65,304.05,287.62,0.4,0.44,N,VIIRS,2,2012
-0.58439,117.38537,2012-06-24,1754,n,2,0.43,301.33,276.03,0.41,0.45,N,VIIRS,2,2012
-0.39854,116.98676,2012-06-24,1754,n,0,1.8,306.49,288.75,0.57,0.43,N,VIIRS,2,2012
-0.14723,115.89043,2012-06-24,1754,n,0,0.88,295.14,278.82,0.49,0.4,N,VIIRS,2,2012
-0.96665,117.15022,2012-06-24,1754,n,2,0.81,301.94,287.04,0.4,0.44,N,VIIRS,2,2012
-0.71226,115.50226,2012-06-24,1754,n,0,1.14,307.04,289.62,0.48,0.4,N,VIIRS,2,2012
-0.7116,115.49799,2012-06-24,1754,n,0,1.59,311.96,289.54,0.48,0.4,N,VIIRS,2,2012
-0.96258,117.15084,2012-06-24,1754,n,2,1.05,310.48,286.69,0.4,0.44,N,VIIRS,2,2012
-0.7036,115.49488,2012-06-24,1754,n,0,1.03,302.68,289.63,0.48,0.4,N,VIIRS,2,2012
-0.69994,115.49544,2012-06-24,1754,n,0,0.94,302.87,289.56,0.48,0.4,N,VIIRS,2,2012
0.86647,118.83684,2012-06-25,454,n,0,3.95,329.27,291.33,0.33,0.55,N,VIIRS,2,2012
-1.95354,114.27201,2012-06-25,634,n,0,4.32,328.13,288.24,0.56,0.69,N,VIIRS,2,2012
1.15858,117.67768,2012-06-25,1734,n,2,0.64,303.12,290.28,0.39,0.36,N,VIIRS,2,2012
1.15525,117.67716,2012-06-25,1734,n,2,0.93,304.75,290.45,0.39,0.36,N,VIIRS,2,2012
0.85868,117.58542,2012-06-25,1734,n,0,1.12,309.54,291.03,0.39,0.36,N,VIIRS,2,2012
1.60008,117.19594,2012-06-25,1734,n,0,0.95,308.31,289.78,0.38,0.36,N,VIIRS,2,2012
2.22724,117.03519,2012-06-25,1734,n,0,0.6,308.25,290.79,0.39,0.36,N,VIIRS,2,2012
1.47626,117.8761,2012-06-25,1734,n,0,0.36,301.6,288.63,0.39,0.36,N,VIIRS,2,2012
1.53214,117.21718,2012-06-25,1734,n,0,1.36,300.88,289.81,0.38,0.36,N,VIIRS,2,2012
1.40008,118.01343,2012-06-25,1734,n,0,1.93,301.01,289.58,0.39,0.36,N,VIIRS,2,2012
1.39675,118.01289,2012-06-25,1734,n,0,1.93,334.05,290.98,0.39,0.36,N,VIIRS,2,2012
1.47726,117.09215,2012-06-25,1734,n,0,1.05,311.26,289.98,0.38,0.36,N,VIIRS,2,2012
1.2438,118.02096,2012-06-25,1734,n,0,1.52,319.3,290.81,0.39,0.36,N,VIIRS,2,2012
1.24325,118.02444,2012-06-25,1734,n,0,1.52,308.47,290.74,0.39,0.36,N,VIIRS,2,2012
1.24046,118.02044,2012-06-25,1734,n,0,1.52,323.93,290.47,0.39,0.36,N,VIIRS,2,2012
1.1619,117.6782,2012-06-25,1734,n,0,0.64,303.19,290.18,0.39,0.36,N,VIIRS,2,2012
-1.88991,113.52292,2012-06-25,1735,n,0,2.52,302.6,289.82,0.46,0.39,N,VIIRS,2,2012
-1.88695,113.52764,2012-06-25,1735,n,0,3.67,329.35,290.87,0.46,0.39,N,VIIRS,2,2012
-1.8863,113.5235,2012-06-25,1735,n,0,2.52,326.32,290.83,0.46,0.39,N,VIIRS,2,2012
-1.88269,113.52409,2012-06-25,1735,n,0,2.47,315.47,290.44,0.46,0.39,N,VIIRS,2,2012
-1.88334,113.52823,2012-06-25,1735,n,0,2.12,325.34,290.51,0.46,0.39,N,VIIRS,2,2012
-1.60972,113.51797,2012-06-25,1735,n,0,2.08,318.01,290.34,0.46,0.39,N,VIIRS,2,2012
-1.09588,114.22885,2012-06-25,1735,n,0,0.59,306.11,281.58,0.44,0.38,N,VIIRS,2,2012
-1.06147,114.89697,2012-06-25,1735,n,0,1.05,311.93,288.97,0.41,0.37,N,VIIRS,2,2012
-1.05803,114.8975,2012-06-25,1735,n,0,1.05,308.72,288.88,0.41,0.37,N,VIIRS,2,2012
-0.8165,115.88824,2012-06-25,1735,n,0,0.96,307.99,290.25,0.39,0.36,N,VIIRS,2,2012
-0.96454,117.14938,2012-06-25,1735,n,2,1.73,312.15,291.09,0.38,0.36,N,VIIRS,2,2012
-0.70208,115.49587,2012-06-25,1735,n,0,0.79,305.64,290.17,0.4,0.37,N,VIIRS,2,2012
-0.6987,115.49641,2012-06-25,1735,n,0,0.7,308.85,290.36,0.4,0.37,N,VIIRS,2,2012
-0.68404,115.51335,2012-06-25,1735,n,0,0.98,305.75,290.23,0.4,0.37,N,VIIRS,2,2012
-0.80792,117.10299,2012-06-25,1735,n,0,1.25,309.19,291.38,0.38,0.36,N,VIIRS,2,2012
-0.77384,117.18954,2012-06-25,1735,n,0,1.66,315.28,291.17,0.38,0.36,N,VIIRS,2,2012
-0.68025,117.12974,2012-06-25,1735,n,0,1.35,312.33,290.92,0.38,0.36,N,VIIRS,2,2012
-0.58458,117.38518,2012-06-25,1735,n,2,0.89,310.67,290.8,0.39,0.36,N,VIIRS,2,2012
-0.5354,117.15262,2012-06-25,1735,n,0,0.68,305.25,290.68,0.38,0.36,N,VIIRS,2,2012
-0.14626,115.88775,2012-06-25,1735,n,0,1.99,325.05,289.95,0.39,0.36,N,VIIRS,2,2012
-0.1429,115.88827,2012-06-25,1735,n,0,0.4,301.72,289.19,0.39,0.36,N,VIIRS,2,2012
-0.1373,115.8964,2012-06-25,1735,n,0,0.9,313.88,289.66,0.39,0.36,N,VIIRS,2,2012
-0.13394,115.89692,2012-06-25,1735,n,0,0.9,310.61,289.66,0.39,0.36,N,VIIRS,2,2012
0.10493,117.47128,2012-06-25,1735,n,2,1.31,304.47,290.68,0.39,0.36,N,VIIRS,2,2012
0.10826,117.47179,2012-06-25,1735,n,2,0.71,306.29,290.82,0.39,0.36,N,VIIRS,2,2012
0.14472,117.283,2012-06-25,1735,n,0,0.26,302.03,288.51,0.38,0.36,N,VIIRS,2,2012
0.18367,117.48709,2012-06-25,1735,n,2,2.63,324.55,290.96,0.39,0.36,N,VIIRS,2,2012
-2.23707,113.85392,2012-06-25,1736,n,0,1.47,323.35,289.47,0.44,0.38,N,VIIRS,2,2012
1.78085,117.86744,2012-06-26,436,n,0,6.11,328.82,287.74,0.77,0.77,N,VIIRS,2,2012
-1.91195,116.19675,2012-06-26,615,n,0,9.83,335.42,290.49,0.36,0.58,N,VIIRS,2,2012
-1.91141,116.20006,2012-06-26,615,l,0,11.87,356.45,289.45,0.36,0.58,N,VIIRS,2,2012
-1.91402,116.19987,2012-06-26,615,n,0,6.77,351.82,289.58,0.36,0.58,N,VIIRS,2,2012
-1.90869,116.19902,2012-06-26,615,n,0,5.05,342.69,289.21,0.36,0.58,N,VIIRS,2,2012
-2.12287,113.83777,2012-06-26,615,n,0,4.72,328.83,291.26,0.5,0.49,N,VIIRS,2,2012
-0.37367,116.84212,2012-06-26,615,n,0,4.54,329.45,288.32,0.42,0.61,N,VIIRS,2,2012
-0.7239,114.15966,2012-06-26,615,n,0,16.26,341.15,291.71,0.55,0.51,N,VIIRS,2,2012
-2.38087,116.55995,2012-06-26,615,n,0,3.43,327.34,289.41,0.38,0.59,N,VIIRS,2,2012
-2.37364,115.63354,2012-06-26,615,n,0,2.21,328.75,291.9,0.33,0.55,N,VIIRS,2,2012
1.96483,117.23394,2012-06-26,616,n,0,3.59,332.55,290.75,0.49,0.65,N,VIIRS,2,2012
1.97092,117.23327,2012-06-26,616,n,0,7.25,354.56,289.67,0.49,0.65,N,VIIRS,2,2012
1.96656,117.23708,2012-06-26,616,n,0,7.35,336.35,289.98,0.49,0.65,N,VIIRS,2,2012
1.96591,117.23261,2012-06-26,616,n,0,7.35,342.83,290.62,0.49,0.65,N,VIIRS,2,2012
-0.72298,114.161,2012-06-26,616,n,0,13.63,352.54,291.34,0.55,0.51,N,VIIRS,2,2012
-0.19505,116.54535,2012-06-26,616,n,0,2.12,326.87,290.06,0.41,0.6,N,VIIRS,2,2012
-0.15247,115.37827,2012-06-26,616,h,0,8.01,367.0,292.48,0.34,0.56,N,VIIRS,2,2012
-0.15198,115.38142,2012-06-26,616,n,0,8.01,341.52,291.61,0.34,0.56,N,VIIRS,2,2012
0.92775,117.72969,2012-06-26,616,n,0,5.7,344.17,289.39,0.51,0.66,N,VIIRS,2,2012
1.48364,117.23033,2012-06-26,616,n,0,4.04,328.56,290.69,0.48,0.65,N,VIIRS,2,2012
1.49235,117.12527,2012-06-26,616,n,0,4.51,335.83,291.71,0.47,0.64,N,VIIRS,2,2012
1.39074,117.98593,2012-06-26,1715,n,0,1.65,302.1,289.21,0.52,0.42,N,VIIRS,2,2012
1.6213,118.06805,2012-06-26,1715,n,0,0.84,304.43,290.98,0.52,0.41,N,VIIRS,2,2012
2.48317,117.84509,2012-06-26,1715,n,0,2.34,307.56,288.86,0.55,0.43,N,VIIRS,2,2012
-0.15175,115.88441,2012-06-26,1716,n,0,1.01,310.57,289.43,0.44,0.46,N,VIIRS,2,2012
-0.15113,115.88033,2012-06-26,1716,n,0,1.29,307.82,289.34,0.44,0.46,N,VIIRS,2,2012
-0.13344,115.90807,2012-06-26,1716,n,0,5.5,341.85,290.64,0.44,0.46,N,VIIRS,2,2012
-0.12914,115.90868,2012-06-26,1716,n,0,5.5,303.55,289.33,0.44,0.46,N,VIIRS,2,2012
0.18472,117.48743,2012-06-26,1716,n,2,2.79,318.8,285.1,0.54,0.42,N,VIIRS,2,2012
-1.76964,113.63877,2012-06-26,1717,n,0,0.99,302.62,288.66,0.59,0.53,N,VIIRS,2,2012
-1.8885,113.52165,2012-06-26,1717,n,0,3.71,319.92,288.79,0.6,0.53,N,VIIRS,2,2012
-2.49925,114.49731,2012-06-26,1717,n,0,1.08,298.33,278.44,0.51,0.49,N,VIIRS,2,2012
-2.4315,115.31288,2012-06-27,556,n,0,5.14,332.34,295.78,0.47,0.4,N,VIIRS,2,2012
-2.42719,115.31656,2012-06-27,556,n,0,14.3,347.67,297.69,0.47,0.4,N,VIIRS,2,2012
-2.42916,115.30388,2012-06-27,556,n,0,2.05,327.89,296.07,0.47,0.4,N,VIIRS,2,2012
-2.35445,115.56478,2012-06-27,556,n,0,2.82,327.21,293.44,0.48,0.4,N,VIIRS,2,2012
-2.15939,115.33891,2012-06-27,556,n,0,4.7,339.41,293.46,0.47,0.4,N,VIIRS,2,2012
-2.02695,114.94321,2012-06-27,556,n,0,3.76,331.23,290.22,0.46,0.39,N,VIIRS,2,2012
-2.20245,113.81198,2012-06-27,556,n,0,3.75,330.58,298.8,0.41,0.37,N,VIIRS,2,2012
-1.93495,113.73668,2012-06-27,556,n,0,2.27,332.15,283.06,0.41,0.37,N,VIIRS,2,2012
-1.91468,113.57233,2012-06-27,556,n,0,3.29,328.54,292.32,0.41,0.37,N,VIIRS,2,2012
-1.59504,113.51965,2012-06-27,556,n,0,5.24,341.29,296.16,0.41,0.37,N,VIIRS,2,2012
-1.59164,113.51913,2012-06-27,556,n,0,9.05,339.54,297.42,0.41,0.37,N,VIIRS,2,2012
-1.50896,113.97355,2012-06-27,556,n,0,3.37,332.48,296.53,0.42,0.38,N,VIIRS,2,2012
-0.68464,117.05093,2012-06-27,557,n,0,2.96,325.12,280.98,0.42,0.45,N,VIIRS,2,2012
-1.3872,113.50994,2012-06-27,557,n,0,2.52,333.74,296.35,0.41,0.37,N,VIIRS,2,2012
-1.26325,114.33807,2012-06-27,557,n,0,34.24,338.65,293.92,0.44,0.38,N,VIIRS,2,2012
-0.89391,116.87175,2012-06-27,557,n,0,2.77,331.03,283.11,0.4,0.44,N,VIIRS,2,2012
-0.90308,116.92107,2012-06-27,557,n,0,6.92,341.91,287.31,0.4,0.45,N,VIIRS,2,2012
2.28226,117.90855,2012-06-27,557,n,0,14.03,354.04,292.92,0.52,0.5,N,VIIRS,2,2012
2.12462,117.21846,2012-06-27,557,n,0,3.29,332.42,291.74,0.47,0.48,N,VIIRS,2,2012
2.0077,117.54227,2012-06-27,557,n,0,8.75,341.84,293.06,0.49,0.49,N,VIIRS,2,2012
2.0032,117.54279,2012-06-27,557,n,0,21.78,347.82,296.18,0.49,0.49,N,VIIRS,2,2012
1.38847,117.99053,2012-06-27,557,n,0,7.1,338.96,286.5,0.51,0.5,N,VIIRS,2,2012
1.09692,116.86942,2012-06-27,557,n,0,3.56,339.42,286.49,0.43,0.46,N,VIIRS,2,2012
1.23017,118.05444,2012-06-27,557,n,0,4.13,326.2,288.74,0.52,0.5,N,VIIRS,2,2012
0.56003,116.73599,2012-06-27,557,n,0,8.74,339.54,293.96,0.41,0.45,N,VIIRS,2,2012
0.53705,116.8428,2012-06-27,557,n,0,2.87,329.22,294.55,0.42,0.45,N,VIIRS,2,2012
0.53764,116.8466,2012-06-27,557,n,0,2.87,330.7,293.91,0.42,0.45,N,VIIRS,2,2012
0.53229,116.83966,2012-06-27,557,n,0,3.06,338.02,294.69,0.42,0.45,N,VIIRS,2,2012
0.53287,116.84344,2012-06-27,557,n,0,4.35,329.4,294.86,0.42,0.45,N,VIIRS,2,2012
0.52811,116.84029,2012-06-27,557,n,0,3.06,329.5,294.81,0.42,0.45,N,VIIRS,2,2012
0.42227,116.76009,2012-06-27,557,n,0,3.65,339.76,294.83,0.41,0.45,N,VIIRS,2,2012
0.42468,116.76013,2012-06-27,557,n,0,2.77,335.28,293.97,0.41,0.45,N,VIIRS,2,2012
0.36697,116.79921,2012-06-27,557,n,0,3.55,337.36,294.43,0.41,0.45,N,VIIRS,2,2012
0.23174,116.2589,2012-06-27,557,n,0,3.44,332.42,292.93,0.57,0.43,N,VIIRS,2,2012
0.23027,116.25684,2012-06-27,557,n,0,5.53,339.98,294.12,0.57,0.43,N,VIIRS,2,2012
0.18828,116.35783,2012-06-27,557,n,0,2.85,335.34,293.35,0.39,0.44,N,VIIRS,2,2012
0.04907,115.68497,2012-06-27,557,n,0,5.98,334.33,293.9,0.53,0.42,N,VIIRS,2,2012
-0.11425,115.52882,2012-06-27,557,n,0,5.8,327.37,294.8,0.51,0.41,N,VIIRS,2,2012
-0.13422,115.91615,2012-06-27,557,n,0,12.34,345.89,280.51,0.54,0.42,N,VIIRS,2,2012
-0.13498,115.91427,2012-06-27,557,n,0,17.47,346.25,282.06,0.54,0.42,N,VIIRS,2,2012
-0.96476,117.14877,2012-06-27,1657,n,2,0.47,298.88,275.44,0.37,0.58,N,VIIRS,2,2012
-0.58049,117.38694,2012-06-27,1657,n,2,0.58,301.57,284.07,0.36,0.58,N,VIIRS,2,2012
-0.44032,117.41748,2012-06-27,1657,n,0,0.83,304.75,287.65,0.36,0.58,N,VIIRS,2,2012
-0.44244,117.41755,2012-06-27,1657,n,0,0.95,311.96,287.9,0.36,0.58,N,VIIRS,2,2012
-0.0994,115.98009,2012-06-27,1657,n,0,0.65,297.64,273.97,0.46,0.64,N,VIIRS,2,2012
-0.09559,115.97818,2012-06-27,1657,n,0,1.05,297.55,271.57,0.46,0.64,N,VIIRS,2,2012
0.18532,117.48794,2012-06-27,1657,n,2,1.58,304.93,259.94,0.37,0.58,N,VIIRS,2,2012
-0.58529,117.38276,2012-06-27,1657,n,2,1.16,307.47,284.87,0.36,0.58,N,VIIRS,2,2012
-0.67976,117.12939,2012-06-27,1657,n,0,0.55,295.43,274.16,0.38,0.58,N,VIIRS,2,2012
-0.77417,117.19138,2012-06-27,1657,n,0,0.55,301.99,277.6,0.37,0.58,N,VIIRS,2,2012
-0.95938,117.14967,2012-06-27,1657,n,0,0.47,296.02,275.95,0.37,0.58,N,VIIRS,2,2012
-1.08845,114.23186,2012-06-27,1658,n,0,1.77,297.47,286.26,0.58,0.7,N,VIIRS,2,2012
-1.0949,114.23058,2012-06-27,1658,n,0,1.6,298.99,284.53,0.58,0.7,N,VIIRS,2,2012
-1.71877,114.84023,2012-06-27,1838,n,0,11.83,308.22,277.39,0.79,0.78,N,VIIRS,2,2012
-1.71765,114.83286,2012-06-27,1838,h,0,11.83,367.0,279.3,0.79,0.78,N,VIIRS,2,2012
-1.71651,114.82544,2012-06-27,1838,n,0,11.73,297.63,279.84,0.79,0.78,N,VIIRS,2,2012
0.18601,117.48372,2012-06-28,1638,n,2,2.66,305.57,281.3,0.76,0.77,N,VIIRS,2,2012
0.18422,117.48532,2012-06-28,1638,n,2,5.54,306.24,281.23,0.76,0.77,N,VIIRS,2,2012
-2.12697,113.81142,2012-06-28,1819,n,0,0.64,297.33,280.49,0.33,0.55,N,VIIRS,2,2012
-0.68322,117.0509,2012-06-28,1819,n,0,4.35,306.22,263.89,0.52,0.67,N,VIIRS,2,2012
-0.68179,117.0522,2012-06-28,1819,n,0,2.86,296.39,263.2,0.52,0.67,N,VIIRS,2,2012
-1.8916,113.52113,2012-06-29,519,n,0,7.15,339.53,287.11,0.61,0.53,N,VIIRS,2,2012
0.1843,117.48579,2012-06-29,1800,n,2,0.69,308.77,278.53,0.51,0.49,N,VIIRS,2,2012
0.18445,117.488,2012-06-29,1800,n,2,1.15,304.28,277.74,0.51,0.49,N,VIIRS,2,2012
0.43794,116.64497,2012-06-30,500,n,0,3.28,338.35,286.79,0.36,0.58,N,VIIRS,2,2012
-2.29237,114.04,2012-06-30,500,n,0,6.27,345.76,286.88,0.6,0.71,N,VIIRS,2,2012
-2.28581,114.03907,2012-06-30,500,n,0,5.27,333.51,287.09,0.6,0.71,N,VIIRS,2,2012
1.3502,118.42549,2012-06-30,501,n,0,3.75,330.98,279.43,0.53,0.5,N,VIIRS,2,2012
1.39798,118.01723,2012-06-30,501,n,0,11.38,340.44,288.16,0.57,0.52,N,VIIRS,2,2012
-1.52617,113.61226,2012-06-30,640,n,0,8.91,344.73,284.66,0.66,0.73,N,VIIRS,2,2012
-1.61394,113.50126,2012-06-30,640,n,0,10.48,342.62,286.51,0.65,0.73,N,VIIRS,2,2012
1.61785,118.06843,2012-06-30,1740,n,0,0.76,305.63,289.63,0.42,0.38,N,VIIRS,2,2012
1.61498,118.06408,2012-06-30,1740,n,0,0.76,306.27,289.25,0.42,0.38,N,VIIRS,2,2012
1.98575,117.37528,2012-06-30,1740,n,0,0.72,304.19,290.74,0.4,0.37,N,VIIRS,2,2012
-0.58525,117.3837,2012-06-30,1741,n,2,0.79,310.86,290.09,0.42,0.38,N,VIIRS,2,2012
-0.5818,117.38423,2012-06-30,1741,n,2,0.79,305.71,290.45,0.42,0.38,N,VIIRS,2,2012
-0.45436,117.39545,2012-06-30,1741,n,0,0.4,306.79,290.36,0.42,0.37,N,VIIRS,2,2012
-0.4667,117.58681,2012-06-30,1741,n,2,0.56,308.34,291.39,0.42,0.38,N,VIIRS,2,2012
0.09287,117.46991,2012-06-30,1741,n,3,2.82,319.84,292.99,0.42,0.37,N,VIIRS,2,2012
0.10666,117.47203,2012-06-30,1741,n,2,1.21,312.03,290.51,0.42,0.37,N,VIIRS,2,2012
0.18403,117.48709,2012-06-30,1741,n,2,2.21,316.58,290.79,0.42,0.37,N,VIIRS,2,2012
0.86542,117.21844,2012-06-30,1741,n,0,0.51,303.03,290.05,0.4,0.37,N,VIIRS,2,2012
0.90567,117.16174,2012-06-30,1741,n,0,0.78,309.47,289.86,0.4,0.37,N,VIIRS,2,2012
1.22965,118.05723,2012-06-30,1741,n,0,0.63,302.77,289.61,0.43,0.38,N,VIIRS,2,2012
-0.70088,115.50187,2012-06-30,1741,n,0,1.4,304.86,289.58,0.38,0.36,N,VIIRS,2,2012
-0.69145,115.50687,2012-06-30,1741,n,0,1.88,315.16,288.45,0.38,0.36,N,VIIRS,2,2012
-0.68427,115.50446,2012-06-30,1741,n,0,6.0,335.3,287.24,0.38,0.36,N,VIIRS,2,2012
-0.68095,115.50496,2012-06-30,1741,n,0,0.81,304.0,286.62,0.38,0.36,N,VIIRS,2,2012
-0.67376,115.50254,2012-06-30,1741,n,0,0.99,300.37,284.84,0.38,0.36,N,VIIRS,2,2012
-0.67322,115.4991,2012-06-30,1741,n,0,2.73,332.91,287.93,0.38,0.36,N,VIIRS,2,2012
-0.68639,117.05339,2012-06-30,1741,n,0,1.1,315.93,290.04,0.41,0.37,N,VIIRS,2,2012
-0.68581,117.04971,2012-06-30,1741,n,0,1.29,306.8,290.11,0.41,0.37,N,VIIRS,2,2012
-0.68297,117.05389,2012-06-30,1741,n,0,1.1,314.46,290.42,0.41,0.37,N,VIIRS,2,2012
-0.68239,117.05022,2012-06-30,1741,n,0,1.29,306.37,290.25,0.41,0.37,N,VIIRS,2,2012
-0.68073,117.12956,2012-06-30,1741,n,0,1.12,308.13,290.72,0.41,0.37,N,VIIRS,2,2012
-0.71145,115.51147,2012-07-01,622,n,0,10.45,348.17,288.31,0.44,0.62,N,VIIRS,2,2012
-0.68831,115.50821,2012-07-01,622,n,0,6.19,331.86,288.32,0.44,0.62,N,VIIRS,2,2012
-0.58308,117.38696,2012-07-01,1722,n,2,0.65,309.26,290.3,0.44,0.38,N,VIIRS,2,2012
-0.46635,117.58611,2012-07-01,1722,n,2,1.56,305.5,290.77,0.43,0.38,N,VIIRS,2,2012
1.61818,118.06446,2012-07-01,1722,n,0,0.88,308.43,290.49,0.43,0.38,N,VIIRS,2,2012
1.15609,117.67852,2012-07-01,1722,n,2,1.12,306.88,289.75,0.45,0.39,N,VIIRS,2,2012
0.10621,117.47153,2012-07-01,1722,n,2,1.08,308.88,289.94,0.44,0.39,N,VIIRS,2,2012
0.10698,117.47267,2012-07-01,1722,n,2,1.15,310.27,290.14,0.44,0.39,N,VIIRS,2,2012
-0.71195,115.51059,2012-07-01,1722,n,0,2.55,320.07,287.9,0.55,0.43,N,VIIRS,2,2012
-0.96395,117.15141,2012-07-01,1722,n,2,1.05,315.18,290.5,0.45,0.39,N,VIIRS,2,2012
-0.96332,117.14742,2012-07-01,1722,n,2,1.51,314.67,290.16,0.45,0.39,N,VIIRS,2,2012
-0.69152,115.50865,2012-07-01,1722,n,0,2.51,313.16,288.32,0.55,0.43,N,VIIRS,2,2012
-0.68994,115.49874,2012-07-01,1722,n,0,1.45,312.48,288.56,0.55,0.43,N,VIIRS,2,2012
-0.68287,115.50491,2012-07-01,1722,n,0,2.05,314.31,288.53,0.55,0.43,N,VIIRS,2,2012
-0.67421,115.50117,2012-07-01,1722,n,0,3.66,322.81,288.78,0.55,0.43,N,VIIRS,2,2012
-0.84845,117.26757,2012-07-01,1722,n,2,1.79,321.4,290.84,0.44,0.39,N,VIIRS,2,2012
-0.84489,117.26814,2012-07-01,1722,n,0,1.79,325.84,291.36,0.44,0.39,N,VIIRS,2,2012
-0.80719,117.10098,2012-07-01,1722,n,2,1.22,304.07,287.34,0.45,0.39,N,VIIRS,2,2012
-0.74405,117.56406,2012-07-01,1722,n,0,1.13,309.44,291.52,0.43,0.38,N,VIIRS,2,2012
-0.39322,115.97895,2012-07-01,1722,n,0,0.72,302.11,289.31,0.52,0.42,N,VIIRS,2,2012
1.23273,117.105,2012-07-02,603,n,0,3.06,328.29,289.63,0.57,0.52,N,VIIRS,2,2012
1.23827,117.11655,2012-07-02,603,n,0,6.1,338.22,291.98,0.57,0.52,N,VIIRS,2,2012
1.23195,117.10693,2012-07-02,603,n,0,6.09,332.45,288.05,0.57,0.52,N,VIIRS,2,2012
1.23913,117.11463,2012-07-02,603,n,0,4.83,336.97,292.36,0.57,0.52,N,VIIRS,2,2012
0.66872,116.92005,2012-07-02,603,n,0,2.25,332.26,289.41,0.54,0.51,N,VIIRS,2,2012
0.67133,116.91773,2012-07-02,603,n,0,1.54,327.83,288.35,0.54,0.51,N,VIIRS,2,2012
0.37655,116.52586,2012-07-02,603,n,0,15.46,340.24,292.85,0.51,0.49,N,VIIRS,2,2012
0.32701,116.38458,2012-07-02,603,n,0,8.62,339.1,290.96,0.49,0.49,N,VIIRS,2,2012
0.3225,116.38524,2012-07-02,603,n,0,8.62,339.36,292.3,0.49,0.49,N,VIIRS,2,2012
0.32318,116.38972,2012-07-02,603,n,0,8.62,339.98,291.26,0.49,0.49,N,VIIRS,2,2012
0.34753,116.84605,2012-07-02,603,n,0,4.53,330.32,293.03,0.53,0.5,N,VIIRS,2,2012
0.23841,116.35641,2012-07-02,603,n,0,2.71,333.68,291.61,0.49,0.49,N,VIIRS,2,2012
0.30787,116.86665,2012-07-02,603,n,0,5.49,330.14,292.96,0.53,0.5,N,VIIRS,2,2012
0.09497,117.47867,2012-07-02,603,n,2,5.99,336.66,291.47,0.58,0.52,N,VIIRS,2,2012
-0.09474,116.71299,2012-07-02,603,n,0,2.2,329.29,291.21,0.51,0.5,N,VIIRS,2,2012
-0.0874,116.99693,2012-07-02,603,n,0,24.5,340.87,294.23,0.54,0.5,N,VIIRS,2,2012
-0.08664,117.00175,2012-07-02,603,n,0,18.19,327.94,291.36,0.54,0.51,N,VIIRS,2,2012
-0.07906,117.05029,2012-07-02,603,n,0,12.12,348.35,291.83,0.54,0.51,N,VIIRS,2,2012
-0.37158,115.92305,2012-07-02,603,n,0,42.5,349.58,293.27,0.45,0.47,N,VIIRS,2,2012
-0.22434,117.05498,2012-07-02,603,n,0,4.47,338.91,291.09,0.54,0.51,N,VIIRS,2,2012
-0.29099,117.03899,2012-07-02,603,n,0,7.64,344.7,292.08,0.54,0.5,N,VIIRS,2,2012
-0.38532,116.52553,2012-07-02,603,n,0,2.03,328.09,290.45,0.49,0.49,N,VIIRS,2,2012
-0.49091,116.31292,2012-07-02,603,n,0,7.67,344.77,288.34,0.48,0.48,N,VIIRS,2,2012
-0.49019,116.31201,2012-07-02,603,n,0,8.87,345.94,288.44,0.47,0.48,N,VIIRS,2,2012
-0.61443,116.82633,2012-07-02,603,n,0,2.98,339.02,291.62,0.51,0.5,N,VIIRS,2,2012
-0.61388,116.82974,2012-07-02,603,n,0,4.78,339.62,291.9,0.51,0.49,N,VIIRS,2,2012
-1.57636,114.46567,2012-07-02,603,n,0,7.25,341.16,292.49,0.53,0.42,N,VIIRS,2,2012
-1.57195,114.88551,2012-07-02,603,n,0,10.94,345.39,291.05,0.56,0.43,N,VIIRS,2,2012
-1.57506,114.88369,2012-07-02,603,n,0,10.65,336.43,291.84,0.56,0.43,N,VIIRS,2,2012
-1.33829,116.65501,2012-07-02,603,n,0,4.77,340.21,292.35,0.49,0.48,N,VIIRS,2,2012
2.00559,117.55182,2012-07-02,604,n,0,6.17,336.92,291.19,0.63,0.54,N,VIIRS,2,2012
0.1853,117.48831,2012-07-02,1703,n,2,2.39,311.12,290.24,0.57,0.52,N,VIIRS,2,2012
1.23892,118.02651,2012-07-02,1703,n,0,2.53,300.44,286.28,0.54,0.51,N,VIIRS,2,2012
-0.58358,117.38314,2012-07-02,1703,n,2,1.38,310.04,288.76,0.56,0.52,N,VIIRS,2,2012
-0.68118,115.51152,2012-07-02,1704,n,0,1.1,305.53,287.59,0.38,0.59,N,VIIRS,2,2012
-0.69532,115.49511,2012-07-02,1704,n,0,0.65,302.18,287.65,0.38,0.59,N,VIIRS,2,2012
-0.96222,117.14648,2012-07-02,1704,n,2,2.82,309.66,287.85,0.58,0.52,N,VIIRS,2,2012
-0.96302,117.15163,2012-07-02,1704,n,2,2.52,301.98,288.31,0.58,0.52,N,VIIRS,2,2012
-0.96111,117.15087,2012-07-02,1704,n,2,3.46,308.29,288.15,0.58,0.52,N,VIIRS,2,2012
-0.69631,115.4958,2012-07-02,1704,n,0,0.56,304.06,287.76,0.38,0.59,N,VIIRS,2,2012
-1.90563,113.54156,2012-07-02,1704,n,0,1.54,311.97,271.25,0.49,0.65,N,VIIRS,2,2012
-0.49192,115.58937,2012-07-02,1704,n,0,0.41,301.95,286.74,0.38,0.58,N,VIIRS,2,2012
-0.84346,117.2646,2012-07-02,1704,n,0,4.81,327.09,289.25,0.57,0.52,N,VIIRS,2,2012
-0.67358,115.49855,2012-07-02,1704,n,0,0.75,306.98,287.34,0.38,0.59,N,VIIRS,2,2012
-0.84717,117.10067,2012-07-03,544,n,0,11.61,346.3,290.31,0.42,0.38,N,VIIRS,2,2012
-1.07036,114.80505,2012-07-03,544,n,0,4.14,335.42,294.94,0.38,0.36,N,VIIRS,2,2012
1.23781,118.02711,2012-07-03,544,n,0,34.99,345.04,298.62,0.49,0.4,N,VIIRS,2,2012
1.2307,118.05535,2012-07-03,544,n,0,6.55,335.38,296.09,0.49,0.4,N,VIIRS,2,2012
1.13603,117.70625,2012-07-03,544,n,0,2.85,334.02,291.53,0.47,0.4,N,VIIRS,2,2012
0.99128,117.92752,2012-07-03,544,n,0,6.1,332.82,294.56,0.48,0.4,N,VIIRS,2,2012
1.01987,118.13889,2012-07-03,544,n,0,7.38,337.19,295.24,0.5,0.41,N,VIIRS,2,2012
0.76804,117.38969,2012-07-03,544,n,0,3.66,334.51,293.48,0.45,0.39,N,VIIRS,2,2012
0.17381,116.2527,2012-07-03,544,n,0,9.89,336.44,294.69,0.41,0.37,N,VIIRS,2,2012
0.17041,116.2532,2012-07-03,544,n,0,9.89,332.33,299.62,0.41,0.37,N,VIIRS,2,2012
0.17096,116.25684,2012-07-03,544,n,0,9.89,332.11,295.35,0.41,0.37,N,VIIRS,2,2012
-0.01178,116.43104,2012-07-03,544,n,0,18.15,353.29,296.83,0.41,0.37,N,VIIRS,2,2012
-0.14187,115.8929,2012-07-03,544,l,0,6.89,328.61,303.53,0.4,0.37,N,VIIRS,2,2012
-0.14133,115.89645,2012-07-03,544,l,0,6.35,329.07,304.03,0.4,0.37,N,VIIRS,2,2012
-0.14608,116.99168,2012-07-03,544,n,0,2.24,332.16,294.33,0.43,0.38,N,VIIRS,2,2012
-0.0923,117.41558,2012-07-03,544,n,0,9.42,340.76,292.84,0.44,0.39,N,VIIRS,2,2012
-0.33623,115.90096,2012-07-03,544,n,0,13.97,346.9,294.08,0.4,0.37,N,VIIRS,2,2012
-0.3396,115.90147,2012-07-03,544,n,0,8.92,347.75,294.98,0.4,0.37,N,VIIRS,2,2012
-0.34862,115.91007,2012-07-03,544,n,0,22.31,355.71,296.38,0.4,0.37,N,VIIRS,2,2012
-0.35198,115.91056,2012-07-03,544,n,0,4.34,329.64,292.99,0.4,0.37,N,VIIRS,2,2012
-0.35145,115.91412,2012-07-03,544,n,0,10.88,339.3,296.39,0.4,0.37,N,VIIRS,2,2012
-0.35749,115.89689,2012-07-03,544,n,0,2.51,331.73,294.55,0.39,0.37,N,VIIRS,2,2012
-0.35818,115.91512,2012-07-03,544,n,0,4.69,334.03,294.64,0.4,0.37,N,VIIRS,2,2012
-0.30012,116.55364,2012-07-03,544,n,0,3.55,330.56,293.64,0.41,0.37,N,VIIRS,2,2012
-0.4086,116.3452,2012-07-03,544,n,0,8.78,344.98,295.41,0.4,0.37,N,VIIRS,2,2012
-0.52162,116.10472,2012-07-03,544,n,0,1.82,328.45,292.91,0.4,0.37,N,VIIRS,2,2012
-0.3671,117.36282,2012-07-03,544,n,0,8.16,333.58,294.95,0.44,0.38,N,VIIRS,2,2012
-0.36651,117.36678,2012-07-03,544,n,0,8.16,330.15,293.93,0.44,0.38,N,VIIRS,2,2012
-0.36988,117.3664,2012-07-03,544,n,0,6.07,332.22,293.72,0.44,0.38,N,VIIRS,2,2012
-0.69485,115.49648,2012-07-03,544,n,0,4.96,333.02,296.0,0.39,0.36,N,VIIRS,2,2012
-0.69818,115.49697,2012-07-03,544,n,0,4.62,337.9,296.76,0.39,0.36,N,VIIRS,2,2012
-0.69713,115.50394,2012-07-03,544,n,0,3.66,335.0,295.23,0.39,0.36,N,VIIRS,2,2012
-0.68465,117.05249,2012-07-03,544,n,0,4.84,336.21,288.9,0.42,0.38,N,VIIRS,2,2012
-1.12543,114.19445,2012-07-03,544,n,0,2.55,332.94,295.11,0.39,0.36,N,VIIRS,2,2012
-2.43765,115.32602,2012-07-03,544,n,0,9.11,338.75,297.77,0.38,0.36,N,VIIRS,2,2012
-2.43119,115.34623,2012-07-03,544,n,0,2.51,329.53,295.92,0.38,0.36,N,VIIRS,2,2012
-2.43153,115.32157,2012-07-03,544,n,0,3.22,341.19,299.44,0.38,0.36,N,VIIRS,2,2012
-2.42821,115.32108,2012-07-03,544,n,0,3.22,338.23,298.78,0.38,0.36,N,VIIRS,2,2012
-2.42227,115.33784,2012-07-03,544,n,0,1.98,335.18,295.73,0.38,0.36,N,VIIRS,2,2012
-2.39134,115.47439,2012-07-03,544,n,0,7.72,346.64,290.87,0.38,0.36,N,VIIRS,2,2012
-2.40415,114.98868,2012-07-03,544,n,0,2.95,334.74,295.08,0.38,0.36,N,VIIRS,2,2012
-2.39571,114.90975,2012-07-03,544,n,0,2.48,330.62,296.31,0.38,0.36,N,VIIRS,2,2012
-2.13675,115.3709,2012-07-03,544,n,0,3.68,328.19,294.92,0.38,0.36,N,VIIRS,2,2012
-2.31503,113.98678,2012-07-03,544,n,0,7.02,346.24,292.8,0.39,0.37,N,VIIRS,2,2012
-2.0559,115.56738,2012-07-03,544,n,0,2.51,330.84,295.46,0.39,0.36,N,VIIRS,2,2012
-2.00635,114.91596,2012-07-03,544,n,0,4.04,333.64,297.8,0.38,0.36,N,VIIRS,2,2012
-1.96635,114.95586,2012-07-03,544,n,0,22.77,345.54,293.57,0.38,0.36,N,VIIRS,2,2012
-1.96687,114.95241,2012-07-03,544,n,0,6.65,330.9,295.65,0.38,0.36,N,VIIRS,2,2012
-1.99016,113.77612,2012-07-03,544,n,0,3.3,332.17,294.62,0.4,0.37,N,VIIRS,2,2012
-1.90717,113.54359,2012-07-03,544,n,0,16.08,333.59,297.31,0.4,0.37,N,VIIRS,2,2012
-1.90772,113.53999,2012-07-03,544,n,0,16.08,342.82,296.4,0.4,0.37,N,VIIRS,2,2012
-1.55985,113.67039,2012-07-03,544,n,0,8.56,343.92,294.21,0.4,0.37,N,VIIRS,2,2012
-1.32215,114.27872,2012-07-03,544,n,0,7.62,340.25,294.68,0.39,0.36,N,VIIRS,2,2012
2.24063,118.00264,2012-07-03,545,n,0,5.09,332.7,295.7,0.5,0.41,N,VIIRS,2,2012
2.10082,117.1865,2012-07-03,545,n,0,3.14,335.46,296.14,0.46,0.39,N,VIIRS,2,2012
1.26831,117.1275,2012-07-03,545,n,0,2.87,334.18,294.43,0.45,0.39,N,VIIRS,2,2012
1.20929,117.74857,2012-07-03,545,n,0,45.26,334.9,297.91,0.48,0.4,N,VIIRS,2,2012
1.23934,118.02802,2012-07-03,545,n,0,39.06,347.51,297.79,0.49,0.4,N,VIIRS,2,2012
1.95259,117.78169,2012-07-03,545,n,0,3.05,328.79,294.33,0.49,0.4,N,VIIRS,2,2012
1.64721,116.99109,2012-07-03,545,n,0,4.76,336.17,296.42,0.44,0.39,N,VIIRS,2,2012
0.10941,117.47014,2012-07-03,1644,n,2,0.7,303.11,283.68,0.6,0.71,N,VIIRS,2,2012
0.1048,117.46962,2012-07-03,1644,n,2,1.71,301.79,283.79,0.6,0.71,N,VIIRS,2,2012
0.18729,117.48843,2012-07-03,1644,n,0,1.34,303.67,284.92,0.6,0.71,N,VIIRS,2,2012
-2.36837,116.47775,2012-07-03,1645,n,0,0.78,299.62,286.18,0.64,0.72,N,VIIRS,2,2012
-2.36165,116.47884,2012-07-03,1645,n,0,2.15,310.37,286.45,0.64,0.72,N,VIIRS,2,2012
-2.36592,116.47861,2012-07-03,1645,n,0,1.1,304.87,286.63,0.64,0.72,N,VIIRS,2,2012
-2.35919,116.47971,2012-07-03,1645,n,0,1.1,307.41,286.59,0.64,0.72,N,VIIRS,2,2012
-0.69936,115.4941,2012-07-03,1645,n,0,2.71,295.32,281.13,0.79,0.78,N,VIIRS,2,2012
-0.7002,115.49712,2012-07-03,1825,n,0,1.88,303.67,285.06,0.52,0.67,N,VIIRS,2,2012
-0.68384,115.51443,2012-07-03,1825,n,0,1.58,303.62,285.03,0.52,0.67,N,VIIRS,2,2012
-0.68646,117.04903,2012-07-03,1825,n,0,3.1,314.78,285.88,0.66,0.73,N,VIIRS,2,2012
-0.67963,117.04985,2012-07-03,1825,n,0,0.8,300.36,285.87,0.66,0.73,N,VIIRS,2,2012
-0.60618,117.253,2012-07-03,1825,n,0,0.88,301.41,286.22,0.68,0.74,N,VIIRS,2,2012
0.10603,117.47366,2012-07-03,1825,n,2,1.42,303.58,284.67,0.69,0.74,N,VIIRS,2,2012
-0.67474,115.49642,2012-07-03,1825,n,0,1.07,301.6,284.93,0.52,0.67,N,VIIRS,2,2012
-0.67679,115.49734,2012-07-03,1825,n,0,1.09,304.43,284.85,0.52,0.67,N,VIIRS,2,2012
-0.68719,117.04962,2012-07-03,1825,n,0,1.89,309.81,285.76,0.66,0.73,N,VIIRS,2,2012
-0.68036,117.05047,2012-07-03,1825,n,0,1.89,309.58,286.23,0.66,0.73,N,VIIRS,2,2012
0.10523,117.47267,2012-07-03,1825,n,2,2.96,304.63,284.47,0.69,0.74,N,VIIRS,2,2012
0.18102,117.48512,2012-07-03,1825,n,2,2.58,304.64,284.52,0.69,0.74,N,VIIRS,2,2012
0.18117,117.48463,2012-07-03,1825,n,2,3.52,302.5,284.55,0.69,0.74,N,VIIRS,2,2012
-1.96625,114.95258,2012-07-03,1826,n,0,0.8,300.56,267.29,0.5,0.66,N,VIIRS,2,2012
-1.96734,114.95525,2012-07-03,1826,n,0,0.87,296.66,266.79,0.5,0.66,N,VIIRS,2,2012
-0.35673,115.953,2012-07-04,525,n,0,15.11,341.9,296.37,0.48,0.4,N,VIIRS,2,2012
-2.36237,116.48048,2012-07-04,525,n,0,2.38,333.06,291.27,0.48,0.4,N,VIIRS,2,2012
-0.14643,116.03901,2012-07-04,525,l,0,8.34,327.11,301.9,0.48,0.4,N,VIIRS,2,2012
-0.04669,116.73751,2012-07-04,525,n,0,4.96,339.73,291.37,0.44,0.38,N,VIIRS,2,2012
-0.05023,116.73804,2012-07-04,525,n,0,4.96,334.55,291.97,0.44,0.38,N,VIIRS,2,2012
-1.9688,114.95346,2012-07-04,525,n,0,4.11,335.11,293.37,0.39,0.44,N,VIIRS,2,2012
-1.96478,114.9529,2012-07-04,525,n,0,4.11,340.36,291.86,0.39,0.44,N,VIIRS,2,2012
-1.91705,114.24879,2012-07-04,525,n,0,6.74,345.72,293.95,0.43,0.46,N,VIIRS,2,2012
-1.87704,113.71394,2012-07-04,525,n,0,4.31,327.1,291.9,0.46,0.47,N,VIIRS,2,2012
-1.76239,114.44995,2012-07-04,525,n,0,2.91,338.61,292.58,0.41,0.45,N,VIIRS,2,2012
-1.64958,113.64785,2012-07-04,525,n,0,5.33,334.26,293.59,0.46,0.47,N,VIIRS,2,2012
-1.60159,113.54728,2012-07-04,525,n,0,4.58,332.53,291.49,0.47,0.48,N,VIIRS,2,2012
-1.34733,114.73032,2012-07-04,525,n,0,34.21,345.65,295.87,0.39,0.44,N,VIIRS,2,2012
-1.34277,114.73327,2012-07-04,525,n,0,39.25,329.54,291.1,0.39,0.44,N,VIIRS,2,2012
-1.34329,114.72974,2012-07-04,525,n,0,34.21,347.7,299.82,0.39,0.44,N,VIIRS,2,2012
-1.34716,114.73033,2012-07-04,525,n,0,36.87,355.11,297.58,0.39,0.44,N,VIIRS,2,2012
-1.34312,114.72976,2012-07-04,525,n,0,36.87,348.36,297.55,0.39,0.44,N,VIIRS,2,2012
-1.09786,114.2335,2012-07-04,525,n,0,4.02,334.09,293.65,0.42,0.45,N,VIIRS,2,2012
-0.67033,117.09251,2012-07-04,525,n,0,7.38,332.44,294.57,0.43,0.38,N,VIIRS,2,2012
-1.09619,114.23316,2012-07-04,525,n,0,3.86,336.7,294.47,0.42,0.45,N,VIIRS,2,2012
-0.62462,117.0819,2012-07-04,525,n,0,3.79,331.37,294.11,0.43,0.38,N,VIIRS,2,2012
-0.48849,116.33624,2012-07-04,525,n,0,3.08,328.94,298.17,0.46,0.39,N,VIIRS,2,2012
-0.48912,116.33207,2012-07-04,525,n,0,4.44,338.64,299.43,0.46,0.39,N,VIIRS,2,2012
-0.48486,116.3357,2012-07-04,525,n,0,10.49,341.69,300.32,0.46,0.39,N,VIIRS,2,2012
-0.48549,116.33152,2012-07-04,525,n,0,11.55,347.92,299.76,0.46,0.39,N,VIIRS,2,2012
-0.4607,116.32355,2012-07-04,525,n,0,2.79,327.95,297.45,0.46,0.39,N,VIIRS,2,2012
-0.45707,116.32301,2012-07-04,525,n,0,3.1,328.79,297.36,0.46,0.39,N,VIIRS,2,2012
-0.4605,116.32413,2012-07-04,525,l,0,2.46,327.68,297.76,0.46,0.39,N,VIIRS,2,2012
-0.45687,116.3236,2012-07-04,525,n,0,2.46,327.69,296.7,0.46,0.39,N,VIIRS,2,2012
-0.42701,116.34895,2012-07-04,525,n,0,7.07,342.51,297.6,0.46,0.39,N,VIIRS,2,2012
-0.40338,116.35816,2012-07-04,525,n,0,4.26,329.59,297.07,0.46,0.39,N,VIIRS,2,2012
-0.40072,116.20371,2012-07-04,525,n,0,8.76,343.75,295.02,0.47,0.4,N,VIIRS,2,2012
-0.40136,116.19948,2012-07-04,525,n,0,2.76,328.1,292.9,0.47,0.4,N,VIIRS,2,2012
-0.31715,116.28647,2012-07-04,525,n,0,3.16,332.24,289.95,0.46,0.39,N,VIIRS,2,2012
-0.11791,117.00311,2012-07-04,525,n,0,3.74,333.98,291.15,0.43,0.38,N,VIIRS,2,2012
-0.12141,117.00364,2012-07-04,525,n,0,3.67,329.32,290.34,0.43,0.38,N,VIIRS,2,2012
-0.34111,115.90615,2012-07-04,525,n,0,6.56,339.35,293.06,0.49,0.4,N,VIIRS,2,2012
-0.34548,115.90233,2012-07-04,525,n,0,4.6,331.05,297.08,0.49,0.4,N,VIIRS,2,2012
-0.35237,115.95678,2012-07-04,525,n,0,15.11,341.86,295.78,0.48,0.4,N,VIIRS,2,2012
-0.35607,115.95734,2012-07-04,525,n,0,15.11,354.53,295.78,0.48,0.4,N,VIIRS,2,2012
0.86855,117.90868,2012-07-04,526,n,0,2.39,327.9,295.33,0.4,0.37,N,VIIRS,2,2012
1.16491,117.61042,2012-07-04,526,n,0,29.49,337.31,300.29,0.4,0.37,N,VIIRS,2,2012
1.16547,117.61404,2012-07-04,526,n,0,29.49,332.64,293.83,0.4,0.37,N,VIIRS,2,2012
0.98222,117.67149,2012-07-04,526,n,0,2.3,330.55,293.12,0.4,0.37,N,VIIRS,2,2012
-0.96314,117.14997,2012-07-04,1806,n,2,0.97,325.82,287.79,0.32,0.55,N,VIIRS,2,2012
-0.71014,115.5099,2012-07-04,1806,n,0,1.51,311.39,289.82,0.5,0.49,N,VIIRS,2,2012
-0.70115,115.51135,2012-07-04,1806,n,0,1.46,308.79,289.49,0.5,0.49,N,VIIRS,2,2012
-0.69913,115.49796,2012-07-04,1806,n,0,1.96,307.0,289.74,0.49,0.49,N,VIIRS,2,2012
-0.96412,117.14748,2012-07-04,1806,n,2,1.12,302.72,287.47,0.32,0.55,N,VIIRS,2,2012
-0.70206,115.49974,2012-07-04,1806,n,0,1.59,309.25,289.77,0.49,0.49,N,VIIRS,2,2012
-0.60747,117.25259,2012-07-04,1806,n,0,0.82,307.3,285.18,0.32,0.55,N,VIIRS,2,2012
-0.66958,117.16454,2012-07-04,1806,n,0,0.3,304.2,286.12,0.32,0.55,N,VIIRS,2,2012
-0.68254,117.04872,2012-07-04,1806,n,0,3.01,308.65,288.54,0.63,0.54,N,VIIRS,2,2012
-0.68344,117.05444,2012-07-04,1806,n,0,2.02,309.82,288.6,0.63,0.54,N,VIIRS,2,2012
1.60594,118.06408,2012-07-04,1806,n,0,0.38,301.67,284.37,0.34,0.56,N,VIIRS,2,2012
1.60538,117.19524,2012-07-04,1806,n,0,2.64,325.61,282.44,0.59,0.53,N,VIIRS,2,2012
0.10862,117.47157,2012-07-04,1806,n,2,1.0,304.65,284.35,0.33,0.55,N,VIIRS,2,2012
1.38827,117.98567,2012-07-04,1806,n,0,0.48,302.71,281.95,0.34,0.56,N,VIIRS,2,2012
-0.54003,117.4082,2012-07-04,1806,n,0,0.19,296.73,270.47,0.33,0.55,N,VIIRS,2,2012
-0.70868,115.51235,2012-07-04,1806,n,0,0.63,304.37,289.34,0.5,0.49,N,VIIRS,2,2012
-0.39163,116.34227,2012-07-04,1806,n,0,0.95,304.39,287.12,0.56,0.51,N,VIIRS,2,2012
1.39293,117.98955,2012-07-04,1806,n,0,1.7,321.97,282.19,0.34,0.56,N,VIIRS,2,2012
1.60282,117.19383,2012-07-04,1806,n,0,3.53,333.82,281.81,0.59,0.53,N,VIIRS,2,2012
-0.58599,117.38356,2012-07-04,1806,n,2,0.6,304.47,281.36,0.33,0.55,N,VIIRS,2,2012
-0.9646,117.15047,2012-07-04,1806,n,2,1.71,323.34,287.76,0.32,0.55,N,VIIRS,2,2012
-0.68479,115.50705,2012-07-04,1806,n,0,1.35,310.5,289.49,0.49,0.49,N,VIIRS,2,2012
1.6005,117.19453,2012-07-04,1806,n,0,2.64,317.74,281.92,0.59,0.53,N,VIIRS,2,2012
1.60771,117.19452,2012-07-04,1806,n,0,3.53,306.22,282.06,0.59,0.53,N,VIIRS,2,2012
-0.96359,117.15298,2012-07-04,1806,n,2,0.97,307.99,287.23,0.32,0.55,N,VIIRS,2,2012
-1.96498,114.77429,2012-07-04,1807,n,0,0.47,302.93,289.44,0.46,0.47,N,VIIRS,2,2012
-0.37418,116.89955,2012-07-05,506,n,0,3.27,330.25,289.47,0.56,0.51,N,VIIRS,2,2012
-2.00149,114.91528,2012-07-05,506,n,0,3.47,328.08,292.02,0.4,0.6,N,VIIRS,2,2012
-0.83047,115.88689,2012-07-05,506,n,0,5.55,328.24,288.73,0.33,0.55,N,VIIRS,2,2012
-0.83092,115.8839,2012-07-05,506,n,0,4.74,337.94,290.51,0.33,0.56,N,VIIRS,2,2012
-0.57821,116.7775,2012-07-05,506,n,0,6.23,333.54,289.96,0.57,0.52,N,VIIRS,2,2012
-0.57898,116.7724,2012-07-05,506,n,0,3.82,326.98,287.85,0.57,0.52,N,VIIRS,2,2012
-0.48383,116.35792,2012-07-05,506,n,0,6.13,331.72,290.96,0.61,0.53,N,VIIRS,2,2012
-0.48341,116.35532,2012-07-05,506,n,0,6.83,337.25,290.52,0.61,0.53,N,VIIRS,2,2012
-2.0426,116.43713,2012-07-05,506,n,0,2.69,344.16,291.01,0.32,0.54,N,VIIRS,2,2012
-0.46385,116.31847,2012-07-05,506,n,0,8.66,326.51,291.65,0.61,0.54,N,VIIRS,2,2012
-0.16504,116.45765,2012-07-05,507,n,0,6.38,338.17,292.35,0.59,0.53,N,VIIRS,2,2012
1.58253,118.13107,2012-07-05,507,n,0,2.87,329.6,293.21,0.43,0.46,N,VIIRS,2,2012
1.48578,117.13442,2012-07-05,507,n,0,6.59,335.33,283.77,0.5,0.49,N,VIIRS,2,2012
1.4896,117.12926,2012-07-05,507,n,0,4.26,326.3,284.23,0.5,0.49,N,VIIRS,2,2012
1.72839,117.90736,2012-07-05,507,n,0,10.28,340.01,290.01,0.44,0.46,N,VIIRS,2,2012
-0.16764,116.45908,2012-07-05,507,n,0,9.2,341.26,293.19,0.59,0.53,N,VIIRS,2,2012
-0.30034,116.38749,2012-07-05,507,n,0,5.06,333.34,294.32,0.6,0.53,N,VIIRS,2,2012
-0.29542,116.38675,2012-07-05,507,n,0,5.23,325.82,294.37,0.6,0.53,N,VIIRS,2,2012
-0.32499,115.93041,2012-07-05,507,n,0,2.1,326.14,290.83,0.32,0.55,N,VIIRS,2,2012
-0.34708,115.51493,2012-07-05,507,n,0,3.31,346.1,288.21,0.35,0.56,N,VIIRS,2,2012
-0.67243,115.50381,2012-07-05,1748,n,0,1.32,306.92,282.94,0.41,0.37,N,VIIRS,2,2012
-1.55735,113.52748,2012-07-05,1748,n,0,6.35,330.76,291.12,0.38,0.36,N,VIIRS,2,2012
0.10816,117.47133,2012-07-06,1728,n,2,0.42,304.08,287.27,0.39,0.37,N,VIIRS,2,2012
-0.96511,117.14983,2012-07-07,1710,n,2,0.62,302.39,285.94,0.45,0.47,N,VIIRS,2,2012
-0.96448,117.14581,2012-07-07,1710,n,2,1.06,309.21,285.7,0.45,0.47,N,VIIRS,2,2012
-0.96079,117.15054,2012-07-07,1710,n,2,0.62,302.29,286.06,0.45,0.47,N,VIIRS,2,2012
-0.80573,117.10295,2012-07-07,1710,n,2,1.01,304.32,287.91,0.46,0.47,N,VIIRS,2,2012
-0.58404,117.3838,2012-07-07,1710,n,2,0.55,305.95,285.75,0.44,0.46,N,VIIRS,2,2012
-1.89604,115.16972,2012-07-08,550,n,0,2.18,332.36,288.62,0.41,0.37,N,VIIRS,2,2012
-1.93174,113.6743,2012-07-08,550,n,0,3.53,328.58,293.43,0.38,0.36,N,VIIRS,2,2012
0.3507,116.25377,2012-07-08,551,n,0,5.72,333.81,294.38,0.47,0.4,N,VIIRS,2,2012
0.3503,116.25508,2012-07-08,551,n,0,5.58,332.18,293.87,0.47,0.4,N,VIIRS,2,2012
1.59551,117.1937,2012-07-08,551,n,0,7.52,329.84,287.53,0.55,0.43,N,VIIRS,2,2012
1.57153,117.18744,2012-07-08,1650,n,0,4.94,327.67,273.06,0.52,0.66,N,VIIRS,2,2012
-0.58059,117.38489,2012-07-08,1651,n,2,1.67,301.65,280.89,0.46,0.64,N,VIIRS,2,2012
-0.96281,117.14897,2012-07-08,1651,n,2,2.14,315.93,285.74,0.47,0.64,N,VIIRS,2,2012
-2.04488,114.90773,2012-07-09,531,n,0,6.71,338.54,281.75,0.47,0.4,N,VIIRS,2,2012
-2.04567,114.9086,2012-07-09,531,n,0,5.49,340.44,282.63,0.47,0.4,N,VIIRS,2,2012
-0.96246,117.15028,2012-07-09,531,n,2,1.52,331.0,294.0,0.39,0.36,N,VIIRS,2,2012
-0.66157,117.57916,2012-07-09,531,n,3,1.72,327.2,291.11,0.39,0.36,N,VIIRS,2,2012
-0.38424,115.93689,2012-07-09,532,n,0,3.96,326.24,288.82,0.41,0.37,N,VIIRS,2,2012
0.31006,116.6077,2012-07-09,532,n,0,3.63,332.8,281.8,0.39,0.36,N,VIIRS,2,2012
0.32819,116.06263,2012-07-09,532,n,0,4.56,330.31,285.3,0.41,0.37,N,VIIRS,2,2012
1.57088,117.18912,2012-07-09,532,n,0,10.26,345.83,294.24,0.38,0.36,N,VIIRS,2,2012
1.77004,117.92409,2012-07-09,532,n,0,3.5,333.56,289.78,0.39,0.36,N,VIIRS,2,2012
-0.68514,115.5131,2012-07-09,532,n,0,2.63,325.03,292.73,0.43,0.38,N,VIIRS,2,2012
-0.41231,116.09978,2012-07-09,532,n,0,4.74,339.09,293.5,0.41,0.37,N,VIIRS,2,2012
-0.68581,117.0505,2012-07-09,1813,n,0,1.52,308.26,285.24,0.41,0.6,N,VIIRS,2,2012
-0.96654,117.15118,2012-07-09,1813,n,2,0.81,302.36,283.72,0.42,0.61,N,VIIRS,2,2012
-0.9609,117.15203,2012-07-09,1813,n,2,0.81,305.37,283.04,0.42,0.61,N,VIIRS,2,2012
-0.02346,116.74553,2012-07-10,513,n,0,2.51,327.61,290.43,0.44,0.46,N,VIIRS,2,2012
1.6214,118.17014,2012-07-10,513,n,3,2.65,328.54,292.03,0.51,0.41,N,VIIRS,2,2012
-0.80744,117.10233,2012-07-10,1754,n,2,0.51,301.86,281.09,0.39,0.44,N,VIIRS,2,2012
-1.99892,115.53513,2012-07-13,556,n,0,2.87,330.12,283.25,0.49,0.4,N,VIIRS,2,2012
-0.23929,116.6017,2012-07-14,538,n,0,5.44,337.99,291.25,0.38,0.36,N,VIIRS,2,2012
-0.23982,116.59824,2012-07-14,538,n,0,5.44,334.32,289.73,0.38,0.36,N,VIIRS,2,2012
-0.23597,116.6012,2012-07-14,538,n,0,9.39,336.25,290.3,0.38,0.36,N,VIIRS,2,2012
-0.11091,116.09722,2012-07-15,519,n,0,1.88,329.71,289.04,0.39,0.44,N,VIIRS,2,2012
-0.58423,117.38255,2012-07-15,1800,n,2,0.42,297.36,274.83,0.52,0.5,N,VIIRS,2,2012
-0.80752,117.10219,2012-07-15,1800,n,2,0.7,302.66,288.82,0.5,0.49,N,VIIRS,2,2012
0.86397,117.21722,2012-07-15,1800,n,0,1.28,305.99,288.7,0.48,0.48,N,VIIRS,2,2012
-0.96375,117.14919,2012-07-15,1800,n,2,2.53,315.7,285.51,0.51,0.49,N,VIIRS,2,2012
0.18498,117.48544,2012-07-15,1800,n,2,2.0,308.63,285.79,0.51,0.49,N,VIIRS,2,2012
0.10803,117.47141,2012-07-15,1800,n,2,1.01,305.22,286.85,0.51,0.5,N,VIIRS,2,2012
1.16214,117.67924,2012-07-16,1741,n,0,0.49,297.25,278.44,0.42,0.37,N,VIIRS,2,2012
1.15526,117.67815,2012-07-16,1741,n,2,0.72,298.97,278.73,0.42,0.37,N,VIIRS,2,2012
-0.62819,116.10977,2012-07-17,622,n,0,6.59,338.77,288.08,0.48,0.65,N,VIIRS,2,2012
-0.47826,116.14305,2012-07-17,622,n,0,4.64,328.87,288.4,0.49,0.65,N,VIIRS,2,2012
0.98761,116.87228,2012-07-17,1722,n,0,1.01,305.67,287.16,0.48,0.4,N,VIIRS,2,2012
0.9897,116.87059,2012-07-17,1722,n,0,1.11,302.35,286.82,0.48,0.4,N,VIIRS,2,2012
1.47358,117.87767,2012-07-17,1722,n,0,0.8,305.79,285.42,0.44,0.38,N,VIIRS,2,2012
0.1059,117.47069,2012-07-17,1722,n,2,1.11,309.08,287.81,0.44,0.39,N,VIIRS,2,2012
-0.58416,117.38549,2012-07-17,1722,n,2,0.97,308.53,284.22,0.44,0.38,N,VIIRS,2,2012
-0.96476,117.14645,2012-07-17,1722,n,2,0.47,297.88,276.29,0.45,0.39,N,VIIRS,2,2012
0.86574,117.21879,2012-07-17,1722,n,0,0.74,302.04,283.62,0.46,0.39,N,VIIRS,2,2012
0.18273,117.48633,2012-07-17,1722,n,2,1.78,304.79,289.29,0.44,0.39,N,VIIRS,2,2012
-0.15684,117.01373,2012-07-18,603,n,0,7.71,340.42,289.84,0.54,0.51,N,VIIRS,2,2012
-2.26855,114.8651,2012-07-18,603,n,0,5.53,330.1,292.26,0.55,0.42,N,VIIRS,2,2012
-0.94168,117.077,2012-07-19,544,n,0,2.14,326.69,276.07,0.42,0.38,N,VIIRS,2,2012
-0.96211,117.14582,2012-07-19,1645,n,2,1.42,309.82,285.3,0.6,0.71,N,VIIRS,2,2012
-0.96392,117.14629,2012-07-19,1645,n,2,1.11,308.58,285.21,0.6,0.71,N,VIIRS,2,2012
-0.58382,117.384,2012-07-19,1645,n,2,0.76,296.68,266.03,0.59,0.7,N,VIIRS,2,2012
-0.96323,117.1508,2012-07-19,1825,n,2,1.59,304.59,274.83,0.68,0.74,N,VIIRS,2,2012
2.31139,117.2651,2012-07-21,1747,n,0,0.9,304.31,289.92,0.45,0.39,N,VIIRS,2,2012
2.26346,117.84153,2012-07-21,1747,n,0,1.08,302.82,289.35,0.48,0.4,N,VIIRS,2,2012
2.27315,117.85194,2012-07-21,1747,n,0,1.94,313.48,289.9,0.48,0.4,N,VIIRS,2,2012
2.27685,117.85251,2012-07-21,1747,n,0,1.75,316.54,290.01,0.48,0.4,N,VIIRS,2,2012
-0.50973,117.29067,2012-07-21,1747,n,0,0.88,303.12,291.58,0.49,0.4,N,VIIRS,2,2012
-0.5088,117.30872,2012-07-21,1747,n,0,0.73,303.23,291.53,0.49,0.4,N,VIIRS,2,2012
-0.40464,117.57385,2012-07-21,1747,n,3,1.16,305.91,291.85,0.5,0.41,N,VIIRS,2,2012
-0.46467,117.58939,2012-07-21,1747,n,3,1.22,306.59,292.1,0.5,0.41,N,VIIRS,2,2012
0.10477,117.47131,2012-07-21,1747,n,2,1.48,309.98,291.23,0.49,0.4,N,VIIRS,2,2012
0.10673,117.46965,2012-07-21,1747,n,2,0.99,309.9,291.2,0.49,0.4,N,VIIRS,2,2012
2.07216,117.28172,2012-07-21,1747,n,0,3.11,328.35,290.1,0.46,0.39,N,VIIRS,2,2012
2.30987,117.26199,2012-07-21,1747,n,0,1.31,307.81,290.01,0.45,0.39,N,VIIRS,2,2012
-0.96363,117.14919,2012-07-21,1748,n,2,1.91,321.42,291.89,0.48,0.4,N,VIIRS,2,2012
-0.68102,115.51559,2012-07-21,1748,n,0,0.78,309.78,291.68,0.41,0.37,N,VIIRS,2,2012
-0.80834,117.10354,2012-07-21,1748,n,2,1.17,305.05,291.95,0.48,0.4,N,VIIRS,2,2012
-0.79421,117.49906,2012-07-21,1748,n,0,0.89,306.96,292.3,0.5,0.41,N,VIIRS,2,2012
-0.58345,117.38499,2012-07-21,1748,n,2,1.4,309.35,291.51,0.49,0.41,N,VIIRS,2,2012
-0.51024,117.30603,2012-07-21,1748,n,0,0.68,303.29,291.24,0.49,0.4,N,VIIRS,2,2012
-0.709,115.51503,2012-07-21,1748,n,0,0.63,304.7,291.51,0.41,0.37,N,VIIRS,2,2012
-2.1467,115.95248,2012-07-21,1748,n,0,0.27,301.78,290.74,0.44,0.38,N,VIIRS,2,2012
-2.37276,116.54419,2012-07-22,447,n,0,7.96,345.07,291.04,0.66,0.73,N,VIIRS,2,2012
-2.37386,116.54073,2012-07-22,447,n,0,6.53,329.59,290.2,0.66,0.73,N,VIIRS,2,2012
-2.373,116.5468,2012-07-22,447,n,0,8.0,326.08,290.61,0.66,0.73,N,VIIRS,2,2012
2.17718,117.08116,2012-07-22,448,n,0,6.83,344.37,281.18,0.52,0.67,N,VIIRS,2,2012
-0.11053,116.80933,2012-07-22,448,n,0,7.31,337.35,289.0,0.59,0.7,N,VIIRS,2,2012
-2.01917,115.90961,2012-07-22,628,n,0,4.86,339.19,294.45,0.57,0.69,N,VIIRS,2,2012
-2.01825,115.91507,2012-07-22,628,n,0,4.86,326.75,293.66,0.57,0.69,N,VIIRS,2,2012
-2.12342,115.32542,2012-07-22,628,n,0,5.84,338.34,293.3,0.52,0.67,N,VIIRS,2,2012
-2.12262,115.33019,2012-07-22,628,n,0,6.81,327.4,293.2,0.52,0.67,N,VIIRS,2,2012
-2.47922,114.76417,2012-07-22,628,n,0,5.58,331.81,294.36,0.47,0.64,N,VIIRS,2,2012
-1.12635,116.68031,2012-07-22,628,n,0,6.7,339.05,286.69,0.66,0.73,N,VIIRS,2,2012
-1.37523,114.37536,2012-07-22,628,n,0,7.43,335.7,289.05,0.46,0.64,N,VIIRS,2,2012
-2.01803,115.91154,2012-07-22,628,n,0,10.35,355.61,294.85,0.57,0.69,N,VIIRS,2,2012
-2.25926,113.93342,2012-07-22,628,n,0,2.03,327.36,290.88,0.42,0.61,N,VIIRS,2,2012
-2.12463,115.32677,2012-07-22,628,n,0,8.3,352.79,293.86,0.52,0.67,N,VIIRS,2,2012
0.10545,117.46994,2012-07-22,1728,n,2,1.32,310.72,291.46,0.39,0.36,N,VIIRS,2,2012
0.18393,117.48553,2012-07-22,1728,n,2,0.82,308.37,290.38,0.39,0.36,N,VIIRS,2,2012
1.61906,117.18998,2012-07-22,1728,n,0,0.5,305.02,290.19,0.41,0.37,N,VIIRS,2,2012
1.49424,117.14101,2012-07-22,1728,n,0,0.94,314.04,290.33,0.41,0.37,N,VIIRS,2,2012
0.62505,116.64513,2012-07-22,1728,n,0,5.72,331.07,290.71,0.42,0.38,N,VIIRS,2,2012
2.40652,117.94021,2012-07-22,1728,n,0,0.48,303.45,290.68,0.39,0.37,N,VIIRS,2,2012
2.26397,117.84177,2012-07-22,1728,n,0,8.99,346.74,292.56,0.4,0.37,N,VIIRS,2,2012
2.07268,117.28104,2012-07-22,1728,n,0,0.9,312.62,289.53,0.41,0.37,N,VIIRS,2,2012
-0.67631,117.24039,2012-07-22,1729,n,0,1.0,307.16,291.85,0.39,0.37,N,VIIRS,2,2012
-0.58378,117.38487,2012-07-22,1729,n,2,1.03,316.67,291.34,0.39,0.36,N,VIIRS,2,2012
-0.46419,117.58659,2012-07-22,1729,n,2,0.33,307.43,291.59,0.39,0.36,N,VIIRS,2,2012
-0.50912,117.2913,2012-07-22,1729,n,0,0.63,305.62,290.84,0.39,0.37,N,VIIRS,2,2012
-2.41614,115.25413,2012-07-22,1729,n,0,4.79,330.06,292.67,0.45,0.39,N,VIIRS,2,2012
-1.97032,115.86905,2012-07-22,1729,n,0,1.11,312.63,292.08,0.42,0.38,N,VIIRS,2,2012
-1.8295,115.57738,2012-07-22,1729,n,0,1.08,313.85,290.86,0.44,0.38,N,VIIRS,2,2012
-0.96448,117.1483,2012-07-22,1729,n,2,1.8,320.54,291.29,0.4,0.37,N,VIIRS,2,2012
-0.78003,116.0112,2012-07-22,1729,n,0,0.5,305.45,290.65,0.43,0.38,N,VIIRS,2,2012
-0.80711,117.10033,2012-07-22,1729,n,2,0.96,308.46,291.38,0.4,0.37,N,VIIRS,2,2012
-0.79218,117.49644,2012-07-22,1729,n,0,0.8,314.57,291.99,0.39,0.36,N,VIIRS,2,2012
-2.26918,115.59061,2012-07-23,609,n,0,7.53,341.7,292.36,0.51,0.5,N,VIIRS,2,2012
-2.29039,115.40192,2012-07-23,609,n,0,5.06,337.38,292.78,0.5,0.49,N,VIIRS,2,2012
-2.36445,114.85786,2012-07-23,609,n,0,3.31,330.14,295.18,0.46,0.47,N,VIIRS,2,2012
-2.15962,113.87154,2012-07-23,609,n,0,4.01,333.22,295.98,0.4,0.44,N,VIIRS,2,2012
-1.76036,113.88258,2012-07-23,609,n,0,7.05,340.55,293.46,0.4,0.45,N,VIIRS,2,2012
-1.64511,114.60694,2012-07-23,609,n,0,2.52,329.42,293.23,0.45,0.47,N,VIIRS,2,2012
-1.45315,114.45482,2012-07-23,609,n,0,4.46,340.7,290.03,0.44,0.46,N,VIIRS,2,2012
-0.49458,116.973,2012-07-23,609,n,0,10.23,342.15,288.19,0.34,0.56,N,VIIRS,2,2012
-0.49506,116.96989,2012-07-23,609,l,0,9.03,356.45,288.78,0.34,0.56,N,VIIRS,2,2012
-0.24168,117.33002,2012-07-23,609,n,0,2.26,333.3,288.09,0.36,0.58,N,VIIRS,2,2012
-0.55151,116.98651,2012-07-23,609,n,0,1.14,327.53,288.41,0.34,0.56,N,VIIRS,2,2012
1.2656,117.11541,2012-07-23,610,n,0,2.13,332.96,289.52,0.37,0.58,N,VIIRS,2,2012
1.84154,117.82887,2012-07-23,610,n,0,4.55,339.32,288.36,0.42,0.61,N,VIIRS,2,2012
1.84357,117.82821,2012-07-23,610,n,0,4.2,339.57,288.35,0.42,0.61,N,VIIRS,2,2012
2.01264,117.37289,2012-07-23,610,n,0,2.19,325.63,288.23,0.39,0.6,N,VIIRS,2,2012
-1.97086,115.86909,2012-07-23,1710,n,0,1.14,303.47,278.49,0.53,0.5,N,VIIRS,2,2012
-0.69918,115.49483,2012-07-23,1710,n,0,1.74,300.91,280.7,0.59,0.53,N,VIIRS,2,2012
-0.96283,117.14825,2012-07-23,1710,n,2,1.0,300.98,268.92,0.45,0.47,N,VIIRS,2,2012
-1.97162,115.87383,2012-07-23,1710,n,0,1.14,299.26,278.24,0.53,0.5,N,VIIRS,2,2012
-2.4583,115.616,2012-07-24,550,n,0,4.02,331.77,293.92,0.42,0.37,N,VIIRS,2,2012
-2.44393,115.48028,2012-07-24,550,n,0,1.84,332.43,289.22,0.41,0.37,N,VIIRS,2,2012
-2.44049,115.47976,2012-07-24,550,n,0,1.84,332.54,287.23,0.41,0.37,N,VIIRS,2,2012
-2.32476,115.61889,2012-07-24,550,n,0,3.64,334.33,291.83,0.42,0.38,N,VIIRS,2,2012
-2.3714,114.99775,2012-07-24,550,n,0,3.44,334.73,291.65,0.4,0.37,N,VIIRS,2,2012
-2.44354,114.18484,2012-07-24,550,n,0,5.42,343.13,292.52,0.39,0.36,N,VIIRS,2,2012
-1.10101,115.35365,2012-07-25,531,n,0,9.19,343.72,293.87,0.44,0.38,N,VIIRS,2,2012
-1.10042,115.3576,2012-07-25,531,n,0,3.99,326.88,291.73,0.44,0.38,N,VIIRS,2,2012
2.10752,117.15981,2012-07-25,532,n,0,3.94,327.82,297.44,0.38,0.36,N,VIIRS,2,2012
2.11416,117.15881,2012-07-25,532,n,0,4.13,326.45,293.19,0.38,0.36,N,VIIRS,2,2012
2.11312,117.15191,2012-07-25,532,n,0,1.55,329.13,294.01,0.38,0.36,N,VIIRS,2,2012
2.11696,117.15485,2012-07-25,532,n,0,5.54,347.18,294.26,0.38,0.36,N,VIIRS,2,2012
1.89356,117.30982,2012-07-25,532,n,0,7.21,341.5,292.5,0.38,0.36,N,VIIRS,2,2012
-0.50776,117.29358,2012-07-25,1813,n,0,1.02,297.62,284.68,0.42,0.61,N,VIIRS,2,2012
-0.58274,117.38613,2012-07-25,1813,n,2,0.98,300.27,285.34,0.43,0.62,N,VIIRS,2,2012
0.1064,117.46988,2012-07-26,1754,n,2,1.08,305.04,283.21,0.4,0.45,N,VIIRS,2,2012
2.07155,117.07552,2012-07-27,455,h,0,9.84,367.0,294.09,0.41,0.6,N,VIIRS,2,2012
2.10473,117.84628,2012-07-27,455,n,0,4.0,349.35,293.28,0.36,0.57,N,VIIRS,2,2012
1.15787,117.67655,2012-07-27,1734,n,2,0.95,303.25,278.83,0.39,0.36,N,VIIRS,2,2012
1.21202,118.06512,2012-07-27,1734,n,0,0.94,307.62,283.22,0.39,0.36,N,VIIRS,2,2012
2.06473,117.07651,2012-07-27,1734,n,0,0.62,304.5,284.01,0.39,0.36,N,VIIRS,2,2012
2.06805,117.07703,2012-07-27,1734,n,0,0.62,309.11,285.02,0.39,0.36,N,VIIRS,2,2012
2.05262,117.30109,2012-07-27,1734,n,0,1.31,319.41,284.55,0.38,0.36,N,VIIRS,2,2012
2.09875,117.07166,2012-07-27,1734,n,0,15.51,349.49,287.2,0.39,0.36,N,VIIRS,2,2012
2.10207,117.07217,2012-07-27,1734,n,0,15.51,344.99,289.06,0.39,0.36,N,VIIRS,2,2012
-1.8785,115.85625,2012-07-27,1735,n,0,1.31,309.15,293.01,0.39,0.36,N,VIIRS,2,2012
-1.45746,116.17078,2012-07-27,1735,n,0,0.69,306.36,291.1,0.39,0.36,N,VIIRS,2,2012
-1.43234,116.9126,2012-07-27,1735,n,3,2.39,314.24,293.42,0.38,0.36,N,VIIRS,2,2012
-0.96469,117.14781,2012-07-27,1735,n,2,1.34,312.75,291.41,0.39,0.36,N,VIIRS,2,2012
-0.84883,117.26888,2012-07-27,1735,n,2,0.93,304.71,292.18,0.39,0.36,N,VIIRS,2,2012
-2.1666,115.96416,2012-07-27,1735,n,0,0.95,311.46,291.27,0.39,0.36,N,VIIRS,2,2012
-0.59209,117.27319,2012-07-27,1735,n,0,0.86,304.99,292.22,0.39,0.36,N,VIIRS,2,2012
-0.557,117.33171,2012-07-27,1735,n,0,0.76,304.92,290.07,0.39,0.36,N,VIIRS,2,2012
-0.51093,117.29269,2012-07-27,1735,n,0,1.67,313.54,292.97,0.39,0.36,N,VIIRS,2,2012
-0.51127,117.35992,2012-07-27,1735,n,0,1.3,324.95,292.1,0.39,0.36,N,VIIRS,2,2012
-0.46578,117.5872,2012-07-27,1735,n,2,2.05,308.06,292.35,0.39,0.36,N,VIIRS,2,2012
0.10736,117.4707,2012-07-27,1735,n,2,0.52,303.72,282.55,0.39,0.36,N,VIIRS,2,2012
0.87191,117.60356,2012-07-27,1735,n,0,1.41,317.91,286.88,0.39,0.36,N,VIIRS,2,2012
-0.84881,117.46413,2012-07-27,1735,n,3,0.77,308.43,293.92,0.39,0.36,N,VIIRS,2,2012
-1.97213,115.87028,2012-07-27,1735,n,0,2.51,324.92,293.54,0.39,0.36,N,VIIRS,2,2012
-2.412,114.4593,2012-07-27,1736,n,0,1.04,305.48,292.19,0.42,0.37,N,VIIRS,2,2012
-1.13779,115.3534,2012-07-28,615,h,0,7.45,367.0,295.79,0.33,0.55,N,VIIRS,2,2012
-2.32427,114.9016,2012-07-28,615,n,0,5.16,332.47,294.85,0.59,0.53,N,VIIRS,2,2012
-2.28804,115.69698,2012-07-28,615,n,0,2.47,327.22,296.48,0.33,0.56,N,VIIRS,2,2012
-2.22495,116.22141,2012-07-28,615,n,0,2.88,339.78,292.64,0.36,0.58,N,VIIRS,2,2012
-2.31602,115.78658,2012-07-28,615,n,0,4.15,332.59,290.59,0.34,0.56,N,VIIRS,2,2012
-2.42751,115.11568,2012-07-28,615,n,0,7.18,338.86,284.24,0.61,0.53,N,VIIRS,2,2012
-1.63829,114.84789,2012-07-28,615,n,0,9.98,340.37,293.31,0.6,0.53,N,VIIRS,2,2012
-1.4568,116.16875,2012-07-28,615,n,0,1.85,326.96,289.14,0.37,0.58,N,VIIRS,2,2012
-1.95603,115.47077,2012-07-28,615,n,0,2.41,333.01,295.44,0.33,0.55,N,VIIRS,2,2012
-1.95296,115.47118,2012-07-28,615,h,0,6.12,367.0,296.49,0.33,0.55,N,VIIRS,2,2012
-1.75845,116.25394,2012-07-28,615,n,0,2.38,331.84,289.44,0.37,0.58,N,VIIRS,2,2012
-2.15321,113.77212,2012-07-28,615,n,0,6.88,345.29,295.03,0.5,0.49,N,VIIRS,2,2012
-1.63597,114.85034,2012-07-28,615,n,0,6.76,339.87,291.47,0.6,0.53,N,VIIRS,2,2012
2.47457,117.85783,2012-07-28,616,n,0,3.42,338.85,289.28,0.55,0.68,N,VIIRS,2,2012
2.4723,117.85648,2012-07-28,616,n,0,2.3,327.13,288.09,0.55,0.68,N,VIIRS,2,2012
2.45784,117.89002,2012-07-28,616,n,0,3.75,329.79,289.18,0.56,0.68,N,VIIRS,2,2012
2.10318,117.07175,2012-07-28,616,n,0,9.67,350.92,290.12,0.48,0.65,N,VIIRS,2,2012
2.12298,117.20299,2012-07-28,616,n,0,5.27,337.39,289.83,0.49,0.65,N,VIIRS,2,2012
2.11007,117.19981,2012-07-28,616,n,0,4.72,335.16,290.89,0.49,0.65,N,VIIRS,2,2012
2.10193,117.18694,2012-07-28,616,n,0,2.65,327.75,291.38,0.49,0.65,N,VIIRS,2,2012
2.09113,117.19784,2012-07-28,616,n,0,6.79,353.09,290.9,0.49,0.65,N,VIIRS,2,2012
2.06634,117.07262,2012-07-28,616,n,0,6.82,335.03,289.89,0.48,0.65,N,VIIRS,2,2012
2.07351,117.20467,2012-07-28,616,n,0,3.15,326.68,289.99,0.49,0.65,N,VIIRS,2,2012
2.02405,117.2907,2012-07-28,616,n,0,12.98,328.89,290.49,0.5,0.66,N,VIIRS,2,2012
2.01795,117.29166,2012-07-28,616,h,0,12.98,367.0,293.43,0.5,0.66,N,VIIRS,2,2012
1.62888,118.0575,2012-07-28,616,n,0,6.19,340.73,291.58,0.55,0.68,N,VIIRS,2,2012
1.44667,117.1925,2012-07-28,616,n,0,4.47,338.14,290.94,0.48,0.65,N,VIIRS,2,2012
1.2496,117.13314,2012-07-28,616,n,0,10.41,337.34,290.69,0.47,0.64,N,VIIRS,2,2012
1.25027,117.13748,2012-07-28,616,h,0,10.41,367.0,292.76,0.47,0.64,N,VIIRS,2,2012
1.239,117.10374,2012-07-28,616,n,0,30.9,356.97,293.48,0.47,0.64,N,VIIRS,2,2012
1.23966,117.10805,2012-07-28,616,n,0,25.31,333.12,290.81,0.47,0.64,N,VIIRS,2,2012
1.22509,117.0925,2012-07-28,616,n,0,3.46,326.75,291.39,0.47,0.64,N,VIIRS,2,2012
1.04373,117.03554,2012-07-28,616,n,0,4.69,331.55,291.18,0.46,0.64,N,VIIRS,2,2012
1.04609,117.03487,2012-07-28,616,n,0,2.94,334.51,290.64,0.46,0.64,N,VIIRS,2,2012
0.26537,116.06121,2012-07-28,616,n,0,4.27,332.14,291.33,0.39,0.59,N,VIIRS,2,2012
-0.16085,116.73164,2012-07-28,616,l,0,6.25,356.95,279.07,0.42,0.61,N,VIIRS,2,2012
-0.16144,116.72775,2012-07-28,616,n,0,6.25,330.32,280.52,0.42,0.61,N,VIIRS,2,2012
-0.42648,116.02493,2012-07-28,616,n,0,5.59,336.14,286.44,0.38,0.58,N,VIIRS,2,2012
-0.68738,115.48817,2012-07-28,616,n,0,3.52,338.78,294.28,0.34,0.56,N,VIIRS,2,2012
-0.96447,117.14653,2012-07-28,1716,n,2,0.71,298.23,276.21,0.54,0.42,N,VIIRS,2,2012
-0.80589,117.10344,2012-07-28,1716,n,2,0.88,298.88,277.97,0.54,0.42,N,VIIRS,2,2012
-0.58226,117.38736,2012-07-28,1716,n,2,0.52,296.47,273.81,0.53,0.42,N,VIIRS,2,2012
-1.9713,116.37518,2012-07-28,1717,n,0,0.89,314.66,292.83,0.39,0.44,N,VIIRS,2,2012
-1.97076,116.37171,2012-07-28,1717,n,0,1.12,308.17,292.59,0.39,0.44,N,VIIRS,2,2012
-2.09491,116.13348,2012-07-28,1717,n,0,0.47,301.63,289.32,0.4,0.44,N,VIIRS,2,2012
-1.97088,115.87176,2012-07-28,1717,n,0,2.35,325.83,289.47,0.42,0.45,N,VIIRS,2,2012
-1.97224,116.37506,2012-07-28,1717,n,0,0.98,316.64,292.68,0.39,0.44,N,VIIRS,2,2012
-1.97167,116.37159,2012-07-28,1717,n,0,0.99,307.4,292.63,0.39,0.44,N,VIIRS,2,2012
-1.95002,114.8229,2012-07-29,556,n,0,5.22,335.96,301.77,0.45,0.39,N,VIIRS,2,2012
-1.94439,115.24982,2012-07-29,556,l,0,28.31,330.04,300.85,0.48,0.4,N,VIIRS,2,2012
-1.94624,115.25385,2012-07-29,556,n,0,31.25,336.91,297.18,0.48,0.4,N,VIIRS,2,2012
-1.80936,116.12222,2012-07-29,556,n,0,4.48,333.8,300.5,0.53,0.42,N,VIIRS,2,2012
-2.20015,113.85062,2012-07-29,556,n,0,3.68,333.88,302.23,0.41,0.37,N,VIIRS,2,2012
-2.25347,113.84727,2012-07-29,556,n,0,5.16,335.16,304.66,0.41,0.37,N,VIIRS,2,2012
-2.2529,113.85099,2012-07-29,556,n,0,3.11,332.47,300.62,0.41,0.37,N,VIIRS,2,2012
-2.1327,115.03948,2012-07-29,556,n,0,6.46,333.77,299.88,0.46,0.39,N,VIIRS,2,2012
-1.39602,116.15637,2012-07-29,556,n,0,2.32,330.85,299.37,0.54,0.42,N,VIIRS,2,2012
-1.99015,116.21658,2012-07-29,556,n,0,4.71,336.29,301.19,0.54,0.42,N,VIIRS,2,2012
-2.21561,114.76273,2012-07-29,556,n,0,5.58,344.83,299.3,0.45,0.39,N,VIIRS,2,2012
-2.21919,114.76327,2012-07-29,556,n,0,5.58,332.92,303.64,0.45,0.39,N,VIIRS,2,2012
-2.03134,115.99836,2012-07-29,556,n,0,4.56,332.22,300.84,0.52,0.42,N,VIIRS,2,2012
-2.03261,116.00199,2012-07-29,556,n,0,4.43,337.74,301.04,0.52,0.42,N,VIIRS,2,2012
-2.2384,115.22278,2012-07-29,556,n,0,9.09,348.9,310.62,0.47,0.4,N,VIIRS,2,2012
-2.32111,114.75385,2012-07-29,556,n,0,11.12,345.2,300.02,0.45,0.39,N,VIIRS,2,2012
-2.31646,114.85663,2012-07-29,556,n,0,4.36,344.41,302.83,0.45,0.39,N,VIIRS,2,2012
-2.3219,114.84497,2012-07-29,556,n,0,3.2,332.95,299.69,0.45,0.39,N,VIIRS,2,2012
-2.1551,115.94388,2012-07-29,556,l,0,3.47,330.2,301.87,0.51,0.41,N,VIIRS,2,2012
-2.3224,114.86584,2012-07-29,556,n,0,3.27,331.74,300.82,0.45,0.39,N,VIIRS,2,2012
-2.1544,115.94152,2012-07-29,556,n,0,3.61,334.75,303.33,0.51,0.41,N,VIIRS,2,2012
-2.34522,114.8018,2012-07-29,556,n,0,5.21,342.4,301.28,0.45,0.39,N,VIIRS,2,2012
-2.33445,114.87071,2012-07-29,556,n,0,4.61,335.63,300.55,0.45,0.39,N,VIIRS,2,2012
-2.3488,114.80237,2012-07-29,556,n,0,5.21,334.29,301.33,0.45,0.39,N,VIIRS,2,2012
-2.34965,114.84389,2012-07-29,556,n,0,2.93,337.13,301.76,0.45,0.39,N,VIIRS,2,2012
-2.34876,115.56393,2012-07-29,556,n,0,2.93,333.57,302.49,0.49,0.4,N,VIIRS,2,2012
-2.46251,115.04929,2012-07-29,556,n,0,5.88,341.19,300.24,0.46,0.39,N,VIIRS,2,2012
-2.46613,115.04982,2012-07-29,556,n,0,5.88,342.9,301.22,0.46,0.39,N,VIIRS,2,2012
-2.43374,115.33306,2012-07-29,556,n,0,7.48,336.66,303.24,0.47,0.4,N,VIIRS,2,2012
-2.41732,115.48925,2012-07-29,556,n,0,6.7,333.93,301.37,0.48,0.4,N,VIIRS,2,2012
-2.48206,116.29185,2012-07-29,556,n,0,9.58,345.15,297.75,0.53,0.42,N,VIIRS,2,2012
-1.51992,116.36554,2012-07-29,556,n,0,5.7,340.46,296.25,0.55,0.43,N,VIIRS,2,2012
-1.53569,115.8296,2012-07-29,556,n,0,6.02,338.93,300.25,0.52,0.41,N,VIIRS,2,2012
-1.78081,114.23734,2012-07-29,556,n,0,4.06,333.46,300.73,0.43,0.38,N,VIIRS,2,2012
1.18297,116.91179,2012-07-29,557,n,0,2.08,328.33,296.92,0.44,0.46,N,VIIRS,2,2012
1.2867,117.11799,2012-07-29,557,n,0,5.52,338.87,297.37,0.45,0.47,N,VIIRS,2,2012
1.28609,117.11392,2012-07-29,557,n,0,3.67,329.43,297.66,0.45,0.47,N,VIIRS,2,2012
1.32943,117.19564,2012-07-29,557,n,0,2.8,333.75,296.86,0.46,0.47,N,VIIRS,2,2012
1.54951,118.09897,2012-07-29,557,n,0,4.11,330.82,297.26,0.53,0.5,N,VIIRS,2,2012
1.97689,117.30073,2012-07-29,557,n,0,5.2,341.13,300.01,0.48,0.48,N,VIIRS,2,2012
1.97622,117.29623,2012-07-29,557,n,0,5.2,336.8,298.58,0.47,0.48,N,VIIRS,2,2012
2.07724,117.78508,2012-07-29,557,n,0,7.06,338.65,298.65,0.51,0.5,N,VIIRS,2,2012
2.02492,117.28905,2012-07-29,557,n,0,5.77,332.6,298.42,0.47,0.48,N,VIIRS,2,2012
2.06861,117.31862,2012-07-29,557,l,0,3.94,329.36,300.51,0.48,0.48,N,VIIRS,2,2012
2.12643,117.55392,2012-07-29,557,n,0,2.01,330.6,296.31,0.5,0.49,N,VIIRS,2,2012
2.13095,117.55328,2012-07-29,557,n,0,3.86,339.03,295.93,0.5,0.49,N,VIIRS,2,2012
2.07464,117.08736,2012-07-29,557,n,0,1.75,328.13,286.49,0.46,0.47,N,VIIRS,2,2012
2.09866,117.18711,2012-07-29,557,n,0,9.09,346.56,289.63,0.47,0.48,N,VIIRS,2,2012
2.10307,117.1865,2012-07-29,557,h,0,22.29,367.0,293.3,0.47,0.48,N,VIIRS,2,2012
2.17497,117.63029,2012-07-29,557,n,0,6.11,340.41,299.02,0.5,0.49,N,VIIRS,2,2012
2.10748,117.18587,2012-07-29,557,n,0,22.29,348.06,290.98,0.47,0.48,N,VIIRS,2,2012
2.10617,117.17728,2012-07-29,557,n,0,6.4,343.68,289.6,0.47,0.48,N,VIIRS,2,2012
2.24695,117.97902,2012-07-29,557,n,0,8.07,343.53,298.39,0.53,0.5,N,VIIRS,2,2012
-1.21343,116.87607,2012-07-29,557,n,0,1.77,331.29,289.73,0.4,0.44,N,VIIRS,2,2012
-1.52681,114.66922,2012-07-29,557,n,0,57.57,346.21,301.48,0.45,0.39,N,VIIRS,2,2012
-1.52322,114.66867,2012-07-29,557,h,0,57.57,367.0,326.96,0.45,0.39,N,VIIRS,2,2012
-1.52259,114.67273,2012-07-29,557,n,0,57.57,333.33,298.87,0.45,0.39,N,VIIRS,2,2012
-1.06119,117.08012,2012-07-29,557,n,0,3.89,341.23,291.66,0.42,0.45,N,VIIRS,2,2012
-0.72754,117.0663,2012-07-29,557,n,0,2.63,330.85,295.83,0.42,0.45,N,VIIRS,2,2012
-0.67746,117.02354,2012-07-29,557,n,0,9.25,343.12,300.27,0.42,0.45,N,VIIRS,2,2012
-0.67325,117.02311,2012-07-29,557,n,0,8.12,343.17,295.49,0.42,0.45,N,VIIRS,2,2012
-0.56242,117.23857,2012-07-29,557,n,0,6.33,329.62,292.55,0.43,0.46,N,VIIRS,2,2012
1.20597,117.09219,2012-07-29,557,n,0,5.48,341.77,298.42,0.45,0.47,N,VIIRS,2,2012
1.30038,118.35777,2012-07-29,557,n,0,5.17,331.65,287.4,0.55,0.51,N,VIIRS,2,2012
1.04529,117.02949,2012-07-29,557,n,0,2.85,332.86,296.08,0.44,0.46,N,VIIRS,2,2012
1.02152,117.01681,2012-07-29,557,n,0,30.71,331.08,297.32,0.44,0.46,N,VIIRS,2,2012
1.0221,117.02078,2012-07-29,557,n,0,30.71,347.7,298.98,0.44,0.46,N,VIIRS,2,2012
1.02385,117.0326,2012-07-29,557,n,0,13.23,354.32,294.34,0.44,0.46,N,VIIRS,2,2012
1.02309,117.01662,2012-07-29,557,n,0,19.0,329.84,297.57,0.44,0.46,N,VIIRS,2,2012
1.0237,117.02059,2012-07-29,557,n,0,19.0,351.39,297.78,0.44,0.46,N,VIIRS,2,2012
1.02553,117.03241,2012-07-29,557,n,0,15.61,356.67,294.09,0.44,0.46,N,VIIRS,2,2012
2.24937,117.96375,2012-07-29,557,n,0,9.75,333.67,295.95,0.53,0.5,N,VIIRS,2,2012
2.24354,117.92569,2012-07-29,557,n,0,9.87,339.1,293.72,0.53,0.5,N,VIIRS,2,2012
1.01942,117.02118,2012-07-29,557,n,0,19.0,345.77,294.56,0.44,0.46,N,VIIRS,2,2012
1.01208,117.00203,2012-07-29,557,n,0,16.46,355.68,299.12,0.44,0.46,N,VIIRS,2,2012
-0.94117,116.96938,2012-07-29,557,n,0,4.41,340.17,296.02,0.41,0.45,N,VIIRS,2,2012
-0.89123,117.03384,2012-07-29,557,n,0,5.41,341.33,298.42,0.41,0.45,N,VIIRS,2,2012
-0.84669,117.26971,2012-07-29,557,n,2,7.45,340.51,296.27,0.43,0.46,N,VIIRS,2,2012
-0.84729,117.26585,2012-07-29,557,n,0,3.39,330.73,295.02,0.43,0.46,N,VIIRS,2,2012
-0.84246,117.26907,2012-07-29,557,n,0,1.84,330.55,293.16,0.43,0.46,N,VIIRS,2,2012
2.24516,117.98087,2012-07-29,557,n,0,11.01,341.88,297.71,0.53,0.5,N,VIIRS,2,2012
2.24699,117.96074,2012-07-29,557,n,0,2.34,331.77,295.55,0.53,0.5,N,VIIRS,2,2012
2.24145,117.9226,2012-07-29,557,n,0,12.77,351.39,293.64,0.53,0.5,N,VIIRS,2,2012
2.25235,117.96487,2012-07-29,557,n,0,6.86,346.94,296.56,0.53,0.5,N,VIIRS,2,2012
2.21141,117.58884,2012-07-29,557,n,0,27.08,342.52,300.57,0.5,0.49,N,VIIRS,2,2012
2.21074,117.58429,2012-07-29,557,n,0,9.96,330.54,295.82,0.5,0.49,N,VIIRS,2,2012
2.20788,117.53338,2012-07-29,557,n,0,18.76,342.2,300.42,0.5,0.49,N,VIIRS,2,2012
2.21758,117.53658,2012-07-29,557,n,0,3.55,332.0,297.76,0.5,0.49,N,VIIRS,2,2012
2.24998,117.72398,2012-07-29,557,n,0,20.01,345.02,298.69,0.51,0.49,N,VIIRS,2,2012
0.68168,117.26809,2012-07-29,557,n,0,4.13,336.44,294.72,0.45,0.47,N,VIIRS,2,2012
0.4904,117.57392,2012-07-29,557,n,0,5.87,338.32,294.63,0.47,0.48,N,VIIRS,2,2012
-0.15843,115.44125,2012-07-29,557,n,0,4.95,333.9,295.6,0.51,0.41,N,VIIRS,2,2012
0.04807,116.81036,2012-07-29,557,n,0,3.71,339.29,296.28,0.41,0.45,N,VIIRS,2,2012
-0.02518,116.4346,2012-07-29,557,n,0,1.42,329.78,296.45,0.39,0.44,N,VIIRS,2,2012
-0.02923,116.4352,2012-07-29,557,n,0,4.77,345.36,297.96,0.39,0.44,N,VIIRS,2,2012
-0.02881,116.43636,2012-07-29,557,n,0,6.52,345.12,298.01,0.39,0.44,N,VIIRS,2,2012
-0.17482,115.70564,2012-07-29,557,n,0,3.36,333.08,296.41,0.53,0.42,N,VIIRS,2,2012
0.04775,117.4024,2012-07-29,557,n,0,7.11,351.29,297.07,0.45,0.47,N,VIIRS,2,2012
-0.09071,116.60262,2012-07-29,557,n,0,6.56,342.68,292.35,0.4,0.44,N,VIIRS,2,2012
-0.10191,116.61169,2012-07-29,557,n,0,5.32,329.24,291.74,0.4,0.44,N,VIIRS,2,2012
-0.10136,116.6153,2012-07-29,557,n,0,5.32,340.64,292.87,0.4,0.44,N,VIIRS,2,2012
-0.03576,117.30246,2012-07-29,557,n,0,7.37,343.23,297.81,0.44,0.46,N,VIIRS,2,2012
-0.16384,116.66606,2012-07-29,557,n,0,2.66,334.25,297.34,0.4,0.44,N,VIIRS,2,2012
-0.24157,116.69611,2012-07-29,557,n,0,5.93,334.37,295.65,0.4,0.44,N,VIIRS,2,2012
-0.24101,116.69977,2012-07-29,557,n,0,10.37,341.98,301.11,0.4,0.44,N,VIIRS,2,2012
-0.19551,117.33366,2012-07-29,557,n,0,2.66,329.85,295.2,0.44,0.46,N,VIIRS,2,2012
-0.22117,117.30888,2012-07-29,557,n,0,7.89,355.18,297.3,0.44,0.46,N,VIIRS,2,2012
-0.22546,117.30952,2012-07-29,557,n,0,7.89,334.94,297.13,0.44,0.46,N,VIIRS,2,2012
-0.22385,117.30909,2012-07-29,557,n,0,13.9,355.29,298.45,0.44,0.46,N,VIIRS,2,2012
-0.24703,117.3291,2012-07-29,557,n,0,5.26,343.44,296.56,0.44,0.46,N,VIIRS,2,2012
-0.27711,117.27622,2012-07-29,557,n,0,4.73,341.82,297.59,0.44,0.46,N,VIIRS,2,2012
-0.27889,117.37894,2012-07-29,557,n,0,23.94,352.28,297.04,0.45,0.47,N,VIIRS,2,2012
-0.28318,117.37963,2012-07-29,557,n,0,8.49,351.71,298.5,0.45,0.47,N,VIIRS,2,2012
-0.36941,117.15001,2012-07-29,557,n,0,19.55,339.23,298.76,0.43,0.46,N,VIIRS,2,2012
-0.35952,117.26893,2012-07-29,557,n,0,7.32,340.86,298.31,0.44,0.46,N,VIIRS,2,2012
-0.70021,115.50101,2012-07-29,557,n,0,12.84,347.08,303.55,0.51,0.41,N,VIIRS,2,2012
-0.77244,115.66116,2012-07-29,557,n,0,3.14,331.74,297.75,0.52,0.41,N,VIIRS,2,2012
2.33364,117.50352,2012-07-29,557,n,0,2.66,331.73,298.3,0.5,0.49,N,VIIRS,2,2012
2.4139,117.47451,2012-07-29,557,n,0,4.2,337.24,296.16,0.5,0.49,N,VIIRS,2,2012
2.47506,117.85889,2012-07-29,557,n,0,5.29,335.57,297.83,0.53,0.5,N,VIIRS,2,2012
2.47901,117.85349,2012-07-29,557,n,0,12.4,342.17,295.56,0.53,0.5,N,VIIRS,2,2012
2.23132,118.0419,2012-07-29,1656,n,0,0.84,313.96,286.97,0.36,0.57,N,VIIRS,2,2012
2.23083,118.04517,2012-07-29,1656,n,0,0.84,304.51,286.97,0.36,0.57,N,VIIRS,2,2012
-0.96203,117.14645,2012-07-29,1657,n,2,0.88,306.33,290.67,0.37,0.58,N,VIIRS,2,2012
-0.96255,117.14973,2012-07-29,1657,n,2,0.95,302.33,291.21,0.37,0.58,N,VIIRS,2,2012
-0.50988,117.30582,2012-07-29,1657,n,0,0.83,307.32,289.12,0.37,0.58,N,VIIRS,2,2012
1.55463,117.60432,2012-07-29,1657,n,0,0.44,303.17,283.46,0.38,0.58,N,VIIRS,2,2012
2.02187,117.30351,2012-07-29,1657,n,0,1.55,316.22,289.61,0.4,0.6,N,VIIRS,2,2012
-0.4636,117.58662,2012-07-29,1657,n,0,0.77,307.3,291.49,0.35,0.57,N,VIIRS,2,2012
0.10634,117.47057,2012-07-29,1657,n,2,1.12,304.8,290.19,0.36,0.58,N,VIIRS,2,2012
-0.69415,115.49313,2012-07-29,1657,n,0,1.38,306.92,289.19,0.48,0.65,N,VIIRS,2,2012
-0.58078,117.38577,2012-07-29,1657,n,2,1.46,312.87,290.41,0.36,0.57,N,VIIRS,2,2012
-0.80423,117.10216,2012-07-29,1657,n,2,1.32,309.83,291.14,0.37,0.58,N,VIIRS,2,2012
-0.69181,115.49151,2012-07-29,1657,n,0,2.24,307.59,289.78,0.48,0.65,N,VIIRS,2,2012
-0.6992,115.49943,2012-07-29,1657,n,0,1.47,310.93,289.32,0.48,0.65,N,VIIRS,2,2012
2.0209,117.30296,2012-07-29,1657,n,0,1.38,314.81,289.53,0.4,0.6,N,VIIRS,2,2012
2.10123,117.18659,2012-07-29,1657,n,0,1.01,312.05,288.97,0.41,0.6,N,VIIRS,2,2012
0.86522,117.21897,2012-07-29,1657,n,0,0.4,303.53,284.68,0.39,0.59,N,VIIRS,2,2012
1.48278,117.8749,2012-07-29,1657,n,0,1.19,305.02,288.83,0.36,0.57,N,VIIRS,2,2012
-2.16717,116.01543,2012-07-29,1658,n,0,0.81,301.82,290.46,0.42,0.61,N,VIIRS,2,2012
-1.34252,116.30993,2012-07-29,1658,n,0,0.38,298.59,280.35,0.41,0.61,N,VIIRS,2,2012
-1.96672,115.87423,2012-07-29,1658,n,0,1.16,300.19,289.74,0.43,0.62,N,VIIRS,2,2012
-1.97182,115.86936,2012-07-29,1658,n,0,2.25,300.68,290.41,0.43,0.62,N,VIIRS,2,2012
-1.97246,115.87326,2012-07-29,1658,n,0,1.94,313.5,289.85,0.43,0.62,N,VIIRS,2,2012
-2.49919,114.76957,2012-07-30,537,n,0,4.36,341.9,298.53,0.41,0.37,N,VIIRS,2,2012
-2.42701,115.11266,2012-07-30,537,n,0,9.17,332.19,301.75,0.4,0.37,N,VIIRS,2,2012
-2.42415,115.10851,2012-07-30,537,n,0,9.17,355.61,303.95,0.4,0.37,N,VIIRS,2,2012
-2.42074,115.108,2012-07-30,537,n,0,11.38,346.76,299.24,0.4,0.37,N,VIIRS,2,2012
-2.25368,116.18558,2012-07-30,537,n,0,2.07,330.24,297.71,0.39,0.36,N,VIIRS,2,2012
-2.30855,115.73355,2012-07-30,537,n,0,6.2,332.76,298.07,0.39,0.36,N,VIIRS,2,2012
-2.21912,116.09879,2012-07-30,537,n,0,7.13,351.26,298.8,0.39,0.36,N,VIIRS,2,2012
-2.22017,116.09184,2012-07-30,537,l,0,2.77,330.46,300.49,0.39,0.36,N,VIIRS,2,2012
-2.21631,116.09483,2012-07-30,537,n,0,2.77,331.59,297.99,0.39,0.36,N,VIIRS,2,2012
-2.21683,116.09135,2012-07-30,537,n,0,2.77,332.11,299.53,0.39,0.36,N,VIIRS,2,2012
-2.39162,114.9086,2012-07-30,537,n,0,3.66,334.21,301.2,0.41,0.37,N,VIIRS,2,2012
-2.31355,115.40462,2012-07-30,537,n,0,1.67,333.33,299.86,0.4,0.37,N,VIIRS,2,2012
-2.30971,115.33821,2012-07-30,537,l,0,3.5,330.99,302.16,0.4,0.37,N,VIIRS,2,2012
-2.31101,115.28339,2012-07-30,537,n,0,2.3,329.54,299.31,0.4,0.37,N,VIIRS,2,2012
-2.36628,114.86712,2012-07-30,537,n,0,8.51,351.01,302.84,0.41,0.37,N,VIIRS,2,2012
-2.35654,114.86189,2012-07-30,537,n,0,2.58,331.93,301.34,0.41,0.37,N,VIIRS,2,2012
-2.16441,115.9697,2012-07-30,537,n,0,3.98,342.65,297.47,0.39,0.36,N,VIIRS,2,2012
-2.31463,114.8636,2012-07-30,537,n,0,4.82,335.39,298.58,0.41,0.37,N,VIIRS,2,2012
-2.31519,114.85992,2012-07-30,537,n,0,4.82,337.66,298.79,0.41,0.37,N,VIIRS,2,2012
-2.31287,114.85202,2012-07-30,537,n,0,3.64,328.96,298.71,0.41,0.37,N,VIIRS,2,2012
-2.0936,116.18993,2012-07-30,537,n,0,2.27,336.59,300.96,0.39,0.36,N,VIIRS,2,2012
-2.22405,114.84224,2012-07-30,537,n,0,6.04,339.42,298.62,0.41,0.37,N,VIIRS,2,2012
-2.22062,114.84172,2012-07-30,537,n,0,12.04,346.69,299.47,0.41,0.37,N,VIIRS,2,2012
-2.29184,114.37188,2012-07-30,537,n,0,4.76,332.7,300.66,0.43,0.38,N,VIIRS,2,2012
-2.13338,115.32616,2012-07-30,537,n,0,3.32,330.82,298.38,0.4,0.37,N,VIIRS,2,2012
-2.07746,115.44541,2012-07-30,537,n,0,3.77,342.77,299.72,0.4,0.37,N,VIIRS,2,2012
0.32919,117.4921,2012-07-30,538,n,0,10.82,339.26,289.55,0.4,0.37,N,VIIRS,2,2012
0.3258,117.49261,2012-07-30,538,n,0,4.61,336.88,290.19,0.4,0.37,N,VIIRS,2,2012
0.22589,116.88712,2012-07-30,538,n,0,5.3,335.36,296.66,0.39,0.36,N,VIIRS,2,2012
0.12609,116.40929,2012-07-30,538,n,0,6.33,351.05,280.9,0.38,0.36,N,VIIRS,2,2012
0.12276,116.4098,2012-07-30,538,n,0,3.75,338.19,280.99,0.38,0.36,N,VIIRS,2,2012
0.11676,116.84284,2012-07-30,538,n,0,3.37,331.43,289.8,0.39,0.36,N,VIIRS,2,2012
-0.09047,116.60932,2012-07-30,538,n,0,3.03,333.03,299.56,0.39,0.36,N,VIIRS,2,2012
-0.09432,116.60635,2012-07-30,538,n,0,5.95,343.35,301.45,0.39,0.36,N,VIIRS,2,2012
-0.09379,116.60981,2012-07-30,538,n,0,3.03,332.84,300.25,0.39,0.36,N,VIIRS,2,2012
-0.07725,117.43478,2012-07-30,538,n,0,6.75,342.86,290.06,0.4,0.37,N,VIIRS,2,2012
-0.08976,117.37481,2012-07-30,538,n,0,10.12,342.1,286.85,0.39,0.37,N,VIIRS,2,2012
-0.09313,117.37531,2012-07-30,538,n,0,10.12,333.07,284.87,0.39,0.37,N,VIIRS,2,2012
-0.0981,117.3652,2012-07-30,538,n,0,6.17,333.2,280.92,0.39,0.37,N,VIIRS,2,2012
-0.10147,117.36571,2012-07-30,538,n,0,6.17,332.56,282.85,0.39,0.37,N,VIIRS,2,2012
-0.18136,117.0179,2012-07-30,538,n,0,4.48,343.14,285.5,0.39,0.36,N,VIIRS,2,2012
-0.18322,117.01846,2012-07-30,538,n,0,2.65,335.93,285.23,0.39,0.36,N,VIIRS,2,2012
-0.17354,117.23933,2012-07-30,538,n,0,3.02,336.03,290.42,0.39,0.36,N,VIIRS,2,2012
-0.44493,115.87637,2012-07-30,538,n,0,3.81,327.49,289.53,0.39,0.36,N,VIIRS,2,2012
-0.27659,117.34186,2012-07-30,538,n,0,26.94,356.31,298.34,0.39,0.36,N,VIIRS,2,2012
-0.27995,117.34236,2012-07-30,538,n,0,26.94,347.53,300.34,0.39,0.36,N,VIIRS,2,2012
-0.4417,116.32114,2012-07-30,538,n,0,3.24,331.08,287.7,0.38,0.36,N,VIIRS,2,2012
-0.37806,116.89854,2012-07-30,538,n,0,2.33,332.13,297.56,0.39,0.36,N,VIIRS,2,2012
-0.36734,117.08234,2012-07-30,538,n,0,3.66,342.98,298.23,0.39,0.36,N,VIIRS,2,2012
-0.39447,117.05141,2012-07-30,538,n,0,4.56,335.56,297.48,0.39,0.36,N,VIIRS,2,2012
-0.63092,116.67908,2012-07-30,538,n,0,6.74,332.36,292.07,0.39,0.36,N,VIIRS,2,2012
-0.58666,117.01656,2012-07-30,538,n,0,2.8,331.98,292.57,0.39,0.36,N,VIIRS,2,2012
-1.09657,116.92579,2012-07-30,538,n,0,2.57,331.53,295.39,0.39,0.36,N,VIIRS,2,2012
-1.1221,116.66794,2012-07-30,538,n,0,11.55,346.9,297.94,0.38,0.36,N,VIIRS,2,2012
-1.12731,116.56638,2012-07-30,538,n,0,3.44,333.13,296.26,0.38,0.36,N,VIIRS,2,2012
1.46074,117.96249,2012-07-30,538,n,0,8.99,333.42,294.65,0.42,0.38,N,VIIRS,2,2012
1.46017,117.95873,2012-07-30,538,n,0,8.99,345.94,297.8,0.42,0.38,N,VIIRS,2,2012
1.41551,117.6426,2012-07-30,538,n,0,2.97,334.52,293.71,0.41,0.37,N,VIIRS,2,2012
1.64488,118.07951,2012-07-30,538,n,0,5.66,340.56,298.45,0.42,0.38,N,VIIRS,2,2012
1.63062,117.96105,2012-07-30,538,n,0,7.36,344.29,297.94,0.42,0.38,N,VIIRS,2,2012
1.42912,115.37602,2012-07-30,538,n,0,2.76,332.8,292.07,0.39,0.36,N,VIIRS,2,2012
1.43875,115.41705,2012-07-30,538,n,0,6.35,346.23,292.9,0.39,0.36,N,VIIRS,2,2012
1.8607,117.81908,2012-07-30,538,n,0,3.37,333.73,291.45,0.42,0.37,N,VIIRS,2,2012
1.95242,117.78262,2012-07-30,538,n,0,4.71,328.84,291.86,0.42,0.37,N,VIIRS,2,2012
-0.72316,116.895,2012-07-30,538,n,0,6.78,329.74,297.33,0.39,0.36,N,VIIRS,2,2012
-0.72264,116.89847,2012-07-30,538,n,0,23.36,339.36,302.66,0.39,0.36,N,VIIRS,2,2012
-0.74078,116.90901,2012-07-30,538,l,0,11.05,328.96,299.72,0.39,0.36,N,VIIRS,2,2012
-0.74026,116.91248,2012-07-30,538,n,0,11.05,335.13,300.73,0.39,0.36,N,VIIRS,2,2012
-0.76114,116.8872,2012-07-30,538,n,0,12.01,344.62,296.18,0.39,0.36,N,VIIRS,2,2012
-0.76447,116.88769,2012-07-30,538,n,0,1.9,329.7,293.06,0.39,0.36,N,VIIRS,2,2012
-0.77919,116.92539,2012-07-30,538,n,0,5.66,349.31,294.97,0.39,0.36,N,VIIRS,2,2012
-0.78252,116.9259,2012-07-30,538,n,0,5.66,336.02,294.44,0.39,0.36,N,VIIRS,2,2012
-1.20492,114.4811,2012-07-30,538,n,0,5.46,337.93,291.76,0.41,0.37,N,VIIRS,2,2012
-0.85306,116.88062,2012-07-30,538,n,0,41.45,336.08,306.93,0.39,0.36,N,VIIRS,2,2012
-0.85639,116.8811,2012-07-30,538,n,0,41.45,344.78,304.67,0.39,0.36,N,VIIRS,2,2012
-0.89197,116.89354,2012-07-30,538,n,0,1.8,332.27,298.98,0.39,0.36,N,VIIRS,2,2012
-0.84896,117.22188,2012-07-30,538,n,0,2.21,330.08,293.9,0.39,0.36,N,VIIRS,2,2012
-0.87033,117.10359,2012-07-30,538,n,0,6.57,346.64,296.02,0.39,0.36,N,VIIRS,2,2012
-0.8523,117.22237,2012-07-30,538,n,0,2.21,332.22,292.84,0.39,0.36,N,VIIRS,2,2012
-0.91776,116.92572,2012-07-30,538,n,0,5.92,337.38,298.32,0.39,0.36,N,VIIRS,2,2012
1.19409,116.94501,2012-07-30,538,n,0,4.26,332.57,291.09,0.39,0.36,N,VIIRS,2,2012
1.19073,116.94552,2012-07-30,538,n,0,4.52,339.69,291.94,0.39,0.36,N,VIIRS,2,2012
1.2165,117.11523,2012-07-30,538,n,0,2.84,328.65,275.17,0.4,0.37,N,VIIRS,2,2012
1.3653,118.44892,2012-07-30,538,n,0,1.95,328.72,293.22,0.44,0.38,N,VIIRS,2,2012
1.30835,118.35709,2012-07-30,538,n,0,2.18,328.05,298.11,0.43,0.38,N,VIIRS,2,2012
1.24072,118.03048,2012-07-30,538,n,0,3.89,341.45,288.17,0.42,0.38,N,VIIRS,2,2012
-2.2169,113.81433,2012-07-30,538,n,0,5.91,337.48,297.35,0.45,0.39,N,VIIRS,2,2012
-2.22048,113.81486,2012-07-30,538,n,0,4.5,337.33,302.02,0.45,0.39,N,VIIRS,2,2012
-1.82242,114.26374,2012-07-30,538,n,0,4.03,339.6,299.36,0.43,0.38,N,VIIRS,2,2012
-1.67701,116.24187,2012-07-30,538,n,0,3.06,333.16,298.27,0.38,0.36,N,VIIRS,2,2012
-2.02549,115.52779,2012-07-30,538,n,0,3.77,333.26,298.33,0.39,0.36,N,VIIRS,2,2012
-1.96989,115.87141,2012-07-30,538,n,0,4.53,335.3,301.59,0.39,0.36,N,VIIRS,2,2012
-1.52915,115.12388,2012-07-30,538,n,0,3.29,335.67,298.38,0.4,0.37,N,VIIRS,2,2012
-1.3466,116.74852,2012-07-30,538,n,0,11.47,339.4,301.81,0.38,0.36,N,VIIRS,2,2012
-1.34607,116.75198,2012-07-30,538,n,0,11.47,335.84,298.35,0.38,0.36,N,VIIRS,2,2012
-1.47027,116.15645,2012-07-30,538,n,0,3.15,335.99,298.78,0.38,0.36,N,VIIRS,2,2012
-1.53686,115.82948,2012-07-30,538,n,0,3.67,338.82,299.7,0.39,0.36,N,VIIRS,2,2012
1.23725,118.031,2012-07-30,538,n,0,3.89,332.07,289.03,0.42,0.38,N,VIIRS,2,2012
1.21467,118.06914,2012-07-30,538,n,0,5.03,334.23,288.3,0.42,0.38,N,VIIRS,2,2012
1.2112,118.06966,2012-07-30,538,n,0,8.41,346.15,288.35,0.42,0.38,N,VIIRS,2,2012
1.16415,117.85081,2012-07-30,538,n,0,2.06,331.43,295.45,0.41,0.37,N,VIIRS,2,2012
0.87255,117.74332,2012-07-30,538,h,0,13.33,367.0,291.49,0.41,0.37,N,VIIRS,2,2012
0.86913,117.74383,2012-07-30,538,n,0,13.33,338.74,292.03,0.41,0.37,N,VIIRS,2,2012
0.66092,117.28815,2012-07-30,538,n,0,4.88,338.44,294.71,0.4,0.37,N,VIIRS,2,2012
-1.75032,113.64468,2012-07-30,538,n,0,8.1,336.8,291.87,0.45,0.39,N,VIIRS,2,2012
-1.74673,113.64415,2012-07-30,538,n,0,36.34,343.44,293.19,0.45,0.39,N,VIIRS,2,2012
-1.25598,116.58933,2012-07-30,538,n,0,5.43,336.79,300.57,0.38,0.36,N,VIIRS,2,2012
0.64367,117.26525,2012-07-30,538,n,0,1.99,327.22,292.35,0.4,0.37,N,VIIRS,2,2012
0.62484,117.23174,2012-07-30,538,n,0,5.89,345.52,290.07,0.4,0.37,N,VIIRS,2,2012
0.59594,117.3238,2012-07-30,538,n,0,1.3,327.97,295.19,0.4,0.37,N,VIIRS,2,2012
0.47564,116.59913,2012-07-30,538,n,0,2.04,330.92,288.46,0.39,0.36,N,VIIRS,2,2012
0.26277,116.06335,2012-07-30,538,n,0,1.82,330.87,296.13,0.38,0.36,N,VIIRS,2,2012
2.12307,117.08574,2012-07-30,539,n,0,3.94,339.67,292.22,0.4,0.37,N,VIIRS,2,2012
2.13385,117.15768,2012-07-30,539,n,0,13.64,348.27,289.89,0.4,0.37,N,VIIRS,2,2012
2.13439,117.16128,2012-07-30,539,n,0,13.64,332.44,284.37,0.4,0.37,N,VIIRS,2,2012
2.23581,117.83994,2012-07-30,539,n,0,86.15,337.62,300.52,0.42,0.38,N,VIIRS,2,2012
2.23638,117.84371,2012-07-30,539,n,0,25.96,340.1,284.22,0.42,0.38,N,VIIRS,2,2012
2.11968,117.08624,2012-07-30,539,n,0,3.94,336.04,293.11,0.4,0.37,N,VIIRS,2,2012
2.19902,117.68785,2012-07-30,539,n,0,2.77,329.36,290.83,0.42,0.37,N,VIIRS,2,2012
2.10756,117.17306,2012-07-30,539,n,0,6.08,343.76,285.35,0.4,0.37,N,VIIRS,2,2012
2.10417,117.17354,2012-07-30,539,n,0,26.86,352.36,290.72,0.4,0.37,N,VIIRS,2,2012
2.0636,117.06577,2012-07-30,539,n,0,46.14,341.76,304.92,0.4,0.37,N,VIIRS,2,2012
2.08536,117.20954,2012-07-30,539,n,0,7.87,334.28,290.77,0.4,0.37,N,VIIRS,2,2012
2.09029,117.24215,2012-07-30,539,n,0,6.9,346.69,297.65,0.4,0.37,N,VIIRS,2,2012
2.07713,117.27,2012-07-30,539,n,0,4.53,341.2,293.3,0.4,0.37,N,VIIRS,2,2012
2.0249,117.29243,2012-07-30,539,n,0,5.31,336.77,298.66,0.4,0.37,N,VIIRS,2,2012
2.0215,117.29294,2012-07-30,539,n,0,5.31,330.47,300.15,0.4,0.37,N,VIIRS,2,2012
2.02312,117.30387,2012-07-30,539,n,0,22.06,345.82,301.13,0.4,0.37,N,VIIRS,2,2012
2.02367,117.30753,2012-07-30,539,n,0,4.15,329.29,298.29,0.4,0.37,N,VIIRS,2,2012
2.02148,117.29361,2012-07-30,539,n,0,3.44,330.3,299.55,0.4,0.37,N,VIIRS,2,2012
2.02259,117.3009,2012-07-30,539,l,0,10.27,328.04,300.3,0.4,0.37,N,VIIRS,2,2012
2.02314,117.30453,2012-07-30,539,n,0,10.27,348.36,302.68,0.4,0.37,N,VIIRS,2,2012
2.01975,117.30505,2012-07-30,539,n,0,10.27,341.51,302.12,0.4,0.37,N,VIIRS,2,2012
2.0203,117.30872,2012-07-30,539,n,0,4.46,332.67,297.97,0.4,0.37,N,VIIRS,2,2012
1.97674,117.29659,2012-07-30,539,n,0,7.99,337.39,291.77,0.4,0.37,N,VIIRS,2,2012
2.00915,117.53449,2012-07-30,539,n,0,4.41,328.92,273.9,0.41,0.37,N,VIIRS,2,2012
1.99488,117.53272,2012-07-30,539,n,0,12.59,348.36,273.53,0.41,0.37,N,VIIRS,2,2012
2.00063,117.52443,2012-07-30,539,n,0,5.92,333.83,273.92,0.41,0.37,N,VIIRS,2,2012
1.99897,117.5134,2012-07-30,539,n,0,5.91,333.88,270.26,0.41,0.37,N,VIIRS,2,2012
2.00118,117.52809,2012-07-30,539,l,0,14.85,356.38,278.72,0.41,0.37,N,VIIRS,2,2012
2.00572,117.53495,2012-07-30,539,n,0,4.41,337.45,278.77,0.41,0.37,N,VIIRS,2,2012
2.00516,117.5313,2012-07-30,539,n,0,19.79,346.77,277.41,0.41,0.37,N,VIIRS,2,2012
2.00461,117.52763,2012-07-30,539,n,0,19.79,356.84,280.16,0.41,0.37,N,VIIRS,2,2012
2.00406,117.52395,2012-07-30,539,n,0,6.68,335.56,274.05,0.41,0.37,N,VIIRS,2,2012
2.33618,117.50794,2012-07-30,539,n,0,6.06,337.28,291.54,0.41,0.37,N,VIIRS,2,2012
2.23781,117.03928,2012-07-30,539,n,0,2.73,330.08,291.17,0.4,0.37,N,VIIRS,2,2012
2.17477,117.10744,2012-07-30,539,n,0,2.69,333.05,290.08,0.4,0.37,N,VIIRS,2,2012
2.13723,117.15717,2012-07-30,539,n,0,31.88,345.32,288.24,0.4,0.37,N,VIIRS,2,2012
2.13777,117.16076,2012-07-30,539,n,0,31.88,348.67,284.06,0.4,0.37,N,VIIRS,2,2012
2.23928,117.83942,2012-07-30,539,n,0,11.05,350.97,283.82,0.42,0.38,N,VIIRS,2,2012
2.48997,117.85706,2012-07-30,539,n,0,130.32,342.94,290.95,0.42,0.38,N,VIIRS,2,2012
2.28802,117.11987,2012-07-30,539,n,0,3.7,331.68,276.91,0.4,0.37,N,VIIRS,2,2012
2.28463,117.12038,2012-07-30,539,n,0,9.73,347.44,280.03,0.4,0.37,N,VIIRS,2,2012
1.92887,117.34829,2012-07-30,539,n,0,5.67,339.8,293.78,0.4,0.37,N,VIIRS,2,2012
-0.58241,117.38067,2012-07-30,1638,n,0,1.78,300.73,285.9,0.75,0.77,N,VIIRS,2,2012
-0.58512,117.38238,2012-07-30,1638,n,2,0.72,300.22,285.63,0.75,0.77,N,VIIRS,2,2012
-0.58354,117.38772,2012-07-30,1638,n,2,1.07,300.43,286.18,0.75,0.77,N,VIIRS,2,2012
2.00368,117.52719,2012-07-30,1818,n,0,1.65,301.02,281.62,0.51,0.66,N,VIIRS,2,2012
2.10604,117.17271,2012-07-30,1818,n,0,0.85,299.53,280.93,0.48,0.65,N,VIIRS,2,2012
2.1387,117.16071,2012-07-30,1818,n,0,4.97,327.45,283.93,0.48,0.65,N,VIIRS,2,2012
2.13433,117.16174,2012-07-30,1818,n,0,2.26,302.89,283.94,0.48,0.65,N,VIIRS,2,2012
2.13508,117.15737,2012-07-30,1818,n,0,3.15,313.16,284.41,0.48,0.65,N,VIIRS,2,2012
2.14107,117.15825,2012-07-30,1818,n,0,1.49,306.1,282.26,0.48,0.65,N,VIIRS,2,2012
-1.00233,115.09991,2012-07-30,1819,n,0,0.6,304.58,288.62,0.39,0.59,N,VIIRS,2,2012
-1.0914,114.22765,2012-07-30,1819,n,0,0.63,308.09,289.85,0.34,0.56,N,VIIRS,2,2012
-1.09659,114.22696,2012-07-30,1819,n,0,1.85,319.79,289.88,0.34,0.56,N,VIIRS,2,2012
-0.58162,117.38503,2012-07-30,1819,n,2,1.0,302.89,287.83,0.55,0.68,N,VIIRS,2,2012
-0.68405,115.50411,2012-07-30,1819,n,0,2.02,302.24,281.38,0.41,0.61,N,VIIRS,2,2012
-0.69525,115.5023,2012-07-30,1819,n,0,2.3,303.67,285.73,0.41,0.61,N,VIIRS,2,2012
-0.68764,115.50278,2012-07-30,1819,n,0,1.63,316.55,284.12,0.41,0.61,N,VIIRS,2,2012
-0.69883,115.50095,2012-07-30,1819,n,0,1.78,324.74,288.08,0.41,0.61,N,VIIRS,2,2012
-0.69826,115.49722,2012-07-30,1819,n,0,1.78,304.64,287.89,0.41,0.61,N,VIIRS,2,2012
-0.70386,115.49632,2012-07-30,1819,n,0,1.36,310.49,288.32,0.41,0.61,N,VIIRS,2,2012
-0.96347,117.1502,2012-07-30,1819,n,2,0.73,306.26,286.41,0.54,0.68,N,VIIRS,2,2012
0.96406,117.03066,2012-07-31,519,n,0,4.38,333.97,289.84,0.49,0.41,N,VIIRS,2,2012
0.85615,116.77904,2012-07-31,519,n,0,2.92,332.82,277.97,0.51,0.41,N,VIIRS,2,2012
0.81292,116.55209,2012-07-31,519,n,0,4.36,328.25,287.33,0.53,0.42,N,VIIRS,2,2012
0.57094,116.75049,2012-07-31,519,n,0,7.04,333.43,293.74,0.52,0.41,N,VIIRS,2,2012
0.56713,116.75103,2012-07-31,519,n,0,7.04,341.89,297.14,0.52,0.41,N,VIIRS,2,2012
0.54854,116.85765,2012-07-31,519,n,0,4.15,335.36,292.98,0.51,0.41,N,VIIRS,2,2012
0.51264,117.47072,2012-07-31,519,n,0,4.36,336.11,295.53,0.47,0.4,N,VIIRS,2,2012
0.21577,116.80242,2012-07-31,519,n,0,3.38,330.52,295.37,0.52,0.41,N,VIIRS,2,2012
0.1677,116.86043,2012-07-31,519,n,0,14.07,347.97,289.51,0.52,0.41,N,VIIRS,2,2012
0.0822,117.4828,2012-07-31,519,n,3,7.57,342.66,295.96,0.48,0.4,N,VIIRS,2,2012
0.0835,117.48181,2012-07-31,519,n,3,4.51,333.57,295.96,0.48,0.4,N,VIIRS,2,2012
-0.07458,116.91734,2012-07-31,519,n,0,16.3,341.33,290.52,0.52,0.41,N,VIIRS,2,2012
-0.07839,116.91789,2012-07-31,519,n,0,16.3,335.44,291.43,0.52,0.41,N,VIIRS,2,2012
-0.14487,116.71647,2012-07-31,519,n,0,3.0,329.43,293.24,0.53,0.42,N,VIIRS,2,2012
-0.32764,115.91892,2012-07-31,519,n,0,3.35,329.74,293.9,0.4,0.44,N,VIIRS,2,2012
-0.33171,115.91953,2012-07-31,519,n,0,3.35,334.77,292.18,0.4,0.44,N,VIIRS,2,2012
-0.13663,117.4165,2012-07-31,519,n,0,8.44,339.83,295.29,0.48,0.4,N,VIIRS,2,2012
-0.20415,117.05071,2012-07-31,519,n,0,8.59,342.02,294.16,0.51,0.41,N,VIIRS,2,2012
-0.21686,117.04338,2012-07-31,519,n,0,2.4,330.09,295.56,0.51,0.41,N,VIIRS,2,2012
-0.37914,116.20493,2012-07-31,519,n,0,4.38,333.25,295.02,0.57,0.43,N,VIIRS,2,2012
-0.2097,117.34521,2012-07-31,519,n,0,5.65,335.34,296.57,0.49,0.4,N,VIIRS,2,2012
-0.20903,117.34962,2012-07-31,519,n,0,3.9,330.22,294.42,0.49,0.4,N,VIIRS,2,2012
-0.72319,114.15916,2012-07-31,519,n,0,3.58,328.28,290.63,0.52,0.5,N,VIIRS,2,2012
-0.44149,116.11962,2012-07-31,519,n,0,3.73,336.24,296.06,0.39,0.44,N,VIIRS,2,2012
-0.45748,116.04333,2012-07-31,519,n,0,3.6,336.85,290.83,0.39,0.44,N,VIIRS,2,2012
-0.26975,117.27728,2012-07-31,519,n,0,38.78,335.06,297.07,0.49,0.41,N,VIIRS,2,2012
-0.27099,117.27614,2012-07-31,519,l,0,57.48,330.08,301.45,0.5,0.41,N,VIIRS,2,2012
-0.29002,117.37839,2012-07-31,519,n,0,5.86,337.33,295.41,0.49,0.4,N,VIIRS,2,2012
-0.30623,117.37187,2012-07-31,519,n,0,16.29,335.37,294.84,0.49,0.4,N,VIIRS,2,2012
-0.42452,116.82509,2012-07-31,519,n,0,13.54,337.63,295.05,0.53,0.42,N,VIIRS,2,2012
-0.37798,117.22786,2012-07-31,519,n,0,3.97,328.91,295.45,0.5,0.41,N,VIIRS,2,2012
-0.68621,115.48766,2012-07-31,519,n,0,4.11,337.1,293.94,0.43,0.46,N,VIIRS,2,2012
-0.69042,115.4883,2012-07-31,519,l,0,3.82,326.09,296.51,0.43,0.46,N,VIIRS,2,2012
-0.91376,114.72127,2012-07-31,519,n,0,16.74,341.28,293.68,0.48,0.48,N,VIIRS,2,2012
-0.5952,116.91425,2012-07-31,519,n,0,6.88,329.93,294.19,0.52,0.42,N,VIIRS,2,2012
-0.71985,116.22702,2012-07-31,519,n,0,9.55,341.41,292.25,0.38,0.44,N,VIIRS,2,2012
-0.72386,116.22762,2012-07-31,519,n,0,9.55,336.79,297.31,0.38,0.44,N,VIIRS,2,2012
-0.72333,116.23108,2012-07-31,519,n,0,9.55,331.78,295.18,0.38,0.43,N,VIIRS,2,2012
-0.83697,115.88854,2012-07-31,519,n,0,4.29,334.28,294.67,0.4,0.45,N,VIIRS,2,2012
-0.73749,116.91837,2012-07-31,519,n,0,3.09,330.7,285.75,0.52,0.42,N,VIIRS,2,2012
-0.74134,116.91895,2012-07-31,519,n,0,3.09,327.88,284.58,0.52,0.42,N,VIIRS,2,2012
-0.92945,117.12479,2012-07-31,519,n,0,5.65,329.41,290.91,0.51,0.41,N,VIIRS,2,2012
-1.44662,114.43893,2012-07-31,519,n,0,9.65,344.18,293.8,0.51,0.5,N,VIIRS,2,2012
-1.32779,115.24007,2012-07-31,519,n,0,2.26,330.63,292.49,0.45,0.47,N,VIIRS,2,2012
-1.44564,114.44099,2012-07-31,519,n,0,7.24,340.38,293.57,0.51,0.5,N,VIIRS,2,2012
-1.32844,115.24305,2012-07-31,519,n,0,1.9,331.58,292.71,0.45,0.47,N,VIIRS,2,2012
-1.51924,116.20227,2012-07-31,519,n,0,2.18,327.75,292.23,0.4,0.44,N,VIIRS,2,2012
-1.96747,114.95166,2012-07-31,519,n,0,11.56,341.63,295.41,0.48,0.48,N,VIIRS,2,2012
-1.87769,115.92207,2012-07-31,519,n,0,5.8,337.24,289.72,0.42,0.45,N,VIIRS,2,2012
-1.87713,115.92575,2012-07-31,519,n,0,5.8,339.69,289.96,0.42,0.45,N,VIIRS,2,2012
-1.82781,116.24093,2012-07-31,519,n,0,2.84,325.6,296.43,0.4,0.44,N,VIIRS,2,2012
-1.87851,115.92252,2012-07-31,519,n,0,5.31,339.94,290.27,0.42,0.45,N,VIIRS,2,2012
-1.87797,115.92622,2012-07-31,519,n,0,5.31,334.07,290.27,0.42,0.45,N,VIIRS,2,2012
-1.88665,116.15373,2012-07-31,519,n,0,2.23,330.1,294.53,0.4,0.44,N,VIIRS,2,2012
-1.92381,115.93293,2012-07-31,519,n,0,11.64,340.47,295.59,0.42,0.45,N,VIIRS,2,2012
-2.10759,116.11608,2012-07-31,519,n,0,1.99,329.42,294.42,0.41,0.45,N,VIIRS,2,2012
-2.40242,114.97831,2012-07-31,519,n,0,3.07,326.1,294.84,0.49,0.48,N,VIIRS,2,2012
-2.29175,115.71944,2012-07-31,519,h,0,24.12,367.0,299.52,0.44,0.46,N,VIIRS,2,2012
-2.36207,115.73425,2012-07-31,519,n,0,13.82,340.78,296.64,0.44,0.46,N,VIIRS,2,2012
-2.39127,115.62479,2012-07-31,519,n,0,12.55,336.57,297.61,0.44,0.46,N,VIIRS,2,2012
-2.39067,115.62886,2012-07-31,519,n,0,12.55,340.19,297.39,0.44,0.46,N,VIIRS,2,2012
-2.39803,115.63821,2012-07-31,519,n,0,5.48,340.56,295.32,0.44,0.46,N,VIIRS,2,2012
-2.40231,115.6389,2012-07-31,519,n,0,5.48,344.76,296.36,0.44,0.46,N,VIIRS,2,2012
-2.31395,116.37228,2012-07-31,519,n,0,2.28,325.46,292.34,0.4,0.44,N,VIIRS,2,2012
-2.34544,116.32938,2012-07-31,519,n,0,9.96,339.59,289.21,0.4,0.44,N,VIIRS,2,2012
-2.34953,116.32995,2012-07-31,519,n,0,9.96,341.1,295.71,0.4,0.44,N,VIIRS,2,2012
1.17547,116.95079,2012-07-31,519,n,0,12.54,344.56,286.72,0.5,0.41,N,VIIRS,2,2012
1.17173,116.95136,2012-07-31,519,n,0,3.36,329.23,282.41,0.5,0.41,N,VIIRS,2,2012
1.34455,118.42177,2012-07-31,519,n,0,10.87,346.79,300.38,0.42,0.38,N,VIIRS,2,2012
2.00266,117.20316,2012-07-31,520,n,0,8.92,341.2,298.1,0.47,0.4,N,VIIRS,2,2012
2.1064,117.44297,2012-07-31,520,n,0,106.56,339.27,310.34,0.46,0.39,N,VIIRS,2,2012
2.10669,117.49312,2012-07-31,520,n,0,1.79,332.13,299.69,0.45,0.39,N,VIIRS,2,2012
2.07449,117.35501,2012-07-31,520,n,0,4.13,333.3,298.92,0.46,0.39,N,VIIRS,2,2012
2.05747,117.34064,2012-07-31,520,n,0,4.12,329.35,294.7,0.46,0.39,N,VIIRS,2,2012
2.05811,117.3448,2012-07-31,520,n,0,8.71,333.2,297.69,0.46,0.39,N,VIIRS,2,2012
2.02436,117.29463,2012-07-31,520,n,0,10.64,342.56,296.63,0.47,0.39,N,VIIRS,2,2012
2.11358,117.19576,2012-07-31,520,n,0,23.85,349.26,302.2,0.47,0.4,N,VIIRS,2,2012
2.24004,118.00954,2012-07-31,520,n,0,47.69,342.0,298.4,0.43,0.38,N,VIIRS,2,2012
2.23653,118.01004,2012-07-31,520,l,0,47.69,338.85,312.17,0.43,0.38,N,VIIRS,2,2012
2.10235,117.17171,2012-07-31,520,l,0,4.82,328.2,298.23,0.47,0.4,N,VIIRS,2,2012
2.10301,117.17588,2012-07-31,520,n,0,4.31,333.19,298.94,0.47,0.4,N,VIIRS,2,2012
2.23303,118.01057,2012-07-31,520,n,0,50.73,348.98,306.26,0.43,0.38,N,VIIRS,2,2012
2.0827,117.07015,2012-07-31,520,n,0,7.54,331.99,297.48,0.48,0.4,N,VIIRS,2,2012
2.06869,117.07661,2012-07-31,520,n,0,3.2,334.6,299.4,0.48,0.4,N,VIIRS,2,2012
2.0692,117.07563,2012-07-31,520,n,0,4.79,337.75,299.51,0.48,0.4,N,VIIRS,2,2012
1.8641,117.27021,2012-07-31,520,n,0,13.59,349.48,299.14,0.47,0.4,N,VIIRS,2,2012
1.86046,117.27075,2012-07-31,520,n,0,4.67,336.3,297.52,0.47,0.4,N,VIIRS,2,2012
1.715,117.94817,2012-07-31,520,n,0,8.44,332.96,298.81,0.44,0.38,N,VIIRS,2,2012
1.7156,117.95208,2012-07-31,520,n,0,8.44,332.74,296.92,0.44,0.38,N,VIIRS,2,2012
1.64597,117.89408,2012-07-31,520,n,0,3.63,339.74,294.56,0.44,0.38,N,VIIRS,2,2012
1.64244,117.89465,2012-07-31,520,n,0,3.63,332.18,294.04,0.44,0.38,N,VIIRS,2,2012
1.48777,117.22028,2012-07-31,520,n,0,4.12,334.62,294.52,0.48,0.4,N,VIIRS,2,2012
1.551,118.12437,2012-07-31,520,n,0,6.81,338.39,294.97,0.43,0.38,N,VIIRS,2,2012
2.11722,117.19518,2012-07-31,520,n,0,21.72,345.6,299.87,0.47,0.4,N,VIIRS,2,2012
2.11656,117.19098,2012-07-31,520,n,0,21.72,339.12,300.46,0.47,0.4,N,VIIRS,2,2012
2.12086,117.1946,2012-07-31,520,n,0,21.72,327.47,296.29,0.47,0.4,N,VIIRS,2,2012
2.26117,118.0536,2012-07-31,520,n,0,6.58,335.32,299.53,0.43,0.38,N,VIIRS,2,2012
2.18317,117.54859,2012-07-31,520,n,0,9.55,344.3,300.12,0.45,0.39,N,VIIRS,2,2012
2.26466,118.05307,2012-07-31,520,n,0,5.46,333.38,300.42,0.43,0.38,N,VIIRS,2,2012
2.26875,118.05639,2012-07-31,520,n,0,4.86,335.47,299.6,0.43,0.38,N,VIIRS,2,2012
2.21941,117.73597,2012-07-31,520,n,0,5.66,332.62,298.89,0.44,0.39,N,VIIRS,2,2012
2.13452,117.16228,2012-07-31,520,n,0,43.3,339.77,299.47,0.47,0.4,N,VIIRS,2,2012
2.13387,117.15804,2012-07-31,520,n,0,4.86,328.74,300.11,0.47,0.4,N,VIIRS,2,2012
2.13818,117.16176,2012-07-31,520,n,0,43.3,339.23,308.07,0.47,0.4,N,VIIRS,2,2012
2.13752,117.15751,2012-07-31,520,n,0,4.86,334.15,300.96,0.47,0.4,N,VIIRS,2,2012
2.14183,117.1612,2012-07-31,520,l,0,40.68,329.39,299.76,0.47,0.4,N,VIIRS,2,2012
2.22465,117.60429,2012-07-31,520,n,0,25.27,332.84,297.96,0.45,0.39,N,VIIRS,2,2012
2.22404,117.60027,2012-07-31,520,n,0,22.96,340.04,307.41,0.45,0.39,N,VIIRS,2,2012
2.26469,117.84245,2012-07-31,520,n,0,3.13,332.39,296.85,0.44,0.38,N,VIIRS,2,2012
2.22761,117.59976,2012-07-31,520,n,0,22.96,348.29,300.63,0.45,0.39,N,VIIRS,2,2012
2.22195,117.53876,2012-07-31,520,n,0,3.9,332.39,298.35,0.45,0.39,N,VIIRS,2,2012
2.26196,117.72957,2012-07-31,520,n,0,3.86,332.87,301.7,0.44,0.39,N,VIIRS,2,2012
2.26301,117.68867,2012-07-31,520,n,0,4.21,339.18,296.6,0.44,0.39,N,VIIRS,2,2012
2.20619,116.97758,2012-07-31,520,n,0,8.55,333.06,297.2,0.48,0.4,N,VIIRS,2,2012
2.20987,116.97701,2012-07-31,520,n,0,8.55,327.67,295.39,0.48,0.4,N,VIIRS,2,2012
2.2382,117.0385,2012-07-31,520,n,0,4.18,338.93,294.97,0.48,0.4,N,VIIRS,2,2012
2.402,117.94141,2012-07-31,520,n,0,5.57,334.4,299.56,0.43,0.38,N,VIIRS,2,2012
2.40141,117.93753,2012-07-31,520,n,0,4.01,331.66,297.31,0.43,0.38,N,VIIRS,2,2012
2.40374,117.92923,2012-07-31,520,n,0,4.22,336.33,301.29,0.43,0.38,N,VIIRS,2,2012
2.44456,117.8642,2012-07-31,520,n,0,16.42,346.54,300.76,0.43,0.38,N,VIIRS,2,2012
2.44808,117.86367,2012-07-31,520,n,0,16.42,347.55,299.5,0.43,0.38,N,VIIRS,2,2012
2.45939,117.91365,2012-07-31,520,n,0,4.29,328.71,298.04,0.43,0.38,N,VIIRS,2,2012
2.45871,117.88593,2012-07-31,520,n,0,14.42,348.3,299.8,0.43,0.38,N,VIIRS,2,2012
2.46342,117.89317,2012-07-31,520,n,0,23.86,333.72,298.32,0.43,0.38,N,VIIRS,2,2012
1.99204,117.18307,2012-07-31,520,n,0,4.34,331.49,296.14,0.47,0.4,N,VIIRS,2,2012
2.02008,117.40968,2012-07-31,520,n,0,10.0,338.0,297.71,0.46,0.39,N,VIIRS,2,2012
2.01938,117.4093,2012-07-31,520,n,0,3.77,333.47,297.01,0.46,0.39,N,VIIRS,2,2012
1.98606,117.28706,2012-07-31,520,n,0,3.09,338.31,295.72,0.47,0.39,N,VIIRS,2,2012
2.00508,117.53349,2012-07-31,520,l,0,5.49,328.93,300.15,0.45,0.39,N,VIIRS,2,2012
2.01864,117.6224,2012-07-31,520,n,0,2.29,333.16,299.12,0.45,0.39,N,VIIRS,2,2012
1.93626,117.34985,2012-07-31,520,n,0,6.25,332.08,296.95,0.46,0.39,N,VIIRS,2,2012
-1.29138,115.2876,2012-08-01,500,n,0,5.51,332.42,291.31,0.47,0.64,N,VIIRS,2,2012
0.13917,116.31365,2012-08-01,500,n,0,4.83,334.58,289.31,0.38,0.59,N,VIIRS,2,2012
-0.1501,116.40574,2012-08-01,500,n,0,2.13,325.45,285.81,0.38,0.59,N,VIIRS,2,2012
-0.19549,116.66705,2012-08-01,500,n,0,2.78,326.09,290.21,0.37,0.58,N,VIIRS,2,2012
-1.09745,114.2342,2012-08-01,500,n,0,9.89,339.12,291.19,0.55,0.68,N,VIIRS,2,2012
-1.09901,114.23489,2012-08-01,500,n,0,7.27,330.77,290.18,0.55,0.68,N,VIIRS,2,2012
-1.12601,114.5235,2012-08-01,500,n,0,7.09,340.22,289.94,0.53,0.67,N,VIIRS,2,2012
-1.12527,114.52831,2012-08-01,500,n,0,7.09,339.52,288.05,0.53,0.67,N,VIIRS,2,2012
-1.65629,114.2715,2012-08-01,500,n,0,7.8,345.39,292.2,0.56,0.69,N,VIIRS,2,2012
-2.186,115.62119,2012-08-01,500,n,0,4.77,336.68,292.31,0.46,0.64,N,VIIRS,2,2012
-2.38259,115.38527,2012-08-01,500,n,0,2.89,326.84,293.39,0.48,0.65,N,VIIRS,2,2012
-2.46959,114.88959,2012-08-01,500,n,0,5.48,331.42,293.65,0.52,0.67,N,VIIRS,2,2012
-2.38398,115.38491,2012-08-01,500,n,0,1.8,327.85,292.92,0.48,0.65,N,VIIRS,2,2012
-2.46749,114.88814,2012-08-01,500,n,0,4.06,327.75,293.34,0.53,0.67,N,VIIRS,2,2012
-2.46681,114.89294,2012-08-01,500,n,0,6.64,334.19,293.71,0.52,0.67,N,VIIRS,2,2012
-2.46209,115.60181,2012-08-01,500,n,0,2.6,328.91,291.03,0.47,0.64,N,VIIRS,2,2012
1.9866,117.29359,2012-08-01,501,n,0,80.54,351.76,290.08,0.61,0.54,N,VIIRS,2,2012
2.1027,117.52028,2012-08-01,501,n,0,14.95,355.11,285.19,0.59,0.53,N,VIIRS,2,2012
2.10534,117.51735,2012-08-01,501,n,0,12.61,340.75,281.65,0.59,0.53,N,VIIRS,2,2012
2.09636,117.21114,2012-08-01,501,n,0,5.48,330.99,293.21,0.62,0.54,N,VIIRS,2,2012
2.10132,117.21032,2012-08-01,501,n,0,7.06,332.99,292.86,0.62,0.54,N,VIIRS,2,2012
2.08381,117.06817,2012-08-01,501,n,0,9.97,342.65,294.56,0.63,0.54,N,VIIRS,2,2012
2.23655,118.00069,2012-08-01,501,n,0,5.61,328.62,295.56,0.54,0.51,N,VIIRS,2,2012
2.08884,117.06747,2012-08-01,501,n,0,11.16,335.63,293.01,0.63,0.54,N,VIIRS,2,2012
2.08796,117.06193,2012-08-01,501,n,0,7.96,339.49,292.77,0.64,0.54,N,VIIRS,2,2012
2.24441,117.98954,2012-08-01,501,n,0,5.53,331.18,296.68,0.55,0.51,N,VIIRS,2,2012
2.24602,117.96914,2012-08-01,501,n,0,8.02,334.05,293.38,0.55,0.51,N,VIIRS,2,2012
2.22879,117.85934,2012-08-01,501,n,0,78.13,345.84,296.5,0.56,0.51,N,VIIRS,2,2012
2.25491,117.83994,2012-08-01,501,n,0,6.64,333.95,295.86,0.56,0.51,N,VIIRS,2,2012
2.25073,117.84281,2012-08-01,501,n,0,5.96,341.76,294.64,0.56,0.51,N,VIIRS,2,2012
2.25548,117.84214,2012-08-01,501,n,0,5.96,330.22,295.18,0.56,0.51,N,VIIRS,2,2012
2.02958,116.39565,2012-08-01,501,n,0,2.14,329.91,291.03,0.35,0.57,N,VIIRS,2,2012
2.06345,116.43847,2012-08-01,501,h,0,11.88,367.0,294.96,0.35,0.57,N,VIIRS,2,2012
2.06752,116.46368,2012-08-01,501,n,0,2.22,328.16,290.98,0.35,0.57,N,VIIRS,2,2012
1.38695,117.15004,2012-08-01,501,n,0,5.54,326.48,288.2,0.32,0.55,N,VIIRS,2,2012
1.63749,117.98244,2012-08-01,501,n,0,4.43,335.17,288.69,0.56,0.51,N,VIIRS,2,2012
1.63805,117.98451,2012-08-01,501,n,0,5.86,337.81,289.71,0.56,0.51,N,VIIRS,2,2012
1.65718,118.07336,2012-08-01,501,n,0,7.98,341.87,293.32,0.55,0.51,N,VIIRS,2,2012
1.66193,118.07284,2012-08-01,501,n,0,5.75,340.29,292.88,0.55,0.51,N,VIIRS,2,2012
1.25623,117.0623,2012-08-01,501,n,0,3.07,338.74,291.52,0.33,0.55,N,VIIRS,2,2012
1.25577,117.05932,2012-08-01,501,n,0,3.07,335.45,291.46,0.33,0.55,N,VIIRS,2,2012
1.49344,118.27477,2012-08-01,501,n,0,6.14,330.44,291.76,0.54,0.51,N,VIIRS,2,2012
1.3819,117.15083,2012-08-01,501,h,0,5.54,367.0,293.1,0.32,0.55,N,VIIRS,2,2012
1.38235,117.15372,2012-08-01,501,n,0,11.04,337.39,290.73,0.32,0.55,N,VIIRS,2,2012
0.60466,117.30728,2012-08-01,501,n,0,1.66,325.2,289.64,0.32,0.55,N,VIIRS,2,2012
0.61075,117.24656,2012-08-01,501,h,0,16.14,367.0,294.05,0.33,0.55,N,VIIRS,2,2012
0.61583,117.2458,2012-08-01,501,n,0,4.25,338.71,290.92,0.33,0.55,N,VIIRS,2,2012
0.63546,117.30571,2012-08-01,501,h,0,7.34,367.0,293.08,0.32,0.55,N,VIIRS,2,2012
0.64052,117.30496,2012-08-01,501,n,0,7.34,354.38,289.91,0.32,0.55,N,VIIRS,2,2012
0.75878,117.27868,2012-08-01,501,n,0,2.98,334.6,288.7,0.32,0.55,N,VIIRS,2,2012
0.68943,116.48222,2012-08-01,501,n,0,4.64,331.3,291.29,0.37,0.58,N,VIIRS,2,2012
1.25086,118.03909,2012-08-01,501,n,0,7.5,342.68,289.52,0.56,0.52,N,VIIRS,2,2012
-2.37494,115.01899,2012-08-01,640,h,0,18.91,367.0,291.15,0.79,0.78,N,VIIRS,2,2012
-2.37468,115.01774,2012-08-01,640,h,0,13.75,367.0,291.05,0.8,0.78,N,VIIRS,2,2012
-1.78966,113.94746,2012-08-01,640,n,0,29.57,351.12,290.3,0.69,0.74,N,VIIRS,2,2012
-1.78861,113.9539,2012-08-01,640,n,0,29.57,342.99,288.83,0.69,0.74,N,VIIRS,2,2012
-1.79661,113.94855,2012-08-01,640,n,0,29.57,348.99,289.58,0.69,0.74,N,VIIRS,2,2012
-1.78759,113.95084,2012-08-01,640,n,0,23.12,353.77,289.67,0.69,0.74,N,VIIRS,2,2012
-1.79563,113.94547,2012-08-01,640,n,0,28.69,327.88,286.81,0.69,0.74,N,VIIRS,2,2012
-1.79455,113.95188,2012-08-01,640,h,0,28.69,367.0,291.74,0.69,0.74,N,VIIRS,2,2012
2.03832,117.61172,2012-08-01,1740,n,0,0.28,297.09,280.05,0.41,0.37,N,VIIRS,2,2012
2.02169,117.29731,2012-08-01,1740,n,0,3.32,308.05,272.77,0.4,0.37,N,VIIRS,2,2012
2.02112,117.30092,2012-08-01,1740,n,0,0.57,304.59,269.95,0.4,0.37,N,VIIRS,2,2012
2.01887,117.2932,2012-08-01,1740,n,0,3.32,329.48,272.12,0.4,0.37,N,VIIRS,2,2012
2.0183,117.29681,2012-08-01,1740,n,0,3.32,337.04,272.42,0.4,0.37,N,VIIRS,2,2012
2.01774,117.30042,2012-08-01,1740,n,0,0.57,302.65,270.54,0.4,0.37,N,VIIRS,2,2012
2.01492,117.29629,2012-08-01,1740,n,0,1.78,310.64,272.9,0.4,0.37,N,VIIRS,2,2012
2.23188,118.00185,2012-08-01,1740,n,0,0.8,299.56,279.63,0.42,0.38,N,VIIRS,2,2012
2.17154,117.6546,2012-08-01,1740,n,0,0.43,309.94,286.64,0.41,0.37,N,VIIRS,2,2012
-2.31487,116.36163,2012-08-01,1742,n,0,1.07,304.14,279.21,0.4,0.37,N,VIIRS,2,2012
-2.35694,116.16104,2012-08-01,1742,n,0,0.84,310.6,289.2,0.4,0.37,N,VIIRS,2,2012
-2.35749,116.16459,2012-08-01,1742,n,0,0.84,308.07,289.46,0.4,0.37,N,VIIRS,2,2012
2.02062,117.30089,2012-08-02,442,n,0,7.37,330.64,286.68,0.65,0.73,N,VIIRS,2,2012
1.90633,117.77074,2012-08-02,442,n,0,7.83,329.26,288.07,0.6,0.71,N,VIIRS,2,2012
2.10054,117.53723,2012-08-02,442,n,0,13.52,350.25,285.61,0.62,0.71,N,VIIRS,2,2012
2.05521,117.34359,2012-08-02,442,n,0,5.94,327.22,291.23,0.64,0.72,N,VIIRS,2,2012
2.01871,117.28941,2012-08-02,442,n,0,8.18,331.36,288.38,0.65,0.73,N,VIIRS,2,2012
2.01968,117.29525,2012-08-02,442,n,0,8.18,348.79,287.88,0.65,0.73,N,VIIRS,2,2012
2.04138,116.48766,2012-08-02,442,n,0,4.85,325.13,289.54,0.73,0.76,N,VIIRS,2,2012
2.11288,117.17953,2012-08-02,442,n,0,7.9,333.74,291.3,0.66,0.73,N,VIIRS,2,2012
2.11386,117.18543,2012-08-02,442,n,0,7.9,338.14,291.63,0.65,0.73,N,VIIRS,2,2012
2.25955,118.06591,2012-08-02,442,n,0,4.39,328.85,292.54,0.57,0.69,N,VIIRS,2,2012
2.23563,118.00092,2012-08-02,442,n,0,9.09,335.24,293.01,0.57,0.69,N,VIIRS,2,2012
2.08874,117.15967,2012-08-02,442,n,0,7.74,344.73,291.03,0.66,0.73,N,VIIRS,2,2012
2.14054,117.55122,2012-08-02,442,n,0,11.35,333.04,286.25,0.62,0.71,N,VIIRS,2,2012
2.09705,117.53507,2012-08-02,442,n,0,13.76,340.46,285.54,0.62,0.71,N,VIIRS,2,2012
2.08697,117.15579,2012-08-02,442,n,0,8.13,328.16,290.55,0.66,0.73,N,VIIRS,2,2012
2.13633,117.54866,2012-08-02,442,n,0,8.82,353.5,286.08,0.62,0.71,N,VIIRS,2,2012
2.48065,117.91142,2012-08-02,442,h,0,12.62,367.0,293.08,0.58,0.69,N,VIIRS,2,2012
2.47933,117.90962,2012-08-02,442,n,0,10.37,345.79,292.69,0.58,0.7,N,VIIRS,2,2012
2.48017,117.91477,2012-08-02,442,n,0,10.74,330.03,290.92,0.58,0.7,N,VIIRS,2,2012
2.03937,116.48923,2012-08-02,442,n,0,5.62,332.66,289.95,0.73,0.76,N,VIIRS,2,2012
-2.39766,115.69418,2012-08-02,621,n,0,6.91,348.79,296.06,0.43,0.62,N,VIIRS,2,2012
-2.27051,116.10248,2012-08-02,621,n,0,2.77,329.24,293.43,0.46,0.63,N,VIIRS,2,2012
-2.45463,114.92593,2012-08-02,621,n,0,2.94,326.72,293.31,0.38,0.59,N,VIIRS,2,2012
-2.45518,114.92249,2012-08-02,621,n,0,2.94,329.03,294.24,0.38,0.59,N,VIIRS,2,2012
-2.19687,116.41792,2012-08-02,621,n,0,6.33,338.24,292.11,0.48,0.65,N,VIIRS,2,2012
-2.49868,115.44645,2012-08-02,621,n,0,2.97,330.29,286.21,0.41,0.6,N,VIIRS,2,2012
-2.49806,115.45016,2012-08-02,621,n,0,2.97,329.1,286.57,0.41,0.6,N,VIIRS,2,2012
-2.30336,115.72382,2012-08-02,621,h,0,8.71,367.0,294.42,0.43,0.62,N,VIIRS,2,2012
-2.1949,115.44928,2012-08-02,621,n,0,3.34,329.95,295.29,0.41,0.61,N,VIIRS,2,2012
-2.02478,116.05176,2012-08-02,621,n,0,3.18,327.54,294.24,0.46,0.63,N,VIIRS,2,2012
-2.28989,113.94286,2012-08-02,621,n,0,2.48,334.23,289.46,0.33,0.55,N,VIIRS,2,2012
1.21349,118.07202,2012-08-02,622,n,0,10.13,335.49,285.55,0.7,0.75,N,VIIRS,2,2012
1.21252,118.06553,2012-08-02,622,n,0,10.13,346.85,285.75,0.7,0.75,N,VIIRS,2,2012
0.72553,114.25867,2012-08-02,622,n,0,1.9,326.74,294.04,0.38,0.59,N,VIIRS,2,2012
1.48627,117.87058,2012-08-02,622,n,0,4.29,333.65,284.35,0.68,0.74,N,VIIRS,2,2012
1.4851,117.86977,2012-08-02,622,n,0,4.74,333.84,285.54,0.68,0.74,N,VIIRS,2,2012
1.42238,115.39163,2012-08-02,622,n,0,7.45,343.28,289.98,0.47,0.64,N,VIIRS,2,2012
1.69365,114.99816,2012-08-02,622,n,0,1.89,328.96,291.28,0.44,0.63,N,VIIRS,2,2012
2.0201,117.29787,2012-08-02,622,n,0,14.94,347.42,281.29,0.64,0.72,N,VIIRS,2,2012
2.01923,117.29179,2012-08-02,622,n,0,14.94,354.65,282.42,0.64,0.72,N,VIIRS,2,2012
2.02684,117.29681,2012-08-02,622,n,0,14.94,354.58,276.34,0.64,0.72,N,VIIRS,2,2012
1.73754,114.89961,2012-08-02,622,n,0,3.65,333.5,293.08,0.44,0.62,N,VIIRS,2,2012
1.76488,114.88518,2012-08-02,622,n,0,3.48,328.5,292.28,0.44,0.62,N,VIIRS,2,2012
1.7719,114.89249,2012-08-02,622,n,0,2.68,327.56,291.18,0.44,0.62,N,VIIRS,2,2012
2.2739,118.05862,2012-08-02,622,n,0,4.84,328.37,285.07,0.72,0.76,N,VIIRS,2,2012
-0.31956,116.25719,2012-08-02,622,n,0,6.19,344.94,290.97,0.5,0.66,N,VIIRS,2,2012
-0.31981,116.25639,2012-08-02,622,n,0,5.95,345.51,290.7,0.5,0.66,N,VIIRS,2,2012
-0.46973,115.85887,2012-08-02,622,n,0,7.29,326.74,288.41,0.47,0.64,N,VIIRS,2,2012
-0.46906,115.86317,2012-08-02,622,n,0,23.18,340.71,287.97,0.47,0.64,N,VIIRS,2,2012
-0.47569,115.85973,2012-08-02,622,n,0,7.29,329.56,287.92,0.47,0.64,N,VIIRS,2,2012
-0.44349,116.06591,2012-08-02,622,n,0,4.31,331.04,285.03,0.48,0.65,N,VIIRS,2,2012
-0.47502,115.86405,2012-08-02,622,h,0,23.18,367.0,291.31,0.47,0.64,N,VIIRS,2,2012
-0.40396,116.82976,2012-08-02,622,n,0,9.06,352.9,290.65,0.55,0.68,N,VIIRS,2,2012
-0.62753,115.97524,2012-08-02,622,n,0,3.13,327.53,289.63,0.47,0.64,N,VIIRS,2,2012
-0.62682,115.9797,2012-08-02,622,n,0,3.13,340.74,289.2,0.47,0.64,N,VIIRS,2,2012
-0.88809,114.72948,2012-08-02,622,n,0,1.85,329.09,289.24,0.39,0.59,N,VIIRS,2,2012
-0.8878,114.72968,2012-08-02,622,n,0,3.45,329.15,288.98,0.39,0.59,N,VIIRS,2,2012
-1.15265,113.8465,2012-08-02,622,n,0,5.66,341.16,293.9,0.33,0.56,N,VIIRS,2,2012
-1.15218,113.84959,2012-08-02,622,h,0,9.57,367.0,294.5,0.33,0.56,N,VIIRS,2,2012
-1.14901,113.84798,2012-08-02,622,n,0,4.22,335.31,290.58,0.33,0.56,N,VIIRS,2,2012
-1.15417,113.84878,2012-08-02,622,h,0,4.22,367.0,295.23,0.33,0.56,N,VIIRS,2,2012
-1.20161,113.81568,2012-08-02,622,n,0,16.49,348.81,295.34,0.33,0.55,N,VIIRS,2,2012
-1.20114,113.81869,2012-08-02,622,h,0,16.49,367.0,296.32,0.33,0.55,N,VIIRS,2,2012
-1.20066,113.82171,2012-08-02,622,h,0,38.4,367.0,296.53,0.33,0.55,N,VIIRS,2,2012
-1.15406,114.86034,2012-08-02,622,n,0,7.54,337.73,292.26,0.39,0.59,N,VIIRS,2,2012
-1.16014,114.8576,2012-08-02,622,n,0,9.87,350.94,287.54,0.39,0.59,N,VIIRS,2,2012
-1.15959,114.86112,2012-08-02,622,n,0,23.45,352.25,292.52,0.39,0.59,N,VIIRS,2,2012
-1.15904,114.8646,2012-08-02,622,h,0,23.45,367.0,294.89,0.39,0.59,N,VIIRS,2,2012
-1.37558,114.13767,2012-08-02,622,n,0,3.15,333.85,294.8,0.35,0.56,N,VIIRS,2,2012
-1.37285,114.36161,2012-08-02,622,n,0,7.87,345.24,294.26,0.36,0.57,N,VIIRS,2,2012
-1.37817,114.3624,2012-08-02,622,n,0,5.32,342.29,295.31,0.36,0.57,N,VIIRS,2,2012
-1.37595,114.36288,2012-08-02,622,h,0,11.81,367.0,296.03,0.36,0.57,N,VIIRS,2,2012
-1.29498,115.2822,2012-08-02,622,n,0,3.65,326.76,292.52,0.42,0.61,N,VIIRS,2,2012
-1.04673,117.05282,2012-08-02,622,n,0,6.75,328.21,286.45,0.55,0.68,N,VIIRS,2,2012
-1.60299,114.48586,2012-08-02,622,n,0,3.09,332.82,293.62,0.36,0.58,N,VIIRS,2,2012
-1.63838,114.30048,2012-08-02,622,n,0,4.64,349.89,294.39,0.35,0.57,N,VIIRS,2,2012
-1.66268,114.3175,2012-08-02,622,n,0,4.81,336.79,292.22,0.35,0.57,N,VIIRS,2,2012
-1.595,114.77663,2012-08-02,622,n,0,5.14,342.17,294.58,0.38,0.59,N,VIIRS,2,2012
-0.13546,115.52943,2012-08-02,622,n,0,2.92,335.84,293.26,0.45,0.63,N,VIIRS,2,2012
-0.13719,115.52869,2012-08-02,622,n,0,2.6,327.28,292.84,0.45,0.63,N,VIIRS,2,2012
1.84398,114.85806,2012-08-02,623,n,0,4.7,337.39,290.72,0.44,0.62,N,VIIRS,2,2012
1.47826,117.22875,2012-08-02,1722,n,0,0.73,304.49,288.59,0.47,0.4,N,VIIRS,2,2012
1.23927,118.03311,2012-08-02,1722,n,0,0.78,304.78,283.95,0.43,0.38,N,VIIRS,2,2012
1.21647,118.06503,2012-08-02,1722,n,0,1.17,313.93,283.46,0.43,0.38,N,VIIRS,2,2012
1.21524,118.06556,2012-08-02,1722,n,0,1.11,315.15,283.54,0.43,0.38,N,VIIRS,2,2012
1.21463,118.0694,2012-08-02,1722,n,0,1.11,307.43,283.68,0.43,0.38,N,VIIRS,2,2012
1.21402,118.07323,2012-08-02,1722,n,0,0.45,301.04,283.27,0.43,0.38,N,VIIRS,2,2012
1.21114,118.06885,2012-08-02,1722,n,0,1.66,312.61,284.1,0.43,0.38,N,VIIRS,2,2012
1.1578,117.67733,2012-08-02,1722,n,2,1.09,307.04,289.04,0.44,0.39,N,VIIRS,2,2012
0.8647,117.21916,2012-08-02,1722,n,0,1.21,311.02,288.96,0.46,0.39,N,VIIRS,2,2012
0.10492,117.47017,2012-08-02,1722,n,2,1.17,308.68,292.24,0.44,0.38,N,VIIRS,2,2012
-0.46565,117.58659,2012-08-02,1722,n,2,1.8,307.95,290.72,0.43,0.38,N,VIIRS,2,2012
-0.21241,115.94138,2012-08-02,1722,n,0,0.78,305.02,290.91,0.52,0.42,N,VIIRS,2,2012
-0.50863,117.29129,2012-08-02,1722,n,0,0.81,303.49,289.69,0.44,0.39,N,VIIRS,2,2012
-0.58513,117.38487,2012-08-02,1722,n,2,0.48,308.15,289.33,0.44,0.38,N,VIIRS,2,2012
-0.52326,115.58176,2012-08-02,1722,n,0,1.3,307.18,289.46,0.54,0.42,N,VIIRS,2,2012
-0.59813,115.86013,2012-08-02,1722,n,0,1.22,307.94,290.15,0.52,0.42,N,VIIRS,2,2012
-0.5967,115.86198,2012-08-02,1722,n,0,1.03,304.73,289.96,0.52,0.42,N,VIIRS,2,2012
-0.67633,115.51289,2012-08-02,1722,n,0,3.68,324.27,292.76,0.55,0.42,N,VIIRS,2,2012
-0.67239,115.48823,2012-08-02,1722,n,0,2.49,303.2,291.78,0.55,0.43,N,VIIRS,2,2012
-0.67712,115.51785,2012-08-02,1722,n,0,1.24,304.29,292.13,0.55,0.42,N,VIIRS,2,2012
-0.6771,115.49258,2012-08-02,1722,n,0,2.49,323.11,292.05,0.55,0.42,N,VIIRS,2,2012
-0.69433,115.5,2012-08-02,1722,n,0,1.72,307.46,292.14,0.55,0.42,N,VIIRS,2,2012
-0.69825,115.4994,2012-08-02,1722,n,0,2.89,318.62,292.5,0.55,0.42,N,VIIRS,2,2012
-0.71077,115.5025,2012-08-02,1722,n,0,5.33,328.65,292.35,0.55,0.42,N,VIIRS,2,2012
2.24678,117.9724,2012-08-02,1722,n,0,5.24,330.26,289.69,0.44,0.38,N,VIIRS,2,2012
2.24617,117.97636,2012-08-02,1722,n,0,4.74,335.7,289.98,0.44,0.38,N,VIIRS,2,2012
2.24263,117.97579,2012-08-02,1722,n,0,6.57,344.92,289.43,0.44,0.38,N,VIIRS,2,2012
2.24324,117.97183,2012-08-02,1722,n,0,3.05,310.27,288.4,0.44,0.38,N,VIIRS,2,2012
2.22897,117.99392,2012-08-02,1722,n,0,0.98,305.84,289.08,0.44,0.38,N,VIIRS,2,2012
2.22837,117.99786,2012-08-02,1722,n,0,1.15,313.39,289.06,0.44,0.38,N,VIIRS,2,2012
2.12594,117.15768,2012-08-02,1722,n,0,0.82,306.46,291.82,0.48,0.4,N,VIIRS,2,2012
2.11464,117.18244,2012-08-02,1722,n,0,1.33,308.68,291.87,0.48,0.4,N,VIIRS,2,2012
2.11567,117.18452,2012-08-02,1722,n,0,0.84,307.58,291.82,0.48,0.4,N,VIIRS,2,2012
2.11199,117.18397,2012-08-02,1722,n,0,0.84,305.44,291.93,0.48,0.4,N,VIIRS,2,2012
2.10295,117.16953,2012-08-02,1722,n,0,1.68,309.26,292.24,0.48,0.4,N,VIIRS,2,2012
2.07454,117.08529,2012-08-02,1722,n,0,0.68,308.0,291.73,0.48,0.4,N,VIIRS,2,2012
2.03038,117.29826,2012-08-02,1722,n,0,1.15,305.14,285.96,0.47,0.4,N,VIIRS,2,2012
2.02672,117.29769,2012-08-02,1722,n,0,1.15,312.82,286.21,0.47,0.4,N,VIIRS,2,2012
2.01642,117.29175,2012-08-02,1722,n,0,6.09,333.78,288.01,0.47,0.4,N,VIIRS,2,2012
1.98057,117.28286,2012-08-02,1722,n,0,6.22,332.09,285.38,0.47,0.4,N,VIIRS,2,2012
1.97991,117.28708,2012-08-02,1722,n,0,7.57,333.98,286.0,0.47,0.4,N,VIIRS,2,2012
1.97627,117.28645,2012-08-02,1722,n,0,0.92,302.07,284.12,0.47,0.4,N,VIIRS,2,2012
1.94648,117.33362,2012-08-02,1722,n,0,1.1,309.23,283.86,0.47,0.4,N,VIIRS,2,2012
1.62415,118.0583,2012-08-02,1722,n,0,1.36,313.79,289.53,0.43,0.38,N,VIIRS,2,2012
1.6188,117.18897,2012-08-02,1722,n,0,5.66,337.55,286.52,0.47,0.4,N,VIIRS,2,2012
1.48774,117.87086,2012-08-02,1722,n,0,2.68,300.8,288.13,0.44,0.38,N,VIIRS,2,2012
1.48714,117.8748,2012-08-02,1722,n,0,1.1,300.48,288.3,0.44,0.38,N,VIIRS,2,2012
1.48422,117.87029,2012-08-02,1722,n,0,2.68,335.86,289.36,0.44,0.38,N,VIIRS,2,2012
1.48361,117.87424,2012-08-02,1722,n,0,1.1,302.43,287.07,0.44,0.38,N,VIIRS,2,2012
1.40817,117.98704,2012-08-02,1722,n,0,1.34,313.68,285.44,0.43,0.38,N,VIIRS,2,2012
1.39705,117.98923,2012-08-02,1722,n,0,0.42,300.61,285.54,0.43,0.38,N,VIIRS,2,2012
1.36241,118.02742,2012-08-02,1722,n,0,0.62,303.48,287.09,0.43,0.38,N,VIIRS,2,2012
-0.82632,113.9556,2012-08-02,1723,n,0,2.34,318.32,291.17,0.45,0.47,N,VIIRS,2,2012
-1.09723,114.22887,2012-08-02,1723,n,0,1.33,305.49,292.11,0.43,0.46,N,VIIRS,2,2012
-1.09667,114.23016,2012-08-02,1723,n,0,1.01,307.93,291.88,0.43,0.46,N,VIIRS,2,2012
-1.97297,116.36724,2012-08-02,1723,n,0,1.13,309.34,291.44,0.47,0.4,N,VIIRS,2,2012
-1.97364,116.37151,2012-08-02,1723,n,0,0.34,303.11,291.53,0.47,0.4,N,VIIRS,2,2012
-1.97283,116.36891,2012-08-02,1723,n,0,1.67,311.66,291.77,0.47,0.4,N,VIIRS,2,2012
-1.96925,115.87174,2012-08-02,1723,n,0,1.38,315.9,293.09,0.5,0.41,N,VIIRS,2,2012
-1.973,115.8711,2012-08-02,1723,n,0,1.38,310.22,292.56,0.5,0.41,N,VIIRS,2,2012
-2.02184,115.91106,2012-08-02,1723,n,0,2.65,341.48,293.87,0.5,0.41,N,VIIRS,2,2012
-2.02559,115.91044,2012-08-02,1723,n,0,2.65,307.91,291.87,0.5,0.41,N,VIIRS,2,2012
-2.0263,115.91489,2012-08-02,1723,n,0,2.65,309.63,291.78,0.5,0.41,N,VIIRS,2,2012
-2.09592,116.13455,2012-08-02,1723,n,0,0.79,303.85,291.3,0.48,0.4,N,VIIRS,2,2012
-2.28367,114.37107,2012-08-02,1723,n,0,0.82,304.99,290.49,0.41,0.45,N,VIIRS,2,2012
-2.39804,114.24986,2012-08-02,1723,n,0,0.82,300.51,289.62,0.41,0.45,N,VIIRS,2,2012
-2.39907,114.24679,2012-08-02,1723,n,0,0.94,309.18,289.7,0.41,0.45,N,VIIRS,2,2012
-2.39968,114.2505,2012-08-02,1723,n,0,0.94,301.11,289.55,0.41,0.45,N,VIIRS,2,2012
-2.4474,115.58974,2012-08-03,602,n,0,5.32,340.55,292.57,0.4,0.44,N,VIIRS,2,2012
-2.48477,115.53933,2012-08-03,602,n,0,5.26,342.09,293.99,0.4,0.44,N,VIIRS,2,2012
-2.45446,115.59824,2012-08-03,602,n,0,7.46,329.96,291.35,0.4,0.44,N,VIIRS,2,2012
-2.45504,115.59457,2012-08-03,602,n,0,9.52,340.52,293.47,0.4,0.44,N,VIIRS,2,2012
-2.44682,115.5934,2012-08-03,602,n,0,5.32,336.7,292.71,0.4,0.44,N,VIIRS,2,2012
-2.34812,115.69411,2012-08-03,603,n,0,2.71,331.65,289.11,0.41,0.45,N,VIIRS,2,2012
-2.24243,115.39142,2012-08-03,603,n,0,12.1,349.35,296.03,0.39,0.44,N,VIIRS,2,2012
-2.24254,115.39163,2012-08-03,603,n,0,11.77,356.56,296.14,0.39,0.44,N,VIIRS,2,2012
-2.4007,114.25437,2012-08-03,603,n,0,4.25,329.3,299.09,0.5,0.41,N,VIIRS,2,2012
-2.4014,114.24984,2012-08-03,603,l,0,4.25,329.76,301.46,0.5,0.41,N,VIIRS,2,2012
-2.39692,114.25381,2012-08-03,603,n,0,8.07,341.0,296.76,0.5,0.41,N,VIIRS,2,2012
-2.39762,114.24927,2012-08-03,603,n,0,8.07,342.38,298.08,0.5,0.41,N,VIIRS,2,2012
-2.39832,114.24473,2012-08-03,603,n,0,3.7,332.83,301.03,0.5,0.41,N,VIIRS,2,2012
-2.39454,114.24415,2012-08-03,603,n,0,3.7,330.82,297.75,0.5,0.41,N,VIIRS,2,2012
-2.028,116.05252,2012-08-03,603,n,0,4.59,330.06,288.15,0.44,0.46,N,VIIRS,2,2012
-2.02532,116.05169,2012-08-03,603,n,0,4.9,330.83,288.05,0.44,0.46,N,VIIRS,2,2012
-2.15678,114.98325,2012-08-03,603,n,0,5.47,333.35,290.05,0.56,0.43,N,VIIRS,2,2012
-2.29204,113.98657,2012-08-03,603,n,0,5.38,333.24,297.31,0.49,0.4,N,VIIRS,2,2012
-2.02457,115.48246,2012-08-03,603,n,0,10.05,342.97,292.54,0.4,0.44,N,VIIRS,2,2012
-2.01523,115.51467,2012-08-03,603,n,0,3.22,342.94,291.85,0.4,0.44,N,VIIRS,2,2012
-2.00762,115.53591,2012-08-03,603,n,0,17.87,339.43,294.44,0.4,0.45,N,VIIRS,2,2012
-2.00291,115.53893,2012-08-03,603,n,0,17.87,336.59,292.47,0.4,0.45,N,VIIRS,2,2012
-2.0035,115.53529,2012-08-03,603,n,0,17.87,335.92,294.75,0.4,0.45,N,VIIRS,2,2012
-2.01259,115.5137,2012-08-03,603,n,0,7.66,346.41,293.07,0.4,0.45,N,VIIRS,2,2012
-2.00457,115.53864,2012-08-03,603,n,0,54.51,342.25,293.69,0.41,0.45,N,VIIRS,2,2012
-1.97832,114.87302,2012-08-03,603,n,0,5.96,331.55,294.64,0.55,0.43,N,VIIRS,2,2012
-2.12503,113.84188,2012-08-03,603,n,0,7.79,336.46,300.84,0.48,0.4,N,VIIRS,2,2012
-2.1257,113.83752,2012-08-03,603,n,0,7.79,335.41,299.19,0.48,0.4,N,VIIRS,2,2012
-1.96712,114.24121,2012-08-03,603,n,0,5.58,336.61,294.44,0.51,0.41,N,VIIRS,2,2012
-1.96333,114.24063,2012-08-03,603,n,0,5.58,333.51,293.65,0.51,0.41,N,VIIRS,2,2012
-1.8165,114.26681,2012-08-03,603,n,0,5.33,335.58,297.46,0.51,0.41,N,VIIRS,2,2012
-1.81269,114.26624,2012-08-03,603,n,0,5.33,337.91,296.04,0.51,0.41,N,VIIRS,2,2012
-1.79423,113.93507,2012-08-03,603,n,0,4.81,332.55,293.61,0.49,0.41,N,VIIRS,2,2012
-1.73092,113.94825,2012-08-03,603,n,0,4.92,337.77,300.01,0.49,0.41,N,VIIRS,2,2012
-1.25568,114.03055,2012-08-03,603,n,0,44.77,332.46,299.95,0.51,0.41,N,VIIRS,2,2012
-0.64259,116.95541,2012-08-03,603,n,0,2.93,328.73,289.26,0.53,0.5,N,VIIRS,2,2012
-0.73492,114.15326,2012-08-03,603,n,0,6.9,335.45,296.36,0.52,0.42,N,VIIRS,2,2012
-0.21555,115.32739,2012-08-03,603,n,0,5.37,342.48,291.42,0.42,0.45,N,VIIRS,2,2012
0.14108,116.22794,2012-08-03,603,n,0,1.97,334.2,280.76,0.48,0.48,N,VIIRS,2,2012
0.57896,116.76537,2012-08-03,603,n,0,2.48,329.07,292.49,0.53,0.5,N,VIIRS,2,2012
0.70408,117.26717,2012-08-03,603,n,0,14.36,343.66,295.28,0.58,0.52,N,VIIRS,2,2012
0.70892,117.26646,2012-08-03,603,n,0,14.36,345.63,296.07,0.58,0.52,N,VIIRS,2,2012
0.91092,116.93287,2012-08-03,603,n,0,6.71,330.7,285.47,0.55,0.51,N,VIIRS,2,2012
0.91014,116.92789,2012-08-03,603,n,0,6.71,340.01,291.15,0.55,0.51,N,VIIRS,2,2012
0.91081,116.92944,2012-08-03,603,n,0,12.37,342.9,284.77,0.55,0.51,N,VIIRS,2,2012
1.27782,118.64048,2012-08-03,603,h,0,8.95,367.0,294.25,0.37,0.58,N,VIIRS,2,2012
1.2773,118.63697,2012-08-03,603,n,0,8.95,336.66,292.95,0.37,0.58,N,VIIRS,2,2012
1.28323,118.63996,2012-08-03,603,h,0,8.95,367.0,294.02,0.37,0.58,N,VIIRS,2,2012
1.2827,118.63642,2012-08-03,603,n,0,8.95,344.17,293.26,0.37,0.58,N,VIIRS,2,2012
0.78268,114.49162,2012-08-03,603,n,0,19.64,331.23,295.73,0.57,0.43,N,VIIRS,2,2012
1.51403,118.18181,2012-08-03,603,n,0,3.46,337.13,294.34,0.34,0.56,N,VIIRS,2,2012
1.51383,118.18082,2012-08-03,603,n,0,3.45,339.63,294.25,0.34,0.56,N,VIIRS,2,2012
1.54864,118.12822,2012-08-03,603,n,0,5.33,352.5,289.76,0.34,0.56,N,VIIRS,2,2012
1.62234,118.04604,2012-08-03,604,n,0,2.79,330.34,294.75,0.34,0.56,N,VIIRS,2,2012
1.95179,115.16767,2012-08-03,604,n,0,8.86,335.0,296.66,0.44,0.46,N,VIIRS,2,2012
1.95238,115.17165,2012-08-03,604,n,0,8.86,339.24,298.28,0.44,0.46,N,VIIRS,2,2012
1.90291,114.92449,2012-08-03,604,n,0,2.97,330.1,296.26,0.42,0.45,N,VIIRS,2,2012
1.90347,114.92831,2012-08-03,604,n,0,4.87,340.22,296.72,0.42,0.45,N,VIIRS,2,2012
2.2139,117.5302,2012-08-03,604,n,0,3.26,342.36,296.13,0.32,0.54,N,VIIRS,2,2012
2.21433,117.53307,2012-08-03,604,n,0,3.26,334.17,297.25,0.32,0.54,N,VIIRS,2,2012
2.21697,117.55089,2012-08-03,604,n,0,2.38,332.16,297.06,0.32,0.54,N,VIIRS,2,2012
1.80947,114.84575,2012-08-03,604,n,0,7.9,344.61,297.54,0.42,0.45,N,VIIRS,2,2012
2.20233,117.52163,2012-08-03,604,n,0,38.22,341.76,297.76,0.64,0.54,N,VIIRS,2,2012
1.80958,114.90369,2012-08-03,604,n,0,8.4,329.85,295.86,0.42,0.45,N,VIIRS,2,2012
1.80541,114.90436,2012-08-03,604,n,0,8.4,343.06,299.74,0.42,0.45,N,VIIRS,2,2012
2.13165,117.22408,2012-08-03,604,n,0,7.27,333.56,293.04,0.6,0.53,N,VIIRS,2,2012
2.242,117.97629,2012-08-03,604,n,0,6.25,355.65,295.25,0.34,0.56,N,VIIRS,2,2012
2.24247,117.97939,2012-08-03,604,n,0,6.25,350.25,295.33,0.34,0.56,N,VIIRS,2,2012
1.7655,114.90206,2012-08-03,604,n,0,4.42,331.1,299.2,0.42,0.45,N,VIIRS,2,2012
1.76897,114.92472,2012-08-03,604,n,0,38.44,348.97,300.79,0.42,0.45,N,VIIRS,2,2012
2.23821,117.98626,2012-08-03,604,n,0,12.01,349.71,294.55,0.34,0.56,N,VIIRS,2,2012
2.23868,117.98939,2012-08-03,604,h,0,15.16,367.0,296.76,0.34,0.56,N,VIIRS,2,2012
2.23301,117.98711,2012-08-03,604,n,0,2.84,338.06,294.51,0.34,0.56,N,VIIRS,2,2012
1.75375,114.88103,2012-08-03,604,n,0,2.49,327.41,298.87,0.42,0.45,N,VIIRS,2,2012
1.75822,114.91032,2012-08-03,604,n,0,26.63,351.81,303.5,0.42,0.45,N,VIIRS,2,2012
1.7588,114.91411,2012-08-03,604,n,0,26.63,339.63,296.7,0.42,0.45,N,VIIRS,2,2012
2.10265,117.16615,2012-08-03,604,n,0,16.62,341.55,297.63,0.6,0.53,N,VIIRS,2,2012
2.10519,117.18281,2012-08-03,604,n,0,9.03,340.63,293.14,0.6,0.53,N,VIIRS,2,2012
2.22923,117.99724,2012-08-03,604,n,0,5.02,340.96,295.09,0.34,0.56,N,VIIRS,2,2012
2.2302,118.00362,2012-08-03,604,n,0,5.94,342.02,295.42,0.34,0.56,N,VIIRS,2,2012
2.23069,118.00681,2012-08-03,604,n,0,5.94,354.79,296.04,0.34,0.56,N,VIIRS,2,2012
1.75158,114.92282,2012-08-03,604,n,0,3.65,337.66,296.95,0.42,0.45,N,VIIRS,2,2012
2.1534,117.60114,2012-08-03,604,h,0,8.44,367.0,295.79,0.32,0.55,N,VIIRS,2,2012
1.73582,114.87527,2012-08-03,604,n,0,10.0,352.89,300.96,0.42,0.45,N,VIIRS,2,2012
2.14834,117.60188,2012-08-03,604,h,0,8.44,367.0,297.79,0.32,0.55,N,VIIRS,2,2012
1.73164,114.87578,2012-08-03,604,n,0,2.42,328.8,293.56,0.42,0.45,N,VIIRS,2,2012
1.73508,114.89852,2012-08-03,604,n,0,4.09,329.97,298.22,0.42,0.45,N,VIIRS,2,2012
1.73092,114.89918,2012-08-03,604,n,0,4.09,327.65,297.11,0.42,0.45,N,VIIRS,2,2012
1.73146,114.90279,2012-08-03,604,n,0,4.09,341.82,300.14,0.42,0.45,N,VIIRS,2,2012
1.73202,114.90646,2012-08-03,604,n,0,16.29,355.29,301.54,0.42,0.45,N,VIIRS,2,2012
1.69878,114.97009,2012-08-03,604,n,0,4.48,332.21,293.5,0.42,0.45,N,VIIRS,2,2012
1.69339,115.02074,2012-08-03,604,n,0,10.84,340.85,297.8,0.42,0.46,N,VIIRS,2,2012
1.69394,115.02453,2012-08-03,604,n,0,10.84,329.31,296.29,0.43,0.46,N,VIIRS,2,2012
2.02611,117.29488,2012-08-03,604,n,0,12.67,349.19,295.57,0.61,0.53,N,VIIRS,2,2012
2.02694,117.30054,2012-08-03,604,n,0,17.03,340.3,295.2,0.61,0.53,N,VIIRS,2,2012
2.02035,117.28999,2012-08-03,604,n,0,12.67,345.32,296.46,0.61,0.53,N,VIIRS,2,2012
2.02116,117.29558,2012-08-03,604,n,0,12.67,343.47,295.97,0.61,0.53,N,VIIRS,2,2012
1.68492,115.0216,2012-08-03,604,n,0,22.15,331.22,295.65,0.42,0.46,N,VIIRS,2,2012
1.68546,115.02531,2012-08-03,604,n,0,22.15,341.08,299.51,0.43,0.46,N,VIIRS,2,2012
2.01542,117.29083,2012-08-03,604,n,0,15.07,340.77,295.8,0.61,0.53,N,VIIRS,2,2012
2.01623,117.29646,2012-08-03,604,h,0,15.07,367.0,295.62,0.61,0.53,N,VIIRS,2,2012
1.68129,115.02612,2012-08-03,604,n,0,22.15,333.0,294.59,0.43,0.46,N,VIIRS,2,2012
1.68919,115.02146,2012-08-03,604,n,0,31.62,341.8,296.06,0.42,0.46,N,VIIRS,2,2012
1.68555,115.02573,2012-08-03,604,n,0,31.62,340.03,296.11,0.42,0.46,N,VIIRS,2,2012
1.68081,115.02286,2012-08-03,604,n,0,4.8,335.54,294.64,0.42,0.46,N,VIIRS,2,2012
1.68138,115.02654,2012-08-03,604,n,0,4.8,333.57,293.72,0.42,0.46,N,VIIRS,2,2012
1.67665,115.02376,2012-08-03,604,n,0,4.8,345.05,294.86,0.42,0.46,N,VIIRS,2,2012
2.02586,117.29788,2012-08-03,604,n,0,23.01,357.29,296.4,0.61,0.53,N,VIIRS,2,2012
1.6725,115.0247,2012-08-03,604,n,0,2.86,327.5,295.15,0.42,0.46,N,VIIRS,2,2012
1.68243,115.08949,2012-08-03,604,n,0,4.5,331.7,295.8,0.43,0.46,N,VIIRS,2,2012
2.02006,117.29299,2012-08-03,604,n,0,21.78,354.21,296.66,0.61,0.53,N,VIIRS,2,2012
1.67761,115.08621,2012-08-03,604,n,0,4.5,340.38,296.26,0.43,0.46,N,VIIRS,2,2012
2.01513,117.29385,2012-08-03,604,n,0,21.78,346.75,295.28,0.61,0.53,N,VIIRS,2,2012
2.016,117.29955,2012-08-03,604,n,0,21.63,345.41,296.21,0.61,0.53,N,VIIRS,2,2012
2.0088,117.35219,2012-08-03,604,n,0,5.34,330.07,296.54,0.61,0.54,N,VIIRS,2,2012
1.97796,117.28203,2012-08-03,604,n,0,11.99,341.07,295.0,0.61,0.53,N,VIIRS,2,2012
2.24816,117.97645,2012-08-03,604,n,0,3.91,332.96,294.8,0.34,0.56,N,VIIRS,2,2012
2.24251,117.97417,2012-08-03,604,n,0,5.98,332.02,295.04,0.34,0.56,N,VIIRS,2,2012
2.24296,117.97727,2012-08-03,604,h,0,5.98,367.0,297.74,0.34,0.56,N,VIIRS,2,2012
2.2391,117.9873,2012-08-03,604,h,0,16.1,367.0,295.98,0.34,0.56,N,VIIRS,2,2012
2.23345,117.98505,2012-08-03,604,n,0,2.66,335.99,294.06,0.34,0.56,N,VIIRS,2,2012
2.2296,117.99518,2012-08-03,604,n,0,4.49,344.95,295.14,0.34,0.56,N,VIIRS,2,2012
2.23098,118.00474,2012-08-03,604,h,0,8.58,367.0,297.65,0.34,0.56,N,VIIRS,2,2012
1.77778,114.91979,2012-08-03,604,n,0,2.05,335.6,295.95,0.42,0.45,N,VIIRS,2,2012
2.10501,117.16875,2012-08-03,604,n,0,13.29,343.3,295.52,0.6,0.53,N,VIIRS,2,2012
2.10662,117.17992,2012-08-03,604,n,0,5.7,331.38,293.86,0.6,0.53,N,VIIRS,2,2012
2.1025,117.18616,2012-08-03,604,n,0,5.7,341.39,293.33,0.6,0.53,N,VIIRS,2,2012
1.78103,114.91968,2012-08-03,604,n,0,4.09,342.12,297.38,0.42,0.45,N,VIIRS,2,2012
1.42266,115.31269,2012-08-03,604,n,0,18.59,340.91,291.07,0.44,0.46,N,VIIRS,2,2012
1.41436,115.28611,2012-08-03,604,n,0,6.34,343.49,294.96,0.44,0.46,N,VIIRS,2,2012
1.41842,115.31354,2012-08-03,604,n,0,18.59,347.71,297.76,0.44,0.46,N,VIIRS,2,2012
1.41009,115.28667,2012-08-03,604,n,0,12.4,351.13,296.72,0.44,0.46,N,VIIRS,2,2012
1.46213,115.73132,2012-08-03,604,n,0,11.46,339.9,300.47,0.47,0.48,N,VIIRS,2,2012
1.41246,115.32294,2012-08-03,604,n,0,2.24,329.34,290.72,0.44,0.46,N,VIIRS,2,2012
1.46221,115.73064,2012-08-03,604,n,0,12.45,344.14,300.47,0.47,0.48,N,VIIRS,2,2012
1.65568,116.98516,2012-08-03,604,n,0,5.85,336.41,295.48,0.57,0.52,N,VIIRS,2,2012
1.39228,115.30535,2012-08-03,604,n,0,116.61,328.64,295.62,0.44,0.46,N,VIIRS,2,2012
1.39289,115.30937,2012-08-03,604,n,0,116.61,347.81,300.61,0.44,0.46,N,VIIRS,2,2012
1.38802,115.30604,2012-08-03,604,l,0,116.61,296.44,310.38,0.44,0.46,N,VIIRS,2,2012
1.38925,115.31409,2012-08-03,604,n,0,54.76,340.61,294.99,0.44,0.46,N,VIIRS,2,2012
1.38374,115.30663,2012-08-03,604,n,0,10.94,347.37,296.1,0.44,0.46,N,VIIRS,2,2012
1.37946,115.30717,2012-08-03,604,n,0,10.94,341.46,296.65,0.44,0.46,N,VIIRS,2,2012
1.44329,115.72456,2012-08-03,604,n,0,4.72,331.83,297.56,0.47,0.48,N,VIIRS,2,2012
1.44395,115.7289,2012-08-03,604,n,0,4.72,334.07,297.6,0.47,0.48,N,VIIRS,2,2012
1.43954,115.72945,2012-08-03,604,n,0,6.25,330.35,297.71,0.47,0.48,N,VIIRS,2,2012
1.61742,117.19044,2012-08-03,604,n,0,4.7,330.12,294.56,0.59,0.53,N,VIIRS,2,2012
1.39298,115.71862,2012-08-03,604,n,0,9.13,344.36,298.45,0.47,0.48,N,VIIRS,2,2012
1.72814,117.96896,2012-08-03,604,h,0,33.12,367.0,298.49,0.34,0.56,N,VIIRS,2,2012
1.38739,115.71119,2012-08-03,604,n,0,7.87,334.7,297.09,0.47,0.47,N,VIIRS,2,2012
1.38798,115.71513,2012-08-03,604,n,0,9.13,332.94,295.98,0.47,0.47,N,VIIRS,2,2012
1.72617,117.99123,2012-08-03,604,h,0,7.85,367.0,296.11,0.34,0.56,N,VIIRS,2,2012
1.38235,115.70749,2012-08-03,604,n,0,14.25,338.0,296.54,0.47,0.47,N,VIIRS,2,2012
1.37795,115.70802,2012-08-03,604,n,0,14.25,343.71,301.89,0.47,0.47,N,VIIRS,2,2012
1.37858,115.71228,2012-08-03,604,n,0,14.25,339.7,295.8,0.47,0.47,N,VIIRS,2,2012
1.63791,118.04392,2012-08-03,604,n,0,3.65,332.26,295.72,0.34,0.56,N,VIIRS,2,2012
1.63837,118.047,2012-08-03,604,n,0,11.74,337.18,295.56,0.34,0.56,N,VIIRS,2,2012
1.63883,118.05008,2012-08-03,604,h,0,11.74,367.0,297.7,0.34,0.56,N,VIIRS,2,2012
1.63928,118.05314,2012-08-03,604,h,0,16.57,367.0,296.29,0.34,0.56,N,VIIRS,2,2012
1.63043,118.02926,2012-08-03,604,n,0,6.33,355.21,296.21,0.34,0.56,N,VIIRS,2,2012
1.63089,118.03231,2012-08-03,604,h,0,6.33,367.0,297.01,0.34,0.56,N,VIIRS,2,2012
1.63455,118.05695,2012-08-03,604,h,0,7.21,367.0,295.34,0.34,0.56,N,VIIRS,2,2012
0.10804,117.47051,2012-08-03,1703,n,2,2.62,306.95,291.08,0.57,0.52,N,VIIRS,2,2012
2.10692,117.16151,2012-08-03,1703,n,0,1.77,303.58,278.24,0.32,0.55,N,VIIRS,2,2012
1.37908,117.99625,2012-08-03,1703,n,0,2.1,306.48,278.89,0.55,0.51,N,VIIRS,2,2012
0.70646,117.26662,2012-08-03,1703,n,0,0.87,302.17,289.73,0.6,0.53,N,VIIRS,2,2012
1.24288,118.01664,2012-08-03,1703,n,0,0.49,303.66,286.5,0.54,0.51,N,VIIRS,2,2012
0.18352,117.48481,2012-08-03,1703,n,2,1.47,299.34,285.07,0.57,0.52,N,VIIRS,2,2012
-0.61841,117.36871,2012-08-03,1704,n,0,0.74,307.44,292.05,0.56,0.52,N,VIIRS,2,2012
-1.5968,113.59621,2012-08-03,1704,n,0,2.75,321.74,288.64,0.49,0.65,N,VIIRS,2,2012
-0.3407,116.77885,2012-08-03,1704,n,0,2.08,307.15,291.58,0.62,0.54,N,VIIRS,2,2012
-0.58192,117.38692,2012-08-03,1704,n,2,1.38,308.38,291.79,0.56,0.52,N,VIIRS,2,2012
-0.58195,117.38494,2012-08-03,1704,n,2,1.67,310.3,291.71,0.56,0.52,N,VIIRS,2,2012
-0.80557,117.10105,2012-08-03,1704,n,0,1.5,308.81,290.63,0.58,0.52,N,VIIRS,2,2012
-0.67458,115.49492,2012-08-03,1704,n,0,0.44,297.67,279.47,0.38,0.58,N,VIIRS,2,2012
-0.70919,115.50351,2012-08-03,1704,n,0,2.87,320.85,288.25,0.38,0.58,N,VIIRS,2,2012
-0.96481,117.14959,2012-08-03,1704,n,2,1.51,302.0,285.55,0.57,0.52,N,VIIRS,2,2012
-0.96374,117.14814,2012-08-03,1704,n,2,2.53,311.98,286.11,0.57,0.52,N,VIIRS,2,2012
-0.71108,115.50336,2012-08-03,1704,n,0,2.75,322.2,287.8,0.37,0.58,N,VIIRS,2,2012
-0.71164,115.50679,2012-08-03,1704,n,0,1.98,309.27,287.86,0.37,0.58,N,VIIRS,2,2012
-1.2597,113.99163,2012-08-03,1704,n,0,2.07,315.47,288.83,0.47,0.64,N,VIIRS,2,2012
0.67533,116.51094,2012-08-04,544,n,0,5.08,343.47,293.97,0.42,0.38,N,VIIRS,2,2012
0.68282,116.51367,2012-08-04,544,n,0,5.96,331.22,293.35,0.42,0.38,N,VIIRS,2,2012
0.68455,116.50187,2012-08-04,544,n,0,4.83,335.99,295.05,0.42,0.38,N,VIIRS,2,2012
0.50481,115.25444,2012-08-04,544,n,0,12.66,337.16,286.78,0.39,0.36,N,VIIRS,2,2012
-1.42443,116.21027,2012-08-04,544,n,0,2.63,332.14,291.46,0.4,0.37,N,VIIRS,2,2012
-1.73144,113.72263,2012-08-04,544,n,0,1.71,329.79,288.78,0.4,0.37,N,VIIRS,2,2012
-2.17309,115.96053,2012-08-04,544,n,0,4.93,337.88,300.9,0.39,0.36,N,VIIRS,2,2012
-2.17256,115.96404,2012-08-04,544,n,0,4.2,337.32,302.53,0.39,0.36,N,VIIRS,2,2012
-2.41145,114.7878,2012-08-04,544,n,0,3.85,332.69,297.2,0.38,0.36,N,VIIRS,2,2012
-2.41425,114.79176,2012-08-04,544,n,0,2.3,333.64,298.43,0.38,0.36,N,VIIRS,2,2012
-2.28587,115.63866,2012-08-04,544,n,0,8.12,344.66,299.39,0.39,0.36,N,VIIRS,2,2012
-2.41758,114.79226,2012-08-04,544,n,0,2.3,335.14,297.97,0.38,0.36,N,VIIRS,2,2012
-2.27987,115.72305,2012-08-04,544,n,0,3.78,331.71,297.0,0.39,0.36,N,VIIRS,2,2012
-2.43108,114.81551,2012-08-04,544,n,0,2.51,336.05,296.68,0.38,0.36,N,VIIRS,2,2012
-2.4344,114.816,2012-08-04,544,n,0,2.51,330.28,298.79,0.38,0.36,N,VIIRS,2,2012
-2.38656,115.35632,2012-08-04,544,n,0,5.18,345.43,296.44,0.38,0.36,N,VIIRS,2,2012
-2.4782,114.88,2012-08-04,544,n,0,2.69,337.59,295.24,0.38,0.36,N,VIIRS,2,2012
-2.43317,115.49149,2012-08-04,544,n,0,3.49,334.67,298.21,0.39,0.36,N,VIIRS,2,2012
-2.42512,115.58942,2012-08-04,544,n,0,3.28,333.09,299.13,0.39,0.36,N,VIIRS,2,2012
0.31706,116.8558,2012-08-04,544,n,0,8.97,350.36,294.56,0.43,0.38,N,VIIRS,2,2012
0.26243,116.61523,2012-08-04,544,n,0,3.91,328.99,292.23,0.42,0.38,N,VIIRS,2,2012
0.05994,115.46589,2012-08-04,544,n,0,5.31,336.03,282.86,0.39,0.36,N,VIIRS,2,2012
-1.54079,115.76153,2012-08-04,544,n,0,10.92,337.99,295.9,0.39,0.36,N,VIIRS,2,2012
-1.4321,116.91357,2012-08-04,544,n,3,2.16,331.53,294.42,0.42,0.37,N,VIIRS,2,2012
-1.62761,115.76806,2012-08-04,544,n,0,2.11,331.46,295.52,0.39,0.36,N,VIIRS,2,2012
-2.28861,113.98653,2012-08-04,544,n,0,2.59,328.51,298.23,0.39,0.36,N,VIIRS,2,2012
0.07892,116.75912,2012-08-04,544,n,0,3.48,330.39,292.35,0.42,0.38,N,VIIRS,2,2012
-0.93712,114.77391,2012-08-04,544,n,0,7.15,339.66,278.1,0.38,0.36,N,VIIRS,2,2012
-0.68726,116.92773,2012-08-04,544,n,0,7.25,332.45,295.81,0.42,0.38,N,VIIRS,2,2012
-0.68668,116.93156,2012-08-04,544,n,0,7.41,332.31,294.12,0.42,0.38,N,VIIRS,2,2012
-1.32553,113.54753,2012-08-04,544,n,0,4.44,326.35,293.96,0.4,0.37,N,VIIRS,2,2012
-1.12628,115.30563,2012-08-04,544,n,0,6.45,346.42,296.48,0.39,0.36,N,VIIRS,2,2012
-0.88162,117.09386,2012-08-04,544,n,0,15.31,333.75,286.31,0.43,0.38,N,VIIRS,2,2012
-0.88104,117.0977,2012-08-04,544,n,0,15.31,348.78,287.33,0.43,0.38,N,VIIRS,2,2012
-0.88512,117.09435,2012-08-04,544,n,0,15.31,337.53,289.54,0.43,0.38,N,VIIRS,2,2012
-0.88453,117.0982,2012-08-04,544,n,0,15.31,343.17,295.81,0.43,0.38,N,VIIRS,2,2012
-0.88803,117.09869,2012-08-04,544,n,0,5.17,333.65,288.09,0.43,0.38,N,VIIRS,2,2012
-0.0947,116.1011,2012-08-04,544,n,0,1.38,328.82,290.87,0.4,0.37,N,VIIRS,2,2012
-0.03637,116.73408,2012-08-04,544,n,0,4.57,331.85,293.58,0.42,0.38,N,VIIRS,2,2012
0.03364,117.40445,2012-08-04,544,n,0,27.25,353.74,296.92,0.45,0.39,N,VIIRS,2,2012
-0.09791,116.60883,2012-08-04,544,n,0,3.25,343.75,295.99,0.42,0.37,N,VIIRS,2,2012
-0.10136,116.60934,2012-08-04,544,n,0,3.25,335.29,294.95,0.42,0.37,N,VIIRS,2,2012
-0.11403,116.61887,2012-08-04,544,n,0,2.73,332.97,295.5,0.42,0.37,N,VIIRS,2,2012
-0.11346,116.62261,2012-08-04,544,n,0,7.53,344.68,296.6,0.42,0.37,N,VIIRS,2,2012
-0.14466,116.71112,2012-08-04,544,n,0,3.93,331.52,293.7,0.42,0.38,N,VIIRS,2,2012
-0.14409,116.71487,2012-08-04,544,n,0,3.93,335.42,295.46,0.42,0.38,N,VIIRS,2,2012
-0.14813,116.71164,2012-08-04,544,n,0,9.4,343.5,294.86,0.42,0.38,N,VIIRS,2,2012
-0.31836,115.937,2012-08-04,544,n,0,5.24,337.24,297.04,0.4,0.37,N,VIIRS,2,2012
-0.34002,115.81657,2012-08-04,544,n,0,119.65,341.68,296.88,0.39,0.37,N,VIIRS,2,2012
-0.10038,117.40279,2012-08-04,544,n,0,36.73,335.9,295.68,0.45,0.39,N,VIIRS,2,2012
-0.34339,115.81706,2012-08-04,544,l,0,119.65,289.26,320.36,0.39,0.37,N,VIIRS,2,2012
-0.34392,115.81352,2012-08-04,544,n,0,8.42,342.18,297.97,0.39,0.37,N,VIIRS,2,2012
-0.34285,115.82059,2012-08-04,544,n,0,119.65,351.73,306.19,0.39,0.37,N,VIIRS,2,2012
-0.34836,115.80695,2012-08-04,544,n,0,1.54,327.95,294.39,0.39,0.37,N,VIIRS,2,2012
-0.34782,115.81049,2012-08-04,544,n,0,17.61,335.55,296.86,0.39,0.37,N,VIIRS,2,2012
-0.34729,115.81403,2012-08-04,544,n,0,17.61,340.58,308.59,0.39,0.37,N,VIIRS,2,2012
-0.34622,115.82111,2012-08-04,544,n,0,90.86,344.28,293.93,0.39,0.37,N,VIIRS,2,2012
-0.35119,115.811,2012-08-04,544,n,0,17.61,340.47,295.34,0.39,0.37,N,VIIRS,2,2012
-0.35065,115.81454,2012-08-04,544,n,0,17.61,334.75,295.78,0.39,0.37,N,VIIRS,2,2012
-0.35012,115.81808,2012-08-04,544,n,0,90.86,334.45,296.37,0.39,0.37,N,VIIRS,2,2012
-0.28208,116.49569,2012-08-04,544,n,0,4.27,344.21,285.15,0.41,0.37,N,VIIRS,2,2012
-0.28551,116.49619,2012-08-04,544,n,0,4.27,333.96,285.14,0.41,0.37,N,VIIRS,2,2012
-2.13866,115.31818,2012-08-04,544,n,0,3.72,332.8,297.64,0.38,0.36,N,VIIRS,2,2012
-2.02715,116.05297,2012-08-04,544,n,0,1.5,329.76,296.25,0.39,0.36,N,VIIRS,2,2012
-2.02179,116.08831,2012-08-04,544,n,0,1.1,331.32,297.23,0.39,0.36,N,VIIRS,2,2012
-2.39928,114.24151,2012-08-04,544,n,0,12.31,348.08,300.06,0.39,0.36,N,VIIRS,2,2012
-2.39875,114.24502,2012-08-04,544,l,0,5.8,329.97,303.16,0.39,0.36,N,VIIRS,2,2012
-2.40157,114.24902,2012-08-04,544,l,0,7.39,332.05,305.24,0.39,0.36,N,VIIRS,2,2012
-2.17133,115.94951,2012-08-04,544,n,0,3.93,332.65,300.36,0.39,0.36,N,VIIRS,2,2012
-2.05484,116.09682,2012-08-04,544,n,0,3.69,337.63,301.73,0.39,0.36,N,VIIRS,2,2012
-2.1708,115.953,2012-08-04,544,n,0,3.93,335.44,300.59,0.39,0.36,N,VIIRS,2,2012
-2.23091,115.28701,2012-08-04,544,n,0,1.94,334.1,295.83,0.38,0.36,N,VIIRS,2,2012
-1.28836,115.2881,2012-08-04,544,n,0,18.66,346.16,301.28,0.39,0.36,N,VIIRS,2,2012
-1.12846,116.5942,2012-08-04,544,n,0,2.64,331.52,294.62,0.41,0.37,N,VIIRS,2,2012
-1.35338,115.23443,2012-08-04,544,n,0,3.0,332.84,295.72,0.38,0.36,N,VIIRS,2,2012
-1.6538,113.63409,2012-08-04,544,n,0,4.45,343.2,282.86,0.4,0.37,N,VIIRS,2,2012
-0.33754,116.33878,2012-08-04,544,n,0,2.07,330.02,293.66,0.41,0.37,N,VIIRS,2,2012
-0.34095,116.33928,2012-08-04,544,n,0,16.86,345.19,296.62,0.41,0.37,N,VIIRS,2,2012
-0.30851,116.55259,2012-08-04,544,n,0,1.74,329.11,291.14,0.41,0.37,N,VIIRS,2,2012
-0.40583,116.25594,2012-08-04,544,n,0,3.08,332.72,295.11,0.4,0.37,N,VIIRS,2,2012
-0.40923,116.25645,2012-08-04,544,n,0,2.14,332.67,295.03,0.4,0.37,N,VIIRS,2,2012
-0.40687,116.29734,2012-08-04,544,n,0,4.55,329.68,295.79,0.4,0.37,N,VIIRS,2,2012
-0.5232,115.58233,2012-08-04,544,n,0,0.98,329.93,293.08,0.39,0.36,N,VIIRS,2,2012
-0.46054,116.24225,2012-08-04,544,n,0,5.65,343.52,294.52,0.4,0.37,N,VIIRS,2,2012
-0.32125,117.15635,2012-08-04,544,n,0,3.78,339.07,292.83,0.43,0.38,N,VIIRS,2,2012
-0.46394,116.24276,2012-08-04,544,n,0,5.94,336.08,296.48,0.4,0.37,N,VIIRS,2,2012
-0.46339,116.24638,2012-08-04,544,n,0,5.92,331.59,296.29,0.4,0.37,N,VIIRS,2,2012
-0.46082,116.30912,2012-08-04,544,n,0,10.92,334.86,296.92,0.4,0.37,N,VIIRS,2,2012
-0.46027,116.31275,2012-08-04,544,n,0,10.75,333.51,297.2,0.4,0.37,N,VIIRS,2,2012
-0.46367,116.31327,2012-08-04,544,n,0,10.75,337.35,299.51,0.4,0.37,N,VIIRS,2,2012
-0.47104,116.31065,2012-08-04,544,n,0,5.36,342.48,296.96,0.4,0.37,N,VIIRS,2,2012
-0.48016,116.31946,2012-08-04,544,n,0,2.78,336.25,295.02,0.4,0.37,N,VIIRS,2,2012
-0.47685,116.3413,2012-08-04,544,n,0,8.41,338.16,296.66,0.41,0.37,N,VIIRS,2,2012
-0.4763,116.34495,2012-08-04,544,n,0,5.37,342.17,293.33,0.41,0.37,N,VIIRS,2,2012
-0.54634,116.15971,2012-08-04,544,n,0,1.89,330.89,295.74,0.4,0.37,N,VIIRS,2,2012
-0.71143,115.50402,2012-08-04,544,n,0,3.79,340.24,300.63,0.39,0.36,N,VIIRS,2,2012
-0.68792,115.70465,2012-08-04,544,n,0,1.88,327.59,292.14,0.39,0.36,N,VIIRS,2,2012
-0.53252,116.8507,2012-08-04,544,n,0,7.28,334.1,297.31,0.42,0.38,N,VIIRS,2,2012
-0.70805,115.76586,2012-08-04,544,n,0,32.24,348.68,299.12,0.39,0.36,N,VIIRS,2,2012
-0.57884,116.90806,2012-08-04,544,n,0,7.69,337.66,297.04,0.42,0.38,N,VIIRS,2,2012
-0.58231,116.90859,2012-08-04,544,n,0,7.69,338.71,299.3,0.42,0.38,N,VIIRS,2,2012
-1.88369,115.03808,2012-08-04,544,n,0,4.51,338.52,292.53,0.38,0.36,N,VIIRS,2,2012
-1.90307,115.976,2012-08-04,544,n,0,1.28,332.78,298.25,0.39,0.36,N,VIIRS,2,2012
0.32055,116.85529,2012-08-04,544,n,0,8.97,348.41,293.88,0.43,0.38,N,VIIRS,2,2012
0.39852,116.04433,2012-08-04,544,n,0,3.92,332.39,283.34,0.4,0.37,N,VIIRS,2,2012
0.65432,117.24801,2012-08-04,544,n,0,3.0,332.0,285.12,0.45,0.39,N,VIIRS,2,2012
1.68733,117.93539,2012-08-04,545,n,0,29.74,333.56,296.29,0.5,0.41,N,VIIRS,2,2012
1.35125,115.72358,2012-08-04,545,n,0,5.51,333.73,271.35,0.4,0.37,N,VIIRS,2,2012
1.63613,118.05679,2012-08-04,545,n,0,9.76,338.64,294.25,0.5,0.41,N,VIIRS,2,2012
1.63236,118.05733,2012-08-04,545,n,0,18.24,340.55,297.49,0.5,0.41,N,VIIRS,2,2012
1.62347,118.0494,2012-08-04,545,n,0,5.02,331.36,294.93,0.5,0.41,N,VIIRS,2,2012
1.4756,117.23337,2012-08-04,545,n,0,2.91,326.36,296.22,0.45,0.39,N,VIIRS,2,2012
1.49381,117.87976,2012-08-04,545,n,0,3.41,331.43,289.12,0.49,0.4,N,VIIRS,2,2012
1.33036,117.19112,2012-08-04,545,n,0,1.87,331.93,296.58,0.45,0.39,N,VIIRS,2,2012
0.91981,114.60421,2012-08-04,545,n,0,4.75,338.75,294.01,0.38,0.36,N,VIIRS,2,2012
1.40723,117.99489,2012-08-04,545,n,0,3.9,330.38,286.89,0.49,0.41,N,VIIRS,2,2012
0.81838,114.56022,2012-08-04,545,n,0,4.23,338.55,296.07,0.38,0.36,N,VIIRS,2,2012
0.81506,114.56072,2012-08-04,545,n,0,2.69,337.4,296.07,0.38,0.36,N,VIIRS,2,2012
1.17597,116.93616,2012-08-04,545,n,0,3.09,332.79,293.76,0.44,0.38,N,VIIRS,2,2012
1.17303,116.94063,2012-08-04,545,n,0,5.78,334.44,294.28,0.44,0.38,N,VIIRS,2,2012
1.24453,118.01728,2012-08-04,545,n,0,4.35,336.11,282.82,0.49,0.41,N,VIIRS,2,2012
1.24522,118.02172,2012-08-04,545,n,0,5.89,333.99,285.21,0.49,0.41,N,VIIRS,2,2012
1.91883,117.33598,2012-08-04,545,n,0,5.78,330.3,290.62,0.46,0.39,N,VIIRS,2,2012
1.65865,115.01814,2012-08-04,545,n,0,6.5,343.18,296.11,0.39,0.36,N,VIIRS,2,2012
1.67913,115.108,2012-08-04,545,n,0,13.58,336.4,301.79,0.39,0.36,N,VIIRS,2,2012
1.67218,115.02612,2012-08-04,545,n,0,28.64,333.76,295.44,0.39,0.36,N,VIIRS,2,2012
1.66765,114.97331,2012-08-04,545,n,0,5.94,329.44,293.74,0.39,0.36,N,VIIRS,2,2012
1.67151,114.97632,2012-08-04,545,h,0,111.35,367.0,338.58,0.39,0.36,N,VIIRS,2,2012
1.67099,114.97283,2012-08-04,545,l,0,111.35,367.0,333.63,0.39,0.36,N,VIIRS,2,2012
1.68323,115.03149,2012-08-04,545,n,0,2.82,332.79,294.36,0.39,0.36,N,VIIRS,2,2012
1.67433,114.97234,2012-08-04,545,n,0,111.35,344.01,297.6,0.39,0.36,N,VIIRS,2,2012
2.02605,117.30766,2012-08-04,545,n,0,4.95,332.33,289.43,0.46,0.39,N,VIIRS,2,2012
2.03341,117.33232,2012-08-04,545,n,0,11.37,345.46,290.96,0.47,0.39,N,VIIRS,2,2012
2.03705,117.33173,2012-08-04,545,n,0,5.64,325.93,290.32,0.47,0.39,N,VIIRS,2,2012
2.0413,117.33534,2012-08-04,545,n,0,5.64,344.79,287.95,0.47,0.39,N,VIIRS,2,2012
2.03882,117.31863,2012-08-04,545,n,0,2.76,333.71,288.63,0.46,0.39,N,VIIRS,2,2012
2.03996,117.30128,2012-08-04,545,n,0,11.01,343.18,285.57,0.46,0.39,N,VIIRS,2,2012
1.69488,114.97286,2012-08-04,545,n,0,1.62,331.3,296.83,0.39,0.36,N,VIIRS,2,2012
1.69839,114.9509,2012-08-04,545,n,0,2.08,331.57,297.37,0.39,0.36,N,VIIRS,2,2012
1.49357,115.37772,2012-08-04,545,n,0,9.58,346.17,288.81,0.39,0.36,N,VIIRS,2,2012
1.49021,115.37819,2012-08-04,545,n,0,9.58,340.59,289.32,0.39,0.36,N,VIIRS,2,2012
1.49075,115.38174,2012-08-04,545,n,0,29.93,348.7,293.44,0.39,0.36,N,VIIRS,2,2012
1.48067,115.38325,2012-08-04,545,n,0,10.75,347.8,292.29,0.39,0.36,N,VIIRS,2,2012
1.4315,115.37616,2012-08-04,545,n,0,4.55,336.99,289.45,0.39,0.36,N,VIIRS,2,2012
1.42867,115.38019,2012-08-04,545,n,0,4.55,337.63,292.75,0.39,0.36,N,VIIRS,2,2012
1.41506,115.4039,2012-08-04,545,n,0,4.11,326.57,283.72,0.39,0.36,N,VIIRS,2,2012
1.41117,115.40088,2012-08-04,545,n,0,4.11,334.81,288.24,0.39,0.36,N,VIIRS,2,2012
1.4117,115.4044,2012-08-04,545,n,0,4.11,353.15,286.27,0.39,0.36,N,VIIRS,2,2012
1.41223,115.40791,2012-08-04,545,n,0,5.42,333.39,284.85,0.39,0.36,N,VIIRS,2,2012
1.40834,115.4049,2012-08-04,545,l,0,114.62,291.78,316.05,0.39,0.36,N,VIIRS,2,2012
1.40781,115.40137,2012-08-04,545,n,0,114.62,340.72,296.24,0.39,0.36,N,VIIRS,2,2012
1.40886,115.40839,2012-08-04,545,n,0,37.11,348.91,291.21,0.39,0.36,N,VIIRS,2,2012
1.40445,115.40186,2012-08-04,545,n,0,114.62,347.58,291.24,0.39,0.36,N,VIIRS,2,2012
1.4055,115.4089,2012-08-04,545,n,0,37.11,353.08,286.68,0.39,0.36,N,VIIRS,2,2012
1.91945,117.34018,2012-08-04,545,n,0,7.13,331.78,291.1,0.46,0.39,N,VIIRS,2,2012
0.73936,116.66462,2012-08-04,545,n,0,4.75,333.87,291.36,0.42,0.38,N,VIIRS,2,2012
0.7388,116.66082,2012-08-04,545,n,0,2.83,329.13,291.57,0.42,0.38,N,VIIRS,2,2012
0.8061,116.56539,2012-08-04,545,n,0,8.32,335.6,285.65,0.42,0.38,N,VIIRS,2,2012
0.80552,116.56161,2012-08-04,545,n,0,8.32,333.98,284.89,0.42,0.38,N,VIIRS,2,2012
1.15301,117.78948,2012-08-04,545,n,0,6.76,337.36,291.07,0.48,0.4,N,VIIRS,2,2012
1.1567,117.78896,2012-08-04,545,n,0,8.49,338.91,291.01,0.48,0.4,N,VIIRS,2,2012
1.77085,114.93938,2012-08-04,545,n,0,4.17,334.62,296.62,0.39,0.36,N,VIIRS,2,2012
1.77138,114.94285,2012-08-04,545,n,0,9.54,346.5,300.94,0.39,0.36,N,VIIRS,2,2012
1.76751,114.93986,2012-08-04,545,n,0,4.17,340.71,301.3,0.39,0.36,N,VIIRS,2,2012
2.09781,117.16165,2012-08-04,545,n,0,11.69,345.18,284.54,0.46,0.39,N,VIIRS,2,2012
2.09842,117.1658,2012-08-04,545,n,0,11.69,334.66,284.94,0.46,0.39,N,VIIRS,2,2012
2.09903,117.16995,2012-08-04,545,n,0,84.79,341.89,299.24,0.46,0.39,N,VIIRS,2,2012
2.09964,117.17411,2012-08-04,545,n,0,84.79,343.4,283.38,0.46,0.39,N,VIIRS,2,2012
1.75648,114.90659,2012-08-04,545,n,0,4.68,332.99,299.85,0.39,0.36,N,VIIRS,2,2012
1.75701,114.91006,2012-08-04,545,l,0,5.2,330.43,302.24,0.39,0.36,N,VIIRS,2,2012
2.10022,117.16093,2012-08-04,545,n,0,4.3,327.91,281.37,0.46,0.39,N,VIIRS,2,2012
2.10085,117.16505,2012-08-04,545,n,0,4.3,326.2,283.79,0.46,0.39,N,VIIRS,2,2012
2.10148,117.1692,2012-08-04,545,n,0,13.79,343.84,285.69,0.46,0.39,N,VIIRS,2,2012
1.75367,114.91055,2012-08-04,545,n,0,6.33,331.94,299.42,0.39,0.36,N,VIIRS,2,2012
2.0966,117.16143,2012-08-04,545,n,0,7.99,332.76,283.49,0.46,0.39,N,VIIRS,2,2012
2.09723,117.16557,2012-08-04,545,n,0,7.99,336.91,284.83,0.46,0.39,N,VIIRS,2,2012
2.0985,117.17386,2012-08-04,545,n,0,82.22,347.77,286.24,0.46,0.39,N,VIIRS,2,2012
1.74508,114.87635,2012-08-04,545,n,0,6.03,336.93,299.25,0.39,0.36,N,VIIRS,2,2012
1.74561,114.87981,2012-08-04,545,n,0,6.03,337.32,300.4,0.39,0.36,N,VIIRS,2,2012
1.75193,114.9215,2012-08-04,545,l,0,2.32,327.19,300.23,0.39,0.36,N,VIIRS,2,2012
2.09489,117.17439,2012-08-04,545,n,0,82.22,325.78,282.74,0.46,0.39,N,VIIRS,2,2012
1.75549,114.96741,2012-08-04,545,n,0,8.1,346.16,298.4,0.39,0.36,N,VIIRS,2,2012
1.74174,114.87682,2012-08-04,545,h,0,88.92,367.0,335.31,0.39,0.36,N,VIIRS,2,2012
1.73893,114.88078,2012-08-04,545,n,0,88.92,336.41,299.06,0.39,0.36,N,VIIRS,2,2012
1.74209,114.90162,2012-08-04,545,n,0,3.8,338.44,290.13,0.39,0.36,N,VIIRS,2,2012
1.74262,114.90509,2012-08-04,545,n,0,4.62,336.35,286.29,0.39,0.36,N,VIIRS,2,2012
1.74314,114.90856,2012-08-04,545,n,0,4.62,340.75,293.97,0.39,0.36,N,VIIRS,2,2012
1.7532,114.97483,2012-08-04,545,n,0,4.08,333.66,295.95,0.39,0.36,N,VIIRS,2,2012
1.7384,114.8773,2012-08-04,545,h,0,88.92,367.0,332.75,0.39,0.36,N,VIIRS,2,2012
1.7356,114.88127,2012-08-04,545,n,0,71.93,328.59,295.09,0.39,0.36,N,VIIRS,2,2012
1.73876,114.90211,2012-08-04,545,n,0,3.15,331.85,290.88,0.39,0.36,N,VIIRS,2,2012
1.73928,114.90559,2012-08-04,545,n,0,31.21,343.58,310.71,0.39,0.36,N,VIIRS,2,2012
1.73981,114.90907,2012-08-04,545,n,0,31.21,349.21,295.86,0.39,0.36,N,VIIRS,2,2012
1.73507,114.87778,2012-08-04,545,h,0,71.93,367.0,335.79,0.39,0.36,N,VIIRS,2,2012
1.73595,114.90609,2012-08-04,545,n,0,31.21,343.53,298.59,0.39,0.36,N,VIIRS,2,2012
1.73367,114.91355,2012-08-04,545,n,0,7.18,341.33,288.5,0.39,0.36,N,VIIRS,2,2012
1.70172,114.95039,2012-08-04,545,n,0,9.9,350.91,303.73,0.39,0.36,N,VIIRS,2,2012
1.77419,114.93887,2012-08-04,545,n,0,43.33,344.84,305.37,0.39,0.36,N,VIIRS,2,2012
1.7749,114.92094,2012-08-04,545,n,0,22.6,337.09,299.61,0.39,0.36,N,VIIRS,2,2012
1.77929,114.92745,2012-08-04,545,n,0,29.84,338.16,300.01,0.39,0.36,N,VIIRS,2,2012
1.77772,114.91699,2012-08-04,545,n,0,11.1,339.8,301.22,0.39,0.36,N,VIIRS,2,2012
1.78158,114.91998,2012-08-04,545,n,0,3.54,332.89,301.19,0.39,0.36,N,VIIRS,2,2012
1.78282,114.90557,2012-08-04,545,n,0,7.52,346.18,299.8,0.39,0.36,N,VIIRS,2,2012
1.79211,114.92194,2012-08-04,545,n,0,111.58,343.25,307.08,0.39,0.36,N,VIIRS,2,2012
1.79106,114.91497,2012-08-04,545,n,0,9.03,346.36,301.61,0.39,0.36,N,VIIRS,2,2012
1.78844,114.89759,2012-08-04,545,n,0,28.49,344.51,306.77,0.39,0.36,N,VIIRS,2,2012
1.79177,114.8971,2012-08-04,545,n,0,28.49,346.35,300.32,0.39,0.36,N,VIIRS,2,2012
1.79844,114.8961,2012-08-04,545,n,0,27.18,333.56,297.76,0.39,0.36,N,VIIRS,2,2012
1.80177,114.8956,2012-08-04,545,n,0,28.74,333.61,298.72,0.39,0.36,N,VIIRS,2,2012
2.16322,117.10604,2012-08-04,545,n,0,5.08,332.16,284.36,0.46,0.39,N,VIIRS,2,2012
2.1626,117.10193,2012-08-04,545,n,0,5.08,332.19,283.89,0.46,0.39,N,VIIRS,2,2012
1.82477,114.86726,2012-08-04,545,n,0,104.42,338.17,304.41,0.39,0.36,N,VIIRS,2,2012
1.83144,114.86627,2012-08-04,545,n,0,11.65,346.76,298.18,0.39,0.36,N,VIIRS,2,2012
2.2918,117.68102,2012-08-04,545,n,0,5.69,342.38,293.74,0.49,0.4,N,VIIRS,2,2012
2.29196,117.69962,2012-08-04,545,n,0,3.55,332.28,292.33,0.49,0.4,N,VIIRS,2,2012
2.2931,117.68151,2012-08-04,545,n,0,4.92,333.43,294.47,0.49,0.4,N,VIIRS,2,2012
2.33508,117.50616,2012-08-04,545,n,0,3.21,332.95,290.51,0.48,0.4,N,VIIRS,2,2012
2.40504,117.94403,2012-08-04,545,n,0,5.02,336.15,290.73,0.51,0.41,N,VIIRS,2,2012
2.47308,117.85732,2012-08-04,545,n,0,9.91,333.53,295.31,0.5,0.41,N,VIIRS,2,2012
2.47752,117.86125,2012-08-04,545,n,0,5.38,333.91,292.18,0.5,0.41,N,VIIRS,2,2012
2.47685,117.85676,2012-08-04,545,n,0,5.38,336.92,297.09,0.5,0.41,N,VIIRS,2,2012
1.40498,115.40539,2012-08-04,545,h,0,114.62,367.0,339.07,0.39,0.36,N,VIIRS,2,2012
1.40277,115.40267,2012-08-04,545,n,0,60.93,343.42,289.75,0.39,0.36,N,VIIRS,2,2012
1.40383,115.40968,2012-08-04,545,n,0,8.16,339.83,286.67,0.39,0.36,N,VIIRS,2,2012
1.39993,115.40665,2012-08-04,545,n,0,60.93,328.77,288.64,0.39,0.36,N,VIIRS,2,2012
1.41614,115.71768,2012-08-04,545,n,0,3.65,327.98,269.98,0.4,0.37,N,VIIRS,2,2012
1.63662,118.05833,2012-08-04,1644,n,0,0.72,303.52,278.83,0.57,0.69,N,VIIRS,2,2012
1.61344,117.1892,2012-08-04,1644,n,0,2.17,306.78,282.51,0.66,0.73,N,VIIRS,2,2012
1.61826,117.1927,2012-08-04,1644,n,0,1.06,308.19,282.17,0.66,0.73,N,VIIRS,2,2012
1.61152,117.19132,2012-08-04,1644,n,0,1.06,297.93,282.46,0.66,0.73,N,VIIRS,2,2012
-0.96297,117.1484,2012-08-04,1645,n,2,1.43,303.82,289.22,0.6,0.71,N,VIIRS,2,2012
-0.71145,115.5019,2012-08-04,1645,n,0,5.04,312.14,281.5,0.78,0.78,N,VIIRS,2,2012
-0.70535,115.50511,2012-08-04,1645,n,0,3.09,304.15,281.58,0.78,0.78,N,VIIRS,2,2012
-0.71262,115.50404,2012-08-04,1645,n,0,3.09,309.23,281.65,0.78,0.78,N,VIIRS,2,2012
-1.97269,116.3691,2012-08-04,1645,n,0,1.46,306.49,287.26,0.65,0.73,N,VIIRS,2,2012
-0.46266,117.58393,2012-08-04,1645,n,0,0.96,304.46,289.01,0.57,0.69,N,VIIRS,2,2012
-0.46265,117.58337,2012-08-04,1645,n,0,0.77,305.01,288.88,0.57,0.69,N,VIIRS,2,2012
-0.58295,117.38065,2012-08-04,1645,n,2,0.72,304.08,289.25,0.59,0.7,N,VIIRS,2,2012
-0.58383,117.38612,2012-08-04,1645,n,2,0.72,303.14,289.36,0.59,0.7,N,VIIRS,2,2012
-0.80436,117.10142,2012-08-04,1645,n,0,1.16,304.46,288.82,0.61,0.71,N,VIIRS,2,2012
-0.80831,117.10072,2012-08-04,1645,n,2,1.24,302.23,288.64,0.61,0.71,N,VIIRS,2,2012
1.63166,118.05687,2012-08-04,1824,n,0,1.28,302.22,284.53,0.72,0.76,N,VIIRS,2,2012
1.63865,118.05808,2012-08-04,1824,n,0,1.52,300.61,284.37,0.72,0.76,N,VIIRS,2,2012
-1.09839,114.23083,2012-08-04,1825,n,0,1.73,306.46,285.85,0.44,0.62,N,VIIRS,2,2012
-0.70898,115.50658,2012-08-04,1825,n,0,1.89,307.02,284.04,0.53,0.67,N,VIIRS,2,2012
-0.70825,115.50179,2012-08-04,1825,n,0,1.89,314.34,284.94,0.53,0.67,N,VIIRS,2,2012
-0.71028,115.50533,2012-08-04,1825,n,0,1.91,315.65,284.37,0.53,0.67,N,VIIRS,2,2012
-0.70952,115.50057,2012-08-04,1825,n,0,1.91,312.12,284.89,0.53,0.67,N,VIIRS,2,2012
-0.96057,117.1494,2012-08-04,1825,n,2,1.38,301.65,288.25,0.69,0.74,N,VIIRS,2,2012
-0.09817,116.10831,2012-08-04,1825,n,0,1.31,305.11,284.61,0.57,0.69,N,VIIRS,2,2012
0.18326,117.48997,2012-08-04,1825,n,2,2.37,299.88,285.35,0.7,0.75,N,VIIRS,2,2012
0.18212,117.4892,2012-08-04,1825,n,2,2.94,299.59,285.82,0.7,0.75,N,VIIRS,2,2012
1.63364,118.05464,2012-08-04,1825,n,0,2.15,304.56,284.19,0.72,0.76,N,VIIRS,2,2012
-2.0758,114.24161,2012-08-04,1826,n,0,1.13,309.31,289.04,0.45,0.63,N,VIIRS,2,2012
-2.07775,114.24336,2012-08-04,1826,n,0,1.1,302.6,289.03,0.45,0.63,N,VIIRS,2,2012
-1.54435,113.51842,2012-08-04,1826,n,0,0.36,299.07,277.61,0.4,0.6,N,VIIRS,2,2012
-2.48104,116.52752,2012-08-05,525,n,0,2.97,331.53,294.68,0.47,0.4,N,VIIRS,2,2012
-2.49222,116.29897,2012-08-05,525,n,0,12.54,332.45,293.54,0.49,0.4,N,VIIRS,2,2012
-2.49287,116.29457,2012-08-05,525,n,0,12.54,344.01,297.21,0.49,0.4,N,VIIRS,2,2012
-2.38102,116.52673,2012-08-05,525,n,0,4.15,330.2,297.24,0.47,0.4,N,VIIRS,2,2012
-2.4798,114.88731,2012-08-05,525,n,0,2.09,328.43,296.96,0.39,0.44,N,VIIRS,2,2012
-2.3647,114.77215,2012-08-05,525,l,0,2.63,326.89,297.84,0.4,0.44,N,VIIRS,2,2012
-2.35792,114.78943,2012-08-05,525,h,0,13.02,367.0,299.25,0.4,0.44,N,VIIRS,2,2012
-2.34984,114.84269,2012-08-05,525,n,0,3.38,330.11,298.81,0.39,0.44,N,VIIRS,2,2012
-2.35247,114.77039,2012-08-05,525,n,0,4.36,330.04,297.81,0.4,0.44,N,VIIRS,2,2012
-2.33448,114.86211,2012-08-05,525,n,0,4.78,336.17,298.6,0.39,0.44,N,VIIRS,2,2012
-2.34324,114.77634,2012-08-05,525,n,0,3.33,336.65,297.52,0.4,0.44,N,VIIRS,2,2012
-2.32584,114.86446,2012-08-05,525,l,0,2.58,327.33,299.16,0.39,0.44,N,VIIRS,2,2012
-2.32956,114.83974,2012-08-05,525,n,0,2.81,334.54,297.81,0.39,0.44,N,VIIRS,2,2012
-2.31017,114.85857,2012-08-05,525,n,0,2.75,334.63,299.15,0.39,0.44,N,VIIRS,2,2012
-2.30559,114.86152,2012-08-05,525,n,0,2.75,330.02,298.1,0.39,0.44,N,VIIRS,2,2012
-2.39379,114.26798,2012-08-05,525,n,0,5.27,340.88,296.17,0.43,0.46,N,VIIRS,2,2012
-2.18834,115.32572,2012-08-05,525,n,0,3.61,328.08,296.82,0.55,0.43,N,VIIRS,2,2012
-2.18878,115.32787,2012-08-05,525,n,0,2.26,330.73,296.76,0.55,0.43,N,VIIRS,2,2012
-2.2168,114.76439,2012-08-05,525,n,0,3.09,333.51,298.3,0.4,0.44,N,VIIRS,2,2012
-2.167,114.90488,2012-08-05,525,l,0,2.07,326.46,296.71,0.39,0.44,N,VIIRS,2,2012
-2.24347,114.06638,2012-08-05,525,n,0,4.27,333.22,296.54,0.44,0.46,N,VIIRS,2,2012
-2.20757,113.83504,2012-08-05,525,n,0,4.09,333.73,294.75,0.45,0.47,N,VIIRS,2,2012
-2.20622,113.81393,2012-08-05,525,n,0,3.82,335.85,292.05,0.46,0.47,N,VIIRS,2,2012
-2.20681,113.80983,2012-08-05,525,n,0,3.82,334.61,289.46,0.46,0.47,N,VIIRS,2,2012
-2.20597,113.81005,2012-08-05,525,n,0,9.1,339.2,290.44,0.45,0.47,N,VIIRS,2,2012
-1.60194,113.59907,2012-08-05,525,n,0,2.3,326.3,294.46,0.46,0.47,N,VIIRS,2,2012
-1.59758,113.59843,2012-08-05,525,n,0,2.3,325.48,294.25,0.46,0.47,N,VIIRS,2,2012
-1.54236,113.51941,2012-08-05,525,n,0,2.85,325.42,293.95,0.47,0.47,N,VIIRS,2,2012
-1.45541,113.86549,2012-08-05,525,n,0,4.25,340.52,281.14,0.44,0.46,N,VIIRS,2,2012
-0.17502,115.63894,2012-08-05,525,n,0,2.46,326.28,295.56,0.5,0.41,N,VIIRS,2,2012
-0.14916,116.41344,2012-08-05,525,n,0,3.18,330.84,299.63,0.45,0.39,N,VIIRS,2,2012
-0.15275,116.41398,2012-08-05,525,n,0,2.16,334.47,298.32,0.45,0.39,N,VIIRS,2,2012
-0.11277,116.69968,2012-08-05,525,n,0,9.6,346.36,298.25,0.44,0.38,N,VIIRS,2,2012
-0.16541,116.40334,2012-08-05,525,n,0,7.66,346.67,298.69,0.45,0.39,N,VIIRS,2,2012
-0.13757,116.70337,2012-08-05,525,n,0,6.45,348.62,295.53,0.44,0.38,N,VIIRS,2,2012
-0.14112,116.70392,2012-08-05,525,n,0,6.45,337.16,294.79,0.44,0.38,N,VIIRS,2,2012
-0.30191,115.84831,2012-08-05,525,n,0,15.47,338.19,286.24,0.49,0.4,N,VIIRS,2,2012
-0.18875,116.67348,2012-08-05,525,n,0,1.97,328.3,294.84,0.44,0.39,N,VIIRS,2,2012
-0.14087,117.0143,2012-08-05,525,n,0,14.17,335.33,299.52,0.43,0.38,N,VIIRS,2,2012
-0.15019,117.02358,2012-08-05,525,n,0,7.45,335.64,298.84,0.43,0.38,N,VIIRS,2,2012
-0.21889,117.04568,2012-08-05,525,n,0,9.76,347.65,298.23,0.43,0.38,N,VIIRS,2,2012
-0.74834,114.36341,2012-08-05,525,n,0,10.46,338.05,280.08,0.4,0.44,N,VIIRS,2,2012
-0.7478,114.36698,2012-08-05,525,n,0,13.01,341.8,278.88,0.4,0.44,N,VIIRS,2,2012
-0.69001,115.49397,2012-08-05,525,n,0,8.76,334.61,273.29,0.51,0.41,N,VIIRS,2,2012
-1.12369,113.79014,2012-08-05,525,l,0,160.45,208.0,309.65,0.44,0.46,N,VIIRS,2,2012
-1.12431,113.78618,2012-08-05,525,n,0,14.55,338.38,286.29,0.44,0.46,N,VIIRS,2,2012
-1.12308,113.79408,2012-08-05,525,n,0,160.45,346.87,289.37,0.44,0.46,N,VIIRS,2,2012
-1.12859,113.78675,2012-08-05,525,n,0,11.87,331.03,288.61,0.44,0.46,N,VIIRS,2,2012
-1.12797,113.79071,2012-08-05,525,n,0,35.69,344.9,293.79,0.44,0.46,N,VIIRS,2,2012
-1.12736,113.79467,2012-08-05,525,n,0,35.69,328.07,288.46,0.44,0.46,N,VIIRS,2,2012
-1.12198,113.78889,2012-08-05,525,n,0,96.52,344.62,288.52,0.44,0.46,N,VIIRS,2,2012
-1.1214,113.79285,2012-08-05,525,n,0,96.52,349.27,288.16,0.44,0.46,N,VIIRS,2,2012
-1.12685,113.78551,2012-08-05,525,n,0,6.94,327.93,287.69,0.44,0.46,N,VIIRS,2,2012
-1.12626,113.78947,2012-08-05,525,n,0,96.52,333.86,300.39,0.44,0.46,N,VIIRS,2,2012
-1.12568,113.79344,2012-08-05,525,n,0,96.52,350.45,302.72,0.44,0.46,N,VIIRS,2,2012
0.02322,116.29665,2012-08-05,525,n,0,39.41,341.33,297.37,0.46,0.39,N,VIIRS,2,2012
-0.12297,115.52627,2012-08-05,525,n,0,5.04,328.03,290.61,0.5,0.41,N,VIIRS,2,2012
-0.16181,116.40282,2012-08-05,525,n,0,7.66,349.03,299.87,0.45,0.39,N,VIIRS,2,2012
1.28165,116.91914,2012-08-05,526,n,0,7.42,335.53,296.79,0.42,0.38,N,VIIRS,2,2012
1.27818,116.91964,2012-08-05,526,n,0,9.21,335.15,297.82,0.42,0.38,N,VIIRS,2,2012
1.4156,118.14632,2012-08-05,526,n,0,16.7,346.35,299.19,0.39,0.36,N,VIIRS,2,2012
1.41172,118.14331,2012-08-05,526,n,0,16.7,352.84,300.62,0.39,0.36,N,VIIRS,2,2012
1.37922,117.99731,2012-08-05,526,n,0,4.72,337.4,296.53,0.39,0.36,N,VIIRS,2,2012
0.78893,114.2755,2012-08-05,526,n,0,7.73,346.86,296.66,0.39,0.44,N,VIIRS,2,2012
0.78545,114.27948,2012-08-05,526,n,0,7.73,332.01,294.83,0.39,0.44,N,VIIRS,2,2012
0.78088,114.27662,2012-08-05,526,n,0,6.15,339.76,296.33,0.39,0.44,N,VIIRS,2,2012
0.82967,114.68949,2012-08-05,526,n,0,2.29,327.84,295.33,0.55,0.42,N,VIIRS,2,2012
1.24057,118.03388,2012-08-05,526,n,0,3.54,339.58,299.31,0.39,0.36,N,VIIRS,2,2012
1.28336,118.65481,2012-08-05,526,n,3,4.27,331.95,296.12,0.39,0.36,N,VIIRS,2,2012
0.74244,116.66224,2012-08-05,526,n,0,5.02,340.72,297.61,0.43,0.38,N,VIIRS,2,2012
2.33578,117.50436,2012-08-05,526,n,0,3.67,334.73,297.24,0.4,0.37,N,VIIRS,2,2012
2.33241,117.50487,2012-08-05,526,n,0,6.65,340.87,299.15,0.4,0.37,N,VIIRS,2,2012
2.29388,117.68166,2012-08-05,526,n,0,2.7,333.99,297.96,0.39,0.37,N,VIIRS,2,2012
2.1592,117.14333,2012-08-05,526,n,0,13.05,343.99,297.49,0.41,0.37,N,VIIRS,2,2012
2.25538,117.91182,2012-08-05,526,n,0,4.75,333.85,297.07,0.39,0.36,N,VIIRS,2,2012
2.13412,117.16207,2012-08-05,526,n,0,3.59,332.13,300.33,0.41,0.37,N,VIIRS,2,2012
2.02731,116.48843,2012-08-05,526,n,0,6.66,339.82,296.85,0.43,0.38,N,VIIRS,2,2012
2.12099,117.19022,2012-08-05,526,n,0,5.15,334.32,300.78,0.41,0.37,N,VIIRS,2,2012
2.23983,117.98944,2012-08-05,526,n,0,10.32,344.94,301.47,0.39,0.36,N,VIIRS,2,2012
2.10516,117.15531,2012-08-05,526,n,0,3.19,331.06,297.99,0.41,0.37,N,VIIRS,2,2012
2.10572,117.15899,2012-08-05,526,n,0,9.86,338.53,302.81,0.41,0.37,N,VIIRS,2,2012
2.10343,117.16682,2012-08-05,526,n,0,3.73,338.96,303.45,0.41,0.37,N,VIIRS,2,2012
2.10002,117.16734,2012-08-05,526,n,0,3.73,335.83,302.62,0.41,0.37,N,VIIRS,2,2012
2.10282,117.18552,2012-08-05,526,n,0,4.59,338.76,304.51,0.41,0.37,N,VIIRS,2,2012
2.23338,118.03687,2012-08-05,526,n,0,5.25,339.18,299.19,0.39,0.36,N,VIIRS,2,2012
2.22577,118.00941,2012-08-05,526,n,0,3.89,337.49,301.39,0.39,0.36,N,VIIRS,2,2012
2.23004,118.03735,2012-08-05,526,n,0,4.23,334.13,301.35,0.39,0.36,N,VIIRS,2,2012
2.12571,117.43076,2012-08-05,526,n,0,6.97,332.87,297.78,0.4,0.37,N,VIIRS,2,2012
2.12679,117.43797,2012-08-05,526,n,0,4.13,332.92,298.65,0.4,0.37,N,VIIRS,2,2012
2.12232,117.43127,2012-08-05,526,n,0,6.97,334.73,301.28,0.4,0.37,N,VIIRS,2,2012
2.07836,117.16347,2012-08-05,526,n,0,3.13,331.53,299.26,0.41,0.37,N,VIIRS,2,2012
2.07475,117.20878,2012-08-05,526,n,0,36.47,357.19,306.39,0.41,0.37,N,VIIRS,2,2012
2.07134,117.2093,2012-08-05,526,n,0,41.55,351.37,308.99,0.41,0.37,N,VIIRS,2,2012
1.72531,115.03319,2012-08-05,526,n,0,6.19,344.41,296.22,0.51,0.41,N,VIIRS,2,2012
2.07704,117.33849,2012-08-05,526,n,0,15.54,341.79,300.27,0.4,0.37,N,VIIRS,2,2012
2.09217,117.48357,2012-08-05,526,n,0,11.36,332.73,297.97,0.4,0.37,N,VIIRS,2,2012
2.05991,117.38553,2012-08-05,526,n,0,2.4,331.22,299.43,0.4,0.37,N,VIIRS,2,2012
2.04324,117.29917,2012-08-05,526,l,0,2.6,329.08,301.66,0.4,0.37,N,VIIRS,2,2012
2.03533,117.29295,2012-08-05,526,n,0,5.23,330.95,297.32,0.4,0.37,N,VIIRS,2,2012
2.04143,117.33279,2012-08-05,526,l,0,3.75,329.47,301.8,0.4,0.37,N,VIIRS,2,2012
2.03249,117.2971,2012-08-05,526,n,0,7.35,337.52,301.73,0.4,0.37,N,VIIRS,2,2012
2.03859,117.33691,2012-08-05,526,n,0,3.75,340.81,300.26,0.4,0.37,N,VIIRS,2,2012
2.03463,117.33379,2012-08-05,526,n,0,3.37,333.65,301.83,0.4,0.37,N,VIIRS,2,2012
2.03519,117.33742,2012-08-05,526,n,0,3.37,329.81,299.07,0.4,0.37,N,VIIRS,2,2012
2.02457,117.29088,2012-08-05,526,n,0,3.88,330.97,299.77,0.4,0.37,N,VIIRS,2,2012
2.01943,117.30272,2012-08-05,526,n,0,17.16,356.15,304.09,0.4,0.37,N,VIIRS,2,2012
2.01429,117.31455,2012-08-05,526,n,0,9.89,333.49,299.29,0.4,0.37,N,VIIRS,2,2012
1.98687,117.24878,2012-08-05,526,n,0,2.51,333.5,298.89,0.41,0.37,N,VIIRS,2,2012
1.98511,117.26022,2012-08-05,526,n,0,8.56,332.52,296.9,0.41,0.37,N,VIIRS,2,2012
1.98962,117.38187,2012-08-05,526,l,0,2.42,329.0,303.41,0.4,0.37,N,VIIRS,2,2012
2.00076,117.5238,2012-08-05,526,n,0,4.85,330.97,298.15,0.4,0.37,N,VIIRS,2,2012
1.93768,117.36008,2012-08-05,526,n,0,18.69,335.51,301.97,0.4,0.37,N,VIIRS,2,2012
1.93429,117.36064,2012-08-05,526,n,0,18.69,343.53,298.24,0.4,0.37,N,VIIRS,2,2012
1.92802,117.73577,2012-08-05,526,n,0,3.88,330.61,297.84,0.4,0.37,N,VIIRS,2,2012
1.93165,117.78233,2012-08-05,526,n,0,5.71,346.85,298.66,0.39,0.36,N,VIIRS,2,2012
1.924,117.75458,2012-08-05,526,n,0,13.39,346.46,301.85,0.39,0.37,N,VIIRS,2,2012
1.90892,117.74595,2012-08-05,526,n,0,5.72,338.09,300.83,0.39,0.37,N,VIIRS,2,2012
1.89764,117.7622,2012-08-05,526,n,0,2.94,331.03,297.29,0.39,0.37,N,VIIRS,2,2012
1.89818,117.76574,2012-08-05,526,n,0,4.58,332.63,296.36,0.39,0.37,N,VIIRS,2,2012
1.78021,117.06239,2012-08-05,526,n,0,3.18,329.38,298.07,0.41,0.37,N,VIIRS,2,2012
1.73138,117.91039,2012-08-05,526,n,0,2.62,330.53,296.15,0.39,0.36,N,VIIRS,2,2012
1.68711,118.02499,2012-08-05,526,n,0,6.16,346.66,298.04,0.39,0.36,N,VIIRS,2,2012
1.63903,118.05807,2012-08-05,526,n,0,2.74,330.79,296.85,0.39,0.36,N,VIIRS,2,2012
1.63568,118.05858,2012-08-05,526,n,0,2.74,342.38,299.76,0.39,0.36,N,VIIRS,2,2012
0.23425,116.44448,2012-08-05,526,n,0,2.39,328.72,298.28,0.45,0.39,N,VIIRS,2,2012
0.29506,116.58753,2012-08-05,526,n,0,8.78,331.02,291.04,0.44,0.38,N,VIIRS,2,2012
0.57922,116.70226,2012-08-05,526,n,0,4.16,329.08,294.91,0.43,0.38,N,VIIRS,2,2012
0.71153,117.00504,2012-08-05,526,n,0,23.59,336.29,294.93,0.42,0.38,N,VIIRS,2,2012
0.76857,117.26444,2012-08-05,526,n,0,13.8,344.27,295.78,0.41,0.37,N,VIIRS,2,2012
1.59309,118.09366,2012-08-05,526,n,0,7.22,333.99,296.48,0.39,0.36,N,VIIRS,2,2012
1.56048,118.07401,2012-08-05,526,n,0,6.92,340.46,298.59,0.39,0.36,N,VIIRS,2,2012
1.53355,118.09959,2012-08-05,526,n,0,1.53,332.11,296.49,0.39,0.36,N,VIIRS,2,2012
2.07686,117.06115,2012-08-05,1806,n,0,7.88,305.27,285.66,0.58,0.52,N,VIIRS,2,2012
2.07601,117.06645,2012-08-05,1806,n,0,15.19,339.68,289.84,0.58,0.52,N,VIIRS,2,2012
2.04412,117.2953,2012-08-05,1806,n,0,5.76,331.19,289.75,0.6,0.53,N,VIIRS,2,2012
2.04898,117.29625,2012-08-05,1806,n,0,1.89,308.29,289.49,0.6,0.53,N,VIIRS,2,2012
2.0704,117.57909,2012-08-05,1806,n,0,1.32,304.05,288.83,0.63,0.54,N,VIIRS,2,2012
2.10931,117.65521,2012-08-05,1806,n,0,1.53,303.76,289.8,0.63,0.54,N,VIIRS,2,2012
0.18462,117.48723,2012-08-05,1806,n,2,1.14,308.3,290.82,0.33,0.55,N,VIIRS,2,2012
0.18415,117.49023,2012-08-05,1806,n,0,1.07,304.1,291.52,0.33,0.55,N,VIIRS,2,2012
0.10573,117.47115,2012-08-05,1806,n,2,0.78,312.82,290.78,0.33,0.55,N,VIIRS,2,2012
0.10526,117.47418,2012-08-05,1806,n,2,0.78,306.23,290.42,0.33,0.55,N,VIIRS,2,2012
-0.10915,116.94656,2012-08-05,1806,n,0,0.93,303.11,291.11,0.61,0.54,N,VIIRS,2,2012
2.11431,117.65604,2012-08-05,1806,n,0,1.53,311.93,290.0,0.63,0.54,N,VIIRS,2,2012
2.11343,117.65663,2012-08-05,1806,n,0,2.2,313.63,289.86,0.63,0.54,N,VIIRS,2,2012
2.23381,117.98787,2012-08-05,1806,n,0,3.14,317.8,290.5,0.33,0.55,N,VIIRS,2,2012
2.2343,117.98489,2012-08-05,1806,n,0,5.02,340.93,291.14,0.33,0.55,N,VIIRS,2,2012
0.98262,117.76392,2012-08-05,1806,n,0,0.44,304.66,289.1,0.34,0.56,N,VIIRS,2,2012
1.15894,117.67683,2012-08-05,1806,n,2,0.56,302.84,288.93,0.33,0.55,N,VIIRS,2,2012
1.16402,117.67771,2012-08-05,1806,n,0,0.45,302.49,288.83,0.33,0.55,N,VIIRS,2,2012
1.37389,118.03062,2012-08-05,1806,n,0,1.93,304.97,289.11,0.34,0.56,N,VIIRS,2,2012
1.3744,118.02747,2012-08-05,1806,n,0,2.67,333.76,288.79,0.34,0.56,N,VIIRS,2,2012
1.3794,117.99638,2012-08-05,1806,n,0,1.42,321.47,289.5,0.34,0.56,N,VIIRS,2,2012
1.47339,117.88021,2012-08-05,1806,n,0,0.58,303.71,288.99,0.34,0.56,N,VIIRS,2,2012
1.47388,117.87722,2012-08-05,1806,n,0,0.58,314.44,289.21,0.34,0.56,N,VIIRS,2,2012
1.47904,117.87785,2012-08-05,1806,n,0,0.58,302.36,288.87,0.34,0.56,N,VIIRS,2,2012
1.48468,117.8756,2012-08-05,1806,n,0,0.64,310.89,289.18,0.34,0.56,N,VIIRS,2,2012
1.48517,117.87259,2012-08-05,1806,n,0,0.64,305.88,289.16,0.34,0.56,N,VIIRS,2,2012
1.49031,117.87334,2012-08-05,1806,n,0,0.64,304.02,288.83,0.34,0.56,N,VIIRS,2,2012
1.63739,118.05634,2012-08-05,1806,n,0,2.91,331.74,289.94,0.34,0.56,N,VIIRS,2,2012
1.63269,118.05557,2012-08-05,1806,n,0,1.18,309.66,289.7,0.34,0.56,N,VIIRS,2,2012
1.63787,118.05642,2012-08-05,1806,n,0,2.4,331.89,289.81,0.34,0.56,N,VIIRS,2,2012
1.92961,117.78043,2012-08-05,1806,n,0,0.43,304.13,290.09,0.32,0.55,N,VIIRS,2,2012
-0.52222,117.55669,2012-08-05,1806,n,0,1.83,304.6,274.19,0.34,0.56,N,VIIRS,2,2012
-0.5095,117.29256,2012-08-05,1806,n,0,0.45,302.72,285.91,0.33,0.55,N,VIIRS,2,2012
-0.46121,116.31182,2012-08-05,1806,n,0,1.23,300.84,281.42,0.56,0.52,N,VIIRS,2,2012
-0.46091,116.31035,2012-08-05,1806,n,0,1.09,305.66,282.28,0.56,0.52,N,VIIRS,2,2012
-0.80664,117.10278,2012-08-05,1806,n,2,0.74,303.96,291.65,0.32,0.55,N,VIIRS,2,2012
-0.68966,115.51493,2012-08-05,1806,n,0,0.94,305.19,288.58,0.5,0.49,N,VIIRS,2,2012
-0.69138,115.49623,2012-08-05,1806,n,0,2.19,319.92,289.04,0.5,0.49,N,VIIRS,2,2012
-0.69589,115.49554,2012-08-05,1806,n,0,2.19,307.0,288.69,0.5,0.49,N,VIIRS,2,2012
-0.70421,115.48968,2012-08-05,1806,n,0,1.42,302.02,287.4,0.5,0.49,N,VIIRS,2,2012
-0.96269,117.14852,2012-08-05,1806,n,2,0.47,306.86,282.49,0.33,0.55,N,VIIRS,2,2012
-0.96316,117.15154,2012-08-05,1806,n,2,0.47,300.21,280.76,0.33,0.55,N,VIIRS,2,2012
-0.71081,115.50235,2012-08-05,1806,n,0,1.5,309.54,288.46,0.5,0.49,N,VIIRS,2,2012
-0.82972,115.88142,2012-08-05,1806,n,0,1.38,302.02,287.79,0.53,0.5,N,VIIRS,2,2012
-2.21913,114.76563,2012-08-05,1807,n,0,1.12,301.69,289.75,0.47,0.48,N,VIIRS,2,2012
-2.40078,114.24143,2012-08-05,1807,n,0,0.93,302.1,290.58,0.44,0.46,N,VIIRS,2,2012
-2.39096,114.26299,2012-08-05,1807,n,0,4.11,315.3,291.11,0.44,0.46,N,VIIRS,2,2012
-2.39154,114.26692,2012-08-05,1807,n,0,4.11,338.79,294.7,0.44,0.46,N,VIIRS,2,2012
-2.38728,114.26756,2012-08-05,1807,n,0,4.11,318.97,292.6,0.44,0.46,N,VIIRS,2,2012
-2.39174,114.26263,2012-08-05,1807,n,0,4.46,310.31,291.18,0.44,0.46,N,VIIRS,2,2012
-2.39236,114.26655,2012-08-05,1807,n,0,4.46,338.98,294.09,0.44,0.46,N,VIIRS,2,2012
-2.3881,114.26718,2012-08-05,1807,n,0,3.91,328.11,292.93,0.44,0.46,N,VIIRS,2,2012
-2.29474,114.3707,2012-08-05,1807,n,0,0.6,302.63,290.33,0.44,0.46,N,VIIRS,2,2012
-2.29654,114.36884,2012-08-05,1807,n,0,0.65,302.09,290.09,0.44,0.46,N,VIIRS,2,2012
-2.21474,114.7663,2012-08-05,1807,n,0,0.9,301.87,290.21,0.47,0.48,N,VIIRS,2,2012
-1.34449,116.52169,2012-08-05,1807,n,0,0.88,302.03,290.61,0.6,0.53,N,VIIRS,2,2012
-1.34176,116.52522,2012-08-05,1807,n,0,0.53,302.07,290.42,0.6,0.53,N,VIIRS,2,2012
-1.57573,114.78115,2012-08-05,1807,n,0,0.7,303.31,290.43,0.46,0.47,N,VIIRS,2,2012
-0.58281,117.52567,2012-08-06,506,n,0,5.73,334.47,297.84,0.51,0.49,N,VIIRS,2,2012
-0.57496,117.51734,2012-08-06,506,n,0,5.24,330.89,294.81,0.51,0.49,N,VIIRS,2,2012
-0.57428,117.52191,2012-08-06,506,n,0,5.24,339.65,295.58,0.51,0.49,N,VIIRS,2,2012
-0.66076,116.96886,2012-08-06,506,n,0,7.32,339.82,295.05,0.55,0.51,N,VIIRS,2,2012
-0.57951,117.51802,2012-08-06,506,n,0,5.24,329.17,296.0,0.51,0.49,N,VIIRS,2,2012
-0.57883,117.52258,2012-08-06,506,n,0,5.24,346.99,297.03,0.51,0.49,N,VIIRS,2,2012
-0.70043,116.89791,2012-08-06,506,n,0,13.72,340.35,295.72,0.56,0.51,N,VIIRS,2,2012
-0.69966,116.90303,2012-08-06,506,n,0,13.72,340.14,295.21,0.56,0.51,N,VIIRS,2,2012
-0.89657,116.8931,2012-08-06,506,n,0,4.08,330.4,292.48,0.56,0.52,N,VIIRS,2,2012
-0.89647,116.89086,2012-08-06,506,n,0,5.81,328.53,291.5,0.56,0.52,N,VIIRS,2,2012
-0.90615,117.21218,2012-08-06,506,n,0,7.49,341.36,296.15,0.54,0.51,N,VIIRS,2,2012
-2.38883,114.26631,2012-08-06,506,n,0,6.21,339.73,276.18,0.45,0.63,N,VIIRS,2,2012
-2.39953,114.23402,2012-08-06,506,n,0,4.32,331.05,281.48,0.45,0.63,N,VIIRS,2,2012
-1.59933,113.59589,2012-08-06,506,n,0,4.53,326.62,286.61,0.49,0.65,N,VIIRS,2,2012
-1.59866,113.60025,2012-08-06,506,n,0,7.75,335.33,287.34,0.49,0.65,N,VIIRS,2,2012
-1.60019,113.59789,2012-08-06,506,n,0,9.95,346.85,288.6,0.49,0.65,N,VIIRS,2,2012
-1.96858,113.63838,2012-08-06,506,h,0,8.31,367.0,293.82,0.49,0.65,N,VIIRS,2,2012
-1.96254,113.63749,2012-08-06,506,n,0,8.31,325.48,291.63,0.49,0.65,N,VIIRS,2,2012
-1.92365,113.77583,2012-08-06,506,n,0,2.08,326.89,285.89,0.48,0.65,N,VIIRS,2,2012
-1.33135,116.43295,2012-08-06,506,n,0,4.92,328.96,281.05,0.62,0.54,N,VIIRS,2,2012
-2.41188,115.67551,2012-08-06,506,n,0,5.8,353.99,290.83,0.36,0.57,N,VIIRS,2,2012
-2.41237,115.67222,2012-08-06,506,n,0,5.8,326.7,290.59,0.36,0.57,N,VIIRS,2,2012
-2.39467,114.26714,2012-08-06,506,n,0,6.21,355.97,282.92,0.45,0.63,N,VIIRS,2,2012
-2.39528,114.26297,2012-08-06,506,n,0,6.21,331.98,275.76,0.45,0.63,N,VIIRS,2,2012
-2.12116,113.83599,2012-08-06,506,n,0,25.46,347.56,282.06,0.48,0.64,N,VIIRS,2,2012
-2.12181,113.8316,2012-08-06,506,n,0,10.35,327.19,282.46,0.48,0.64,N,VIIRS,2,2012
-0.67387,115.50503,2012-08-06,506,n,0,9.55,351.6,287.32,0.35,0.57,N,VIIRS,2,2012
-0.71191,115.57183,2012-08-06,506,n,0,2.51,325.39,291.78,0.35,0.56,N,VIIRS,2,2012
-0.66845,116.25849,2012-08-06,506,n,0,11.3,337.67,295.62,0.62,0.54,N,VIIRS,2,2012
-0.66884,116.26072,2012-08-06,506,n,0,7.87,341.02,295.5,0.62,0.54,N,VIIRS,2,2012
-0.58681,116.91016,2012-08-06,506,n,0,8.26,337.09,294.3,0.56,0.51,N,VIIRS,2,2012
-0.6597,116.97214,2012-08-06,506,n,0,12.17,339.93,295.67,0.55,0.51,N,VIIRS,2,2012
-0.57443,117.51977,2012-08-06,506,n,0,8.71,349.25,295.77,0.51,0.49,N,VIIRS,2,2012
-0.57898,117.52044,2012-08-06,506,n,0,5.73,350.34,297.01,0.51,0.49,N,VIIRS,2,2012
-0.57827,117.52498,2012-08-06,506,n,0,5.73,329.07,295.8,0.51,0.49,N,VIIRS,2,2012
0.02944,116.76107,2012-08-06,507,n,0,5.99,340.25,293.61,0.56,0.51,N,VIIRS,2,2012
0.0184,116.75241,2012-08-06,507,n,0,10.14,343.14,294.48,0.56,0.51,N,VIIRS,2,2012
-0.01166,116.74658,2012-08-06,507,n,0,5.83,333.68,293.16,0.56,0.51,N,VIIRS,2,2012
-0.01089,116.75163,2012-08-06,507,n,0,8.95,340.51,294.78,0.56,0.51,N,VIIRS,2,2012
-0.01486,116.75739,2012-08-06,507,n,0,6.26,339.25,293.81,0.56,0.51,N,VIIRS,2,2012
-0.01883,116.76314,2012-08-06,507,n,0,7.46,337.5,289.69,0.56,0.51,N,VIIRS,2,2012
-0.04176,116.67836,2012-08-06,507,n,0,11.57,338.95,293.43,0.57,0.52,N,VIIRS,2,2012
-0.03226,116.73931,2012-08-06,507,n,0,5.3,333.69,293.43,0.56,0.52,N,VIIRS,2,2012
-0.13704,116.40078,2012-08-06,507,n,0,6.24,327.8,294.0,0.59,0.53,N,VIIRS,2,2012
-0.17121,116.40589,2012-08-06,507,n,0,3.74,328.81,291.92,0.59,0.53,N,VIIRS,2,2012
-0.14815,117.00573,2012-08-06,507,n,0,14.0,349.6,296.7,0.54,0.51,N,VIIRS,2,2012
-0.08339,117.43407,2012-08-06,507,n,0,8.83,341.88,296.7,0.5,0.49,N,VIIRS,2,2012
-0.18981,116.76236,2012-08-06,507,n,0,18.48,340.84,292.94,0.56,0.52,N,VIIRS,2,2012
-0.08794,117.43469,2012-08-06,507,n,0,3.99,337.02,293.74,0.5,0.49,N,VIIRS,2,2012
-0.2988,116.65123,2012-08-06,507,n,0,8.58,334.85,293.02,0.57,0.52,N,VIIRS,2,2012
-0.39771,116.36053,2012-08-06,507,n,0,5.7,327.17,293.38,0.6,0.53,N,VIIRS,2,2012
-0.40403,116.41701,2012-08-06,507,n,0,20.16,342.17,294.62,0.6,0.53,N,VIIRS,2,2012
-0.40893,116.41773,2012-08-06,507,n,0,14.23,350.93,296.34,0.6,0.53,N,VIIRS,2,2012
-0.42484,116.34781,2012-08-06,507,n,0,6.28,335.18,295.36,0.6,0.53,N,VIIRS,2,2012
-0.4642,116.25788,2012-08-06,507,n,0,11.27,340.95,295.71,0.61,0.54,N,VIIRS,2,2012
-0.46086,116.2537,2012-08-06,507,n,0,11.27,330.02,295.69,0.61,0.54,N,VIIRS,2,2012
-0.46582,116.25445,2012-08-06,507,n,0,11.27,342.8,297.01,0.61,0.54,N,VIIRS,2,2012
-0.48715,116.31423,2012-08-06,507,n,0,11.84,343.96,295.32,0.61,0.53,N,VIIRS,2,2012
-0.4838,116.33624,2012-08-06,507,n,0,9.37,343.83,297.31,0.61,0.53,N,VIIRS,2,2012
-0.53104,116.12655,2012-08-06,507,n,0,6.62,335.78,294.46,0.63,0.54,N,VIIRS,2,2012
-0.53605,116.12727,2012-08-06,507,n,0,6.62,341.85,295.6,0.63,0.54,N,VIIRS,2,2012
-0.67785,115.51707,2012-08-06,507,l,0,12.21,356.0,288.61,0.35,0.57,N,VIIRS,2,2012
-0.67835,115.51388,2012-08-06,507,n,0,9.21,329.19,287.92,0.35,0.57,N,VIIRS,2,2012
1.18547,117.64669,2012-08-06,507,n,0,13.54,349.91,292.16,0.47,0.47,N,VIIRS,2,2012
1.59318,118.09871,2012-08-06,507,n,0,10.99,340.95,294.46,0.43,0.46,N,VIIRS,2,2012
1.59257,118.09482,2012-08-06,507,n,0,10.99,337.26,295.86,0.43,0.46,N,VIIRS,2,2012
0.93439,117.84895,2012-08-06,507,n,0,3.39,328.08,292.92,0.46,0.47,N,VIIRS,2,2012
0.96052,118.04731,2012-08-06,507,n,0,5.18,337.27,292.8,0.44,0.46,N,VIIRS,2,2012
0.73223,116.69358,2012-08-06,507,n,0,27.94,350.08,294.91,0.55,0.51,N,VIIRS,2,2012
0.8088,117.7923,2012-08-06,507,n,0,4.14,333.81,292.31,0.46,0.47,N,VIIRS,2,2012
0.66985,117.1948,2012-08-06,507,n,0,3.18,327.19,294.76,0.51,0.49,N,VIIRS,2,2012
0.49479,116.15223,2012-08-06,507,n,0,6.34,333.09,291.38,0.6,0.53,N,VIIRS,2,2012
0.49564,116.15762,2012-08-06,507,n,0,8.26,333.57,290.96,0.6,0.53,N,VIIRS,2,2012
0.49388,116.15479,2012-08-06,507,n,0,12.51,350.33,290.67,0.6,0.53,N,VIIRS,2,2012
0.65659,117.26038,2012-08-06,507,n,0,5.5,327.52,293.19,0.5,0.49,N,VIIRS,2,2012
0.60604,117.32361,2012-08-06,507,n,0,5.08,333.64,295.62,0.5,0.49,N,VIIRS,2,2012
0.59699,117.32494,2012-08-06,507,n,0,15.37,342.91,294.14,0.5,0.49,N,VIIRS,2,2012
0.09014,116.67684,2012-08-06,507,n,0,5.65,333.04,294.0,0.56,0.52,N,VIIRS,2,2012
0.09092,116.6819,2012-08-06,507,n,0,5.65,334.13,290.66,0.56,0.52,N,VIIRS,2,2012
0.08537,116.67757,2012-08-06,507,n,0,5.65,341.34,290.58,0.56,0.52,N,VIIRS,2,2012
0.02867,116.75603,2012-08-06,507,n,0,5.99,336.18,293.7,0.56,0.51,N,VIIRS,2,2012
0.02469,116.76178,2012-08-06,507,n,0,7.6,334.71,289.77,0.56,0.51,N,VIIRS,2,2012
1.94036,117.36507,2012-08-06,507,n,0,11.84,354.22,293.64,0.47,0.48,N,VIIRS,2,2012
1.9408,117.3388,2012-08-06,507,n,0,86.16,339.14,290.47,0.48,0.48,N,VIIRS,2,2012
1.94014,117.33456,2012-08-06,507,l,0,86.16,333.46,307.29,0.48,0.48,N,VIIRS,2,2012
1.93948,117.33028,2012-08-06,507,n,0,55.77,332.43,295.41,0.48,0.48,N,VIIRS,2,2012
1.94523,117.33813,2012-08-06,507,n,0,114.62,344.56,292.96,0.48,0.48,N,VIIRS,2,2012
1.9419,117.31666,2012-08-06,507,n,0,5.16,329.18,289.13,0.48,0.48,N,VIIRS,2,2012
1.94457,117.33389,2012-08-06,507,l,0,114.62,270.38,317.46,0.48,0.48,N,VIIRS,2,2012
1.94964,117.33738,2012-08-06,507,n,0,114.62,326.92,290.22,0.48,0.48,N,VIIRS,2,2012
1.94898,117.33313,2012-08-06,507,n,0,114.62,336.16,289.32,0.48,0.48,N,VIIRS,2,2012
1.94832,117.32888,2012-08-06,507,n,0,56.73,332.97,288.55,0.48,0.48,N,VIIRS,2,2012
1.94765,117.32455,2012-08-06,507,n,0,56.73,334.74,288.87,0.48,0.48,N,VIIRS,2,2012
1.51772,115.38266,2012-08-06,507,n,0,6.53,335.39,289.67,0.33,0.55,N,VIIRS,2,2012
1.51821,115.38576,2012-08-06,507,h,0,6.53,367.0,293.19,0.33,0.55,N,VIIRS,2,2012
1.85132,117.65781,2012-08-06,507,n,0,4.06,339.7,291.98,0.46,0.47,N,VIIRS,2,2012
1.48615,115.3811,2012-08-06,507,n,0,15.12,353.39,292.8,0.33,0.55,N,VIIRS,2,2012
1.48661,115.38404,2012-08-06,507,h,0,15.12,367.0,295.39,0.33,0.55,N,VIIRS,2,2012
1.47452,115.37375,2012-08-06,507,n,0,65.81,343.99,299.47,0.33,0.55,N,VIIRS,2,2012
1.47499,115.37669,2012-08-06,507,n,0,18.89,336.03,291.22,0.33,0.55,N,VIIRS,2,2012
1.4704,115.38065,2012-08-06,507,n,0,18.89,352.25,292.35,0.33,0.55,N,VIIRS,2,2012
1.45126,115.35923,2012-08-06,507,n,0,11.47,341.05,290.62,0.33,0.55,N,VIIRS,2,2012
1.45172,115.36211,2012-08-06,507,h,0,23.25,367.0,293.29,0.33,0.55,N,VIIRS,2,2012
1.44918,115.35983,2012-08-06,507,n,0,11.34,353.33,291.07,0.33,0.55,N,VIIRS,2,2012
1.44964,115.36279,2012-08-06,507,h,0,19.68,367.0,290.34,0.33,0.55,N,VIIRS,2,2012
1.43098,115.37741,2012-08-06,507,l,0,50.13,355.1,283.55,0.33,0.55,N,VIIRS,2,2012
1.43144,115.38039,2012-08-06,507,l,0,50.13,356.43,286.27,0.33,0.55,N,VIIRS,2,2012
1.4319,115.38335,2012-08-06,507,l,0,28.78,356.55,286.61,0.33,0.55,N,VIIRS,2,2012
1.41662,115.28497,2012-08-06,507,h,0,6.36,367.0,290.73,0.34,0.56,N,VIIRS,2,2012
1.43237,115.38634,2012-08-06,507,h,0,28.78,367.0,292.38,0.33,0.55,N,VIIRS,2,2012
1.41148,115.28573,2012-08-06,507,n,0,6.36,328.93,290.67,0.34,0.56,N,VIIRS,2,2012
1.42405,115.36647,2012-08-06,507,n,0,13.54,327.01,289.61,0.33,0.55,N,VIIRS,2,2012
1.42639,115.38148,2012-08-06,507,n,0,50.13,351.89,297.99,0.33,0.55,N,VIIRS,2,2012
1.43191,115.41695,2012-08-06,507,n,0,15.36,328.85,285.47,0.33,0.55,N,VIIRS,2,2012
1.43237,115.41991,2012-08-06,507,n,0,66.45,327.31,296.78,0.33,0.55,N,VIIRS,2,2012
1.4333,115.42595,2012-08-06,507,n,0,33.9,327.98,285.03,0.33,0.55,N,VIIRS,2,2012
1.42359,115.36349,2012-08-06,507,h,0,13.87,367.0,291.72,0.33,0.55,N,VIIRS,2,2012
1.42682,115.3843,2012-08-06,507,h,0,28.78,367.0,292.14,0.33,0.55,N,VIIRS,2,2012
1.42726,115.38712,2012-08-06,507,h,0,28.78,367.0,295.8,0.33,0.55,N,VIIRS,2,2012
1.43283,115.42291,2012-08-06,507,h,0,66.45,367.0,300.59,0.33,0.55,N,VIIRS,2,2012
1.41665,115.35261,2012-08-06,507,n,0,26.87,353.04,289.61,0.33,0.55,N,VIIRS,2,2012
1.42729,115.42081,2012-08-06,507,n,0,6.83,343.71,291.57,0.33,0.55,N,VIIRS,2,2012
1.41712,115.3556,2012-08-06,507,h,0,81.92,367.0,296.65,0.33,0.55,N,VIIRS,2,2012
1.42775,115.42374,2012-08-06,507,h,0,6.83,367.0,291.82,0.33,0.55,N,VIIRS,2,2012
1.39704,115.32783,2012-08-06,507,n,0,47.14,341.79,293.82,0.33,0.56,N,VIIRS,2,2012
1.39752,115.33089,2012-08-06,507,n,0,47.14,351.96,295.2,0.33,0.56,N,VIIRS,2,2012
1.65733,116.9889,2012-08-06,507,n,0,6.17,327.99,296.11,0.51,0.49,N,VIIRS,2,2012
1.39801,115.334,2012-08-06,507,h,0,78.7,367.0,293.82,0.33,0.55,N,VIIRS,2,2012
1.39338,115.33795,2012-08-06,507,l,0,162.06,357.68,286.62,0.33,0.55,N,VIIRS,2,2012
1.39193,115.32876,2012-08-06,507,n,0,42.97,334.96,291.71,0.33,0.56,N,VIIRS,2,2012
1.39241,115.33179,2012-08-06,507,n,0,42.97,344.55,301.53,0.33,0.56,N,VIIRS,2,2012
1.41205,115.71613,2012-08-06,507,n,0,3.0,326.57,286.38,0.63,0.54,N,VIIRS,2,2012
2.02198,117.28763,2012-08-06,507,n,0,7.74,337.78,296.76,0.48,0.48,N,VIIRS,2,2012
2.04218,117.35881,2012-08-06,507,n,0,16.76,341.42,296.24,0.47,0.48,N,VIIRS,2,2012
2.04151,117.35454,2012-08-06,507,n,0,16.76,336.64,296.63,0.47,0.48,N,VIIRS,2,2012
2.03887,117.33762,2012-08-06,507,n,0,5.91,340.36,292.94,0.48,0.48,N,VIIRS,2,2012
2.05167,117.36179,2012-08-06,507,n,0,4.94,336.1,295.43,0.47,0.48,N,VIIRS,2,2012
2.0417,117.29771,2012-08-06,507,n,0,3.21,330.02,296.13,0.48,0.48,N,VIIRS,2,2012
2.04612,117.297,2012-08-06,507,n,0,25.38,351.16,298.92,0.48,0.48,N,VIIRS,2,2012
2.04545,117.29268,2012-08-06,507,n,0,25.38,337.62,294.52,0.48,0.48,N,VIIRS,2,2012
2.05054,117.29619,2012-08-06,507,n,0,25.38,347.57,296.81,0.48,0.48,N,VIIRS,2,2012
2.07993,117.0865,2012-08-06,507,n,0,4.76,334.12,293.49,0.49,0.49,N,VIIRS,2,2012
2.2344,118.03631,2012-08-06,507,n,0,2.78,329.51,295.59,0.42,0.46,N,VIIRS,2,2012
2.20687,117.83371,2012-08-06,507,n,0,3.93,328.55,288.73,0.44,0.46,N,VIIRS,2,2012
2.10152,117.16499,2012-08-06,507,n,0,4.08,332.42,295.45,0.49,0.48,N,VIIRS,2,2012
2.23564,117.98935,2012-08-06,507,n,0,4.91,328.52,296.68,0.43,0.46,N,VIIRS,2,2012
2.10528,117.15987,2012-08-06,507,n,0,7.49,333.65,295.62,0.49,0.48,N,VIIRS,2,2012
2.24759,117.72984,2012-08-06,507,n,0,5.49,339.73,291.74,0.44,0.46,N,VIIRS,2,2012
2.22641,117.56279,2012-08-06,507,n,0,4.79,341.46,292.28,0.46,0.47,N,VIIRS,2,2012
2.22578,117.55865,2012-08-06,507,n,0,4.79,336.85,289.78,0.46,0.47,N,VIIRS,2,2012
2.2454,117.73029,2012-08-06,507,n,0,3.24,333.92,290.56,0.44,0.46,N,VIIRS,2,2012
2.22729,117.56299,2012-08-06,507,n,0,8.89,339.83,292.76,0.46,0.47,N,VIIRS,2,2012
2.22663,117.55888,2012-08-06,507,n,0,8.89,351.53,291.31,0.46,0.47,N,VIIRS,2,2012
2.22931,117.20811,2012-08-06,507,n,0,6.64,343.07,292.96,0.48,0.48,N,VIIRS,2,2012
2.41066,117.92364,2012-08-06,507,n,0,6.91,338.97,284.23,0.43,0.46,N,VIIRS,2,2012
2.41005,117.91978,2012-08-06,507,n,0,3.72,329.56,285.62,0.43,0.46,N,VIIRS,2,2012
1.9916,115.154,2012-08-06,507,n,0,7.69,353.7,290.83,0.34,0.56,N,VIIRS,2,2012
1.99205,115.1568,2012-08-06,507,l,0,7.69,356.42,289.8,0.34,0.56,N,VIIRS,2,2012
2.01008,115.2366,2012-08-06,507,n,0,6.73,347.71,286.34,0.33,0.55,N,VIIRS,2,2012
1.40575,117.99918,2012-08-06,507,n,0,4.32,333.94,296.42,0.44,0.46,N,VIIRS,2,2012
1.45107,118.32273,2012-08-06,507,n,0,9.57,344.16,298.07,0.42,0.45,N,VIIRS,2,2012
1.36981,118.02058,2012-08-06,507,n,0,19.55,352.45,298.15,0.44,0.46,N,VIIRS,2,2012
1.17654,116.93553,2012-08-06,507,n,0,7.81,326.91,290.68,0.52,0.5,N,VIIRS,2,2012
1.17193,116.93623,2012-08-06,507,n,0,7.81,340.73,293.8,0.52,0.5,N,VIIRS,2,2012
1.18791,117.09557,2012-08-06,507,n,0,3.24,332.26,294.27,0.51,0.49,N,VIIRS,2,2012
1.18864,117.10018,2012-08-06,507,n,0,3.24,331.77,293.97,0.51,0.49,N,VIIRS,2,2012
1.11208,116.74012,2012-08-06,507,n,0,4.98,325.6,291.36,0.54,0.51,N,VIIRS,2,2012
1.187,117.09426,2012-08-06,507,n,0,6.47,330.51,293.99,0.51,0.49,N,VIIRS,2,2012
1.1884,117.10347,2012-08-06,507,n,0,6.49,340.83,294.04,0.51,0.49,N,VIIRS,2,2012
1.1139,116.73791,2012-08-06,507,n,0,5.67,327.74,291.16,0.54,0.51,N,VIIRS,2,2012
1.18919,117.64178,2012-08-06,507,n,0,13.54,341.79,289.97,0.47,0.48,N,VIIRS,2,2012
1.18415,117.63828,2012-08-06,507,n,0,7.07,332.69,287.88,0.47,0.48,N,VIIRS,2,2012
1.18481,117.64248,2012-08-06,507,n,0,13.54,343.64,293.28,0.47,0.48,N,VIIRS,2,2012
0.10438,117.47274,2012-08-06,1747,n,2,1.76,306.74,292.56,0.49,0.4,N,VIIRS,2,2012
0.18371,117.48753,2012-08-06,1747,n,2,2.15,305.78,292.76,0.49,0.4,N,VIIRS,2,2012
0.30669,116.87693,2012-08-06,1747,n,0,1.33,309.05,291.41,0.46,0.39,N,VIIRS,2,2012
0.70777,117.26592,2012-08-06,1747,n,0,1.43,305.27,291.33,0.47,0.4,N,VIIRS,2,2012
0.86448,117.21812,2012-08-06,1747,n,0,0.86,306.49,291.47,0.47,0.4,N,VIIRS,2,2012
1.1115,116.96873,2012-08-06,1747,n,0,1.42,320.21,291.08,0.45,0.39,N,VIIRS,2,2012
1.1131,116.97186,2012-08-06,1747,n,0,0.89,307.08,290.93,0.45,0.39,N,VIIRS,2,2012
1.15716,117.67579,2012-08-06,1747,n,2,1.68,307.26,292.23,0.49,0.4,N,VIIRS,2,2012
1.23672,118.05318,2012-08-06,1747,n,0,1.81,311.81,292.01,0.51,0.41,N,VIIRS,2,2012
1.36908,118.01985,2012-08-06,1747,n,0,1.91,316.23,292.09,0.51,0.41,N,VIIRS,2,2012
1.37286,118.02042,2012-08-06,1747,n,0,7.59,332.34,292.73,0.51,0.41,N,VIIRS,2,2012
1.37314,118.019,2012-08-06,1747,n,0,5.44,329.77,292.75,0.51,0.41,N,VIIRS,2,2012
1.61407,117.19135,2012-08-06,1747,n,0,1.14,311.9,292.03,0.46,0.39,N,VIIRS,2,2012
1.61767,117.19188,2012-08-06,1747,n,0,1.35,310.76,292.38,0.46,0.39,N,VIIRS,2,2012
1.61528,117.19009,2012-08-06,1747,n,0,0.94,313.97,292.1,0.46,0.39,N,VIIRS,2,2012
1.61888,117.19062,2012-08-06,1747,n,0,0.94,304.55,292.02,0.46,0.39,N,VIIRS,2,2012
1.60439,118.07,2012-08-06,1747,n,0,0.92,304.93,291.32,0.51,0.41,N,VIIRS,2,2012
1.63747,118.05661,2012-08-06,1747,n,0,0.96,305.79,291.28,0.51,0.41,N,VIIRS,2,2012
-0.38167,117.10433,2012-08-06,1747,n,0,1.83,311.46,291.82,0.48,0.4,N,VIIRS,2,2012
-0.36836,116.53934,2012-08-06,1747,n,0,0.94,309.88,290.95,0.45,0.39,N,VIIRS,2,2012
-0.51049,117.30714,2012-08-06,1747,n,0,0.55,302.69,291.07,0.49,0.4,N,VIIRS,2,2012
2.03886,117.34006,2012-08-06,1747,n,0,0.71,304.93,292.13,0.46,0.39,N,VIIRS,2,2012
2.0762,117.06289,2012-08-06,1747,n,0,1.09,313.09,290.63,0.45,0.39,N,VIIRS,2,2012
2.07555,117.0669,2012-08-06,1747,n,0,1.09,304.75,290.21,0.45,0.39,N,VIIRS,2,2012
2.00205,117.52203,2012-08-06,1747,n,0,0.97,306.79,284.99,0.47,0.4,N,VIIRS,2,2012
2.07264,117.06234,2012-08-06,1747,n,0,1.3,306.66,290.1,0.45,0.39,N,VIIRS,2,2012
1.99842,117.52137,2012-08-06,1747,n,0,0.63,301.66,284.84,0.47,0.4,N,VIIRS,2,2012
2.07379,117.06384,2012-08-06,1747,n,0,1.89,314.38,290.37,0.45,0.39,N,VIIRS,2,2012
2.0021,117.52381,2012-08-06,1747,n,0,0.56,301.26,284.79,0.47,0.4,N,VIIRS,2,2012
1.99846,117.52319,2012-08-06,1747,n,0,0.56,303.86,284.66,0.47,0.4,N,VIIRS,2,2012
2.01681,117.28745,2012-08-06,1747,n,0,1.81,313.25,292.09,0.46,0.39,N,VIIRS,2,2012
2.00536,117.28988,2012-08-06,1747,n,0,0.86,306.63,291.44,0.46,0.39,N,VIIRS,2,2012
2.00177,117.28927,2012-08-06,1747,n,0,4.42,323.6,292.28,0.46,0.39,N,VIIRS,2,2012
2.00111,117.29347,2012-08-06,1747,n,0,13.54,340.92,294.21,0.46,0.39,N,VIIRS,2,2012
1.99751,117.29287,2012-08-06,1747,n,0,13.54,318.63,291.22,0.46,0.39,N,VIIRS,2,2012
1.97297,117.23856,2012-08-06,1747,n,0,3.58,348.47,293.97,0.46,0.39,N,VIIRS,2,2012
1.97232,117.24265,2012-08-06,1747,n,0,3.58,304.38,291.62,0.46,0.39,N,VIIRS,2,2012
1.96873,117.24208,2012-08-06,1747,n,0,3.58,307.26,291.85,0.46,0.39,N,VIIRS,2,2012
1.94278,117.33498,2012-08-06,1747,n,0,3.1,323.85,292.53,0.46,0.39,N,VIIRS,2,2012
1.94344,117.33082,2012-08-06,1747,n,0,2.51,312.96,292.1,0.46,0.39,N,VIIRS,2,2012
2.41175,117.92308,2012-08-06,1747,n,0,3.9,323.8,291.91,0.49,0.4,N,VIIRS,2,2012
2.41245,117.91871,2012-08-06,1747,n,0,5.18,308.65,291.45,0.49,0.4,N,VIIRS,2,2012
2.40875,117.91811,2012-08-06,1747,n,0,5.18,330.17,292.11,0.49,0.4,N,VIIRS,2,2012
2.40805,117.92248,2012-08-06,1747,n,0,3.9,331.19,291.84,0.49,0.4,N,VIIRS,2,2012
2.26104,117.84422,2012-08-06,1747,n,0,8.43,330.18,293.15,0.48,0.4,N,VIIRS,2,2012
2.26172,117.83986,2012-08-06,1747,n,0,8.43,305.85,291.77,0.48,0.4,N,VIIRS,2,2012
2.25803,117.83929,2012-08-06,1747,n,0,8.43,329.59,292.5,0.48,0.4,N,VIIRS,2,2012
2.25735,117.84363,2012-08-06,1747,n,0,8.43,333.5,292.72,0.48,0.4,N,VIIRS,2,2012
2.23459,117.9885,2012-08-06,1747,n,0,1.38,307.8,292.08,0.49,0.41,N,VIIRS,2,2012
2.22686,117.56288,2012-08-06,1747,n,0,0.88,306.5,291.1,0.47,0.4,N,VIIRS,2,2012
2.28329,117.1216,2012-08-06,1747,n,0,1.56,310.88,290.8,0.45,0.39,N,VIIRS,2,2012
2.1878,117.24875,2012-08-06,1747,n,0,0.69,304.14,291.06,0.45,0.39,N,VIIRS,2,2012
2.15805,117.31953,2012-08-06,1747,n,0,1.16,311.2,291.43,0.46,0.39,N,VIIRS,2,2012
2.15446,117.31895,2012-08-06,1747,n,0,3.62,330.35,291.75,0.46,0.39,N,VIIRS,2,2012
2.10873,117.17942,2012-08-06,1747,n,0,1.27,314.14,291.24,0.45,0.39,N,VIIRS,2,2012
2.11631,117.08569,2012-08-06,1747,n,0,0.27,303.28,290.81,0.45,0.39,N,VIIRS,2,2012
2.07492,117.34578,2012-08-06,1747,n,0,0.76,306.81,291.51,0.46,0.39,N,VIIRS,2,2012
2.09996,117.16546,2012-08-06,1747,n,0,1.23,306.84,291.46,0.45,0.39,N,VIIRS,2,2012
2.04975,117.29539,2012-08-06,1747,n,0,1.17,304.73,291.98,0.46,0.39,N,VIIRS,2,2012
2.04616,117.2948,2012-08-06,1747,n,0,1.17,314.63,292.31,0.46,0.39,N,VIIRS,2,2012
-0.14235,117.36788,2012-08-06,1747,n,0,1.39,315.35,291.99,0.49,0.4,N,VIIRS,2,2012
-0.14134,117.37044,2012-08-06,1747,n,0,0.54,311.8,291.5,0.49,0.4,N,VIIRS,2,2012
0.08856,116.67952,2012-08-06,1747,n,0,1.22,312.39,291.45,0.45,0.39,N,VIIRS,2,2012
0.0892,116.67551,2012-08-06,1747,n,0,1.22,303.0,291.0,0.45,0.39,N,VIIRS,2,2012
-1.50992,113.54227,2012-08-06,1748,n,0,0.43,302.91,292.09,0.38,0.36,N,VIIRS,2,2012
-1.55752,113.52079,2012-08-06,1748,n,0,2.51,302.78,291.25,0.38,0.36,N,VIIRS,2,2012
-1.61697,113.51153,2012-08-06,1748,n,0,0.78,304.66,291.94,0.38,0.36,N,VIIRS,2,2012
-0.58442,117.3839,2012-08-06,1748,n,2,0.84,310.31,289.73,0.5,0.41,N,VIIRS,2,2012
-0.53155,116.12898,2012-08-06,1748,n,0,2.35,321.51,291.82,0.43,0.38,N,VIIRS,2,2012
-0.53385,116.1207,2012-08-06,1748,n,0,4.76,334.27,293.32,0.43,0.38,N,VIIRS,2,2012
-0.53735,116.12017,2012-08-06,1748,n,0,4.76,323.57,291.57,0.43,0.38,N,VIIRS,2,2012
-0.53796,116.12404,2012-08-06,1748,n,0,1.41,312.91,291.87,0.43,0.38,N,VIIRS,2,2012
-0.80628,117.10258,2012-08-06,1748,n,2,0.62,302.23,286.4,0.48,0.4,N,VIIRS,2,2012
-0.80997,117.10205,2012-08-06,1748,n,0,0.69,301.47,287.61,0.48,0.4,N,VIIRS,2,2012
-0.67155,115.50527,2012-08-06,1748,n,0,3.65,331.53,293.22,0.41,0.37,N,VIIRS,2,2012
-0.67671,115.51578,2012-08-06,1748,n,0,5.76,352.81,294.71,0.41,0.37,N,VIIRS,2,2012
-0.68014,115.51524,2012-08-06,1748,n,0,5.76,336.17,292.97,0.41,0.37,N,VIIRS,2,2012
-0.67608,115.48947,2012-08-06,1748,n,0,0.92,304.88,292.03,0.41,0.37,N,VIIRS,2,2012
-0.69093,115.49471,2012-08-06,1748,n,0,1.02,310.31,292.67,0.41,0.37,N,VIIRS,2,2012
-0.69436,115.49418,2012-08-06,1748,n,0,1.9,321.12,293.23,0.41,0.37,N,VIIRS,2,2012
-0.69494,115.49786,2012-08-06,1748,n,0,1.26,304.79,292.71,0.41,0.37,N,VIIRS,2,2012
-0.69778,115.49365,2012-08-06,1748,n,0,1.9,318.71,292.84,0.41,0.37,N,VIIRS,2,2012
-0.96384,117.15058,2012-08-06,1748,n,2,1.61,311.24,289.43,0.49,0.4,N,VIIRS,2,2012
-0.71257,115.5033,2012-08-06,1748,n,0,0.66,305.01,292.33,0.41,0.37,N,VIIRS,2,2012
-0.96507,117.14803,2012-08-06,1748,n,2,1.92,309.58,288.58,0.49,0.4,N,VIIRS,2,2012
-0.8319,115.88409,2012-08-06,1748,n,0,0.68,310.97,292.0,0.43,0.38,N,VIIRS,2,2012
-2.05502,116.09628,2012-08-06,1748,n,0,1.02,313.08,292.05,0.44,0.39,N,VIIRS,2,2012
-2.09395,116.13559,2012-08-06,1748,n,0,0.91,307.42,291.33,0.45,0.39,N,VIIRS,2,2012
-1.95112,114.49578,2012-08-06,1748,n,0,0.57,305.69,292.09,0.39,0.36,N,VIIRS,2,2012
-2.37409,116.47176,2012-08-06,1748,n,0,0.61,302.66,291.26,0.47,0.39,N,VIIRS,2,2012
-2.21692,114.76501,2012-08-06,1748,n,0,2.34,319.39,293.59,0.4,0.37,N,VIIRS,2,2012
-2.12407,113.83191,2012-08-06,1748,n,0,0.75,310.64,292.65,0.39,0.36,N,VIIRS,2,2012
-2.1257,113.8423,2012-08-06,1748,n,0,0.92,303.59,291.89,0.39,0.36,N,VIIRS,2,2012
-2.29573,114.37061,2012-08-06,1748,n,0,0.83,310.02,293.01,0.39,0.36,N,VIIRS,2,2012
-2.21356,113.80051,2012-08-06,1748,n,0,0.68,304.65,293.0,0.39,0.36,N,VIIRS,2,2012
-2.44383,114.91997,2012-08-06,1748,n,0,0.43,303.86,291.46,0.41,0.37,N,VIIRS,2,2012
-2.38449,114.26622,2012-08-06,1748,n,0,2.73,329.12,295.14,0.39,0.36,N,VIIRS,2,2012
-2.38784,114.2657,2012-08-06,1748,n,0,4.26,329.32,295.1,0.39,0.36,N,VIIRS,2,2012
-2.39119,114.26517,2012-08-06,1748,n,0,4.26,344.05,298.59,0.39,0.36,N,VIIRS,2,2012
-2.39454,114.26466,2012-08-06,1748,h,0,9.99,367.0,299.5,0.39,0.36,N,VIIRS,2,2012
-2.39905,114.24959,2012-08-06,1748,n,0,1.29,302.44,292.07,0.39,0.36,N,VIIRS,2,2012
-2.40021,114.23502,2012-08-06,1748,n,0,1.14,307.92,292.65,0.39,0.36,N,VIIRS,2,2012
-2.40075,114.23853,2012-08-06,1748,n,0,1.02,303.61,291.74,0.39,0.36,N,VIIRS,2,2012
-2.44988,114.55346,2012-08-06,1748,n,0,0.66,304.93,290.87,0.4,0.37,N,VIIRS,2,2012
-2.40355,114.2345,2012-08-06,1748,n,0,1.27,305.64,291.34,0.39,0.36,N,VIIRS,2,2012
-2.43126,114.32392,2012-08-06,1748,n,0,0.68,307.34,292.0,0.39,0.36,N,VIIRS,2,2012
-2.44523,114.32538,2012-08-06,1748,n,0,0.42,306.13,291.69,0.39,0.36,N,VIIRS,2,2012
-2.44858,114.32485,2012-08-06,1748,n,0,0.42,303.89,290.77,0.39,0.36,N,VIIRS,2,2012
-1.28964,116.56963,2012-08-06,1748,n,0,1.55,315.1,291.78,0.46,0.39,N,VIIRS,2,2012
-1.34248,116.52444,2012-08-06,1748,n,0,1.83,318.01,292.85,0.46,0.39,N,VIIRS,2,2012
-1.43291,116.91448,2012-08-06,1748,n,3,4.88,330.28,293.38,0.48,0.4,N,VIIRS,2,2012
-1.42325,116.25227,2012-08-06,1748,n,0,1.49,315.15,291.61,0.45,0.39,N,VIIRS,2,2012
-1.3218,114.32655,2012-08-06,1748,n,0,0.48,306.24,291.95,0.39,0.36,N,VIIRS,2,2012
-1.49868,115.01451,2012-08-06,1748,n,0,0.34,304.76,292.25,0.4,0.37,N,VIIRS,2,2012
-1.55806,113.52423,2012-08-06,1748,n,0,4.13,329.99,293.74,0.38,0.36,N,VIIRS,2,2012
-1.5304,115.78277,2012-08-07,447,n,0,5.82,330.14,289.2,0.72,0.76,N,VIIRS,2,2012
-1.53368,115.78097,2012-08-07,447,n,0,5.0,329.81,288.98,0.72,0.76,N,VIIRS,2,2012
-1.15317,116.94118,2012-08-07,447,n,0,7.97,340.45,288.71,0.6,0.7,N,VIIRS,2,2012
0.60168,117.32411,2012-08-07,448,h,0,16.8,367.0,290.08,0.53,0.67,N,VIIRS,2,2012
2.22051,117.73429,2012-08-07,448,n,0,6.81,337.77,289.73,0.47,0.64,N,VIIRS,2,2012
2.23833,117.98849,2012-08-07,448,n,0,3.15,327.22,291.25,0.45,0.63,N,VIIRS,2,2012
2.08846,117.16109,2012-08-07,448,n,0,20.71,327.29,289.7,0.51,0.66,N,VIIRS,2,2012
2.08922,117.16568,2012-08-07,448,n,0,20.71,341.05,289.13,0.51,0.66,N,VIIRS,2,2012
2.08229,117.16196,2012-08-07,448,n,0,20.71,345.84,291.16,0.51,0.66,N,VIIRS,2,2012
2.08307,117.16656,2012-08-07,448,h,0,20.71,367.0,292.54,0.51,0.66,N,VIIRS,2,2012
2.19951,117.93494,2012-08-07,448,n,0,10.62,329.23,289.74,0.45,0.63,N,VIIRS,2,2012
2.19881,117.93076,2012-08-07,448,h,0,10.13,367.0,290.27,0.45,0.63,N,VIIRS,2,2012
2.09499,117.07597,2012-08-07,448,n,0,6.48,325.23,288.68,0.52,0.67,N,VIIRS,2,2012
2.08322,117.16074,2012-08-07,448,n,0,34.04,342.03,290.06,0.51,0.66,N,VIIRS,2,2012
2.08396,117.16538,2012-08-07,448,h,0,34.04,367.0,294.58,0.51,0.66,N,VIIRS,2,2012
2.20096,117.93473,2012-08-07,448,n,0,11.55,337.71,290.4,0.45,0.63,N,VIIRS,2,2012
2.20029,117.93053,2012-08-07,448,h,0,9.4,367.0,290.28,0.45,0.63,N,VIIRS,2,2012
2.0811,117.26487,2012-08-07,448,n,0,3.27,328.73,288.64,0.51,0.66,N,VIIRS,2,2012
2.08184,117.26945,2012-08-07,448,n,0,3.27,330.94,288.63,0.51,0.66,N,VIIRS,2,2012
2.05343,117.36359,2012-08-07,448,n,0,8.39,341.31,290.33,0.5,0.66,N,VIIRS,2,2012
2.04734,117.36445,2012-08-07,448,n,0,8.39,352.38,290.7,0.5,0.66,N,VIIRS,2,2012
1.53818,118.12868,2012-08-07,448,h,0,14.1,367.0,291.81,0.45,0.63,N,VIIRS,2,2012
1.4913,117.87629,2012-08-07,448,n,0,4.26,327.9,290.72,0.47,0.64,N,VIIRS,2,2012
1.48536,117.87713,2012-08-07,448,n,0,3.87,325.77,291.12,0.47,0.64,N,VIIRS,2,2012
1.5287,118.18058,2012-08-07,448,n,0,4.34,341.67,292.12,0.45,0.63,N,VIIRS,2,2012
1.52935,118.18458,2012-08-07,448,n,0,4.34,328.95,291.16,0.45,0.63,N,VIIRS,2,2012
1.39431,118.01277,2012-08-07,448,n,0,7.46,339.41,292.44,0.46,0.64,N,VIIRS,2,2012
1.39498,118.01687,2012-08-07,448,n,0,7.03,331.53,291.3,0.46,0.64,N,VIIRS,2,2012
1.40664,118.12546,2012-08-07,448,n,0,6.91,328.67,289.6,0.45,0.63,N,VIIRS,2,2012
1.40728,118.1294,2012-08-07,448,n,0,6.91,351.33,290.29,0.45,0.63,N,VIIRS,2,2012
1.40081,118.12646,2012-08-07,448,n,0,6.91,353.48,290.41,0.45,0.63,N,VIIRS,2,2012
1.37139,118.0202,2012-08-07,448,n,0,3.83,326.48,291.32,0.46,0.64,N,VIIRS,2,2012
1.18058,116.93915,2012-08-07,448,n,0,10.27,345.19,288.69,0.55,0.68,N,VIIRS,2,2012
1.40257,118.1281,2012-08-07,448,h,0,15.77,367.0,291.31,0.45,0.63,N,VIIRS,2,2012
1.18486,116.93927,2012-08-07,448,n,0,5.67,340.83,288.11,0.55,0.68,N,VIIRS,2,2012
1.17774,116.93519,2012-08-07,448,n,0,5.67,325.4,288.93,0.55,0.68,N,VIIRS,2,2012
1.17062,116.93113,2012-08-07,448,n,0,5.38,328.6,288.69,0.55,0.68,N,VIIRS,2,2012
0.83585,117.96689,2012-08-07,448,n,0,1.88,327.45,289.64,0.47,0.64,N,VIIRS,2,2012
0.71086,117.23614,2012-08-07,448,n,0,6.39,339.83,289.35,0.53,0.67,N,VIIRS,2,2012
0.71263,117.23435,2012-08-07,448,n,0,4.36,330.7,289.67,0.53,0.67,N,VIIRS,2,2012
0.63836,117.25029,2012-08-07,448,n,0,3.81,328.59,289.22,0.53,0.67,N,VIIRS,2,2012
0.63446,117.3055,2012-08-07,448,h,0,13.35,367.0,290.2,0.53,0.67,N,VIIRS,2,2012
0.66301,117.63759,2012-08-07,448,n,0,9.83,350.32,289.34,0.5,0.66,N,VIIRS,2,2012
0.60489,117.31985,2012-08-07,448,n,0,7.89,351.15,289.21,0.53,0.67,N,VIIRS,2,2012
0.6368,117.30392,2012-08-07,448,h,0,11.5,367.0,290.44,0.53,0.67,N,VIIRS,2,2012
0.66304,117.63679,2012-08-07,448,n,0,7.94,353.11,289.4,0.5,0.66,N,VIIRS,2,2012
0.60716,117.31837,2012-08-07,448,n,0,12.03,329.26,288.16,0.53,0.67,N,VIIRS,2,2012
0.60792,117.3232,2012-08-07,448,n,0,16.8,325.91,287.15,0.53,0.67,N,VIIRS,2,2012
0.60094,117.31933,2012-08-07,448,n,0,12.03,351.56,288.9,0.53,0.67,N,VIIRS,2,2012
-0.13491,116.47809,2012-08-07,448,n,0,3.92,326.85,288.36,0.62,0.71,N,VIIRS,2,2012
-0.19334,116.68974,2012-08-07,448,n,0,4.86,327.58,286.15,0.6,0.71,N,VIIRS,2,2012
-0.20011,117.03047,2012-08-07,448,n,0,4.54,327.44,288.88,0.57,0.69,N,VIIRS,2,2012
-0.29446,116.97438,2012-08-07,448,n,0,11.1,341.86,289.24,0.58,0.69,N,VIIRS,2,2012
-0.25718,117.20736,2012-08-07,448,n,0,6.94,326.24,286.27,0.55,0.68,N,VIIRS,2,2012
-0.30175,116.97005,2012-08-07,448,n,0,10.91,335.3,288.63,0.58,0.69,N,VIIRS,2,2012
-0.3009,116.97538,2012-08-07,448,n,0,11.1,339.55,288.37,0.58,0.69,N,VIIRS,2,2012
-0.26352,117.20835,2012-08-07,448,n,0,6.94,348.54,289.54,0.55,0.68,N,VIIRS,2,2012
-0.29483,116.97241,2012-08-07,448,n,0,8.76,330.1,288.51,0.58,0.69,N,VIIRS,2,2012
-0.29403,116.97766,2012-08-07,448,n,0,8.76,344.62,289.11,0.58,0.69,N,VIIRS,2,2012
-0.2591,117.20605,2012-08-07,448,n,0,11.81,330.16,288.28,0.56,0.68,N,VIIRS,2,2012
-0.25832,117.21117,2012-08-07,448,n,0,16.41,350.32,285.36,0.55,0.68,N,VIIRS,2,2012
-0.30128,116.9734,2012-08-07,448,l,3,8.76,357.07,288.71,0.58,0.69,N,VIIRS,2,2012
-0.49214,116.31166,2012-08-07,448,n,0,2.87,327.69,287.83,0.64,0.72,N,VIIRS,2,2012
-0.50746,116.30193,2012-08-07,448,n,0,4.62,332.93,286.07,0.64,0.72,N,VIIRS,2,2012
-0.48798,116.31358,2012-08-07,448,n,0,7.18,328.14,289.23,0.64,0.72,N,VIIRS,2,2012
-0.69304,115.48582,2012-08-07,448,n,0,5.14,326.49,287.89,0.73,0.76,N,VIIRS,2,2012
-0.6402,116.96764,2012-08-07,448,l,0,48.13,357.74,289.03,0.58,0.7,N,VIIRS,2,2012
-0.64105,116.96215,2012-08-07,448,n,0,48.13,344.47,290.51,0.58,0.7,N,VIIRS,2,2012
-0.66778,116.96082,2012-08-07,448,n,0,7.56,337.15,288.27,0.58,0.7,N,VIIRS,2,2012
-0.67424,116.96191,2012-08-07,448,n,0,7.56,334.58,289.39,0.58,0.7,N,VIIRS,2,2012
-1.12912,115.3562,2012-08-07,448,n,0,9.83,335.01,286.52,0.76,0.77,N,VIIRS,2,2012
-1.15471,116.94101,2012-08-07,448,n,0,8.83,338.78,289.18,0.6,0.7,N,VIIRS,2,2012
0.68961,116.49881,2012-08-07,628,n,0,4.4,327.92,288.06,0.69,0.74,N,VIIRS,2,2012
-0.30585,116.03026,2012-08-07,628,n,0,5.9,338.48,289.97,0.62,0.71,N,VIIRS,2,2012
-0.33423,116.24348,2012-08-07,628,n,0,4.52,335.75,288.82,0.64,0.72,N,VIIRS,2,2012
-0.33621,116.2466,2012-08-07,628,n,0,8.91,330.0,289.22,0.64,0.72,N,VIIRS,2,2012
-0.68675,114.49022,2012-08-07,628,n,0,4.42,338.63,290.84,0.48,0.65,N,VIIRS,2,2012
-0.34403,116.77221,2012-08-07,628,n,0,8.56,337.84,287.8,0.69,0.74,N,VIIRS,2,2012
-0.34306,116.7784,2012-08-07,628,n,0,8.56,336.94,288.11,0.69,0.74,N,VIIRS,2,2012
-0.27842,117.33496,2012-08-07,628,n,0,4.69,330.41,285.62,0.76,0.77,N,VIIRS,2,2012
-0.44257,116.31726,2012-08-07,628,n,0,6.72,326.17,289.02,0.64,0.72,N,VIIRS,2,2012
-0.44164,116.32324,2012-08-07,628,n,0,6.72,349.97,289.61,0.64,0.72,N,VIIRS,2,2012
-0.68796,114.49107,2012-08-07,628,n,0,4.16,336.69,290.63,0.48,0.65,N,VIIRS,2,2012
-0.44345,116.32136,2012-08-07,628,n,0,11.12,341.49,289.37,0.64,0.72,N,VIIRS,2,2012
-0.44249,116.32734,2012-08-07,628,n,0,11.28,329.15,288.65,0.64,0.72,N,VIIRS,2,2012
-0.69107,115.48368,2012-08-07,628,n,0,4.79,331.2,289.75,0.56,0.69,N,VIIRS,2,2012
-0.69025,115.48878,2012-08-07,628,n,0,4.79,331.23,290.32,0.56,0.69,N,VIIRS,2,2012
-0.97271,114.13823,2012-08-07,628,n,0,3.29,328.78,291.03,0.45,0.63,N,VIIRS,2,2012
-0.97128,114.13674,2012-08-07,628,n,0,2.82,328.85,291.19,0.45,0.63,N,VIIRS,2,2012
-1.09862,113.53191,2012-08-07,628,h,0,12.35,367.0,292.73,0.41,0.61,N,VIIRS,2,2012
-1.1042,113.53303,2012-08-07,628,l,0,8.42,357.08,290.54,0.41,0.61,N,VIIRS,2,2012
-0.67171,116.26141,2012-08-07,628,n,0,5.9,330.02,287.94,0.63,0.72,N,VIIRS,2,2012
-0.72847,116.29391,2012-08-07,628,n,0,6.02,326.66,289.87,0.63,0.72,N,VIIRS,2,2012
-0.7241,116.29597,2012-08-07,628,n,0,9.16,332.89,288.83,0.63,0.72,N,VIIRS,2,2012
-1.25141,114.24426,2012-08-07,628,h,0,23.6,367.0,293.62,0.45,0.63,N,VIIRS,2,2012
-1.42178,113.80627,2012-08-07,628,n,0,8.59,342.16,293.09,0.42,0.61,N,VIIRS,2,2012
-1.4224,113.80238,2012-08-07,628,h,0,8.59,367.0,294.26,0.42,0.61,N,VIIRS,2,2012
-1.4508,114.18044,2012-08-07,628,n,0,4.93,329.91,292.64,0.45,0.63,N,VIIRS,2,2012
-1.17209,116.96534,2012-08-07,628,n,0,9.13,333.57,288.73,0.69,0.74,N,VIIRS,2,2012
-1.17108,116.97173,2012-08-07,628,n,0,9.13,348.3,288.91,0.69,0.74,N,VIIRS,2,2012
-1.51826,114.81215,2012-08-07,628,n,0,5.96,343.79,290.79,0.49,0.65,N,VIIRS,2,2012
-1.52504,114.80856,2012-08-07,628,n,0,5.96,336.47,291.47,0.49,0.65,N,VIIRS,2,2012
-1.15338,116.93994,2012-08-07,628,n,0,3.66,329.58,289.08,0.69,0.74,N,VIIRS,2,2012
-1.51864,114.81248,2012-08-07,628,n,0,4.64,344.12,291.34,0.49,0.65,N,VIIRS,2,2012
-1.52545,114.80888,2012-08-07,628,n,0,7.95,341.07,291.76,0.49,0.65,N,VIIRS,2,2012
-1.32767,116.43081,2012-08-07,628,n,0,12.52,349.39,289.41,0.63,0.72,N,VIIRS,2,2012
-1.33,116.4342,2012-08-07,628,n,0,10.9,341.96,289.09,0.63,0.72,N,VIIRS,2,2012
-1.61221,115.12369,2012-08-07,628,n,0,6.69,348.94,291.03,0.51,0.66,N,VIIRS,2,2012
-1.61145,115.12837,2012-08-07,628,n,0,6.69,328.62,290.51,0.51,0.66,N,VIIRS,2,2012
-1.38032,116.6762,2012-08-07,628,n,0,4.71,335.95,290.24,0.66,0.73,N,VIIRS,2,2012
-1.89371,113.52493,2012-08-07,628,n,0,5.67,341.22,297.15,0.4,0.6,N,VIIRS,2,2012
-1.89313,113.52853,2012-08-07,628,n,0,5.67,344.73,294.9,0.4,0.6,N,VIIRS,2,2012
-1.85333,114.11036,2012-08-07,628,n,0,29.92,354.01,296.41,0.43,0.62,N,VIIRS,2,2012
-1.85267,114.11436,2012-08-07,628,n,0,29.92,330.38,288.05,0.44,0.62,N,VIIRS,2,2012
-1.9137,114.25156,2012-08-07,628,n,0,2.91,331.05,289.8,0.44,0.63,N,VIIRS,2,2012
-1.91951,114.25251,2012-08-07,628,n,0,2.91,327.86,292.94,0.44,0.63,N,VIIRS,2,2012
-1.91917,114.2525,2012-08-07,628,n,0,5.78,334.89,292.91,0.44,0.63,N,VIIRS,2,2012
-2.11809,113.83496,2012-08-07,628,n,0,4.19,334.85,294.56,0.41,0.61,N,VIIRS,2,2012
-2.12435,113.83206,2012-08-07,628,n,0,3.88,334.03,294.5,0.41,0.61,N,VIIRS,2,2012
-2.12311,113.83961,2012-08-07,628,n,0,6.67,329.52,296.82,0.41,0.61,N,VIIRS,2,2012
-2.12249,113.84341,2012-08-07,628,n,0,7.41,337.61,297.41,0.41,0.61,N,VIIRS,2,2012
-2.12876,113.84051,2012-08-07,628,n,0,6.67,344.76,298.13,0.41,0.61,N,VIIRS,2,2012
-2.12814,113.84428,2012-08-07,628,n,0,7.41,333.33,298.65,0.41,0.61,N,VIIRS,2,2012
-1.89572,115.41953,2012-08-07,628,n,0,3.93,330.01,286.52,0.53,0.67,N,VIIRS,2,2012
-2.15836,113.87227,2012-08-07,628,n,0,4.88,344.57,291.64,0.41,0.61,N,VIIRS,2,2012
-2.17634,113.83232,2012-08-07,628,n,0,2.84,342.33,290.35,0.41,0.61,N,VIIRS,2,2012
-2.19183,113.80761,2012-08-07,628,n,0,3.4,338.42,294.4,0.41,0.61,N,VIIRS,2,2012
-2.18929,113.80806,2012-08-07,628,n,0,3.15,329.78,293.41,0.41,0.61,N,VIIRS,2,2012
-2.10162,114.84813,2012-08-07,628,n,0,3.68,331.29,293.39,0.48,0.65,N,VIIRS,2,2012
-2.13885,114.96383,2012-08-07,628,n,0,18.39,352.67,293.19,0.49,0.65,N,VIIRS,2,2012
-2.13956,114.95934,2012-08-07,628,h,0,13.73,367.0,293.12,0.49,0.65,N,VIIRS,2,2012
-2.01344,115.60365,2012-08-07,628,n,0,8.32,332.66,290.55,0.54,0.68,N,VIIRS,2,2012
-2.13928,114.9641,2012-08-07,628,n,0,17.21,349.97,292.78,0.49,0.65,N,VIIRS,2,2012
-2.14002,114.95961,2012-08-07,628,h,0,15.48,367.0,292.96,0.49,0.65,N,VIIRS,2,2012
-2.23045,114.45049,2012-08-07,628,n,0,8.77,345.13,293.16,0.45,0.63,N,VIIRS,2,2012
-2.19848,114.86818,2012-08-07,628,n,0,4.33,335.84,293.4,0.48,0.65,N,VIIRS,2,2012
-2.38554,114.26751,2012-08-07,628,n,0,9.77,355.81,295.33,0.44,0.62,N,VIIRS,2,2012
-2.39132,114.2684,2012-08-07,628,n,0,9.77,330.55,294.03,0.44,0.62,N,VIIRS,2,2012
-2.39197,114.26444,2012-08-07,628,h,0,16.38,367.0,297.88,0.44,0.62,N,VIIRS,2,2012
-2.39775,114.26534,2012-08-07,628,n,0,4.35,335.74,295.85,0.44,0.62,N,VIIRS,2,2012
-2.31381,115.23386,2012-08-07,628,n,0,6.8,346.03,293.1,0.51,0.66,N,VIIRS,2,2012
-2.3833,115.39065,2012-08-07,628,n,0,6.2,342.51,290.0,0.52,0.67,N,VIIRS,2,2012
-2.38112,115.39393,2012-08-07,628,n,0,6.65,331.11,292.27,0.52,0.67,N,VIIRS,2,2012
-0.41709,114.69561,2012-08-07,628,h,0,16.03,367.0,291.15,0.5,0.66,N,VIIRS,2,2012
-0.41782,114.69095,2012-08-07,628,n,0,9.92,341.54,290.63,0.5,0.66,N,VIIRS,2,2012
-0.05301,116.91781,2012-08-07,628,n,0,9.94,346.26,288.33,0.71,0.75,N,VIIRS,2,2012
-0.1734,115.44366,2012-08-07,628,n,0,4.72,326.86,288.84,0.57,0.69,N,VIIRS,2,2012
0.13027,116.38123,2012-08-07,628,n,0,4.56,329.0,288.41,0.66,0.73,N,VIIRS,2,2012
0.32646,116.4239,2012-08-07,628,n,0,7.79,329.17,288.38,0.67,0.74,N,VIIRS,2,2012
0.33332,116.42276,2012-08-07,628,n,0,7.66,334.63,287.92,0.67,0.74,N,VIIRS,2,2012
0.32699,116.42487,2012-08-07,628,n,0,5.36,341.18,288.72,0.67,0.74,N,VIIRS,2,2012
0.33385,116.42371,2012-08-07,628,n,0,5.36,326.93,287.7,0.67,0.74,N,VIIRS,2,2012
0.69632,117.19375,2012-08-07,628,n,0,9.42,352.38,287.67,0.76,0.77,N,VIIRS,2,2012
0.69802,117.19154,2012-08-07,628,n,0,15.21,345.81,286.96,0.76,0.77,N,VIIRS,2,2012
1.67946,117.18208,2012-08-07,629,n,0,16.55,352.31,286.58,0.79,0.78,N,VIIRS,2,2012
1.23709,117.13596,2012-08-07,629,n,0,4.7,328.49,285.46,0.77,0.77,N,VIIRS,2,2012
1.26239,118.33936,2012-08-07,1728,n,0,0.51,308.94,291.26,0.39,0.36,N,VIIRS,2,2012
1.21279,118.06878,2012-08-07,1728,n,0,0.43,303.06,290.84,0.39,0.36,N,VIIRS,2,2012
0.18482,117.48627,2012-08-07,1728,n,2,0.98,306.92,291.69,0.39,0.36,N,VIIRS,2,2012
0.10482,117.47025,2012-08-07,1728,n,2,2.1,328.33,292.52,0.39,0.36,N,VIIRS,2,2012
0.10818,117.47079,2012-08-07,1728,n,2,2.1,328.87,292.36,0.39,0.36,N,VIIRS,2,2012
-0.34302,116.78084,2012-08-07,1729,n,0,0.48,305.83,281.42,0.41,0.37,N,VIIRS,2,2012
-0.5099,117.29163,2012-08-07,1729,n,0,0.63,303.88,286.99,0.39,0.37,N,VIIRS,2,2012
-0.54944,117.16232,2012-08-07,1729,n,0,0.54,304.26,291.46,0.4,0.37,N,VIIRS,2,2012
-0.67714,117.24076,2012-08-07,1729,n,0,0.46,300.55,287.79,0.39,0.37,N,VIIRS,2,2012
-0.74127,117.56179,2012-08-07,1729,n,0,0.29,308.47,292.63,0.39,0.36,N,VIIRS,2,2012
-0.80808,117.10075,2012-08-07,1729,n,2,0.55,301.61,279.22,0.4,0.37,N,VIIRS,2,2012
-0.84648,117.26853,2012-08-07,1729,n,2,1.04,304.95,291.11,0.39,0.36,N,VIIRS,2,2012
-0.67088,115.49664,2012-08-07,1729,n,0,0.39,297.21,277.4,0.45,0.39,N,VIIRS,2,2012
-0.67198,115.49371,2012-08-07,1729,n,0,1.22,297.52,278.33,0.45,0.39,N,VIIRS,2,2012
-0.67263,115.49777,2012-08-07,1729,n,0,1.4,318.52,277.94,0.45,0.39,N,VIIRS,2,2012
-0.67621,115.49723,2012-08-07,1729,n,0,1.4,303.68,277.18,0.45,0.39,N,VIIRS,2,2012
-0.69017,115.51579,2012-08-07,1729,n,0,1.04,303.38,277.06,0.45,0.39,N,VIIRS,2,2012
-0.69282,115.48633,2012-08-07,1729,n,0,1.25,306.45,276.73,0.45,0.39,N,VIIRS,2,2012
-0.69411,115.49444,2012-08-07,1729,n,0,0.64,303.39,277.75,0.45,0.39,N,VIIRS,2,2012
-0.69475,115.4985,2012-08-07,1729,n,0,0.64,302.99,277.43,0.45,0.39,N,VIIRS,2,2012
-0.69769,115.49388,2012-08-07,1729,n,0,0.64,296.51,276.91,0.45,0.39,N,VIIRS,2,2012
-0.70126,115.49332,2012-08-07,1729,n,0,0.65,296.79,277.11,0.45,0.39,N,VIIRS,2,2012
-0.96322,117.14926,2012-08-07,1729,n,2,1.37,316.23,292.23,0.4,0.37,N,VIIRS,2,2012
-0.70549,115.49683,2012-08-07,1729,n,0,0.65,302.21,277.76,0.45,0.39,N,VIIRS,2,2012
-0.70906,115.49627,2012-08-07,1729,n,0,0.96,304.12,277.31,0.45,0.39,N,VIIRS,2,2012
-1.09246,117.32426,2012-08-07,1729,n,3,1.63,307.99,293.49,0.39,0.36,N,VIIRS,2,2012
-1.34285,116.5233,2012-08-07,1729,n,0,0.62,304.11,292.86,0.41,0.37,N,VIIRS,2,2012
-1.36394,116.59102,2012-08-07,1729,n,0,1.32,310.74,292.52,0.41,0.37,N,VIIRS,2,2012
-1.38722,116.3167,2012-08-07,1729,n,0,0.24,301.12,288.69,0.41,0.37,N,VIIRS,2,2012
-1.10293,113.53067,2012-08-07,1729,n,0,1.05,302.33,291.4,0.57,0.43,N,VIIRS,2,2012
-1.59986,114.7838,2012-08-07,1729,n,0,1.58,313.62,291.8,0.48,0.4,N,VIIRS,2,2012
-1.60316,114.29231,2012-08-07,1729,n,0,0.76,304.67,292.19,0.51,0.41,N,VIIRS,2,2012
-1.55602,113.52162,2012-08-07,1729,n,0,12.05,336.02,294.01,0.56,0.43,N,VIIRS,2,2012
-1.55999,113.52103,2012-08-07,1729,n,0,4.6,326.58,292.23,0.56,0.43,N,VIIRS,2,2012
-1.64931,113.65038,2012-08-07,1729,n,0,0.35,300.59,289.62,0.55,0.43,N,VIIRS,2,2012
-1.65324,113.64977,2012-08-07,1729,n,0,0.25,303.63,289.11,0.55,0.43,N,VIIRS,2,2012
-2.16659,116.01533,2012-08-07,1729,n,0,0.74,302.39,291.96,0.42,0.37,N,VIIRS,2,2012
-2.18298,115.96278,2012-08-07,1729,n,0,2.23,321.74,291.79,0.42,0.38,N,VIIRS,2,2012
-2.15052,115.55538,2012-08-07,1729,n,0,0.89,306.36,293.32,0.43,0.38,N,VIIRS,2,2012
-2.37218,116.47348,2012-08-07,1729,n,0,1.08,314.87,292.58,0.4,0.37,N,VIIRS,2,2012
-2.37276,116.47709,2012-08-07,1729,n,0,1.08,309.09,292.58,0.4,0.37,N,VIIRS,2,2012
-2.37557,116.47295,2012-08-07,1729,n,0,1.08,304.34,292.13,0.4,0.37,N,VIIRS,2,2012
-2.21581,114.76591,2012-08-07,1729,n,0,1.92,316.76,290.53,0.47,0.4,N,VIIRS,2,2012
-2.23101,114.44758,2012-08-07,1729,n,0,1.05,304.36,291.46,0.49,0.4,N,VIIRS,2,2012
-2.15302,113.87194,2012-08-07,1729,n,0,2.17,316.63,292.93,0.53,0.42,N,VIIRS,2,2012
-2.2948,114.36976,2012-08-07,1729,n,0,0.95,303.38,292.24,0.49,0.4,N,VIIRS,2,2012
-2.45349,115.37392,2012-08-07,1729,n,0,0.8,304.95,292.09,0.44,0.38,N,VIIRS,2,2012
-2.38283,114.26587,2012-08-07,1729,n,0,1.77,309.74,292.27,0.5,0.41,N,VIIRS,2,2012
-2.38657,114.26527,2012-08-07,1729,n,0,1.77,318.6,292.75,0.5,0.41,N,VIIRS,2,2012
-2.39031,114.26467,2012-08-07,1729,n,0,6.25,314.63,292.94,0.5,0.41,N,VIIRS,2,2012
-2.39406,114.26407,2012-08-07,1729,n,0,6.25,347.7,298.34,0.5,0.41,N,VIIRS,2,2012
-2.40106,114.23535,2012-08-07,1729,n,0,1.58,306.14,291.85,0.5,0.41,N,VIIRS,2,2012
-2.43001,114.32227,2012-08-07,1729,n,0,0.65,303.8,292.47,0.49,0.4,N,VIIRS,2,2012
-2.43117,114.32436,2012-08-07,1729,n,0,0.5,302.24,291.84,0.49,0.4,N,VIIRS,2,2012
-2.4468,114.32642,2012-08-07,1729,n,0,0.26,302.12,291.31,0.49,0.4,N,VIIRS,2,2012
-1.04053,115.02649,2012-08-08,609,n,0,4.03,333.18,295.27,0.49,0.49,N,VIIRS,2,2012
-1.04503,115.02715,2012-08-08,609,n,0,4.03,338.06,295.93,0.49,0.49,N,VIIRS,2,2012
-1.25886,113.68012,2012-08-08,609,n,0,24.39,340.28,294.38,0.4,0.44,N,VIIRS,2,2012
-1.26351,113.67712,2012-08-08,609,n,0,32.99,339.27,295.59,0.4,0.44,N,VIIRS,2,2012
-1.32498,113.54787,2012-08-08,609,n,0,3.77,335.07,299.01,0.39,0.44,N,VIIRS,2,2012
-1.16275,114.87334,2012-08-08,609,h,0,30.08,367.0,299.85,0.48,0.48,N,VIIRS,2,2012
-1.33363,113.86431,2012-08-08,609,n,0,2.88,330.4,296.71,0.41,0.45,N,VIIRS,2,2012
-1.27199,114.95169,2012-08-08,609,n,0,8.62,344.68,295.57,0.48,0.48,N,VIIRS,2,2012
-1.29265,114.84856,2012-08-08,609,n,0,4.12,335.64,295.88,0.47,0.48,N,VIIRS,2,2012
-1.5574,113.52043,2012-08-08,609,n,0,8.62,337.99,298.27,0.39,0.44,N,VIIRS,2,2012
-1.55684,113.52393,2012-08-08,609,n,0,19.81,342.27,302.6,0.39,0.44,N,VIIRS,2,2012
-1.57537,113.53738,2012-08-08,609,n,0,2.72,338.25,296.44,0.39,0.44,N,VIIRS,2,2012
-1.54616,113.9387,2012-08-08,609,n,0,7.72,339.79,295.48,0.41,0.45,N,VIIRS,2,2012
-1.64961,113.64684,2012-08-08,609,n,0,25.64,355.47,301.33,0.39,0.44,N,VIIRS,2,2012
-1.64905,113.65038,2012-08-08,609,n,0,25.64,353.96,302.55,0.39,0.44,N,VIIRS,2,2012
-1.65367,113.64745,2012-08-08,609,l,0,6.44,329.59,300.7,0.39,0.44,N,VIIRS,2,2012
-1.65311,113.65099,2012-08-08,609,n,0,6.44,350.62,305.06,0.39,0.44,N,VIIRS,2,2012
-1.59847,114.78406,2012-08-08,609,n,0,4.51,332.96,297.15,0.46,0.47,N,VIIRS,2,2012
-1.79642,113.93272,2012-08-08,609,n,0,70.18,341.26,291.67,0.41,0.45,N,VIIRS,2,2012
-1.80111,113.92969,2012-08-08,609,n,0,17.03,329.83,299.14,0.41,0.45,N,VIIRS,2,2012
-1.80055,113.93335,2012-08-08,609,n,0,17.03,338.63,296.01,0.41,0.45,N,VIIRS,2,2012
-1.91393,113.62757,2012-08-08,609,n,0,22.24,335.58,292.01,0.39,0.44,N,VIIRS,2,2012
-1.91796,113.62821,2012-08-08,609,n,0,22.24,341.28,300.46,0.39,0.44,N,VIIRS,2,2012
-1.91742,113.63174,2012-08-08,609,n,0,41.32,341.15,298.09,0.39,0.44,N,VIIRS,2,2012
-1.922,113.62887,2012-08-08,609,n,0,5.68,343.41,297.38,0.39,0.44,N,VIIRS,2,2012
-1.95728,113.64139,2012-08-08,609,n,0,6.32,347.24,293.34,0.39,0.44,N,VIIRS,2,2012
-1.96132,113.642,2012-08-08,609,n,0,4.66,342.59,293.99,0.39,0.44,N,VIIRS,2,2012
-1.96134,113.64236,2012-08-08,609,n,0,4.15,340.99,293.33,0.39,0.44,N,VIIRS,2,2012
-1.94849,114.20535,2012-08-08,609,n,0,4.28,335.61,296.4,0.42,0.45,N,VIIRS,2,2012
-1.65972,116.18487,2012-08-08,609,n,0,5.33,337.44,294.98,0.58,0.52,N,VIIRS,2,2012
-1.65815,116.18742,2012-08-08,609,n,0,5.44,334.24,294.79,0.58,0.52,N,VIIRS,2,2012
-1.78003,115.67326,2012-08-08,609,n,0,2.23,333.33,293.14,0.53,0.5,N,VIIRS,2,2012
-2.02517,114.24072,2012-08-08,609,n,0,9.73,343.79,300.01,0.42,0.45,N,VIIRS,2,2012
-1.8386,115.45324,2012-08-08,609,n,0,49.14,342.13,298.33,0.51,0.49,N,VIIRS,2,2012
-2.12697,113.83182,2012-08-08,609,n,0,14.11,334.22,298.53,0.4,0.44,N,VIIRS,2,2012
-2.12642,113.83541,2012-08-08,609,n,0,14.11,343.85,301.46,0.4,0.44,N,VIIRS,2,2012
-2.12531,113.8426,2012-08-08,609,n,0,5.87,340.07,298.53,0.4,0.44,N,VIIRS,2,2012
-2.06125,114.28547,2012-08-08,609,n,0,3.85,332.25,299.65,0.42,0.46,N,VIIRS,2,2012
-1.98305,114.87926,2012-08-08,609,h,0,16.21,367.0,292.15,0.47,0.47,N,VIIRS,2,2012
-1.98267,114.87899,2012-08-08,609,h,0,14.1,367.0,292.68,0.47,0.47,N,VIIRS,2,2012
-2.15841,113.81185,2012-08-08,609,n,0,2.57,331.77,296.85,0.4,0.44,N,VIIRS,2,2012
-2.15784,113.81543,2012-08-08,609,n,0,3.7,336.67,296.21,0.4,0.44,N,VIIRS,2,2012
-2.15333,113.86986,2012-08-08,609,n,0,10.46,345.81,293.57,0.4,0.44,N,VIIRS,2,2012
-2.21337,113.86058,2012-08-08,609,n,0,2.93,329.47,301.1,0.4,0.44,N,VIIRS,2,2012
-2.22874,113.81528,2012-08-08,609,n,0,3.15,339.55,300.48,0.39,0.44,N,VIIRS,2,2012
-2.24503,113.81774,2012-08-08,609,n,0,8.39,346.78,300.36,0.39,0.44,N,VIIRS,2,2012
-1.89296,116.40282,2012-08-08,609,n,0,3.28,329.84,295.05,0.59,0.53,N,VIIRS,2,2012
-0.65136,114.73383,2012-08-08,609,n,0,3.34,331.99,287.84,0.48,0.48,N,VIIRS,2,2012
-0.19981,116.68956,2012-08-08,609,n,0,2.56,328.85,287.24,0.33,0.55,N,VIIRS,2,2012
-0.16332,116.89574,2012-08-08,609,n,0,1.19,331.15,288.07,0.34,0.56,N,VIIRS,2,2012
-0.12997,116.70067,2012-08-08,609,n,0,2.25,331.13,282.2,0.33,0.55,N,VIIRS,2,2012
-2.48858,115.947,2012-08-08,609,n,0,15.16,340.38,296.66,0.54,0.51,N,VIIRS,2,2012
-2.45441,115.3782,2012-08-08,609,n,0,7.44,330.86,296.26,0.49,0.49,N,VIIRS,2,2012
-2.45337,115.37454,2012-08-08,609,n,0,5.11,343.89,292.8,0.49,0.49,N,VIIRS,2,2012
-2.44985,115.27844,2012-08-08,609,n,0,3.07,331.44,297.21,0.49,0.48,N,VIIRS,2,2012
-2.43361,115.35325,2012-08-08,609,n,0,4.22,334.66,297.53,0.49,0.49,N,VIIRS,2,2012
-2.42911,115.35256,2012-08-08,609,n,0,3.52,329.78,296.73,0.49,0.49,N,VIIRS,2,2012
-2.47983,114.88447,2012-08-08,609,n,0,5.26,331.66,296.09,0.46,0.47,N,VIIRS,2,2012
-2.47112,114.88311,2012-08-08,609,n,0,8.64,339.39,296.04,0.46,0.47,N,VIIRS,2,2012
-2.46676,114.88245,2012-08-08,609,n,0,4.49,335.01,294.99,0.46,0.47,N,VIIRS,2,2012
-2.3865,114.90853,2012-08-08,609,n,0,5.25,332.48,293.8,0.46,0.47,N,VIIRS,2,2012
-2.38291,114.78931,2012-08-08,609,n,0,3.33,329.48,292.2,0.45,0.47,N,VIIRS,2,2012
-2.38292,114.26555,2012-08-08,609,n,0,8.28,339.98,293.95,0.42,0.45,N,VIIRS,2,2012
-0.88672,114.7201,2012-08-08,609,n,0,7.29,346.77,293.58,0.47,0.48,N,VIIRS,2,2012
0.83735,117.58239,2012-08-08,1709,n,0,1.14,308.5,290.02,0.45,0.47,N,VIIRS,2,2012
1.62617,118.05309,2012-08-08,1709,n,0,0.48,303.38,289.49,0.43,0.46,N,VIIRS,2,2012
-1.65144,113.64907,2012-08-08,1710,n,0,0.96,302.47,289.36,0.38,0.59,N,VIIRS,2,2012
-1.97008,115.87079,2012-08-08,1710,n,0,1.27,301.86,290.47,0.53,0.5,N,VIIRS,2,2012
-1.55804,113.52424,2012-08-08,1710,n,0,6.22,316.87,288.99,0.39,0.59,N,VIIRS,2,2012
-1.55747,113.5207,2012-08-08,1710,h,0,13.69,367.0,290.66,0.39,0.59,N,VIIRS,2,2012
-0.06921,117.43401,2012-08-08,1710,n,0,0.79,304.58,290.37,0.44,0.46,N,VIIRS,2,2012
-0.83827,117.10831,2012-08-08,1710,n,0,0.68,300.17,288.69,0.45,0.47,N,VIIRS,2,2012
-0.6698,116.54602,2012-08-08,1710,n,0,3.48,321.74,289.08,0.5,0.49,N,VIIRS,2,2012
-0.58455,117.38525,2012-08-08,1710,n,2,2.07,306.88,290.5,0.44,0.46,N,VIIRS,2,2012
-0.5083,117.29078,2012-08-08,1710,n,0,0.68,304.32,290.43,0.45,0.47,N,VIIRS,2,2012
0.18406,117.48703,2012-08-08,1710,n,2,2.17,307.74,287.64,0.44,0.46,N,VIIRS,2,2012
-2.42082,114.32259,2012-08-08,1710,n,0,1.18,313.08,290.5,0.33,0.55,N,VIIRS,2,2012
-2.39604,114.26775,2012-08-08,1710,n,0,2.08,301.04,290.19,0.33,0.56,N,VIIRS,2,2012
-2.39554,114.26469,2012-08-08,1710,n,0,3.25,345.14,292.34,0.33,0.56,N,VIIRS,2,2012
-2.39504,114.26163,2012-08-08,1710,n,0,3.25,329.11,291.06,0.33,0.56,N,VIIRS,2,2012
-2.39041,114.26556,2012-08-08,1710,n,0,3.25,311.56,291.1,0.33,0.56,N,VIIRS,2,2012
-2.38527,114.26643,2012-08-08,1710,n,0,2.97,320.93,291.02,0.33,0.56,N,VIIRS,2,2012
-2.38014,114.26727,2012-08-08,1710,n,0,2.97,340.62,292.79,0.33,0.56,N,VIIRS,2,2012
-0.67545,116.92484,2012-08-09,550,n,0,7.08,333.89,293.1,0.5,0.41,N,VIIRS,2,2012
-0.45023,116.33043,2012-08-09,550,n,0,5.21,333.23,302.69,0.47,0.4,N,VIIRS,2,2012
-0.44659,116.32988,2012-08-09,550,n,0,5.21,330.44,299.85,0.47,0.4,N,VIIRS,2,2012
-0.28476,117.28626,2012-08-09,550,n,0,9.5,333.05,296.0,0.53,0.42,N,VIIRS,2,2012
-0.24219,117.40775,2012-08-09,550,n,0,3.29,332.0,298.15,0.54,0.42,N,VIIRS,2,2012
-0.2725,116.99051,2012-08-09,550,n,0,4.04,339.99,295.34,0.51,0.41,N,VIIRS,2,2012
-0.18741,117.03887,2012-08-09,550,n,0,10.79,339.25,295.65,0.51,0.41,N,VIIRS,2,2012
-1.45714,116.17294,2012-08-09,550,n,0,8.53,344.46,298.33,0.45,0.39,N,VIIRS,2,2012
-0.89535,117.02454,2012-08-09,550,n,0,5.48,334.62,294.03,0.5,0.41,N,VIIRS,2,2012
-0.88048,117.09671,2012-08-09,550,n,0,13.07,346.11,295.18,0.51,0.41,N,VIIRS,2,2012
-1.83548,115.58547,2012-08-09,550,n,0,4.01,332.29,290.96,0.42,0.38,N,VIIRS,2,2012
-1.81053,115.60896,2012-08-09,550,n,0,3.46,333.11,287.26,0.42,0.38,N,VIIRS,2,2012
-2.38619,116.50457,2012-08-09,550,n,0,3.12,332.61,288.3,0.45,0.39,N,VIIRS,2,2012
-2.37557,116.47782,2012-08-09,550,n,0,37.51,352.64,300.69,0.45,0.39,N,VIIRS,2,2012
-2.37198,116.47728,2012-08-09,550,n,0,5.82,340.05,297.04,0.45,0.39,N,VIIRS,2,2012
-2.44873,115.58623,2012-08-09,550,n,0,5.03,339.25,294.26,0.42,0.37,N,VIIRS,2,2012
-2.44656,115.58566,2012-08-09,550,n,0,7.99,341.35,293.58,0.42,0.37,N,VIIRS,2,2012
-2.29914,115.98936,2012-08-09,550,n,0,8.51,348.03,296.98,0.43,0.38,N,VIIRS,2,2012
-2.39064,115.37544,2012-08-09,550,n,0,3.74,336.81,293.8,0.41,0.37,N,VIIRS,2,2012
-2.23561,116.26688,2012-08-09,550,n,0,3.23,336.28,291.39,0.44,0.39,N,VIIRS,2,2012
-0.59954,115.86675,2012-08-09,550,n,0,6.12,336.64,300.76,0.44,0.39,N,VIIRS,2,2012
-0.70719,115.75306,2012-08-09,550,n,0,13.29,337.32,292.68,0.44,0.38,N,VIIRS,2,2012
-0.5617,117.2718,2012-08-09,550,n,0,3.99,335.72,296.55,0.52,0.42,N,VIIRS,2,2012
-0.56359,117.27002,2012-08-09,550,n,0,2.74,334.52,297.27,0.52,0.42,N,VIIRS,2,2012
-0.05135,116.3347,2012-08-09,551,n,0,2.62,331.23,297.52,0.47,0.4,N,VIIRS,2,2012
0.06291,116.37533,2012-08-09,551,n,0,14.14,337.06,293.18,0.48,0.4,N,VIIRS,2,2012
0.15025,115.35124,2012-08-09,551,n,0,6.38,335.81,296.56,0.43,0.38,N,VIIRS,2,2012
0.30826,116.1498,2012-08-09,551,n,0,23.87,336.37,300.35,0.47,0.39,N,VIIRS,2,2012
0.35777,116.13425,2012-08-09,551,n,0,15.09,341.64,299.15,0.47,0.39,N,VIIRS,2,2012
0.35386,116.08342,2012-08-09,551,n,0,16.18,335.28,298.48,0.46,0.39,N,VIIRS,2,2012
0.35323,116.07923,2012-08-09,551,n,0,7.43,331.4,293.74,0.46,0.39,N,VIIRS,2,2012
0.55384,117.33537,2012-08-09,551,n,0,8.7,341.42,294.46,0.54,0.42,N,VIIRS,2,2012
0.64553,117.64542,2012-08-09,551,n,0,10.66,336.93,296.09,0.57,0.43,N,VIIRS,2,2012
0.44029,116.06251,2012-08-09,551,n,0,28.17,344.05,300.18,0.46,0.39,N,VIIRS,2,2012
0.60726,116.66675,2012-08-09,551,n,0,5.01,332.09,295.38,0.5,0.41,N,VIIRS,2,2012
0.66062,116.81197,2012-08-09,551,n,0,15.85,345.7,296.49,0.51,0.41,N,VIIRS,2,2012
0.65977,116.81324,2012-08-09,551,n,0,7.58,332.94,295.53,0.51,0.41,N,VIIRS,2,2012
0.65909,116.80862,2012-08-09,551,n,0,7.58,330.63,295.4,0.51,0.41,N,VIIRS,2,2012
0.67724,116.52012,2012-08-09,551,n,0,1.55,329.43,292.52,0.49,0.4,N,VIIRS,2,2012
0.68029,116.51514,2012-08-09,551,n,0,3.52,330.79,295.8,0.49,0.4,N,VIIRS,2,2012
0.69351,116.47694,2012-08-09,551,n,0,4.84,336.84,292.17,0.49,0.4,N,VIIRS,2,2012
0.69283,116.47251,2012-08-09,551,n,0,4.84,334.47,291.89,0.49,0.4,N,VIIRS,2,2012
0.85662,116.88518,2012-08-09,551,n,0,15.7,344.22,296.58,0.52,0.41,N,VIIRS,2,2012
0.87095,116.82613,2012-08-09,551,n,0,16.36,335.33,292.73,0.51,0.41,N,VIIRS,2,2012
0.86916,116.8238,2012-08-09,551,n,0,11.79,344.44,295.9,0.51,0.41,N,VIIRS,2,2012
0.87297,116.82323,2012-08-09,551,n,0,7.84,340.01,292.92,0.51,0.41,N,VIIRS,2,2012
0.75986,114.38097,2012-08-09,551,n,0,14.25,337.1,298.99,0.4,0.37,N,VIIRS,2,2012
0.79607,114.52834,2012-08-09,551,n,0,9.15,350.24,298.16,0.41,0.37,N,VIIRS,2,2012
0.76844,114.25427,2012-08-09,551,n,0,14.64,345.0,290.63,0.4,0.37,N,VIIRS,2,2012
1.43499,118.35536,2012-08-09,551,n,0,7.47,335.43,294.39,0.43,0.46,N,VIIRS,2,2012
1.43441,118.35143,2012-08-09,551,n,0,6.36,338.79,294.76,0.43,0.46,N,VIIRS,2,2012
1.43865,118.35081,2012-08-09,551,n,0,6.32,343.52,294.17,0.43,0.46,N,VIIRS,2,2012
1.37488,117.75124,2012-08-09,551,n,0,2.15,330.33,291.02,0.39,0.44,N,VIIRS,2,2012
0.81335,113.67826,2012-08-09,551,n,0,34.41,336.7,303.09,0.39,0.36,N,VIIRS,2,2012
0.8167,113.67776,2012-08-09,551,n,0,71.61,342.84,297.53,0.39,0.36,N,VIIRS,2,2012
0.81617,113.67426,2012-08-09,551,n,0,71.61,330.05,297.88,0.39,0.36,N,VIIRS,2,2012
0.82286,113.67326,2012-08-09,551,n,0,7.94,331.71,296.91,0.39,0.36,N,VIIRS,2,2012
0.8923,114.07758,2012-08-09,551,n,0,9.98,347.19,300.81,0.4,0.37,N,VIIRS,2,2012
0.89622,114.08073,2012-08-09,551,n,0,2.91,334.31,296.09,0.4,0.37,N,VIIRS,2,2012
0.89515,114.07362,2012-08-09,551,n,0,4.65,332.77,296.68,0.4,0.37,N,VIIRS,2,2012
1.47975,117.87438,2012-08-09,551,n,0,4.56,343.71,299.58,0.4,0.44,N,VIIRS,2,2012
0.92092,114.08443,2012-08-09,551,n,0,18.41,335.18,298.63,0.4,0.37,N,VIIRS,2,2012
0.93374,114.10073,2012-08-09,551,n,0,5.52,336.26,297.61,0.4,0.37,N,VIIRS,2,2012
0.94655,114.11697,2012-08-09,551,n,0,20.58,335.68,299.13,0.4,0.37,N,VIIRS,2,2012
0.97387,114.16046,2012-08-09,551,n,0,2.56,332.18,298.09,0.4,0.37,N,VIIRS,2,2012
1.68764,118.03325,2012-08-09,551,n,0,3.5,337.16,294.77,0.41,0.45,N,VIIRS,2,2012
1.38465,115.70988,2012-08-09,551,n,0,9.38,346.05,297.52,0.46,0.39,N,VIIRS,2,2012
1.40752,115.71489,2012-08-09,551,n,0,4.6,331.96,296.07,0.46,0.39,N,VIIRS,2,2012
1.41174,115.71839,2012-08-09,551,n,0,7.57,331.96,295.33,0.46,0.39,N,VIIRS,2,2012
1.41113,115.71439,2012-08-09,551,n,0,4.6,338.77,298.08,0.46,0.39,N,VIIRS,2,2012
1.41474,115.71387,2012-08-09,551,n,0,4.21,336.67,295.36,0.46,0.39,N,VIIRS,2,2012
1.41834,115.71333,2012-08-09,551,n,0,4.21,330.79,294.54,0.46,0.39,N,VIIRS,2,2012
1.4395,115.73119,2012-08-09,551,n,0,2.8,332.12,295.63,0.46,0.39,N,VIIRS,2,2012
1.45757,115.72864,2012-08-09,551,n,0,7.4,334.14,296.06,0.46,0.39,N,VIIRS,2,2012
1.46181,115.73219,2012-08-09,551,n,0,11.31,344.99,296.67,0.46,0.39,N,VIIRS,2,2012
1.46922,115.75636,2012-08-09,551,n,0,15.24,332.21,295.59,0.46,0.39,N,VIIRS,2,2012
1.46859,115.75225,2012-08-09,551,n,0,15.24,355.21,300.33,0.46,0.39,N,VIIRS,2,2012
1.46542,115.73168,2012-08-09,551,n,0,11.31,344.72,295.37,0.46,0.39,N,VIIRS,2,2012
1.45877,115.72895,2012-08-09,551,n,0,8.58,345.0,295.44,0.46,0.39,N,VIIRS,2,2012
1.46603,115.75313,2012-08-09,551,n,0,7.76,335.5,298.28,0.46,0.39,N,VIIRS,2,2012
1.46298,115.73249,2012-08-09,551,n,0,8.58,332.87,296.77,0.46,0.39,N,VIIRS,2,2012
1.46965,115.75261,2012-08-09,551,n,0,19.64,353.7,296.67,0.46,0.39,N,VIIRS,2,2012
1.4666,115.73199,2012-08-09,551,n,0,46.04,335.87,295.43,0.46,0.39,N,VIIRS,2,2012
1.41319,115.34743,2012-08-09,551,n,0,49.14,339.51,302.21,0.44,0.38,N,VIIRS,2,2012
2.2061,117.83369,2012-08-09,551,n,0,6.53,353.54,296.5,0.41,0.45,N,VIIRS,2,2012
2.2041,117.8344,2012-08-09,551,n,0,11.34,350.67,298.02,0.41,0.45,N,VIIRS,2,2012
-0.59062,113.64661,2012-08-09,551,n,0,6.99,343.2,296.01,0.39,0.36,N,VIIRS,2,2012
-0.59396,113.64711,2012-08-09,551,n,0,6.99,333.77,295.62,0.39,0.36,N,VIIRS,2,2012
-0.16642,116.45452,2012-08-09,551,n,0,4.64,334.8,297.08,0.48,0.4,N,VIIRS,2,2012
-0.05678,117.44344,2012-08-09,551,n,0,5.25,334.12,298.67,0.54,0.42,N,VIIRS,2,2012
2.20822,117.8344,2012-08-09,1650,n,0,0.4,303.31,287.75,0.47,0.64,N,VIIRS,2,2012
1.60966,118.07464,2012-08-09,1650,n,0,1.09,309.94,288.17,0.45,0.63,N,VIIRS,2,2012
1.43818,118.3523,2012-08-09,1650,n,0,0.84,304.18,288.52,0.43,0.62,N,VIIRS,2,2012
1.48112,117.87516,2012-08-09,1650,n,0,1.16,309.4,287.38,0.46,0.63,N,VIIRS,2,2012
0.10536,117.46973,2012-08-09,1651,n,2,2.69,305.43,289.03,0.47,0.64,N,VIIRS,2,2012
0.10011,117.46446,2012-08-09,1651,n,2,3.82,324.07,289.19,0.47,0.64,N,VIIRS,2,2012
0.09006,117.46687,2012-08-09,1651,n,3,3.18,308.94,289.77,0.47,0.64,N,VIIRS,2,2012
0.0953,117.47204,2012-08-09,1651,n,3,3.18,326.84,289.32,0.47,0.64,N,VIIRS,2,2012
0.09598,117.46782,2012-08-09,1651,n,2,3.18,333.59,289.58,0.47,0.64,N,VIIRS,2,2012
0.09289,117.47192,2012-08-09,1651,n,3,5.12,323.27,290.48,0.47,0.64,N,VIIRS,2,2012
0.0942,117.46346,2012-08-09,1651,n,2,7.31,338.51,288.84,0.47,0.64,N,VIIRS,2,2012
0.09354,117.46768,2012-08-09,1651,n,3,5.12,339.2,290.1,0.47,0.64,N,VIIRS,2,2012
0.08938,117.47108,2012-08-09,1651,n,3,3.18,309.37,289.56,0.47,0.64,N,VIIRS,2,2012
-0.67354,116.53423,2012-08-09,1651,n,0,1.18,308.72,288.01,0.52,0.67,N,VIIRS,2,2012
-2.3769,114.25754,2012-08-09,1652,n,0,6.7,320.0,286.6,0.7,0.75,N,VIIRS,2,2012
-2.37801,114.264,2012-08-09,1652,n,0,5.12,318.55,287.02,0.7,0.75,N,VIIRS,2,2012
-2.37904,114.26405,2012-08-09,1652,n,0,4.74,318.92,287.08,0.7,0.75,N,VIIRS,2,2012
-2.37797,114.25758,2012-08-09,1652,n,0,4.74,322.71,287.13,0.7,0.75,N,VIIRS,2,2012
-2.39552,114.26889,2012-08-09,1832,n,0,1.44,300.51,287.05,0.59,0.7,N,VIIRS,2,2012
-2.39471,114.26355,2012-08-09,1832,n,0,1.44,312.35,287.63,0.59,0.7,N,VIIRS,2,2012
-2.3817,114.26548,2012-08-09,1832,n,0,5.83,321.32,287.84,0.59,0.7,N,VIIRS,2,2012
-2.3809,114.26008,2012-08-09,1832,n,0,11.11,343.38,288.47,0.59,0.7,N,VIIRS,2,2012
-1.79333,113.96004,2012-08-09,1832,n,0,0.57,299.7,286.71,0.55,0.68,N,VIIRS,2,2012
-2.22622,115.11362,2012-08-10,531,n,0,10.09,326.01,274.44,0.46,0.39,N,VIIRS,2,2012
-2.2256,115.1178,2012-08-10,531,n,0,10.09,355.45,279.53,0.46,0.39,N,VIIRS,2,2012
-2.37967,114.2582,2012-08-10,531,l,0,35.73,356.96,289.87,0.51,0.41,N,VIIRS,2,2012
-2.37899,114.26283,2012-08-10,531,n,0,35.73,351.77,289.08,0.51,0.41,N,VIIRS,2,2012
-2.38349,114.25876,2012-08-10,531,n,0,17.85,349.28,284.01,0.51,0.41,N,VIIRS,2,2012
-2.3828,114.26339,2012-08-10,531,n,0,17.85,357.45,286.46,0.51,0.41,N,VIIRS,2,2012
-2.3821,114.26804,2012-08-10,531,n,0,7.21,330.11,283.56,0.51,0.41,N,VIIRS,2,2012
-1.21505,114.70689,2012-08-10,531,n,0,18.64,345.17,291.86,0.47,0.4,N,VIIRS,2,2012
-1.33271,113.86459,2012-08-10,531,n,0,3.97,331.05,285.43,0.53,0.42,N,VIIRS,2,2012
-1.21871,114.70743,2012-08-10,531,n,0,18.64,348.3,295.64,0.47,0.4,N,VIIRS,2,2012
-1.25934,114.4355,2012-08-10,531,n,0,4.07,333.74,293.5,0.49,0.4,N,VIIRS,2,2012
-1.4828,113.899,2012-08-10,531,n,0,7.86,333.64,290.28,0.53,0.42,N,VIIRS,2,2012
-1.48737,113.89484,2012-08-10,531,n,0,7.86,326.72,289.54,0.53,0.42,N,VIIRS,2,2012
-1.48665,113.89957,2012-08-10,531,n,0,7.86,333.66,290.37,0.53,0.42,N,VIIRS,2,2012
-1.7971,113.95858,2012-08-10,531,n,0,14.57,340.25,294.51,0.53,0.42,N,VIIRS,2,2012
1.73221,117.92889,2012-08-10,532,n,0,5.1,336.12,296.74,0.39,0.36,N,VIIRS,2,2012
1.37779,115.70844,2012-08-10,532,n,0,6.06,339.79,294.55,0.41,0.37,N,VIIRS,2,2012
1.69113,117.99538,2012-08-10,532,n,0,1.41,331.46,292.93,0.39,0.36,N,VIIRS,2,2012
1.64503,117.95335,2012-08-10,532,n,0,3.22,330.23,297.79,0.39,0.36,N,VIIRS,2,2012
1.64556,117.95682,2012-08-10,532,n,0,2.76,333.26,297.8,0.39,0.36,N,VIIRS,2,2012
0.96558,113.50114,2012-08-10,532,n,0,30.03,342.23,296.79,0.52,0.41,N,VIIRS,2,2012
0.96176,113.50163,2012-08-10,532,n,0,41.18,333.83,297.48,0.52,0.41,N,VIIRS,2,2012
0.91957,113.63066,2012-08-10,532,n,0,10.59,339.24,295.05,0.51,0.41,N,VIIRS,2,2012
1.57997,117.9737,2012-08-10,532,n,0,10.12,336.12,302.6,0.39,0.36,N,VIIRS,2,2012
0.91948,113.62904,2012-08-10,532,n,0,8.93,339.69,294.81,0.51,0.41,N,VIIRS,2,2012
0.82159,113.67173,2012-08-10,532,n,0,10.23,332.23,297.41,0.51,0.41,N,VIIRS,2,2012
1.2347,116.94169,2012-08-10,532,n,0,6.0,343.27,296.26,0.39,0.36,N,VIIRS,2,2012
1.20319,116.9542,2012-08-10,532,n,0,7.45,336.11,297.68,0.39,0.36,N,VIIRS,2,2012
1.08554,117.85251,2012-08-10,532,n,0,4.34,336.39,282.16,0.38,0.36,N,VIIRS,2,2012
0.90198,116.93329,2012-08-10,532,n,0,14.02,347.79,302.12,0.39,0.36,N,VIIRS,2,2012
0.91796,117.94923,2012-08-10,532,n,0,3.19,339.41,294.2,0.39,0.36,N,VIIRS,2,2012
0.83539,117.58391,2012-08-10,532,n,0,3.68,338.97,302.29,0.38,0.36,N,VIIRS,2,2012
0.5824,116.69347,2012-08-10,532,n,0,2.86,332.2,298.67,0.39,0.36,N,VIIRS,2,2012
0.57905,116.69396,2012-08-10,532,n,0,2.86,333.61,298.31,0.39,0.36,N,VIIRS,2,2012
0.57539,116.73756,2012-08-10,532,n,0,7.73,354.12,302.65,0.39,0.36,N,VIIRS,2,2012
0.57204,116.73807,2012-08-10,532,n,0,7.73,338.17,300.87,0.39,0.36,N,VIIRS,2,2012
0.57258,116.74157,2012-08-10,532,n,0,3.87,333.19,298.92,0.39,0.36,N,VIIRS,2,2012
0.64185,117.24322,2012-08-10,532,n,0,17.73,338.7,296.46,0.39,0.36,N,VIIRS,2,2012
0.85815,118.83276,2012-08-10,532,n,0,6.34,339.91,301.02,0.4,0.37,N,VIIRS,2,2012
0.61314,117.23337,2012-08-10,532,n,0,19.16,346.94,300.61,0.39,0.36,N,VIIRS,2,2012
0.60651,117.29872,2012-08-10,532,n,0,3.2,339.63,296.01,0.38,0.36,N,VIIRS,2,2012
0.36686,116.07751,2012-08-10,532,n,0,33.06,345.88,294.59,0.4,0.37,N,VIIRS,2,2012
0.0406,116.3597,2012-08-10,532,n,0,2.89,336.13,297.55,0.4,0.37,N,VIIRS,2,2012
-0.10607,116.0638,2012-08-10,532,n,0,4.14,333.07,295.3,0.41,0.37,N,VIIRS,2,2012
-0.10551,116.06747,2012-08-10,532,n,0,4.14,337.95,295.52,0.41,0.37,N,VIIRS,2,2012
-0.10949,116.06434,2012-08-10,532,n,0,5.01,348.77,296.03,0.41,0.37,N,VIIRS,2,2012
-0.10893,116.06797,2012-08-10,532,n,0,5.01,343.01,297.82,0.41,0.37,N,VIIRS,2,2012
0.09727,117.46593,2012-08-10,532,n,3,3.54,336.46,299.94,0.38,0.36,N,VIIRS,2,2012
0.09394,117.46642,2012-08-10,532,n,2,3.54,331.83,298.53,0.38,0.36,N,VIIRS,2,2012
0.09552,117.47677,2012-08-10,532,n,2,3.25,335.59,301.09,0.38,0.36,N,VIIRS,2,2012
0.06974,117.43552,2012-08-10,532,n,0,19.87,344.43,301.08,0.38,0.36,N,VIIRS,2,2012
-0.03382,116.81789,2012-08-10,532,n,0,4.08,333.43,301.4,0.39,0.36,N,VIIRS,2,2012
-0.05319,116.87101,2012-08-10,532,n,0,5.27,341.04,298.89,0.39,0.36,N,VIIRS,2,2012
-0.10172,116.61883,2012-08-10,532,n,0,5.06,331.3,299.23,0.39,0.37,N,VIIRS,2,2012
-0.10455,116.62289,2012-08-10,532,n,0,3.84,331.43,298.22,0.39,0.37,N,VIIRS,2,2012
-0.10845,116.61983,2012-08-10,532,n,0,5.5,341.71,301.36,0.39,0.37,N,VIIRS,2,2012
-0.15,116.41477,2012-08-10,532,n,0,5.02,332.68,299.33,0.4,0.37,N,VIIRS,2,2012
-0.3008,116.02135,2012-08-10,532,n,0,4.43,333.24,298.0,0.41,0.37,N,VIIRS,2,2012
-0.30024,116.02502,2012-08-10,532,n,0,9.21,335.66,299.45,0.41,0.37,N,VIIRS,2,2012
-0.20889,117.04525,2012-08-10,532,n,0,2.96,333.73,296.5,0.39,0.36,N,VIIRS,2,2012
-0.40687,116.35825,2012-08-10,532,n,0,5.43,345.64,294.28,0.4,0.37,N,VIIRS,2,2012
-1.31693,113.83031,2012-08-10,532,n,0,5.01,331.5,279.29,0.53,0.42,N,VIIRS,2,2012
0.09211,117.47103,2012-08-10,532,n,3,7.81,345.83,300.06,0.38,0.36,N,VIIRS,2,2012
1.94878,116.57115,2012-08-10,532,n,0,6.17,331.64,297.52,0.39,0.36,N,VIIRS,2,2012
2.1687,117.66274,2012-08-10,532,n,0,9.32,339.79,299.13,0.39,0.36,N,VIIRS,2,2012
2.20422,117.83393,2012-08-10,532,n,0,3.75,339.54,302.51,0.39,0.36,N,VIIRS,2,2012
2.20755,117.83343,2012-08-10,532,n,0,3.75,332.08,301.19,0.39,0.36,N,VIIRS,2,2012
1.76013,114.90882,2012-08-10,532,n,0,2.89,327.11,291.99,0.43,0.38,N,VIIRS,2,2012
2.20305,117.53312,2012-08-10,532,n,0,15.02,335.03,295.91,0.38,0.36,N,VIIRS,2,2012
1.82893,114.84255,2012-08-10,532,n,0,4.3,338.77,295.21,0.43,0.38,N,VIIRS,2,2012
1.83245,114.84206,2012-08-10,532,n,0,10.45,345.04,295.19,0.43,0.38,N,VIIRS,2,2012
1.95203,115.08324,2012-08-10,532,n,0,4.22,337.5,291.56,0.42,0.38,N,VIIRS,2,2012
1.6569,115.03898,2012-08-10,532,n,0,59.28,349.54,300.47,0.43,0.38,N,VIIRS,2,2012
1.93843,117.3485,2012-08-10,532,n,0,10.11,347.14,296.07,0.38,0.36,N,VIIRS,2,2012
1.84213,117.82669,2012-08-10,532,n,0,2.39,333.66,298.76,0.39,0.36,N,VIIRS,2,2012
1.45908,115.37006,2012-08-10,532,n,0,5.12,337.8,294.51,0.42,0.38,N,VIIRS,2,2012
1.45506,115.36687,2012-08-10,532,n,0,6.53,340.95,296.69,0.42,0.38,N,VIIRS,2,2012
1.42168,115.35653,2012-08-10,532,n,0,3.3,331.88,296.63,0.42,0.38,N,VIIRS,2,2012
0.09305,117.47611,2012-08-10,1812,n,0,4.57,306.49,289.04,0.43,0.62,N,VIIRS,2,2012
0.09425,117.46832,2012-08-10,1812,n,3,4.65,304.06,288.7,0.42,0.61,N,VIIRS,2,2012
0.09365,117.47223,2012-08-10,1812,h,3,4.65,367.0,289.99,0.43,0.62,N,VIIRS,2,2012
0.08973,117.47442,2012-08-10,1812,n,3,7.29,344.42,289.45,0.42,0.61,N,VIIRS,2,2012
0.09035,117.47055,2012-08-10,1812,n,3,9.56,342.06,289.61,0.42,0.61,N,VIIRS,2,2012
0.10741,117.47314,2012-08-10,1812,n,2,0.9,305.67,285.61,0.42,0.61,N,VIIRS,2,2012
0.68008,117.19889,2012-08-10,1812,n,0,1.56,316.68,286.87,0.4,0.6,N,VIIRS,2,2012
0.89595,117.15632,2012-08-10,1812,n,0,1.78,313.75,288.29,0.39,0.6,N,VIIRS,2,2012
0.89536,117.15692,2012-08-10,1812,n,0,1.09,303.69,287.96,0.39,0.6,N,VIIRS,2,2012
0.89597,117.15322,2012-08-10,1812,n,0,1.41,305.16,288.13,0.39,0.6,N,VIIRS,2,2012
1.62213,117.18855,2012-08-10,1812,n,0,1.78,296.98,286.16,0.38,0.59,N,VIIRS,2,2012
1.62346,117.18823,2012-08-10,1812,n,0,0.8,299.72,286.34,0.38,0.59,N,VIIRS,2,2012
1.62377,118.07288,2012-08-10,1812,n,0,0.8,300.14,283.83,0.44,0.63,N,VIIRS,2,2012
2.06801,117.06136,2012-08-10,1812,n,0,0.78,298.04,284.19,0.37,0.58,N,VIIRS,2,2012
-0.10675,116.07021,2012-08-10,1813,n,0,0.38,300.44,288.29,0.34,0.56,N,VIIRS,2,2012
-0.11092,116.06308,2012-08-10,1813,h,0,10.66,367.0,290.84,0.34,0.56,N,VIIRS,2,2012
-0.11142,116.0662,2012-08-10,1813,h,0,10.66,367.0,290.23,0.34,0.56,N,VIIRS,2,2012
-0.11192,116.06933,2012-08-10,1813,n,0,4.39,316.25,288.38,0.34,0.56,N,VIIRS,2,2012
-0.11611,116.06229,2012-08-10,1813,n,0,10.66,340.18,288.3,0.34,0.56,N,VIIRS,2,2012
-0.11661,116.06541,2012-08-10,1813,h,0,10.66,367.0,288.84,0.34,0.56,N,VIIRS,2,2012
-0.11711,116.06853,2012-08-10,1813,n,0,4.39,328.87,288.35,0.34,0.56,N,VIIRS,2,2012
-0.11205,116.06263,2012-08-10,1813,h,0,14.09,367.0,289.89,0.34,0.56,N,VIIRS,2,2012
-0.11253,116.06576,2012-08-10,1813,n,0,14.09,353.49,291.22,0.34,0.56,N,VIIRS,2,2012
-0.11301,116.06889,2012-08-10,1813,n,0,4.12,354.66,289.29,0.34,0.56,N,VIIRS,2,2012
-0.11349,116.07203,2012-08-10,1813,n,0,4.12,302.6,288.1,0.34,0.56,N,VIIRS,2,2012
-0.11772,116.06498,2012-08-10,1813,n,0,14.09,309.17,288.15,0.34,0.56,N,VIIRS,2,2012
-0.1182,116.06809,2012-08-10,1813,n,0,4.12,309.18,288.17,0.34,0.56,N,VIIRS,2,2012
-0.44323,117.61417,2012-08-10,1813,n,0,0.52,301.7,281.27,0.44,0.63,N,VIIRS,2,2012
-1.17347,114.67681,2012-08-10,1813,n,0,1.56,309.1,289.44,0.57,0.52,N,VIIRS,2,2012
-1.17827,114.67613,2012-08-10,1813,n,0,1.4,306.0,289.37,0.57,0.52,N,VIIRS,2,2012
-1.1778,114.67484,2012-08-10,1813,n,0,2.03,314.5,289.35,0.57,0.52,N,VIIRS,2,2012
-1.44986,116.17207,2012-08-10,1813,n,0,0.55,301.29,284.87,0.37,0.58,N,VIIRS,2,2012
-1.45571,116.17458,2012-08-10,1813,n,0,0.63,301.67,285.02,0.37,0.58,N,VIIRS,2,2012
-1.5296,113.63493,2012-08-10,1813,n,0,1.26,299.76,288.29,0.49,0.49,N,VIIRS,2,2012
-2.21114,114.76965,2012-08-10,1813,n,0,1.43,307.04,289.08,0.6,0.53,N,VIIRS,2,2012
-2.21196,114.77509,2012-08-10,1813,n,0,1.43,303.15,288.56,0.6,0.53,N,VIIRS,2,2012
-2.29628,115.16328,2012-08-10,1813,n,0,0.7,314.3,288.59,0.32,0.55,N,VIIRS,2,2012
-2.23106,114.44695,2012-08-10,1813,n,0,1.31,301.82,289.15,0.57,0.52,N,VIIRS,2,2012
-2.23187,114.45211,2012-08-10,1813,n,0,1.41,304.41,289.02,0.57,0.52,N,VIIRS,2,2012
-2.23348,114.46242,2012-08-10,1813,n,0,1.79,310.44,289.02,0.57,0.52,N,VIIRS,2,2012
-2.23128,114.45068,2012-08-10,1813,n,0,2.23,306.42,289.18,0.57,0.52,N,VIIRS,2,2012
-2.23357,114.46619,2012-08-10,1813,n,0,1.12,312.06,288.66,0.57,0.52,N,VIIRS,2,2012
-2.37777,114.25974,2012-08-10,1813,n,0,3.91,332.51,291.22,0.56,0.51,N,VIIRS,2,2012
-2.377,114.25468,2012-08-10,1813,n,0,3.22,314.35,289.72,0.56,0.51,N,VIIRS,2,2012
-2.37854,114.26478,2012-08-10,1813,n,0,3.91,310.18,289.62,0.56,0.51,N,VIIRS,2,2012
-2.38097,114.24894,2012-08-10,1813,n,0,9.35,323.08,289.76,0.56,0.51,N,VIIRS,2,2012
-2.38174,114.25397,2012-08-10,1813,n,0,9.35,349.5,292.77,0.56,0.51,N,VIIRS,2,2012
-2.38251,114.25901,2012-08-10,1813,h,0,13.03,367.0,296.74,0.56,0.51,N,VIIRS,2,2012
-2.38328,114.26405,2012-08-10,1813,n,0,13.03,324.0,289.61,0.56,0.51,N,VIIRS,2,2012
-2.38648,114.25326,2012-08-10,1813,n,0,9.35,322.39,288.85,0.56,0.51,N,VIIRS,2,2012
-2.38726,114.2583,2012-08-10,1813,n,0,13.03,320.03,288.53,0.56,0.51,N,VIIRS,2,2012
-2.40214,114.32339,2012-08-10,1813,n,0,1.07,308.52,289.32,0.56,0.52,N,VIIRS,2,2012
-2.3983,114.26693,2012-08-10,1813,n,0,2.26,309.92,289.18,0.56,0.51,N,VIIRS,2,2012
-2.44684,114.26173,2012-08-10,1813,n,0,7.64,341.36,290.23,0.56,0.51,N,VIIRS,2,2012
-2.43333,114.25926,2012-08-11,512,l,0,17.33,356.58,275.0,0.35,0.57,N,VIIRS,2,2012
-2.43954,114.25365,2012-08-11,512,l,0,10.63,357.38,273.66,0.35,0.57,N,VIIRS,2,2012
-2.43906,114.25683,2012-08-11,512,l,0,20.65,357.36,277.23,0.35,0.57,N,VIIRS,2,2012
-2.43858,114.26001,2012-08-11,512,l,0,20.65,357.38,277.71,0.35,0.57,N,VIIRS,2,2012
-2.4381,114.26319,2012-08-11,512,n,0,11.62,348.45,272.82,0.35,0.57,N,VIIRS,2,2012
-2.44432,114.25759,2012-08-11,512,l,0,20.65,356.78,274.68,0.35,0.57,N,VIIRS,2,2012
-2.44384,114.26076,2012-08-11,512,l,0,20.65,356.83,275.4,0.35,0.57,N,VIIRS,2,2012
-2.4448,114.25441,2012-08-11,512,n,0,10.63,342.33,272.93,0.35,0.57,N,VIIRS,2,2012
-2.44336,114.26395,2012-08-11,512,n,0,11.62,327.21,273.27,0.35,0.57,N,VIIRS,2,2012
-2.44958,114.25833,2012-08-11,512,l,0,8.27,356.03,271.71,0.35,0.57,N,VIIRS,2,2012
-2.4491,114.26151,2012-08-11,512,l,0,8.27,356.02,271.88,0.35,0.57,N,VIIRS,2,2012
-1.89375,114.32783,2012-08-11,512,n,0,2.83,338.78,291.19,0.34,0.56,N,VIIRS,2,2012
-1.89422,114.32844,2012-08-11,512,n,0,2.7,337.85,290.73,0.34,0.56,N,VIIRS,2,2012
-2.3803,114.25492,2012-08-11,512,n,0,4.25,326.27,273.85,0.35,0.57,N,VIIRS,2,2012
-2.37983,114.25809,2012-08-11,512,n,0,4.25,336.47,274.91,0.35,0.57,N,VIIRS,2,2012
-2.37936,114.26126,2012-08-11,512,n,0,6.42,330.22,275.16,0.35,0.57,N,VIIRS,2,2012
0.69953,116.52921,2012-08-11,513,n,0,5.91,326.08,287.58,0.44,0.46,N,VIIRS,2,2012
0.92689,118.24748,2012-08-11,513,n,0,60.59,346.68,291.91,0.52,0.41,N,VIIRS,2,2012
0.64102,116.73433,2012-08-11,513,n,0,5.04,339.53,279.28,0.43,0.46,N,VIIRS,2,2012
0.26515,115.46193,2012-08-11,513,n,0,14.89,337.21,289.51,0.53,0.5,N,VIIRS,2,2012
0.26588,115.46668,2012-08-11,513,n,0,27.4,341.04,291.74,0.53,0.5,N,VIIRS,2,2012
-0.09391,116.59947,2012-08-11,513,n,0,4.72,336.43,284.68,0.45,0.47,N,VIIRS,2,2012
-0.23928,116.52783,2012-08-11,513,n,0,4.14,326.05,292.04,0.46,0.47,N,VIIRS,2,2012
-0.23864,116.53194,2012-08-11,513,n,0,4.14,334.62,291.24,0.46,0.47,N,VIIRS,2,2012
-0.36839,116.41483,2012-08-11,513,n,0,5.66,336.74,293.79,0.47,0.47,N,VIIRS,2,2012
-0.38187,116.35638,2012-08-11,513,n,0,2.98,329.02,294.31,0.47,0.48,N,VIIRS,2,2012
-0.38122,116.36063,2012-08-11,513,n,0,4.05,325.47,292.87,0.47,0.48,N,VIIRS,2,2012
-0.38628,116.35704,2012-08-11,513,n,0,2.98,328.19,293.17,0.47,0.48,N,VIIRS,2,2012
-0.41341,116.26934,2012-08-11,513,n,0,2.9,330.54,292.35,0.48,0.48,N,VIIRS,2,2012
-0.40941,116.29509,2012-08-11,513,n,0,2.61,333.59,294.89,0.48,0.48,N,VIIRS,2,2012
-0.39948,116.35899,2012-08-11,513,n,0,7.65,346.64,292.07,0.47,0.48,N,VIIRS,2,2012
-0.42817,116.31971,2012-08-11,513,n,0,4.94,337.7,292.41,0.47,0.48,N,VIIRS,2,2012
-0.4275,116.32397,2012-08-11,513,n,0,2.96,329.99,292.26,0.47,0.48,N,VIIRS,2,2012
-0.42775,116.31873,2012-08-11,513,n,0,4.59,325.36,291.68,0.47,0.48,N,VIIRS,2,2012
-0.42711,116.32303,2012-08-11,513,n,0,4.31,331.08,292.97,0.47,0.48,N,VIIRS,2,2012
-0.44919,116.32633,2012-08-11,513,n,0,6.77,333.16,293.89,0.47,0.48,N,VIIRS,2,2012
-0.46946,116.31184,2012-08-11,513,n,0,20.07,350.99,295.73,0.48,0.48,N,VIIRS,2,2012
-0.47453,116.3082,2012-08-11,513,n,0,5.58,326.08,295.02,0.48,0.48,N,VIIRS,2,2012
-0.47388,116.31249,2012-08-11,513,n,0,20.07,354.13,296.43,0.48,0.48,N,VIIRS,2,2012
-0.47323,116.31677,2012-08-11,513,n,0,20.07,326.2,293.01,0.47,0.48,N,VIIRS,2,2012
-0.47765,116.31743,2012-08-11,513,n,0,8.22,333.58,295.25,0.47,0.48,N,VIIRS,2,2012
-0.4801,116.33092,2012-08-11,513,n,0,8.49,337.42,297.71,0.47,0.48,N,VIIRS,2,2012
-1.29155,115.29926,2012-08-11,513,n,0,4.02,330.24,288.21,0.57,0.52,N,VIIRS,2,2012
-1.60088,114.74142,2012-08-11,513,n,0,4.8,326.9,290.54,0.63,0.54,N,VIIRS,2,2012
-1.78149,114.46236,2012-08-11,513,n,0,4.3,325.98,289.53,0.33,0.55,N,VIIRS,2,2012
2.24528,116.99453,2012-08-11,513,n,0,1.85,325.99,289.3,0.39,0.44,N,VIIRS,2,2012
2.06148,117.2281,2012-08-11,513,n,0,5.4,332.86,281.6,0.57,0.43,N,VIIRS,2,2012
1.4861,117.87677,2012-08-11,513,n,0,7.48,326.35,288.92,0.53,0.42,N,VIIRS,2,2012
1.26731,117.02283,2012-08-11,513,n,0,3.82,338.4,289.43,0.4,0.44,N,VIIRS,2,2012
1.31838,117.59257,2012-08-11,513,n,0,4.9,332.05,293.03,0.56,0.43,N,VIIRS,2,2012
1.31444,117.59324,2012-08-11,513,n,0,4.9,331.33,294.11,0.56,0.43,N,VIIRS,2,2012
1.21644,117.52811,2012-08-11,513,n,0,7.04,331.21,294.2,0.56,0.43,N,VIIRS,2,2012
1.07781,116.74345,2012-08-11,513,n,0,24.25,340.97,287.85,0.42,0.45,N,VIIRS,2,2012
0.97625,116.86333,2012-08-11,513,n,0,2.41,329.34,293.17,0.42,0.45,N,VIIRS,2,2012
0.97209,116.86396,2012-08-11,513,n,0,3.08,330.23,294.3,0.42,0.45,N,VIIRS,2,2012
0.6989,116.52518,2012-08-11,513,n,0,5.91,338.69,290.45,0.44,0.46,N,VIIRS,2,2012
2.28938,117.03472,2012-08-11,514,n,0,3.79,338.83,291.77,0.39,0.44,N,VIIRS,2,2012
2.29341,117.0341,2012-08-11,514,n,0,3.79,341.13,292.89,0.39,0.44,N,VIIRS,2,2012
2.4609,117.48453,2012-08-11,514,n,0,19.01,335.24,293.38,0.55,0.42,N,VIIRS,2,2012
2.46079,117.4866,2012-08-11,514,n,0,20.94,345.51,294.07,0.55,0.42,N,VIIRS,2,2012
-2.29665,115.16256,2012-08-11,1754,n,0,0.86,304.89,286.19,0.48,0.4,N,VIIRS,2,2012
-2.2137,114.77434,2012-08-11,1754,n,0,1.03,305.94,289.25,0.46,0.39,N,VIIRS,2,2012
-2.21306,114.77023,2012-08-11,1754,n,0,4.71,332.55,291.59,0.46,0.39,N,VIIRS,2,2012
-0.12728,116.0712,2012-08-11,1754,n,0,0.64,297.09,259.87,0.51,0.41,N,VIIRS,2,2012
-0.12657,116.06665,2012-08-11,1754,n,0,0.64,301.51,262.01,0.51,0.41,N,VIIRS,2,2012
-0.12351,116.07177,2012-08-11,1754,n,0,3.76,332.96,253.81,0.51,0.41,N,VIIRS,2,2012
-0.1228,116.06721,2012-08-11,1754,n,0,3.76,341.06,256.86,0.51,0.41,N,VIIRS,2,2012
-0.11973,116.07234,2012-08-11,1754,n,0,3.76,300.98,253.19,0.51,0.41,N,VIIRS,2,2012
-0.11902,116.06779,2012-08-11,1754,n,0,3.76,301.18,253.55,0.51,0.41,N,VIIRS,2,2012
0.08941,117.47318,2012-08-11,1754,n,3,2.38,315.84,286.37,0.41,0.45,N,VIIRS,2,2012
0.08998,117.46953,2012-08-11,1754,n,3,3.39,321.82,287.91,0.41,0.45,N,VIIRS,2,2012
0.09351,117.47382,2012-08-11,1754,n,3,2.38,317.31,286.42,0.41,0.45,N,VIIRS,2,2012
0.09408,117.47017,2012-08-11,1754,n,3,3.39,324.87,287.49,0.41,0.45,N,VIIRS,2,2012
0.09705,117.47812,2012-08-11,1754,n,2,8.9,342.75,286.14,0.41,0.45,N,VIIRS,2,2012
0.10641,117.47204,2012-08-11,1754,n,2,2.42,308.87,285.6,0.41,0.45,N,VIIRS,2,2012
-2.23107,114.44981,2012-08-11,1754,n,0,1.09,308.75,290.2,0.44,0.39,N,VIIRS,2,2012
-2.23168,114.45378,2012-08-11,1754,n,0,1.09,304.32,290.0,0.44,0.39,N,VIIRS,2,2012
-2.2323,114.45777,2012-08-11,1754,n,0,0.69,303.44,289.8,0.44,0.39,N,VIIRS,2,2012
-2.23291,114.46175,2012-08-11,1754,n,0,0.69,302.73,289.39,0.44,0.39,N,VIIRS,2,2012
-2.23352,114.46574,2012-08-11,1754,n,0,0.46,304.48,289.65,0.44,0.39,N,VIIRS,2,2012
-2.23279,114.43731,2012-08-11,1754,n,0,2.29,318.37,290.13,0.44,0.39,N,VIIRS,2,2012
-2.2334,114.44129,2012-08-11,1754,n,0,1.92,311.46,289.72,0.44,0.39,N,VIIRS,2,2012
-2.37789,114.25435,2012-08-11,1754,n,0,2.4,310.11,289.05,0.44,0.38,N,VIIRS,2,2012
-2.37851,114.25826,2012-08-11,1754,n,0,2.1,318.7,291.54,0.44,0.38,N,VIIRS,2,2012
-2.37912,114.26218,2012-08-11,1754,n,0,2.1,317.52,291.23,0.44,0.38,N,VIIRS,2,2012
-2.37974,114.26611,2012-08-11,1754,n,0,0.6,304.13,289.76,0.44,0.38,N,VIIRS,2,2012
-2.3808,114.24989,2012-08-11,1754,n,0,5.66,324.34,291.18,0.44,0.38,N,VIIRS,2,2012
-2.38142,114.25381,2012-08-11,1754,n,0,5.66,325.85,291.97,0.44,0.38,N,VIIRS,2,2012
-2.38203,114.25773,2012-08-11,1754,n,0,20.23,353.46,297.8,0.44,0.38,N,VIIRS,2,2012
-2.38265,114.26165,2012-08-11,1754,n,0,20.23,349.19,296.53,0.44,0.38,N,VIIRS,2,2012
-2.38019,114.24597,2012-08-11,1754,n,0,3.28,315.6,286.84,0.44,0.38,N,VIIRS,2,2012
-2.38327,114.26556,2012-08-11,1754,n,0,1.73,306.34,289.87,0.44,0.38,N,VIIRS,2,2012
-2.38494,114.25327,2012-08-11,1754,n,0,5.66,348.87,295.41,0.44,0.38,N,VIIRS,2,2012
-2.38556,114.25719,2012-08-11,1754,h,0,20.23,367.0,302.38,0.44,0.38,N,VIIRS,2,2012
-2.38618,114.2611,2012-08-11,1754,n,0,20.23,353.77,304.02,0.44,0.38,N,VIIRS,2,2012
-2.38847,114.25273,2012-08-11,1754,n,0,7.18,340.55,291.93,0.44,0.38,N,VIIRS,2,2012
-2.38908,114.25665,2012-08-11,1754,n,0,9.71,332.33,290.98,0.44,0.38,N,VIIRS,2,2012
-2.3897,114.26057,2012-08-11,1754,n,0,9.71,347.74,293.99,0.44,0.38,N,VIIRS,2,2012
-2.38818,114.25327,2012-08-11,1754,n,0,9.07,349.43,292.94,0.44,0.38,N,VIIRS,2,2012
-2.38877,114.25719,2012-08-11,1754,n,0,11.13,342.77,291.92,0.44,0.38,N,VIIRS,2,2012
-2.38937,114.26112,2012-08-11,1754,n,0,11.13,345.96,294.32,0.44,0.38,N,VIIRS,2,2012
-2.39703,114.26395,2012-08-11,1754,n,0,0.84,306.2,289.44,0.44,0.38,N,VIIRS,2,2012
-2.43142,114.3232,2012-08-11,1754,n,0,2.47,324.77,290.37,0.44,0.38,N,VIIRS,2,2012
-2.42877,114.25907,2012-08-11,1754,n,0,2.11,328.62,291.6,0.44,0.38,N,VIIRS,2,2012
-2.42938,114.263,2012-08-11,1754,n,0,2.11,310.89,289.92,0.44,0.38,N,VIIRS,2,2012
-2.4323,114.25853,2012-08-11,1754,h,0,14.64,367.0,299.76,0.44,0.38,N,VIIRS,2,2012
-2.4329,114.26246,2012-08-11,1754,n,0,14.64,333.29,292.13,0.44,0.38,N,VIIRS,2,2012
-2.43169,114.25461,2012-08-11,1754,n,0,2.06,305.51,289.91,0.44,0.38,N,VIIRS,2,2012
-2.43582,114.258,2012-08-11,1754,n,0,14.64,354.04,296.9,0.44,0.38,N,VIIRS,2,2012
-2.43643,114.26192,2012-08-11,1754,n,0,14.64,345.49,295.27,0.44,0.38,N,VIIRS,2,2012
-2.43522,114.25406,2012-08-11,1754,n,0,2.06,304.06,289.79,0.44,0.38,N,VIIRS,2,2012
-2.43935,114.25744,2012-08-11,1754,n,0,8.99,355.28,295.98,0.44,0.38,N,VIIRS,2,2012
-2.43996,114.26138,2012-08-11,1754,n,0,8.99,351.22,295.93,0.44,0.38,N,VIIRS,2,2012
-2.43874,114.25351,2012-08-11,1754,n,0,2.46,319.95,290.97,0.44,0.38,N,VIIRS,2,2012
-2.44288,114.2569,2012-08-11,1754,n,0,8.99,349.9,294.88,0.44,0.38,N,VIIRS,2,2012
-2.44349,114.26083,2012-08-11,1754,n,0,8.99,354.68,296.27,0.44,0.38,N,VIIRS,2,2012
-2.44227,114.25298,2012-08-11,1754,n,0,2.46,310.76,289.71,0.44,0.38,N,VIIRS,2,2012
-2.4464,114.25636,2012-08-11,1754,n,0,6.06,331.53,291.95,0.44,0.38,N,VIIRS,2,2012
-2.44701,114.26029,2012-08-11,1754,n,0,6.06,343.9,294.35,0.44,0.38,N,VIIRS,2,2012
-2.44762,114.26422,2012-08-11,1754,n,0,1.81,302.7,290.13,0.44,0.38,N,VIIRS,2,2012
-2.45054,114.25975,2012-08-11,1754,n,0,6.06,355.82,296.82,0.44,0.38,N,VIIRS,2,2012
-2.45115,114.26368,2012-08-11,1754,n,0,1.81,328.64,291.58,0.44,0.38,N,VIIRS,2,2012
-2.44993,114.25581,2012-08-11,1754,n,0,6.06,304.43,289.31,0.44,0.38,N,VIIRS,2,2012
-2.45407,114.25921,2012-08-11,1754,n,0,2.84,325.58,289.61,0.44,0.38,N,VIIRS,2,2012
-2.143,115.21073,2012-08-11,1754,n,0,0.68,308.71,289.63,0.48,0.4,N,VIIRS,2,2012
-2.00605,115.91628,2012-08-11,1754,n,0,1.15,307.83,288.6,0.52,0.42,N,VIIRS,2,2012
-2.00364,115.9147,2012-08-11,1754,n,0,0.87,305.08,288.58,0.52,0.42,N,VIIRS,2,2012
-1.91986,114.25333,2012-08-11,1754,n,0,1.46,319.0,282.4,0.43,0.38,N,VIIRS,2,2012
-1.91635,114.25387,2012-08-11,1754,n,0,0.51,304.57,280.36,0.43,0.38,N,VIIRS,2,2012
-0.83069,115.87964,2012-08-11,1754,n,0,0.87,306.81,284.89,0.5,0.41,N,VIIRS,2,2012
-0.77815,115.89099,2012-08-11,1754,n,0,1.24,309.38,288.09,0.5,0.41,N,VIIRS,2,2012
-0.69264,115.51575,2012-08-11,1754,n,0,4.15,331.62,288.52,0.48,0.4,N,VIIRS,2,2012
-0.68896,115.51633,2012-08-11,1754,n,0,4.15,305.17,286.75,0.48,0.4,N,VIIRS,2,2012
-2.43137,114.25554,2012-08-12,453,n,0,12.45,343.58,284.9,0.74,0.76,N,VIIRS,2,2012
-2.4304,114.26235,2012-08-12,453,n,0,16.04,347.21,284.41,0.74,0.76,N,VIIRS,2,2012
-2.43847,114.25657,2012-08-12,453,n,0,13.2,332.31,284.98,0.74,0.76,N,VIIRS,2,2012
-2.4375,114.26339,2012-08-12,453,n,0,17.29,339.04,285.06,0.74,0.76,N,VIIRS,2,2012
-2.43504,114.258,2012-08-12,454,l,0,11.87,356.48,285.87,0.74,0.76,N,VIIRS,2,2012
-2.43403,114.26479,2012-08-12,454,n,0,11.87,336.13,284.92,0.74,0.76,N,VIIRS,2,2012
-2.44214,114.25897,2012-08-12,454,n,0,11.87,326.28,284.45,0.74,0.76,N,VIIRS,2,2012
-2.44924,114.25996,2012-08-12,454,n,0,12.19,348.72,285.09,0.74,0.76,N,VIIRS,2,2012
-2.45635,114.26088,2012-08-12,454,n,0,12.19,332.71,284.59,0.74,0.76,N,VIIRS,2,2012
1.64872,117.88904,2012-08-12,454,n,0,4.13,338.79,289.22,0.36,0.58,N,VIIRS,2,2012
1.64922,117.8922,2012-08-12,454,n,0,4.13,334.37,287.47,0.36,0.58,N,VIIRS,2,2012
-2.42795,114.257,2012-08-12,454,n,0,5.96,325.34,283.15,0.74,0.76,N,VIIRS,2,2012
2.22663,117.07893,2012-08-12,455,n,0,4.52,344.67,289.03,0.4,0.6,N,VIIRS,2,2012
2.22655,117.06666,2012-08-12,455,n,0,3.68,327.3,288.51,0.4,0.6,N,VIIRS,2,2012
2.22271,117.07843,2012-08-12,455,n,0,6.84,353.18,290.59,0.4,0.6,N,VIIRS,2,2012
1.9927,117.19087,2012-08-12,455,l,0,6.79,356.88,282.95,0.4,0.6,N,VIIRS,2,2012
1.98717,117.19188,2012-08-12,455,n,0,13.45,356.68,289.19,0.4,0.6,N,VIIRS,2,2012
1.98777,117.19564,2012-08-12,455,h,0,19.86,367.0,290.34,0.4,0.6,N,VIIRS,2,2012
1.98433,117.24477,2012-08-12,455,h,0,17.42,367.0,292.81,0.4,0.6,N,VIIRS,2,2012
1.98373,117.24107,2012-08-12,455,n,0,17.42,341.62,287.71,0.4,0.6,N,VIIRS,2,2012
-2.43024,114.26025,2012-08-12,634,n,0,2.27,327.83,275.25,0.56,0.69,N,VIIRS,2,2012
-2.38089,114.24213,2012-08-12,634,n,0,9.93,348.91,275.2,0.56,0.68,N,VIIRS,2,2012
1.98889,117.19257,2012-08-12,1734,n,0,1.0,307.68,290.59,0.38,0.36,N,VIIRS,2,2012
1.47351,117.88873,2012-08-12,1734,n,0,1.68,332.09,276.0,0.39,0.36,N,VIIRS,2,2012
1.47019,117.88822,2012-08-12,1734,n,0,1.68,309.89,282.19,0.39,0.36,N,VIIRS,2,2012
1.37454,118.02635,2012-08-12,1734,n,0,2.22,328.85,290.44,0.39,0.36,N,VIIRS,2,2012
1.36121,118.02429,2012-08-12,1734,n,0,0.76,311.31,290.1,0.39,0.36,N,VIIRS,2,2012
1.15838,117.67655,2012-08-12,1734,n,2,1.21,309.06,289.21,0.39,0.36,N,VIIRS,2,2012
2.24717,117.72619,2012-08-12,1734,n,0,0.84,298.22,279.46,0.38,0.36,N,VIIRS,2,2012
2.20306,117.53241,2012-08-12,1734,n,0,0.82,304.6,290.39,0.38,0.36,N,VIIRS,2,2012
2.23169,117.02515,2012-08-12,1734,n,0,0.87,295.98,274.0,0.39,0.36,N,VIIRS,2,2012
2.08525,117.16167,2012-08-12,1734,n,0,0.68,305.23,291.13,0.38,0.36,N,VIIRS,2,2012
1.9841,117.24476,2012-08-12,1734,n,0,0.74,304.78,291.54,0.38,0.36,N,VIIRS,2,2012
-0.96523,117.14818,2012-08-12,1735,n,2,0.65,304.5,281.97,0.39,0.36,N,VIIRS,2,2012
-1.92152,115.84628,2012-08-12,1735,n,0,1.17,309.71,290.72,0.39,0.36,N,VIIRS,2,2012
-1.97202,115.87065,2012-08-12,1735,n,0,1.07,307.55,291.07,0.39,0.36,N,VIIRS,2,2012
-2.0236,116.08974,2012-08-12,1735,n,0,1.43,305.36,290.53,0.39,0.36,N,VIIRS,2,2012
-2.09541,116.13519,2012-08-12,1735,n,0,0.58,305.78,290.67,0.39,0.36,N,VIIRS,2,2012
-2.16415,115.96873,2012-08-12,1735,n,0,0.42,303.0,290.51,0.39,0.36,N,VIIRS,2,2012
-0.51053,117.29261,2012-08-12,1735,n,0,0.75,303.53,290.89,0.39,0.36,N,VIIRS,2,2012
0.10777,117.47069,2012-08-12,1735,n,2,0.37,301.27,281.93,0.39,0.36,N,VIIRS,2,2012
0.10444,117.47018,2012-08-12,1735,n,2,0.81,301.74,281.25,0.39,0.36,N,VIIRS,2,2012
0.09393,117.47208,2012-08-12,1735,n,3,1.7,331.94,283.59,0.39,0.36,N,VIIRS,2,2012
0.09502,117.46517,2012-08-12,1735,n,2,1.14,306.57,282.15,0.39,0.36,N,VIIRS,2,2012
0.09447,117.46863,2012-08-12,1735,n,3,1.7,303.08,282.71,0.39,0.36,N,VIIRS,2,2012
0.09061,117.47157,2012-08-12,1735,n,3,5.93,344.81,284.62,0.39,0.36,N,VIIRS,2,2012
0.09115,117.46812,2012-08-12,1735,n,3,5.93,307.79,284.17,0.39,0.36,N,VIIRS,2,2012
-0.58564,117.38364,2012-08-12,1735,n,2,0.57,307.41,289.94,0.39,0.36,N,VIIRS,2,2012
-0.80571,117.10212,2012-08-12,1735,n,0,1.11,306.77,291.41,0.38,0.36,N,VIIRS,2,2012
-0.80902,117.10162,2012-08-12,1735,n,2,1.11,312.14,290.86,0.38,0.36,N,VIIRS,2,2012
-0.96191,117.14869,2012-08-12,1735,n,2,0.65,305.08,281.7,0.39,0.36,N,VIIRS,2,2012
-0.96245,117.15215,2012-08-12,1735,n,2,0.65,309.5,280.46,0.39,0.36,N,VIIRS,2,2012
-2.41135,114.45757,2012-08-12,1736,n,0,1.52,305.5,289.23,0.41,0.37,N,VIIRS,2,2012
-2.38007,114.2392,2012-08-12,1736,n,0,1.81,310.83,288.78,0.42,0.38,N,VIIRS,2,2012
-2.38068,114.243,2012-08-12,1736,n,0,1.81,311.48,290.29,0.42,0.38,N,VIIRS,2,2012
-2.38128,114.24679,2012-08-12,1736,n,0,1.71,307.16,289.26,0.42,0.38,N,VIIRS,2,2012
-2.38189,114.25058,2012-08-12,1736,n,0,1.71,305.48,288.46,0.42,0.38,N,VIIRS,2,2012
-2.38249,114.25437,2012-08-12,1736,n,0,2.1,308.94,288.49,0.42,0.38,N,VIIRS,2,2012
-2.3831,114.25815,2012-08-12,1736,n,0,2.1,316.24,288.6,0.42,0.38,N,VIIRS,2,2012
-2.3837,114.26193,2012-08-12,1736,n,0,2.66,311.09,285.08,0.42,0.38,N,VIIRS,2,2012
-2.38596,114.25382,2012-08-12,1736,n,0,3.57,327.07,291.33,0.42,0.38,N,VIIRS,2,2012
-2.38656,114.25761,2012-08-12,1736,n,0,3.57,337.21,293.63,0.42,0.38,N,VIIRS,2,2012
-2.38717,114.26139,2012-08-12,1736,n,0,4.36,326.68,290.38,0.42,0.38,N,VIIRS,2,2012
-2.38536,114.25003,2012-08-12,1736,n,0,1.65,304.57,287.68,0.42,0.38,N,VIIRS,2,2012
-2.38943,114.25327,2012-08-12,1736,n,0,3.57,325.96,286.98,0.42,0.38,N,VIIRS,2,2012
-2.39003,114.25705,2012-08-12,1736,n,0,3.57,324.42,287.14,0.42,0.38,N,VIIRS,2,2012
-2.39063,114.26084,2012-08-12,1736,n,0,4.36,338.08,290.39,0.42,0.38,N,VIIRS,2,2012
-2.38882,114.24948,2012-08-12,1736,n,0,1.65,306.89,285.45,0.42,0.38,N,VIIRS,2,2012
-2.42504,114.32118,2012-08-12,1736,n,0,1.43,308.59,291.22,0.42,0.38,N,VIIRS,2,2012
-2.42849,114.32064,2012-08-12,1736,n,0,1.43,317.03,291.58,0.42,0.38,N,VIIRS,2,2012
-2.43254,114.32386,2012-08-12,1736,n,0,0.99,310.22,291.28,0.42,0.38,N,VIIRS,2,2012
-2.436,114.32332,2012-08-12,1736,n,0,0.99,308.41,290.73,0.42,0.38,N,VIIRS,2,2012
-2.42935,114.25864,2012-08-12,1736,n,0,4.9,337.07,293.06,0.42,0.38,N,VIIRS,2,2012
-2.42994,114.26242,2012-08-12,1736,n,0,12.42,346.07,296.72,0.42,0.38,N,VIIRS,2,2012
-2.43281,114.25809,2012-08-12,1736,n,0,4.9,340.45,294.22,0.42,0.38,N,VIIRS,2,2012
-2.43341,114.26187,2012-08-12,1736,n,0,12.42,348.07,296.19,0.42,0.38,N,VIIRS,2,2012
-2.43222,114.2543,2012-08-12,1736,n,0,4.9,318.21,290.56,0.42,0.38,N,VIIRS,2,2012
-2.43628,114.25755,2012-08-12,1736,n,0,2.57,338.17,293.98,0.42,0.38,N,VIIRS,2,2012
-2.43687,114.26133,2012-08-12,1736,n,0,2.94,342.29,292.14,0.42,0.38,N,VIIRS,2,2012
-2.43568,114.25376,2012-08-12,1736,n,0,2.57,309.64,290.25,0.42,0.38,N,VIIRS,2,2012
-2.43974,114.257,2012-08-12,1736,n,0,2.57,320.72,289.6,0.42,0.38,N,VIIRS,2,2012
-2.44034,114.26078,2012-08-12,1736,n,0,2.94,324.72,288.78,0.42,0.38,N,VIIRS,2,2012
-2.43915,114.25321,2012-08-12,1736,n,0,2.57,305.34,289.32,0.42,0.38,N,VIIRS,2,2012
-2.44093,114.26456,2012-08-12,1736,n,0,2.94,302.6,285.67,0.42,0.38,N,VIIRS,2,2012
-2.44262,114.25267,2012-08-12,1736,n,0,1.39,313.37,289.78,0.42,0.38,N,VIIRS,2,2012
-2.44321,114.25645,2012-08-12,1736,n,0,1.39,314.15,288.27,0.42,0.38,N,VIIRS,2,2012
-2.4438,114.26023,2012-08-12,1736,n,0,1.17,319.4,287.62,0.42,0.38,N,VIIRS,2,2012
-2.4444,114.26402,2012-08-12,1736,n,0,1.17,304.33,286.67,0.42,0.38,N,VIIRS,2,2012
-2.44667,114.25591,2012-08-12,1736,n,0,1.39,306.64,286.08,0.42,0.38,N,VIIRS,2,2012
-2.44727,114.25969,2012-08-12,1736,n,0,1.17,315.1,286.83,0.42,0.38,N,VIIRS,2,2012
-2.44786,114.26347,2012-08-12,1736,n,0,1.17,306.39,284.58,0.42,0.38,N,VIIRS,2,2012
-2.45073,114.25914,2012-08-12,1736,n,0,3.25,321.63,286.39,0.42,0.38,N,VIIRS,2,2012
-2.45014,114.25536,2012-08-12,1736,n,0,1.11,306.54,284.56,0.42,0.38,N,VIIRS,2,2012
-2.45132,114.26292,2012-08-12,1736,n,0,3.25,313.13,284.71,0.42,0.38,N,VIIRS,2,2012
-2.4542,114.25859,2012-08-12,1736,n,0,3.25,345.05,291.05,0.42,0.38,N,VIIRS,2,2012
-2.45479,114.26237,2012-08-12,1736,n,0,3.25,334.84,286.52,0.42,0.38,N,VIIRS,2,2012
-2.4536,114.25481,2012-08-12,1736,n,0,1.11,304.24,283.38,0.42,0.38,N,VIIRS,2,2012
-2.47715,114.40517,2012-08-12,1736,n,0,0.82,304.36,290.73,0.42,0.37,N,VIIRS,2,2012
-2.45766,114.25804,2012-08-12,1736,n,0,1.74,309.63,286.04,0.42,0.38,N,VIIRS,2,2012
-2.45825,114.26183,2012-08-12,1736,n,0,1.74,319.61,284.21,0.42,0.38,N,VIIRS,2,2012
-2.45964,114.25827,2012-08-12,1736,n,0,0.32,298.91,284.98,0.42,0.38,N,VIIRS,2,2012
-2.46025,114.26205,2012-08-12,1736,n,0,0.32,298.04,284.38,0.42,0.38,N,VIIRS,2,2012
2.28569,117.49538,2012-08-13,436,n,0,4.38,327.01,286.48,0.79,0.78,N,VIIRS,2,2012
2.28689,117.50255,2012-08-13,436,n,0,4.38,327.52,287.64,0.79,0.78,N,VIIRS,2,2012
2.21948,117.50414,2012-08-13,436,n,0,9.02,337.85,287.85,0.79,0.78,N,VIIRS,2,2012
1.2388,118.03239,2012-08-13,436,n,0,6.13,332.69,285.9,0.76,0.77,N,VIIRS,2,2012
2.28844,117.50136,2012-08-13,436,n,0,7.94,328.97,287.31,0.79,0.78,N,VIIRS,2,2012
-0.67945,116.84418,2012-08-13,615,n,0,2.96,336.66,290.84,0.42,0.61,N,VIIRS,2,2012
-0.65917,116.86102,2012-08-13,615,n,0,4.69,339.8,291.23,0.43,0.62,N,VIIRS,2,2012
-0.66042,116.85329,2012-08-13,615,n,0,2.77,340.5,291.04,0.42,0.61,N,VIIRS,2,2012
-0.65954,116.85216,2012-08-13,615,n,0,2.83,341.99,290.57,0.43,0.62,N,VIIRS,2,2012
-2.4313,115.35091,2012-08-13,615,n,0,5.31,333.73,298.06,0.63,0.54,N,VIIRS,2,2012
-2.47194,115.07021,2012-08-13,615,n,0,18.53,350.44,299.23,0.6,0.53,N,VIIRS,2,2012
-2.46701,115.06945,2012-08-13,615,n,0,18.53,349.21,296.63,0.6,0.53,N,VIIRS,2,2012
-2.35803,115.70312,2012-08-13,615,n,0,5.37,355.84,295.8,0.33,0.56,N,VIIRS,2,2012
-2.48321,114.87865,2012-08-13,615,n,0,8.88,335.72,298.01,0.58,0.52,N,VIIRS,2,2012
-2.40117,115.34625,2012-08-13,615,n,0,9.51,347.63,296.56,0.63,0.54,N,VIIRS,2,2012
-2.40211,115.34053,2012-08-13,615,n,0,9.51,344.33,297.08,0.63,0.54,N,VIIRS,2,2012
-2.46688,114.88698,2012-08-13,615,n,0,9.92,341.91,297.97,0.58,0.52,N,VIIRS,2,2012
-2.46559,115.07149,2012-08-13,615,n,0,12.78,340.1,295.81,0.6,0.53,N,VIIRS,2,2012
-2.35672,115.70312,2012-08-13,615,h,0,7.52,367.0,294.79,0.33,0.56,N,VIIRS,2,2012
-2.40273,115.34333,2012-08-13,615,n,0,19.92,353.17,297.84,0.63,0.54,N,VIIRS,2,2012
-2.46498,114.88316,2012-08-13,615,n,0,3.31,338.28,296.48,0.59,0.52,N,VIIRS,2,2012
-2.47594,114.78215,2012-08-13,615,n,0,4.06,329.5,294.72,0.58,0.52,N,VIIRS,2,2012
-2.33093,115.56714,2012-08-13,615,n,0,2.77,329.76,292.01,0.33,0.55,N,VIIRS,2,2012
-2.43217,114.93279,2012-08-13,615,n,0,12.01,339.89,295.53,0.59,0.53,N,VIIRS,2,2012
-2.2288,116.00284,2012-08-13,615,n,0,3.42,339.03,295.44,0.35,0.57,N,VIIRS,2,2012
-2.22353,116.00204,2012-08-13,615,n,0,8.31,353.94,294.74,0.35,0.57,N,VIIRS,2,2012
-2.45978,114.26179,2012-08-13,615,h,0,25.0,367.0,304.02,0.53,0.5,N,VIIRS,2,2012
-2.36196,114.88623,2012-08-13,615,n,0,4.87,335.12,295.42,0.59,0.53,N,VIIRS,2,2012
-2.45513,114.26103,2012-08-13,615,h,0,23.25,367.0,307.73,0.53,0.5,N,VIIRS,2,2012
-2.45588,114.25621,2012-08-13,615,n,0,23.25,340.74,299.44,0.53,0.5,N,VIIRS,2,2012
-2.45047,114.26031,2012-08-13,615,n,0,23.25,348.69,303.45,0.53,0.5,N,VIIRS,2,2012
-2.24369,115.53909,2012-08-13,615,n,0,3.14,352.89,296.29,0.33,0.55,N,VIIRS,2,2012
-2.44581,114.25958,2012-08-13,615,n,0,6.29,329.32,298.23,0.53,0.5,N,VIIRS,2,2012
-2.44115,114.25887,2012-08-13,615,n,0,6.29,331.67,297.51,0.53,0.5,N,VIIRS,2,2012
-2.44192,114.25403,2012-08-13,615,n,0,6.29,353.4,297.47,0.53,0.5,N,VIIRS,2,2012
-2.26353,115.34867,2012-08-13,615,n,0,3.7,330.01,296.83,0.63,0.54,N,VIIRS,2,2012
-2.4365,114.25815,2012-08-13,615,n,0,5.14,331.37,293.96,0.53,0.5,N,VIIRS,2,2012
-2.16219,115.95092,2012-08-13,615,n,0,5.05,339.71,294.54,0.35,0.57,N,VIIRS,2,2012
-2.43107,114.26227,2012-08-13,615,n,0,7.1,338.13,291.7,0.53,0.5,N,VIIRS,2,2012
-2.43184,114.25743,2012-08-13,615,n,0,5.14,332.6,294.0,0.53,0.5,N,VIIRS,2,2012
-2.42641,114.26154,2012-08-13,615,n,0,17.19,352.1,293.11,0.53,0.5,N,VIIRS,2,2012
-2.42718,114.25671,2012-08-13,615,n,0,12.8,340.4,297.04,0.53,0.5,N,VIIRS,2,2012
-2.10836,116.117,2012-08-13,615,n,0,3.43,331.58,294.57,0.36,0.57,N,VIIRS,2,2012
-2.1025,116.1195,2012-08-13,615,n,0,3.43,329.03,293.86,0.36,0.57,N,VIIRS,2,2012
-2.10303,116.11623,2012-08-13,615,n,0,3.43,347.28,293.78,0.36,0.57,N,VIIRS,2,2012
-2.39223,114.2662,2012-08-13,615,n,0,6.56,341.43,296.68,0.53,0.5,N,VIIRS,2,2012
-2.09528,116.06356,2012-08-13,615,n,0,3.72,336.6,293.73,0.36,0.57,N,VIIRS,2,2012
-2.38834,114.26067,2012-08-13,615,n,0,7.55,334.21,298.35,0.53,0.5,N,VIIRS,2,2012
-2.38912,114.25585,2012-08-13,615,n,0,7.55,333.49,299.27,0.53,0.5,N,VIIRS,2,2012
-2.3899,114.25104,2012-08-13,615,n,0,8.99,350.13,299.81,0.53,0.5,N,VIIRS,2,2012
-2.38212,114.26958,2012-08-13,615,n,0,8.72,341.77,296.96,0.53,0.5,N,VIIRS,2,2012
-2.3829,114.26477,2012-08-13,615,n,0,8.72,331.96,298.73,0.53,0.5,N,VIIRS,2,2012
-2.38368,114.25995,2012-08-13,615,n,0,7.55,332.88,299.37,0.53,0.5,N,VIIRS,2,2012
-2.38524,114.2503,2012-08-13,615,n,0,8.99,333.08,294.41,0.53,0.5,N,VIIRS,2,2012
-2.38215,114.23996,2012-08-13,615,n,0,6.66,334.27,297.24,0.53,0.5,N,VIIRS,2,2012
-2.03888,116.27341,2012-08-13,615,h,0,8.59,367.0,295.94,0.37,0.58,N,VIIRS,2,2012
-2.3803,114.23706,2012-08-13,615,n,0,8.64,333.95,297.87,0.53,0.5,N,VIIRS,2,2012
-2.04249,116.2733,2012-08-13,615,n,0,4.68,336.92,294.89,0.37,0.58,N,VIIRS,2,2012
-2.03711,116.27245,2012-08-13,615,n,0,4.68,354.52,294.95,0.37,0.58,N,VIIRS,2,2012
-2.02239,116.08923,2012-08-13,615,n,0,1.96,328.82,291.09,0.36,0.57,N,VIIRS,2,2012
-2.023,116.05157,2012-08-13,615,n,0,4.08,328.85,295.73,0.36,0.57,N,VIIRS,2,2012
-2.23244,114.62225,2012-08-13,615,n,0,11.4,344.92,297.01,0.57,0.52,N,VIIRS,2,2012
-2.26741,113.90792,2012-08-13,615,n,0,8.06,350.68,298.31,0.51,0.49,N,VIIRS,2,2012
-2.10846,114.84769,2012-08-13,615,n,0,9.05,345.97,294.81,0.59,0.53,N,VIIRS,2,2012
-2.26483,113.86533,2012-08-13,615,n,0,4.32,338.23,291.75,0.5,0.49,N,VIIRS,2,2012
-2.24487,113.81561,2012-08-13,615,l,0,5.9,329.68,301.21,0.5,0.49,N,VIIRS,2,2012
-1.91507,115.55264,2012-08-13,615,h,0,7.99,367.0,293.72,0.33,0.55,N,VIIRS,2,2012
-2.15662,113.81213,2012-08-13,615,n,0,10.23,340.45,299.66,0.5,0.49,N,VIIRS,2,2012
-1.43347,116.91373,2012-08-13,615,n,3,2.9,332.69,290.01,0.42,0.61,N,VIIRS,2,2012
-1.60106,114.79,2012-08-13,615,n,0,17.28,356.11,293.72,0.59,0.53,N,VIIRS,2,2012
2.30063,116.84673,2012-08-13,616,n,0,17.66,338.63,289.56,0.47,0.64,N,VIIRS,2,2012
2.29997,116.84206,2012-08-13,616,h,0,19.01,367.0,290.52,0.47,0.64,N,VIIRS,2,2012
2.30362,116.84132,2012-08-13,616,n,0,11.56,329.36,290.0,0.47,0.64,N,VIIRS,2,2012
2.30428,116.84569,2012-08-13,616,n,0,12.25,346.86,289.81,0.47,0.64,N,VIIRS,2,2012
2.29799,116.84446,2012-08-13,616,l,0,12.25,356.89,289.57,0.47,0.64,N,VIIRS,2,2012
2.25265,117.16214,2012-08-13,616,h,0,11.05,367.0,290.7,0.49,0.65,N,VIIRS,2,2012
2.25185,117.16153,2012-08-13,616,h,0,13.14,367.0,291.32,0.49,0.65,N,VIIRS,2,2012
2.25062,117.97802,2012-08-13,616,n,0,6.22,329.03,290.12,0.56,0.69,N,VIIRS,2,2012
2.09943,117.10011,2012-08-13,616,h,0,187.01,367.0,291.3,0.49,0.65,N,VIIRS,2,2012
2.0927,117.09647,2012-08-13,616,n,0,14.68,348.05,290.93,0.49,0.65,N,VIIRS,2,2012
2.10268,117.16312,2012-08-13,616,n,0,5.83,327.45,291.77,0.49,0.65,N,VIIRS,2,2012
2.10337,117.16776,2012-08-13,616,n,0,5.83,348.88,291.84,0.49,0.65,N,VIIRS,2,2012
2.09338,117.101,2012-08-13,616,h,0,25.72,367.0,292.39,0.49,0.65,N,VIIRS,2,2012
1.75399,114.91247,2012-08-13,616,n,0,4.52,342.78,292.63,0.34,0.56,N,VIIRS,2,2012
2.07656,117.07103,2012-08-13,616,n,0,7.85,354.9,291.63,0.48,0.65,N,VIIRS,2,2012
2.07723,117.07556,2012-08-13,616,n,0,9.24,333.37,290.97,0.48,0.65,N,VIIRS,2,2012
1.99779,117.29885,2012-08-13,616,n,0,3.31,328.23,290.53,0.5,0.66,N,VIIRS,2,2012
1.9638,117.32283,2012-08-13,616,h,0,25.5,367.0,290.55,0.5,0.66,N,VIIRS,2,2012
1.94877,117.34858,2012-08-13,616,h,0,11.32,367.0,291.56,0.5,0.66,N,VIIRS,2,2012
1.97471,117.30921,2012-08-13,616,n,0,2.54,329.04,288.37,0.5,0.66,N,VIIRS,2,2012
1.96393,117.32043,2012-08-13,616,l,0,17.85,356.46,288.35,0.5,0.66,N,VIIRS,2,2012
1.95778,117.32119,2012-08-13,616,h,0,17.85,367.0,290.81,0.5,0.66,N,VIIRS,2,2012
1.94906,117.34611,2012-08-13,616,n,0,7.2,327.58,290.65,0.5,0.66,N,VIIRS,2,2012
1.94978,117.35081,2012-08-13,616,h,0,13.6,367.0,291.72,0.5,0.66,N,VIIRS,2,2012
1.86929,117.27251,2012-08-13,616,n,0,30.01,355.03,292.51,0.5,0.66,N,VIIRS,2,2012
1.86998,117.27719,2012-08-13,616,h,0,36.68,367.0,292.09,0.5,0.66,N,VIIRS,2,2012
1.85028,117.27032,2012-08-13,616,n,0,5.44,332.17,288.66,0.5,0.65,N,VIIRS,2,2012
1.84413,117.2708,2012-08-13,616,n,0,8.45,349.37,289.98,0.5,0.65,N,VIIRS,2,2012
1.84472,117.27486,2012-08-13,616,n,0,8.45,348.34,289.95,0.5,0.66,N,VIIRS,2,2012
1.84958,117.26959,2012-08-13,616,n,0,6.27,329.07,289.14,0.5,0.65,N,VIIRS,2,2012
1.85023,117.2738,2012-08-13,616,n,0,6.27,340.49,287.58,0.5,0.65,N,VIIRS,2,2012
1.84344,117.27018,2012-08-13,616,n,0,6.27,328.86,289.37,0.5,0.65,N,VIIRS,2,2012
1.84406,117.27422,2012-08-13,616,h,0,6.27,367.0,291.06,0.5,0.65,N,VIIRS,2,2012
1.80473,117.26122,2012-08-13,616,h,0,15.51,367.0,292.16,0.49,0.65,N,VIIRS,2,2012
1.7993,117.26645,2012-08-13,616,n,0,21.09,338.81,289.97,0.49,0.65,N,VIIRS,2,2012
1.7987,117.26249,2012-08-13,616,h,0,23.12,367.0,292.55,0.49,0.65,N,VIIRS,2,2012
1.64526,117.95271,2012-08-13,616,n,0,7.65,343.25,290.93,0.55,0.68,N,VIIRS,2,2012
1.64317,117.95238,2012-08-13,616,n,0,8.34,338.03,290.52,0.55,0.68,N,VIIRS,2,2012
1.30252,116.91414,2012-08-13,616,n,0,2.53,328.88,290.02,0.46,0.64,N,VIIRS,2,2012
1.29197,116.92432,2012-08-13,616,n,0,10.0,347.55,291.46,0.46,0.64,N,VIIRS,2,2012
1.29539,117.02816,2012-08-13,616,h,0,10.84,367.0,290.03,0.47,0.64,N,VIIRS,2,2012
1.27547,116.9353,2012-08-13,616,n,0,5.67,353.78,291.12,0.46,0.64,N,VIIRS,2,2012
1.27015,116.94018,2012-08-13,616,n,0,5.67,328.81,289.89,0.46,0.64,N,VIIRS,2,2012
1.28351,117.03004,2012-08-13,616,n,0,4.87,339.92,288.86,0.47,0.64,N,VIIRS,2,2012
1.27884,117.03961,2012-08-13,616,l,0,12.31,357.5,289.67,0.47,0.64,N,VIIRS,2,2012
1.26428,116.94139,2012-08-13,616,n,0,6.67,347.11,290.23,0.46,0.64,N,VIIRS,2,2012
1.26738,116.96229,2012-08-13,616,n,0,13.68,333.76,289.42,0.46,0.64,N,VIIRS,2,2012
1.27756,117.03094,2012-08-13,616,n,0,8.24,327.86,289.03,0.47,0.64,N,VIIRS,2,2012
1.2782,117.03526,2012-08-13,616,n,0,8.24,327.34,289.44,0.47,0.64,N,VIIRS,2,2012
1.25777,116.93825,2012-08-13,616,n,0,6.67,347.98,291.45,0.46,0.64,N,VIIRS,2,2012
1.2615,116.96348,2012-08-13,616,n,0,13.68,355.29,291.71,0.46,0.64,N,VIIRS,2,2012
1.26209,116.96744,2012-08-13,616,n,0,13.68,341.59,289.48,0.46,0.64,N,VIIRS,2,2012
1.27097,117.02752,2012-08-13,616,n,0,8.17,343.98,289.43,0.47,0.64,N,VIIRS,2,2012
1.27824,116.93559,2012-08-13,616,n,0,7.91,352.46,291.13,0.46,0.64,N,VIIRS,2,2012
1.28101,117.03101,2012-08-13,616,n,0,10.64,350.68,289.11,0.47,0.64,N,VIIRS,2,2012
1.28235,117.03962,2012-08-13,616,n,0,13.85,353.52,289.29,0.47,0.64,N,VIIRS,2,2012
1.26706,116.94148,2012-08-13,616,h,0,9.95,367.0,290.48,0.46,0.64,N,VIIRS,2,2012
1.26444,116.96355,2012-08-13,616,n,0,21.48,354.11,292.12,0.46,0.64,N,VIIRS,2,2012
1.26505,116.96754,2012-08-13,616,n,0,21.48,343.09,289.77,0.46,0.64,N,VIIRS,2,2012
1.27438,117.02756,2012-08-13,616,n,0,8.85,350.21,290.11,0.47,0.64,N,VIIRS,2,2012
1.27572,117.03616,2012-08-13,616,n,0,10.64,327.5,289.72,0.47,0.64,N,VIIRS,2,2012
1.25464,116.93942,2012-08-13,616,n,0,6.85,347.27,291.22,0.46,0.64,N,VIIRS,2,2012
1.24928,117.02253,2012-08-13,616,n,0,5.79,326.89,289.29,0.47,0.64,N,VIIRS,2,2012
1.25855,117.12265,2012-08-13,616,n,0,8.97,344.61,289.71,0.47,0.64,N,VIIRS,2,2012
1.23218,116.99025,2012-08-13,616,n,0,4.16,332.11,290.46,0.46,0.64,N,VIIRS,2,2012
1.23477,117.00716,2012-08-13,616,n,0,13.32,354.14,290.26,0.47,0.64,N,VIIRS,2,2012
1.23672,117.01992,2012-08-13,616,n,0,26.46,348.15,289.4,0.47,0.64,N,VIIRS,2,2012
1.23541,117.01138,2012-08-13,616,h,0,27.02,367.0,290.62,0.47,0.64,N,VIIRS,2,2012
1.23606,117.01563,2012-08-13,616,h,0,27.02,367.0,292.08,0.47,0.64,N,VIIRS,2,2012
1.21323,116.94543,2012-08-13,616,n,0,4.58,333.48,290.93,0.46,0.64,N,VIIRS,2,2012
1.21772,116.97494,2012-08-13,616,n,0,3.09,333.31,289.84,0.46,0.64,N,VIIRS,2,2012
1.23532,117.09059,2012-08-13,616,n,0,5.54,333.19,289.38,0.47,0.64,N,VIIRS,2,2012
1.23795,117.10791,2012-08-13,616,n,0,5.23,332.77,289.12,0.47,0.64,N,VIIRS,2,2012
1.20795,116.9505,2012-08-13,616,n,0,3.24,333.04,290.9,0.46,0.64,N,VIIRS,2,2012
1.22935,117.09148,2012-08-13,616,n,0,6.4,339.27,289.19,0.47,0.64,N,VIIRS,2,2012
1.17962,116.96317,2012-08-13,616,n,0,8.07,333.95,290.37,0.46,0.64,N,VIIRS,2,2012
1.17665,117.02443,2012-08-13,616,n,0,6.12,345.77,289.96,0.47,0.64,N,VIIRS,2,2012
1.15933,116.94874,2012-08-13,616,n,0,6.49,342.84,290.44,0.46,0.64,N,VIIRS,2,2012
1.15342,116.9496,2012-08-13,616,n,0,6.49,333.73,289.75,0.46,0.64,N,VIIRS,2,2012
1.15404,116.9538,2012-08-13,616,h,0,23.01,367.0,290.27,0.46,0.64,N,VIIRS,2,2012
1.1475,116.95042,2012-08-13,616,n,0,5.88,349.77,287.98,0.46,0.64,N,VIIRS,2,2012
1.14812,116.95464,2012-08-13,616,n,0,9.84,352.42,288.56,0.46,0.64,N,VIIRS,2,2012
1.16728,116.94747,2012-08-13,616,n,0,5.95,332.23,290.89,0.46,0.64,N,VIIRS,2,2012
1.16135,116.94822,2012-08-13,616,n,0,7.72,339.62,290.53,0.46,0.64,N,VIIRS,2,2012
1.17328,117.02464,2012-08-13,616,n,0,5.14,337.27,289.9,0.47,0.64,N,VIIRS,2,2012
1.15609,116.95326,2012-08-13,616,n,0,11.31,349.12,289.76,0.46,0.64,N,VIIRS,2,2012
1.14952,116.94989,2012-08-13,616,n,0,8.25,344.15,288.99,0.46,0.64,N,VIIRS,2,2012
1.15017,116.95409,2012-08-13,616,h,0,25.62,367.0,290.15,0.46,0.64,N,VIIRS,2,2012
1.1586,117.61794,2012-08-13,616,n,0,8.17,340.02,289.31,0.51,0.66,N,VIIRS,2,2012
1.2377,118.03245,2012-08-13,616,n,0,15.78,353.48,289.18,0.55,0.68,N,VIIRS,2,2012
1.1599,117.61792,2012-08-13,616,n,0,6.78,335.21,288.94,0.51,0.66,N,VIIRS,2,2012
1.03389,117.00611,2012-08-13,616,n,0,4.25,327.61,289.92,0.46,0.64,N,VIIRS,2,2012
1.03454,117.01033,2012-08-13,616,n,0,4.25,343.81,289.72,0.46,0.64,N,VIIRS,2,2012
1.01741,117.01712,2012-08-13,616,n,0,5.3,334.74,289.56,0.46,0.64,N,VIIRS,2,2012
1.02256,117.05073,2012-08-13,616,n,0,8.9,330.52,286.95,0.47,0.64,N,VIIRS,2,2012
1.0166,117.05147,2012-08-13,616,l,0,8.9,357.11,289.71,0.47,0.64,N,VIIRS,2,2012
0.81742,116.52419,2012-08-13,616,n,0,3.75,329.18,290.38,0.43,0.62,N,VIIRS,2,2012
0.81803,116.52821,2012-08-13,616,n,0,4.92,328.67,290.91,0.43,0.62,N,VIIRS,2,2012
0.76336,116.39779,2012-08-13,616,h,0,10.89,367.0,290.96,0.42,0.61,N,VIIRS,2,2012
0.76105,116.39585,2012-08-13,616,n,0,6.08,330.27,289.84,0.42,0.61,N,VIIRS,2,2012
0.76165,116.39964,2012-08-13,616,n,0,6.08,342.98,289.79,0.42,0.61,N,VIIRS,2,2012
0.69216,116.47624,2012-08-13,616,n,0,3.1,327.02,291.23,0.42,0.61,N,VIIRS,2,2012
0.69926,116.52296,2012-08-13,616,h,0,16.54,367.0,292.83,0.42,0.61,N,VIIRS,2,2012
0.68647,116.47706,2012-08-13,616,h,0,11.74,367.0,291.94,0.42,0.61,N,VIIRS,2,2012
0.70656,117.27218,2012-08-13,616,n,0,6.13,330.0,289.28,0.48,0.64,N,VIIRS,2,2012
0.55987,117.26434,2012-08-13,616,n,0,2.84,331.3,287.71,0.47,0.64,N,VIIRS,2,2012
0.24497,116.45402,2012-08-13,616,n,0,5.36,331.48,291.47,0.41,0.61,N,VIIRS,2,2012
0.24555,116.45781,2012-08-13,616,n,0,7.09,342.07,291.56,0.41,0.61,N,VIIRS,2,2012
-0.14167,115.45953,2012-08-13,616,n,0,2.74,330.73,291.74,0.35,0.57,N,VIIRS,2,2012
-0.13456,115.50656,2012-08-13,616,n,0,31.52,336.78,292.3,0.35,0.57,N,VIIRS,2,2012
0.00176,116.40821,2012-08-13,616,n,0,5.09,339.87,290.08,0.41,0.6,N,VIIRS,2,2012
0.00232,116.41194,2012-08-13,616,n,0,5.94,329.76,288.96,0.41,0.6,N,VIIRS,2,2012
-0.13405,115.5099,2012-08-13,616,h,0,46.04,367.0,292.79,0.35,0.57,N,VIIRS,2,2012
-0.1417,115.4583,2012-08-13,616,n,0,2.16,332.15,291.56,0.35,0.57,N,VIIRS,2,2012
-0.13375,115.50833,2012-08-13,616,n,0,43.84,346.62,295.85,0.35,0.57,N,VIIRS,2,2012
-0.13322,115.51168,2012-08-13,616,n,0,17.68,342.02,289.62,0.35,0.57,N,VIIRS,2,2012
-0.13271,115.51488,2012-08-13,616,n,0,17.68,329.16,288.42,0.35,0.57,N,VIIRS,2,2012
-0.02842,116.34932,2012-08-13,616,h,0,12.95,367.0,291.26,0.4,0.6,N,VIIRS,2,2012
-0.10105,116.13815,2012-08-13,616,n,0,3.5,327.63,288.02,0.39,0.59,N,VIIRS,2,2012
1.85845,117.2661,2012-08-13,1715,n,0,0.74,306.98,290.24,0.38,0.43,N,VIIRS,2,2012
2.0801,117.37074,2012-08-13,1715,n,0,1.47,311.85,290.23,0.57,0.43,N,VIIRS,2,2012
2.10099,117.09455,2012-08-13,1715,n,0,1.05,307.38,290.09,0.4,0.44,N,VIIRS,2,2012
2.10045,117.09813,2012-08-13,1715,n,0,1.24,313.11,290.41,0.4,0.44,N,VIIRS,2,2012
2.10065,117.09837,2012-08-13,1715,n,0,0.83,309.11,290.24,0.4,0.44,N,VIIRS,2,2012
2.09714,117.09418,2012-08-13,1715,n,0,2.22,325.65,290.76,0.4,0.44,N,VIIRS,2,2012
2.09658,117.09775,2012-08-13,1715,n,0,3.18,328.9,290.91,0.4,0.44,N,VIIRS,2,2012
2.0977,117.09063,2012-08-13,1715,n,0,2.22,314.4,290.14,0.4,0.44,N,VIIRS,2,2012
2.07956,117.07327,2012-08-13,1715,n,0,0.68,307.91,290.26,0.4,0.44,N,VIIRS,2,2012
1.87073,117.27507,2012-08-13,1715,n,0,1.47,317.75,290.95,0.38,0.43,N,VIIRS,2,2012
1.86672,117.27446,2012-08-13,1715,n,0,1.47,307.07,290.72,0.38,0.43,N,VIIRS,2,2012
1.85922,117.26976,2012-08-13,1715,n,0,0.93,304.25,290.26,0.38,0.44,N,VIIRS,2,2012
1.62307,118.05087,2012-08-13,1715,n,0,1.06,305.8,290.71,0.51,0.41,N,VIIRS,2,2012
1.62688,118.05145,2012-08-13,1715,n,0,1.09,309.67,291.38,0.51,0.41,N,VIIRS,2,2012
1.62525,118.05334,2012-08-13,1715,n,0,0.61,303.76,290.98,0.52,0.41,N,VIIRS,2,2012
1.62595,118.04873,2012-08-13,1715,n,0,1.13,311.5,291.32,0.52,0.41,N,VIIRS,2,2012
1.84932,117.27189,2012-08-13,1715,n,0,0.83,306.26,290.37,0.38,0.43,N,VIIRS,2,2012
-0.58401,117.38423,2012-08-13,1716,n,2,1.86,311.76,291.38,0.53,0.42,N,VIIRS,2,2012
0.12677,115.63615,2012-08-13,1716,n,0,1.55,319.5,291.03,0.46,0.47,N,VIIRS,2,2012
0.09405,117.47039,2012-08-13,1716,n,3,4.02,307.67,293.5,0.53,0.42,N,VIIRS,2,2012
0.09481,117.46564,2012-08-13,1716,n,2,2.05,306.61,292.67,0.53,0.42,N,VIIRS,2,2012
0.10563,117.47224,2012-08-13,1716,n,2,1.34,306.27,291.06,0.53,0.42,N,VIIRS,2,2012
0.1074,117.46984,2012-08-13,1716,n,2,1.71,304.89,291.28,0.53,0.42,N,VIIRS,2,2012
0.31979,116.38704,2012-08-13,1716,n,0,1.3,308.66,289.48,0.42,0.45,N,VIIRS,2,2012
0.32037,116.38328,2012-08-13,1716,n,0,1.9,328.81,289.82,0.42,0.45,N,VIIRS,2,2012
0.32453,116.38393,2012-08-13,1716,n,0,1.9,302.37,289.93,0.42,0.45,N,VIIRS,2,2012
0.18391,117.48666,2012-08-13,1716,n,2,1.36,308.67,291.13,0.53,0.42,N,VIIRS,2,2012
0.63593,116.88828,2012-08-13,1716,n,0,0.6,305.95,290.08,0.39,0.44,N,VIIRS,2,2012
0.63755,116.87768,2012-08-13,1716,n,0,0.67,304.62,290.04,0.39,0.44,N,VIIRS,2,2012
0.70888,117.27368,2012-08-13,1716,n,0,1.08,302.41,289.89,0.56,0.43,N,VIIRS,2,2012
0.70965,117.26867,2012-08-13,1716,n,0,1.08,310.0,290.31,0.56,0.43,N,VIIRS,2,2012
1.15881,117.61913,2012-08-13,1716,n,0,0.37,303.4,290.46,0.54,0.42,N,VIIRS,2,2012
1.15738,117.67809,2012-08-13,1716,n,2,1.23,307.7,290.64,0.53,0.42,N,VIIRS,2,2012
1.15896,117.67564,2012-08-13,1716,n,0,1.34,306.35,290.55,0.53,0.42,N,VIIRS,2,2012
1.23953,118.03201,2012-08-13,1716,n,0,2.63,315.42,291.23,0.51,0.41,N,VIIRS,2,2012
1.47948,117.12019,2012-08-13,1716,n,0,0.38,302.69,289.63,0.39,0.44,N,VIIRS,2,2012
-1.60085,114.78397,2012-08-13,1716,n,0,2.44,304.2,291.19,0.49,0.49,N,VIIRS,2,2012
-0.67417,115.51126,2012-08-13,1716,n,0,4.54,338.52,291.28,0.46,0.47,N,VIIRS,2,2012
-0.67162,115.49464,2012-08-13,1716,n,0,1.43,310.34,290.56,0.46,0.47,N,VIIRS,2,2012
-0.67533,115.51147,2012-08-13,1716,n,0,4.81,337.99,291.39,0.46,0.47,N,VIIRS,2,2012
-0.67266,115.49492,2012-08-13,1716,n,0,1.42,310.39,290.67,0.46,0.47,N,VIIRS,2,2012
-0.96302,117.14893,2012-08-13,1716,n,2,1.4,311.32,291.62,0.54,0.42,N,VIIRS,2,2012
-0.85515,115.87817,2012-08-13,1716,n,0,0.85,302.83,290.39,0.43,0.46,N,VIIRS,2,2012
-0.64774,114.2557,2012-08-13,1716,n,0,1.41,307.02,290.93,0.56,0.51,N,VIIRS,2,2012
-0.96716,115.09231,2012-08-13,1716,n,0,0.91,303.09,290.95,0.48,0.48,N,VIIRS,2,2012
-1.04185,115.02742,2012-08-13,1716,n,0,0.61,302.93,290.81,0.49,0.48,N,VIIRS,2,2012
-1.59707,114.7892,2012-08-13,1716,n,0,2.44,307.31,291.69,0.49,0.49,N,VIIRS,2,2012
-1.60156,114.78843,2012-08-13,1716,n,0,2.44,330.93,293.4,0.49,0.49,N,VIIRS,2,2012
-0.80728,117.10171,2012-08-13,1716,n,2,2.28,311.84,291.9,0.54,0.42,N,VIIRS,2,2012
-0.8077,117.10342,2012-08-13,1716,n,2,1.56,310.61,292.22,0.54,0.42,N,VIIRS,2,2012
-0.53392,115.58621,2012-08-13,1716,n,0,0.98,310.19,290.53,0.45,0.47,N,VIIRS,2,2012
-2.38625,114.25,2012-08-13,1717,n,0,2.54,320.95,292.69,0.52,0.5,N,VIIRS,2,2012
-2.45719,114.25565,2012-08-13,1717,n,0,4.18,317.29,291.66,0.52,0.5,N,VIIRS,2,2012
-2.45795,114.26036,2012-08-13,1717,n,0,10.46,354.24,296.66,0.52,0.5,N,VIIRS,2,2012
-2.47679,114.40529,2012-08-13,1717,n,0,2.55,317.53,292.23,0.51,0.49,N,VIIRS,2,2012
-2.45259,114.25645,2012-08-13,1717,n,0,4.18,319.45,293.02,0.52,0.5,N,VIIRS,2,2012
-2.45336,114.26115,2012-08-13,1717,n,0,10.46,340.57,295.96,0.52,0.5,N,VIIRS,2,2012
-2.47224,114.40602,2012-08-13,1717,n,0,2.11,313.4,292.23,0.51,0.49,N,VIIRS,2,2012
-2.44875,114.2619,2012-08-13,1717,n,0,2.26,319.69,293.27,0.52,0.5,N,VIIRS,2,2012
-2.44799,114.2572,2012-08-13,1717,n,0,1.96,308.28,292.05,0.52,0.5,N,VIIRS,2,2012
-2.44415,114.26266,2012-08-13,1717,n,0,2.26,308.97,292.58,0.52,0.5,N,VIIRS,2,2012
-2.44339,114.25795,2012-08-13,1717,n,0,1.96,308.41,292.53,0.52,0.5,N,VIIRS,2,2012
-2.44262,114.25324,2012-08-13,1717,n,0,1.96,314.52,292.18,0.52,0.5,N,VIIRS,2,2012
-2.43878,114.2587,2012-08-13,1717,n,0,3.44,317.32,292.96,0.52,0.5,N,VIIRS,2,2012
-2.43801,114.25398,2012-08-13,1717,n,0,3.44,309.61,291.66,0.52,0.5,N,VIIRS,2,2012
-2.43955,114.26341,2012-08-13,1717,n,0,3.34,327.15,293.51,0.52,0.5,N,VIIRS,2,2012
-2.43495,114.26415,2012-08-13,1717,n,0,3.34,317.02,292.53,0.52,0.5,N,VIIRS,2,2012
-2.43341,114.25473,2012-08-13,1717,n,0,3.44,313.17,292.24,0.52,0.5,N,VIIRS,2,2012
-2.43418,114.25945,2012-08-13,1717,n,0,3.44,333.81,294.99,0.52,0.5,N,VIIRS,2,2012
-2.4288,114.25548,2012-08-13,1717,n,0,9.5,312.13,291.97,0.52,0.5,N,VIIRS,2,2012
-2.43035,114.2649,2012-08-13,1717,n,0,5.24,330.05,294.0,0.52,0.5,N,VIIRS,2,2012
-2.42958,114.26019,2012-08-13,1717,n,0,9.5,347.67,295.95,0.52,0.5,N,VIIRS,2,2012
-2.42498,114.26094,2012-08-13,1717,n,0,9.5,350.2,296.12,0.52,0.5,N,VIIRS,2,2012
-2.4242,114.25623,2012-08-13,1717,n,0,9.5,339.05,295.38,0.52,0.5,N,VIIRS,2,2012
-2.42037,114.26169,2012-08-13,1717,n,0,11.26,356.99,298.32,0.52,0.5,N,VIIRS,2,2012
-2.4196,114.25699,2012-08-13,1717,n,0,11.26,323.86,292.37,0.52,0.5,N,VIIRS,2,2012
-2.41577,114.26244,2012-08-13,1717,n,0,11.26,338.89,293.76,0.52,0.5,N,VIIRS,2,2012
-2.39736,114.26542,2012-08-13,1717,n,0,1.4,303.74,291.46,0.52,0.5,N,VIIRS,2,2012
-2.41688,114.26438,2012-08-13,1717,n,0,4.31,317.86,292.53,0.52,0.5,N,VIIRS,2,2012
-2.41614,114.25966,2012-08-13,1717,n,0,8.15,339.43,293.99,0.52,0.5,N,VIIRS,2,2012
-2.39311,114.26341,2012-08-13,1717,n,0,2.42,303.7,291.82,0.52,0.5,N,VIIRS,2,2012
-2.39236,114.25867,2012-08-13,1717,n,0,2.42,319.84,292.77,0.52,0.5,N,VIIRS,2,2012
-2.3916,114.25394,2012-08-13,1717,n,0,1.99,306.97,291.63,0.52,0.5,N,VIIRS,2,2012
-2.39085,114.24921,2012-08-13,1717,n,0,1.99,312.97,291.49,0.52,0.5,N,VIIRS,2,2012
-2.38776,114.25945,2012-08-13,1717,n,0,2.43,318.75,293.05,0.52,0.5,N,VIIRS,2,2012
-2.387,114.25473,2012-08-13,1717,n,0,2.54,313.16,292.69,0.52,0.5,N,VIIRS,2,2012
-2.38391,114.26495,2012-08-13,1717,n,0,2.43,303.03,291.9,0.52,0.5,N,VIIRS,2,2012
-2.38315,114.26022,2012-08-13,1717,n,0,2.43,318.2,293.35,0.52,0.5,N,VIIRS,2,2012
-2.3824,114.25549,2012-08-13,1717,n,0,2.54,304.93,292.48,0.52,0.5,N,VIIRS,2,2012
-2.38088,114.24603,2012-08-13,1717,n,0,1.88,309.21,291.95,0.52,0.5,N,VIIRS,2,2012
-2.38013,114.24129,2012-08-13,1717,n,0,1.88,309.08,291.9,0.52,0.5,N,VIIRS,2,2012
-2.37937,114.23654,2012-08-13,1717,n,0,1.52,310.17,291.95,0.52,0.5,N,VIIRS,2,2012
-2.37854,114.26097,2012-08-13,1717,n,0,2.1,307.05,292.09,0.52,0.5,N,VIIRS,2,2012
-2.23457,114.62063,2012-08-13,1717,n,0,2.36,314.69,291.93,0.5,0.49,N,VIIRS,2,2012
-2.22485,116.00156,2012-08-13,1717,n,0,1.01,302.31,291.87,0.4,0.44,N,VIIRS,2,2012
-2.16619,115.95119,2012-08-13,1717,n,0,3.3,319.63,292.07,0.41,0.45,N,VIIRS,2,2012
-2.3174,116.48689,2012-08-14,556,n,0,5.64,332.69,298.54,0.55,0.43,N,VIIRS,2,2012
-1.56635,114.94883,2012-08-14,556,n,0,7.48,338.11,298.18,0.46,0.39,N,VIIRS,2,2012
-1.60225,114.78886,2012-08-14,556,n,0,10.53,343.52,303.37,0.46,0.39,N,VIIRS,2,2012
-1.60161,114.79295,2012-08-14,556,n,0,6.17,337.23,299.46,0.46,0.39,N,VIIRS,2,2012
-1.8912,114.3639,2012-08-14,556,n,0,2.05,331.14,297.95,0.43,0.38,N,VIIRS,2,2012
-1.98215,114.12038,2012-08-14,556,n,0,10.81,330.14,299.75,0.42,0.38,N,VIIRS,2,2012
-1.80048,115.50088,2012-08-14,556,n,0,5.46,333.45,299.82,0.49,0.4,N,VIIRS,2,2012
-1.97587,114.42075,2012-08-14,556,n,0,7.39,337.44,298.72,0.44,0.38,N,VIIRS,2,2012
-1.86329,115.31686,2012-08-14,556,n,0,30.04,352.51,297.71,0.48,0.4,N,VIIRS,2,2012
-1.86765,115.31311,2012-08-14,556,n,0,30.04,334.57,297.63,0.48,0.4,N,VIIRS,2,2012
-1.867,115.31734,2012-08-14,556,n,0,30.04,342.85,309.18,0.48,0.4,N,VIIRS,2,2012
-1.86633,115.32168,2012-08-14,556,n,0,32.97,346.93,296.84,0.48,0.4,N,VIIRS,2,2012
-2.03211,114.26578,2012-08-14,556,n,0,4.04,336.5,299.2,0.43,0.38,N,VIIRS,2,2012
-1.87004,115.32216,2012-08-14,556,n,0,7.13,346.31,298.56,0.48,0.4,N,VIIRS,2,2012
-2.00822,114.9108,2012-08-14,556,n,0,4.16,336.9,297.61,0.46,0.39,N,VIIRS,2,2012
-2.18169,113.83447,2012-08-14,556,n,0,6.34,337.06,303.45,0.41,0.37,N,VIIRS,2,2012
-1.86281,115.99445,2012-08-14,556,n,0,4.84,339.87,301.1,0.52,0.42,N,VIIRS,2,2012
-2.22467,113.80669,2012-08-14,556,n,0,5.01,339.41,305.43,0.41,0.37,N,VIIRS,2,2012
-1.8345,116.35816,2012-08-14,556,n,0,27.75,344.89,298.5,0.55,0.43,N,VIIRS,2,2012
-2.22811,113.80721,2012-08-14,556,n,0,5.01,334.64,304.06,0.41,0.37,N,VIIRS,2,2012
-1.83843,116.35876,2012-08-14,556,n,0,27.75,346.22,298.39,0.55,0.43,N,VIIRS,2,2012
-1.85204,116.4016,2012-08-14,556,n,0,11.93,338.07,297.77,0.55,0.43,N,VIIRS,2,2012
-1.85503,116.40009,2012-08-14,556,n,0,9.29,333.31,296.77,0.55,0.43,N,VIIRS,2,2012
-2.23169,114.02644,2012-08-14,556,n,0,5.66,341.33,303.18,0.42,0.38,N,VIIRS,2,2012
-1.93298,116.03332,2012-08-14,556,n,0,6.09,333.32,300.59,0.52,0.42,N,VIIRS,2,2012
-2.28194,113.9302,2012-08-14,556,n,0,10.37,345.27,299.94,0.42,0.37,N,VIIRS,2,2012
-2.13887,114.85884,2012-08-14,556,n,0,5.06,331.91,301.81,0.45,0.39,N,VIIRS,2,2012
-1.97298,115.95341,2012-08-14,556,n,0,10.08,339.9,305.61,0.52,0.41,N,VIIRS,2,2012
-2.14505,114.91434,2012-08-14,556,l,0,3.61,330.06,300.26,0.46,0.39,N,VIIRS,2,2012
-2.23435,114.61728,2012-08-14,556,n,0,8.0,330.93,302.47,0.44,0.39,N,VIIRS,2,2012
-2.23375,114.62127,2012-08-14,556,h,0,22.09,367.0,307.12,0.44,0.39,N,VIIRS,2,2012
-2.02528,116.04768,2012-08-14,556,l,0,4.71,330.11,303.62,0.52,0.42,N,VIIRS,2,2012
-2.23657,114.62142,2012-08-14,556,n,0,4.4,345.24,302.45,0.44,0.39,N,VIIRS,2,2012
-2.23594,114.6254,2012-08-14,556,n,0,4.4,333.62,300.65,0.44,0.39,N,VIIRS,2,2012
-2.14555,115.29607,2012-08-14,556,n,0,2.53,331.8,299.28,0.48,0.4,N,VIIRS,2,2012
-2.42222,114.26127,2012-08-14,556,n,0,4.92,342.84,294.42,0.43,0.38,N,VIIRS,2,2012
-2.42631,114.25796,2012-08-14,556,n,0,4.92,342.28,298.31,0.43,0.38,N,VIIRS,2,2012
-2.42572,114.2618,2012-08-14,556,n,0,4.92,347.56,297.01,0.43,0.38,N,VIIRS,2,2012
-2.35077,114.74446,2012-08-14,556,n,0,4.43,334.99,298.03,0.45,0.39,N,VIIRS,2,2012
-2.42921,114.26234,2012-08-14,556,n,0,8.2,352.3,303.14,0.43,0.38,N,VIIRS,2,2012
-2.33925,114.84198,2012-08-14,556,n,0,4.16,337.45,299.74,0.45,0.39,N,VIIRS,2,2012
-2.44804,114.16359,2012-08-14,556,n,0,4.08,335.26,304.37,0.42,0.38,N,VIIRS,2,2012
-2.4327,114.26286,2012-08-14,556,n,0,8.2,352.25,302.45,0.43,0.38,N,VIIRS,2,2012
-2.34284,114.84253,2012-08-14,556,n,0,4.16,343.33,298.23,0.45,0.39,N,VIIRS,2,2012
-2.34221,114.84659,2012-08-14,556,n,0,4.16,332.84,295.8,0.45,0.39,N,VIIRS,2,2012
-2.34157,114.85065,2012-08-14,556,n,0,11.09,355.91,302.44,0.45,0.39,N,VIIRS,2,2012
-2.14766,116.0917,2012-08-14,556,n,0,6.17,332.44,300.53,0.53,0.42,N,VIIRS,2,2012
-2.34579,114.84713,2012-08-14,556,n,0,2.44,331.25,293.7,0.45,0.39,N,VIIRS,2,2012
-2.34812,114.8558,2012-08-14,556,n,0,6.5,335.27,301.17,0.45,0.39,N,VIIRS,2,2012
-2.44318,114.26443,2012-08-14,556,n,0,7.95,342.2,295.63,0.43,0.38,N,VIIRS,2,2012
-2.34899,114.89764,2012-08-14,556,n,0,5.42,331.1,300.66,0.45,0.39,N,VIIRS,2,2012
-2.37433,114.87645,2012-08-14,556,n,0,6.54,336.76,300.9,0.45,0.39,N,VIIRS,2,2012
-2.38011,114.91072,2012-08-14,556,n,0,3.24,340.81,301.31,0.45,0.39,N,VIIRS,2,2012
-2.39911,114.83444,2012-08-14,556,n,0,4.45,334.84,301.42,0.45,0.39,N,VIIRS,2,2012
-2.47561,114.40364,2012-08-14,556,n,0,7.22,343.97,304.19,0.43,0.38,N,VIIRS,2,2012
-2.47502,114.40752,2012-08-14,556,n,0,10.35,343.48,306.97,0.43,0.38,N,VIIRS,2,2012
-2.34613,115.56441,2012-08-14,556,n,0,8.82,333.96,300.3,0.49,0.4,N,VIIRS,2,2012
-2.34544,115.56883,2012-08-14,556,n,0,8.63,334.51,300.11,0.49,0.4,N,VIIRS,2,2012
-2.34917,115.56938,2012-08-14,556,n,0,8.11,333.27,299.96,0.49,0.4,N,VIIRS,2,2012
-2.46156,114.89346,2012-08-14,556,n,0,9.48,350.88,299.55,0.45,0.39,N,VIIRS,2,2012
-2.34357,115.65447,2012-08-14,556,n,0,50.73,347.78,298.17,0.49,0.41,N,VIIRS,2,2012
-2.39071,115.37521,2012-08-14,556,n,0,6.33,337.6,304.15,0.48,0.4,N,VIIRS,2,2012
-2.39439,115.37577,2012-08-14,556,n,0,4.69,335.68,300.87,0.48,0.4,N,VIIRS,2,2012
-2.34028,115.74998,2012-08-14,556,n,0,56.68,341.87,306.19,0.5,0.41,N,VIIRS,2,2012
-2.48076,114.88803,2012-08-14,556,n,0,9.29,337.03,297.92,0.45,0.39,N,VIIRS,2,2012
-2.38408,115.61512,2012-08-14,556,n,0,17.14,346.1,305.8,0.49,0.4,N,VIIRS,2,2012
-2.38714,115.62012,2012-08-14,556,n,0,3.76,334.12,303.1,0.49,0.4,N,VIIRS,2,2012
-2.39019,115.62511,2012-08-14,556,l,0,3.76,331.63,303.4,0.49,0.4,N,VIIRS,2,2012
-2.49469,115.0625,2012-08-14,556,n,0,5.75,339.82,297.64,0.46,0.39,N,VIIRS,2,2012
-2.49507,115.06236,2012-08-14,556,n,0,5.53,335.32,296.41,0.46,0.39,N,VIIRS,2,2012
-2.49442,115.06651,2012-08-14,556,n,0,4.94,333.72,299.26,0.46,0.39,N,VIIRS,2,2012
-2.46298,115.33743,2012-08-14,556,n,0,3.4,334.5,298.16,0.47,0.4,N,VIIRS,2,2012
-2.39394,115.97279,2012-08-14,556,n,0,6.49,339.75,300.1,0.51,0.41,N,VIIRS,2,2012
-2.47079,115.62748,2012-08-14,556,n,0,4.35,337.81,300.59,0.49,0.4,N,VIIRS,2,2012
-2.38281,116.50707,2012-08-14,556,n,0,6.33,333.65,297.82,0.55,0.43,N,VIIRS,2,2012
0.62112,117.2529,2012-08-14,557,n,0,8.81,340.21,295.39,0.45,0.47,N,VIIRS,2,2012
0.27924,116.21682,2012-08-14,557,n,0,4.12,341.6,297.69,0.38,0.43,N,VIIRS,2,2012
0.23686,116.85863,2012-08-14,557,n,0,19.62,330.95,292.05,0.42,0.45,N,VIIRS,2,2012
0.23803,116.86623,2012-08-14,557,n,0,9.71,332.36,295.02,0.42,0.45,N,VIIRS,2,2012
0.23745,116.86243,2012-08-14,557,h,0,19.62,367.0,298.88,0.42,0.45,N,VIIRS,2,2012
0.23267,116.85926,2012-08-14,557,n,0,5.16,330.86,292.85,0.42,0.45,N,VIIRS,2,2012
-0.12739,115.52749,2012-08-14,557,n,0,5.12,331.35,296.35,0.52,0.41,N,VIIRS,2,2012
-0.15823,115.45223,2012-08-14,557,n,0,3.93,332.25,297.33,0.51,0.41,N,VIIRS,2,2012
-0.15977,115.54635,2012-08-14,557,n,0,2.82,332.42,296.81,0.52,0.41,N,VIIRS,2,2012
-0.1624,115.54498,2012-08-14,557,n,0,4.44,333.28,296.8,0.52,0.41,N,VIIRS,2,2012
-0.1225,116.06064,2012-08-14,557,n,0,6.27,339.7,293.47,0.56,0.43,N,VIIRS,2,2012
-0.16532,116.45551,2012-08-14,557,n,0,2.39,333.74,294.42,0.39,0.44,N,VIIRS,2,2012
-0.34502,115.51501,2012-08-14,557,n,0,5.72,334.33,297.87,0.51,0.41,N,VIIRS,2,2012
-0.37548,115.92177,2012-08-14,557,n,0,6.77,334.83,297.48,0.54,0.42,N,VIIRS,2,2012
-0.39007,116.09081,2012-08-14,557,n,0,4.73,328.35,292.0,0.55,0.43,N,VIIRS,2,2012
-0.38839,116.18324,2012-08-14,557,n,0,5.58,333.59,288.82,0.56,0.43,N,VIIRS,2,2012
-0.38664,116.18102,2012-08-14,557,n,0,4.47,331.42,288.45,0.56,0.43,N,VIIRS,2,2012
-0.39061,116.18163,2012-08-14,557,n,0,4.47,337.23,287.28,0.56,0.43,N,VIIRS,2,2012
-0.39458,116.18221,2012-08-14,557,n,0,8.37,335.72,287.96,0.56,0.43,N,VIIRS,2,2012
-0.38814,116.51597,2012-08-14,557,n,0,2.53,333.23,287.38,0.39,0.44,N,VIIRS,2,2012
-0.47665,116.32263,2012-08-14,557,n,0,6.0,328.71,292.97,0.57,0.43,N,VIIRS,2,2012
-0.61047,116.89873,2012-08-14,557,n,0,15.93,348.95,298.38,0.41,0.45,N,VIIRS,2,2012
-0.60991,116.90235,2012-08-14,557,n,0,23.0,342.74,299.37,0.41,0.45,N,VIIRS,2,2012
-0.61405,116.90299,2012-08-14,557,n,0,2.28,333.5,295.49,0.41,0.45,N,VIIRS,2,2012
-0.63957,116.79366,2012-08-14,557,n,0,5.8,333.85,292.14,0.4,0.45,N,VIIRS,2,2012
-0.64369,116.79431,2012-08-14,557,n,0,5.8,344.38,295.32,0.4,0.45,N,VIIRS,2,2012
-0.64135,116.91858,2012-08-14,557,n,0,6.92,335.88,292.82,0.41,0.45,N,VIIRS,2,2012
-0.69041,116.90294,2012-08-14,557,n,0,7.99,339.24,290.11,0.41,0.45,N,VIIRS,2,2012
-0.694,116.9072,2012-08-14,557,n,0,10.07,339.65,291.48,0.41,0.45,N,VIIRS,2,2012
-0.63627,117.28989,2012-08-14,557,n,0,21.38,349.34,297.84,0.44,0.46,N,VIIRS,2,2012
-0.63567,117.29384,2012-08-14,557,n,0,21.38,342.74,295.21,0.44,0.46,N,VIIRS,2,2012
-0.69456,116.9035,2012-08-14,557,h,0,7.99,367.0,297.33,0.41,0.45,N,VIIRS,2,2012
-0.64052,117.29053,2012-08-14,557,n,0,4.54,329.98,295.37,0.44,0.46,N,VIIRS,2,2012
-0.69595,116.90437,2012-08-14,557,n,0,8.55,345.49,294.21,0.41,0.45,N,VIIRS,2,2012
-0.63483,117.28996,2012-08-14,557,n,0,18.8,343.94,294.28,0.43,0.46,N,VIIRS,2,2012
-0.63846,117.29453,2012-08-14,557,n,0,18.8,341.52,295.66,0.43,0.46,N,VIIRS,2,2012
-0.63908,117.2906,2012-08-14,557,h,0,18.8,367.0,299.63,0.43,0.46,N,VIIRS,2,2012
-1.11215,115.33756,2012-08-14,557,n,0,7.31,336.54,286.57,0.49,0.4,N,VIIRS,2,2012
-0.87673,116.87175,2012-08-14,557,n,0,1.98,331.7,296.91,0.41,0.45,N,VIIRS,2,2012
-1.11827,115.34756,2012-08-14,557,n,0,11.92,337.2,281.62,0.49,0.4,N,VIIRS,2,2012
-0.90611,116.73505,2012-08-14,557,n,0,2.81,339.9,293.34,0.4,0.44,N,VIIRS,2,2012
-0.90258,117.00811,2012-08-14,557,n,0,13.54,344.86,296.81,0.41,0.45,N,VIIRS,2,2012
-0.89943,117.0083,2012-08-14,557,n,0,9.5,353.42,295.81,0.41,0.45,N,VIIRS,2,2012
-0.90358,117.00894,2012-08-14,557,n,0,3.64,336.83,293.18,0.41,0.45,N,VIIRS,2,2012
-0.94949,116.79807,2012-08-14,557,n,0,6.27,344.05,299.49,0.4,0.44,N,VIIRS,2,2012
2.26073,117.16177,2012-08-14,557,h,0,18.64,367.0,292.41,0.47,0.48,N,VIIRS,2,2012
2.23589,117.05322,2012-08-14,557,n,0,40.75,342.35,293.87,0.46,0.47,N,VIIRS,2,2012
2.2315,117.05379,2012-08-14,557,n,0,40.75,328.56,288.99,0.46,0.47,N,VIIRS,2,2012
2.23547,117.05283,2012-08-14,557,n,0,66.12,335.94,295.76,0.46,0.47,N,VIIRS,2,2012
2.23611,117.05698,2012-08-14,557,n,0,51.27,343.61,288.05,0.46,0.47,N,VIIRS,2,2012
2.20578,117.21279,2012-08-14,557,n,0,26.97,355.99,286.01,0.47,0.48,N,VIIRS,2,2012
2.20135,117.21345,2012-08-14,557,n,0,26.97,356.53,286.81,0.47,0.48,N,VIIRS,2,2012
2.20262,117.22192,2012-08-14,557,n,0,55.99,352.12,287.61,0.47,0.48,N,VIIRS,2,2012
2.1982,117.22262,2012-08-14,557,n,0,5.66,334.98,287.24,0.47,0.48,N,VIIRS,2,2012
2.11047,117.08362,2012-08-14,557,n,0,32.37,352.37,292.38,0.46,0.47,N,VIIRS,2,2012
2.09861,117.09395,2012-08-14,557,n,0,2.35,327.75,288.48,0.46,0.47,N,VIIRS,2,2012
2.09925,117.09814,2012-08-14,557,n,0,2.35,328.99,287.49,0.46,0.47,N,VIIRS,2,2012
2.10059,117.16651,2012-08-14,557,n,0,2.8,332.05,292.68,0.47,0.48,N,VIIRS,2,2012
2.09254,117.20284,2012-08-14,557,n,0,5.02,332.11,289.72,0.47,0.48,N,VIIRS,2,2012
2.09317,117.20708,2012-08-14,557,n,0,7.56,334.63,290.44,0.47,0.48,N,VIIRS,2,2012
2.06856,117.0725,2012-08-14,557,n,0,4.51,336.61,287.0,0.46,0.47,N,VIIRS,2,2012
2.06419,117.07319,2012-08-14,557,n,0,4.51,341.74,287.05,0.46,0.47,N,VIIRS,2,2012
2.04318,117.29739,2012-08-14,557,n,0,3.8,330.01,291.48,0.48,0.48,N,VIIRS,2,2012
2.03976,117.29717,2012-08-14,557,n,0,6.48,351.31,292.54,0.48,0.48,N,VIIRS,2,2012
2.03422,117.32034,2012-08-14,557,n,0,4.57,332.63,288.3,0.48,0.48,N,VIIRS,2,2012
2.0694,117.58213,2012-08-14,557,n,0,10.08,341.01,273.53,0.5,0.49,N,VIIRS,2,2012
2.01252,117.2969,2012-08-14,557,n,0,2.39,327.91,290.42,0.48,0.48,N,VIIRS,2,2012
2.01517,117.31447,2012-08-14,557,n,0,7.79,329.88,292.05,0.48,0.48,N,VIIRS,2,2012
2.01582,117.31884,2012-08-14,557,n,0,7.79,342.11,292.82,0.48,0.48,N,VIIRS,2,2012
1.99855,117.29444,2012-08-14,557,n,0,3.67,332.85,293.08,0.48,0.48,N,VIIRS,2,2012
1.99922,117.29891,2012-08-14,557,n,0,13.34,345.65,295.14,0.48,0.48,N,VIIRS,2,2012
1.99989,117.30341,2012-08-14,557,n,0,13.34,331.19,291.66,0.48,0.48,N,VIIRS,2,2012
1.9612,117.31767,2012-08-14,557,n,0,28.52,340.4,291.54,0.48,0.48,N,VIIRS,2,2012
1.95676,117.31828,2012-08-14,557,n,0,28.52,347.28,295.94,0.48,0.48,N,VIIRS,2,2012
1.95362,117.31713,2012-08-14,557,n,0,14.73,354.92,290.59,0.48,0.48,N,VIIRS,2,2012
1.85711,116.94922,2012-08-14,557,n,0,12.02,344.81,289.82,0.45,0.47,N,VIIRS,2,2012
1.85215,117.21353,2012-08-14,557,n,0,3.37,332.21,286.59,0.47,0.48,N,VIIRS,2,2012
1.84147,117.26318,2012-08-14,557,n,0,7.76,341.66,287.28,0.47,0.48,N,VIIRS,2,2012
1.67778,117.1265,2012-08-14,557,n,0,29.51,330.37,294.43,0.46,0.47,N,VIIRS,2,2012
1.67842,117.13071,2012-08-14,557,n,0,29.51,340.65,290.93,0.46,0.47,N,VIIRS,2,2012
1.67342,117.12717,2012-08-14,557,n,0,3.39,327.55,291.25,0.46,0.47,N,VIIRS,2,2012
1.57022,118.08004,2012-08-14,557,n,0,4.75,336.33,292.28,0.53,0.5,N,VIIRS,2,2012
1.55664,118.11656,2012-08-14,557,n,0,11.51,354.76,289.69,0.53,0.5,N,VIIRS,2,2012
1.55126,118.11243,2012-08-14,557,n,0,15.15,335.22,293.02,0.53,0.5,N,VIIRS,2,2012
1.55269,118.12207,2012-08-14,557,n,0,11.48,343.49,290.2,0.53,0.5,N,VIIRS,2,2012
1.55198,118.11723,2012-08-14,557,h,0,15.15,367.0,295.5,0.53,0.5,N,VIIRS,2,2012
1.28154,116.93377,2012-08-14,557,n,0,13.42,346.58,289.81,0.44,0.46,N,VIIRS,2,2012
1.38822,117.64583,2012-08-14,557,n,0,6.52,340.86,293.8,0.49,0.49,N,VIIRS,2,2012
0.9237,114.57714,2012-08-14,557,n,0,3.03,329.21,296.13,0.47,0.4,N,VIIRS,2,2012
0.92133,114.58636,2012-08-14,557,n,0,2.82,328.79,296.48,0.48,0.4,N,VIIRS,2,2012
1.25203,116.97079,2012-08-14,557,n,0,51.89,346.14,298.95,0.44,0.46,N,VIIRS,2,2012
1.25676,117.00286,2012-08-14,557,n,0,3.78,335.09,278.12,0.44,0.46,N,VIIRS,2,2012
0.90263,114.63746,2012-08-14,557,n,0,15.13,335.89,296.57,0.48,0.4,N,VIIRS,2,2012
0.90033,114.63717,2012-08-14,557,n,0,10.3,345.46,297.77,0.48,0.4,N,VIIRS,2,2012
1.25423,116.97069,2012-08-14,557,n,0,26.32,352.63,293.95,0.44,0.46,N,VIIRS,2,2012
1.2592,117.0027,2012-08-14,557,n,0,5.37,333.56,276.23,0.44,0.46,N,VIIRS,2,2012
1.24995,116.97137,2012-08-14,557,n,0,26.32,349.68,295.66,0.44,0.46,N,VIIRS,2,2012
1.37636,118.02966,2012-08-14,557,n,0,13.63,346.93,294.0,0.52,0.5,N,VIIRS,2,2012
1.20528,116.96574,2012-08-14,557,n,0,117.9,349.59,294.58,0.44,0.46,N,VIIRS,2,2012
0.85662,114.69656,2012-08-14,557,n,0,40.65,340.41,302.79,0.48,0.4,N,VIIRS,2,2012
1.20039,116.9624,2012-08-14,557,n,0,4.52,337.41,293.42,0.44,0.46,N,VIIRS,2,2012
1.20099,116.96636,2012-08-14,557,n,0,4.52,341.9,292.24,0.44,0.46,N,VIIRS,2,2012
1.3611,118.02246,2012-08-14,557,n,0,4.81,341.52,293.99,0.52,0.5,N,VIIRS,2,2012
0.78662,114.28376,2012-08-14,557,n,0,2.14,328.17,297.69,0.46,0.39,N,VIIRS,2,2012
0.82113,114.56142,2012-08-14,557,n,0,3.78,331.2,296.6,0.47,0.4,N,VIIRS,2,2012
1.18088,116.94907,2012-08-14,557,n,0,3.11,329.5,293.95,0.44,0.46,N,VIIRS,2,2012
1.1983,117.09422,2012-08-14,557,n,0,5.52,334.86,283.74,0.45,0.47,N,VIIRS,2,2012
0.81315,114.5582,2012-08-14,557,n,0,2.57,332.43,296.95,0.47,0.4,N,VIIRS,2,2012
1.16698,116.9146,2012-08-14,557,n,0,9.05,340.84,295.24,0.44,0.46,N,VIIRS,2,2012
1.17173,116.94633,2012-08-14,557,n,0,10.95,336.04,296.5,0.44,0.46,N,VIIRS,2,2012
1.17233,116.95029,2012-08-14,557,n,0,20.58,342.23,298.54,0.44,0.46,N,VIIRS,2,2012
1.19581,117.10703,2012-08-14,557,n,0,9.22,335.86,282.79,0.45,0.47,N,VIIRS,2,2012
0.77042,114.29883,2012-08-14,557,n,0,7.21,343.92,294.95,0.46,0.39,N,VIIRS,2,2012
1.1782,117.01881,2012-08-14,557,n,0,6.84,340.25,292.91,0.44,0.46,N,VIIRS,2,2012
1.1788,117.02282,2012-08-14,557,n,0,10.64,350.12,292.36,0.44,0.46,N,VIIRS,2,2012
1.1739,117.01943,2012-08-14,557,n,0,5.98,341.0,293.03,0.44,0.46,N,VIIRS,2,2012
1.17199,117.03609,2012-08-14,557,n,0,5.35,330.14,291.91,0.45,0.47,N,VIIRS,2,2012
0.7073,114.40086,2012-08-14,557,n,0,10.6,333.84,297.84,0.46,0.39,N,VIIRS,2,2012
1.06998,116.78517,2012-08-14,557,n,0,4.27,340.97,295.08,0.43,0.46,N,VIIRS,2,2012
0.90224,116.81428,2012-08-14,557,n,0,6.76,348.61,292.43,0.43,0.46,N,VIIRS,2,2012
0.90206,116.81335,2012-08-14,557,n,0,8.76,340.51,293.2,0.43,0.46,N,VIIRS,2,2012
0.83788,116.64739,2012-08-14,557,n,0,2.65,337.33,298.03,0.42,0.45,N,VIIRS,2,2012
1.01696,117.87978,2012-08-14,557,n,0,6.34,341.15,293.71,0.5,0.49,N,VIIRS,2,2012
1.01765,117.88435,2012-08-14,557,n,0,8.62,340.79,293.47,0.5,0.49,N,VIIRS,2,2012
0.7633,116.40612,2012-08-14,557,n,0,3.5,339.41,296.59,0.4,0.44,N,VIIRS,2,2012
0.87654,117.18986,2012-08-14,557,n,0,4.64,341.64,287.57,0.45,0.47,N,VIIRS,2,2012
0.94119,117.84296,2012-08-14,557,n,0,6.9,339.64,293.53,0.5,0.49,N,VIIRS,2,2012
0.63077,115.99597,2012-08-14,557,l,0,83.19,330.75,304.1,0.56,0.43,N,VIIRS,2,2012
0.70682,116.66022,2012-08-14,557,n,0,8.33,334.98,295.48,0.41,0.45,N,VIIRS,2,2012
0.70626,116.65649,2012-08-14,557,h,0,8.33,367.0,297.89,0.41,0.45,N,VIIRS,2,2012
0.70209,116.6571,2012-08-14,557,n,0,8.33,342.9,296.46,0.41,0.45,N,VIIRS,2,2012
0.70716,116.69067,2012-08-14,557,n,0,20.13,351.52,291.23,0.42,0.45,N,VIIRS,2,2012
0.64631,116.85939,2012-08-14,557,n,0,15.85,344.45,292.78,0.43,0.46,N,VIIRS,2,2012
0.70323,117.26141,2012-08-14,557,n,0,28.86,345.42,300.2,0.45,0.47,N,VIIRS,2,2012
0.61565,116.85608,2012-08-14,557,n,0,3.12,332.91,291.62,0.43,0.46,N,VIIRS,2,2012
0.59655,116.75759,2012-08-14,557,n,0,3.4,336.86,293.37,0.42,0.45,N,VIIRS,2,2012
0.56918,116.68875,2012-08-14,557,n,0,3.34,328.47,292.7,0.41,0.45,N,VIIRS,2,2012
0.56502,116.68937,2012-08-14,557,n,0,3.34,341.54,290.15,0.41,0.45,N,VIIRS,2,2012
0.65235,117.30681,2012-08-14,557,n,0,4.98,331.86,292.13,0.46,0.47,N,VIIRS,2,2012
0.648,117.30745,2012-08-14,557,n,0,4.98,334.14,292.68,0.46,0.47,N,VIIRS,2,2012
0.65171,117.30708,2012-08-14,557,n,0,8.75,344.44,292.94,0.46,0.47,N,VIIRS,2,2012
0.09405,117.46953,2012-08-14,1657,n,3,2.91,309.77,292.31,0.36,0.58,N,VIIRS,2,2012
0.24119,116.8615,2012-08-14,1657,n,0,1.37,306.38,289.26,0.4,0.6,N,VIIRS,2,2012
0.23998,116.86082,2012-08-14,1657,n,0,1.44,304.66,289.27,0.4,0.6,N,VIIRS,2,2012
0.18213,117.48719,2012-08-14,1657,n,2,1.4,304.55,289.81,0.36,0.58,N,VIIRS,2,2012
0.37211,116.60507,2012-08-14,1657,n,0,1.07,305.74,288.61,0.42,0.61,N,VIIRS,2,2012
0.36848,116.60264,2012-08-14,1657,n,0,0.83,302.17,288.3,0.42,0.61,N,VIIRS,2,2012
1.60106,118.06838,2012-08-14,1657,n,0,0.92,314.71,288.67,0.35,0.57,N,VIIRS,2,2012
1.95213,117.31635,2012-08-14,1657,n,0,1.05,302.33,287.68,0.4,0.6,N,VIIRS,2,2012
1.95768,117.31715,2012-08-14,1657,n,0,1.05,309.0,288.53,0.4,0.6,N,VIIRS,2,2012
2.20508,117.20848,2012-08-14,1657,n,0,1.79,302.36,283.93,0.41,0.6,N,VIIRS,2,2012
-0.82897,115.88628,2012-08-14,1657,n,0,0.53,302.29,289.35,0.45,0.63,N,VIIRS,2,2012
-0.67528,115.51566,2012-08-14,1657,n,0,1.5,308.15,289.74,0.48,0.65,N,VIIRS,2,2012
-0.67456,115.51118,2012-08-14,1657,n,0,1.5,306.99,289.89,0.48,0.65,N,VIIRS,2,2012
-0.80536,117.10402,2012-08-14,1657,n,0,1.26,306.16,291.46,0.37,0.58,N,VIIRS,2,2012
-0.80481,117.10062,2012-08-14,1657,n,0,1.19,302.79,291.32,0.37,0.58,N,VIIRS,2,2012
-0.74013,117.56378,2012-08-14,1657,n,0,0.56,307.39,291.95,0.35,0.57,N,VIIRS,2,2012
-0.5838,117.38463,2012-08-14,1657,n,2,1.06,315.34,291.6,0.36,0.57,N,VIIRS,2,2012
-0.46491,117.58623,2012-08-14,1657,n,2,1.12,305.97,292.04,0.35,0.57,N,VIIRS,2,2012
-0.30662,116.58879,2012-08-14,1657,n,0,0.73,310.21,289.48,0.41,0.61,N,VIIRS,2,2012
-0.20431,117.11636,2012-08-14,1657,n,0,0.93,304.4,290.55,0.38,0.59,N,VIIRS,2,2012
0.1047,117.47131,2012-08-14,1657,n,2,1.4,305.36,290.68,0.36,0.58,N,VIIRS,2,2012
-2.44685,114.25935,2012-08-14,1658,n,0,1.82,303.88,290.88,0.55,0.68,N,VIIRS,2,2012
-2.43214,114.26265,2012-08-14,1658,n,0,3.99,331.69,291.92,0.55,0.68,N,VIIRS,2,2012
-2.42418,114.25368,2012-08-14,1658,n,0,5.12,302.17,290.58,0.55,0.68,N,VIIRS,2,2012
-2.42584,114.26375,2012-08-14,1658,n,0,3.99,322.57,291.42,0.55,0.68,N,VIIRS,2,2012
-2.42501,114.25871,2012-08-14,1658,n,0,3.99,336.2,292.98,0.55,0.68,N,VIIRS,2,2012
-2.41953,114.26485,2012-08-14,1658,n,0,9.34,307.32,290.98,0.55,0.68,N,VIIRS,2,2012
-2.4187,114.2598,2012-08-14,1658,h,0,9.34,367.0,295.08,0.55,0.68,N,VIIRS,2,2012
-2.41787,114.25478,2012-08-14,1658,n,0,8.3,325.55,291.49,0.55,0.68,N,VIIRS,2,2012
-2.41071,114.25072,2012-08-14,1658,n,0,8.3,302.96,290.17,0.55,0.68,N,VIIRS,2,2012
-2.41239,114.26089,2012-08-14,1658,n,0,9.34,355.57,294.57,0.55,0.68,N,VIIRS,2,2012
-2.41156,114.25587,2012-08-14,1658,n,0,8.3,334.87,292.39,0.55,0.68,N,VIIRS,2,2012
-2.40438,114.25179,2012-08-14,1658,n,0,11.97,311.55,290.6,0.55,0.68,N,VIIRS,2,2012
-2.40607,114.26198,2012-08-14,1658,h,0,11.39,367.0,294.68,0.55,0.68,N,VIIRS,2,2012
-2.40523,114.2569,2012-08-14,1658,h,0,11.97,367.0,295.76,0.55,0.68,N,VIIRS,2,2012
-2.39976,114.26302,2012-08-14,1658,n,0,11.39,315.2,290.78,0.55,0.68,N,VIIRS,2,2012
-2.39891,114.25793,2012-08-14,1658,n,0,11.97,308.71,291.32,0.55,0.68,N,VIIRS,2,2012
-2.3926,114.25903,2012-08-14,1658,n,0,4.42,313.51,291.18,0.55,0.68,N,VIIRS,2,2012
-2.39092,114.24893,2012-08-14,1658,n,0,1.42,305.35,290.69,0.55,0.68,N,VIIRS,2,2012
-2.38461,114.25008,2012-08-14,1658,n,0,1.42,303.92,291.01,0.55,0.68,N,VIIRS,2,2012
-2.37998,114.26125,2012-08-14,1658,n,0,1.27,303.24,290.63,0.55,0.68,N,VIIRS,2,2012
-2.27822,114.36825,2012-08-14,1658,n,0,3.58,322.16,291.46,0.54,0.68,N,VIIRS,2,2012
-2.23334,114.6202,2012-08-14,1658,n,0,2.09,312.75,291.07,0.52,0.67,N,VIIRS,2,2012
-1.978,114.12083,2012-08-14,1658,n,0,0.92,304.24,290.14,0.57,0.69,N,VIIRS,2,2012
-1.97746,114.12127,2012-08-14,1658,n,0,0.71,303.82,290.19,0.57,0.69,N,VIIRS,2,2012
-2.01459,116.02388,2012-08-14,1658,n,0,1.63,318.74,289.04,0.42,0.61,N,VIIRS,2,2012
-1.97194,115.87301,2012-08-14,1658,n,0,0.68,304.03,290.35,0.43,0.62,N,VIIRS,2,2012
-1.86722,115.31866,2012-08-14,1658,n,0,1.12,303.38,290.58,0.47,0.64,N,VIIRS,2,2012
-1.97084,115.872,2012-08-14,1658,n,0,0.67,306.11,290.69,0.43,0.62,N,VIIRS,2,2012
-1.91977,115.84798,2012-08-14,1658,n,0,0.33,304.32,290.36,0.44,0.62,N,VIIRS,2,2012
-1.93848,116.31625,2012-08-14,1658,n,0,0.78,311.67,290.93,0.4,0.6,N,VIIRS,2,2012
-1.6031,114.78738,2012-08-14,1658,n,0,1.44,304.69,290.87,0.52,0.67,N,VIIRS,2,2012
-1.59772,114.79324,2012-08-14,1658,n,0,1.44,304.86,291.2,0.52,0.67,N,VIIRS,2,2012
-1.59693,114.78849,2012-08-14,1658,n,0,1.44,311.39,291.52,0.52,0.67,N,VIIRS,2,2012
-1.42234,116.25224,2012-08-14,1658,n,0,0.46,302.83,290.43,0.42,0.61,N,VIIRS,2,2012
-2.41989,114.25359,2012-08-14,1658,n,0,8.6,308.45,290.41,0.55,0.68,N,VIIRS,2,2012
-2.42161,114.26363,2012-08-14,1658,n,0,5.73,321.55,291.19,0.55,0.68,N,VIIRS,2,2012
-2.42075,114.25861,2012-08-14,1658,n,0,8.6,352.28,293.84,0.55,0.68,N,VIIRS,2,2012
-2.41531,114.26472,2012-08-14,1658,n,0,5.73,308.75,290.91,0.55,0.68,N,VIIRS,2,2012
-2.41444,114.25968,2012-08-14,1658,h,0,8.6,367.0,294.94,0.55,0.68,N,VIIRS,2,2012
-2.41357,114.25465,2012-08-14,1658,n,0,8.6,325.67,291.68,0.55,0.68,N,VIIRS,2,2012
-2.45819,114.26326,2012-08-14,1658,n,0,1.21,303.5,290.17,0.55,0.68,N,VIIRS,2,2012
-2.45737,114.25822,2012-08-14,1658,n,0,2.23,318.26,290.74,0.55,0.68,N,VIIRS,2,2012
-2.45189,114.26441,2012-08-14,1658,n,0,1.21,302.17,290.39,0.55,0.68,N,VIIRS,2,2012
-2.45107,114.25938,2012-08-14,1658,n,0,2.23,310.95,291.03,0.55,0.68,N,VIIRS,2,2012
-2.45025,114.25436,2012-08-14,1658,n,0,2.23,302.52,290.44,0.55,0.68,N,VIIRS,2,2012
-2.4745,114.40347,2012-08-14,1658,n,0,3.32,320.85,291.86,0.53,0.67,N,VIIRS,2,2012
-2.44476,114.26047,2012-08-14,1658,n,0,1.82,304.88,290.68,0.55,0.68,N,VIIRS,2,2012
-2.44394,114.25546,2012-08-14,1658,n,0,1.82,307.84,290.6,0.55,0.68,N,VIIRS,2,2012
-2.43763,114.25655,2012-08-14,1658,n,0,1.82,305.91,290.78,0.55,0.68,N,VIIRS,2,2012
-2.43845,114.26156,2012-08-14,1658,n,0,1.82,324.32,291.79,0.55,0.68,N,VIIRS,2,2012
-2.43132,114.25761,2012-08-14,1658,n,0,3.99,314.03,291.25,0.55,0.68,N,VIIRS,2,2012
-2.4603,114.26212,2012-08-14,1658,n,0,1.51,303.48,289.87,0.55,0.68,N,VIIRS,2,2012
-2.45945,114.25709,2012-08-14,1658,n,0,1.51,304.8,289.63,0.55,0.68,N,VIIRS,2,2012
-2.47756,114.40206,2012-08-14,1658,n,0,1.11,302.39,290.01,0.53,0.67,N,VIIRS,2,2012
-2.45401,114.26328,2012-08-14,1658,n,0,1.51,308.6,290.63,0.55,0.68,N,VIIRS,2,2012
-2.45316,114.25827,2012-08-14,1658,n,0,1.51,316.74,291.77,0.55,0.68,N,VIIRS,2,2012
-2.47214,114.40803,2012-08-14,1658,n,0,1.31,301.87,290.48,0.53,0.67,N,VIIRS,2,2012
-2.4713,114.40313,2012-08-14,1658,n,0,2.76,312.63,291.38,0.53,0.67,N,VIIRS,2,2012
-2.44771,114.26437,2012-08-14,1658,n,0,1.82,300.58,290.31,0.55,0.68,N,VIIRS,2,2012
-2.446,114.25435,2012-08-14,1658,n,0,2.13,307.47,290.66,0.55,0.68,N,VIIRS,2,2012
-2.44054,114.26041,2012-08-14,1658,n,0,1.82,314.26,291.25,0.55,0.68,N,VIIRS,2,2012
-2.43969,114.2554,2012-08-14,1658,n,0,2.13,302.85,290.47,0.55,0.68,N,VIIRS,2,2012
-2.43337,114.25646,2012-08-14,1658,n,0,5.4,309.28,290.97,0.55,0.68,N,VIIRS,2,2012
-2.43423,114.26149,2012-08-14,1658,n,0,5.38,333.37,292.45,0.55,0.68,N,VIIRS,2,2012
-2.42792,114.26254,2012-08-14,1658,n,0,5.38,331.17,292.01,0.55,0.68,N,VIIRS,2,2012
-2.42706,114.25754,2012-08-14,1658,n,0,5.4,326.01,291.98,0.55,0.68,N,VIIRS,2,2012
-2.45849,114.2638,2012-08-14,1838,n,0,1.62,304.0,289.0,0.76,0.77,N,VIIRS,2,2012
-2.45748,114.25681,2012-08-14,1838,n,0,2.44,307.32,289.12,0.76,0.77,N,VIIRS,2,2012
-2.47185,114.40657,2012-08-14,1838,n,0,2.19,306.71,290.07,0.77,0.78,N,VIIRS,2,2012
-2.45134,114.26483,2012-08-14,1838,n,0,1.62,300.15,289.05,0.76,0.77,N,VIIRS,2,2012
-2.45033,114.25784,2012-08-14,1838,n,0,2.44,302.36,289.91,0.76,0.77,N,VIIRS,2,2012
-2.44319,114.25896,2012-08-14,1838,n,0,3.71,303.25,289.56,0.76,0.77,N,VIIRS,2,2012
-2.43705,114.26704,2012-08-14,1838,n,0,3.52,300.59,289.73,0.76,0.77,N,VIIRS,2,2012
-2.43605,114.26009,2012-08-14,1838,n,0,3.71,314.46,290.26,0.76,0.77,N,VIIRS,2,2012
-2.47731,114.40359,2012-08-14,1838,n,0,1.61,304.75,289.47,0.77,0.77,N,VIIRS,2,2012
-2.45587,114.26227,2012-08-14,1838,n,0,1.6,309.87,289.61,0.76,0.77,N,VIIRS,2,2012
-2.45481,114.25526,2012-08-14,1838,n,0,1.6,305.34,289.61,0.75,0.77,N,VIIRS,2,2012
-2.4701,114.40467,2012-08-14,1838,n,0,1.61,300.63,289.66,0.77,0.77,N,VIIRS,2,2012
-2.44873,114.26333,2012-08-14,1838,n,0,1.6,300.81,289.81,0.76,0.77,N,VIIRS,2,2012
-2.44767,114.25632,2012-08-14,1838,n,0,1.6,302.77,289.75,0.75,0.77,N,VIIRS,2,2012
-2.44158,114.2644,2012-08-14,1838,n,0,1.99,305.7,289.41,0.76,0.77,N,VIIRS,2,2012
-2.44053,114.25742,2012-08-14,1838,n,0,1.99,302.04,289.77,0.75,0.77,N,VIIRS,2,2012
-2.43444,114.26547,2012-08-14,1838,n,0,1.99,306.8,289.97,0.76,0.77,N,VIIRS,2,2012
-2.43339,114.25852,2012-08-14,1838,n,0,1.99,312.0,290.65,0.75,0.77,N,VIIRS,2,2012
-2.42625,114.25961,2012-08-14,1838,n,0,8.0,326.21,291.02,0.75,0.77,N,VIIRS,2,2012
-2.41807,114.25371,2012-08-14,1838,n,0,10.94,311.58,290.26,0.75,0.77,N,VIIRS,2,2012
-2.41911,114.26069,2012-08-14,1838,n,0,8.0,337.41,292.35,0.75,0.77,N,VIIRS,2,2012
-2.41197,114.26176,2012-08-14,1838,n,0,8.73,333.87,291.68,0.75,0.77,N,VIIRS,2,2012
-2.41093,114.25481,2012-08-14,1838,n,0,10.82,323.85,290.93,0.75,0.77,N,VIIRS,2,2012
-2.40483,114.26286,2012-08-14,1838,n,0,8.73,332.81,291.56,0.75,0.77,N,VIIRS,2,2012
-2.40381,114.25597,2012-08-14,1838,n,0,10.82,329.02,291.35,0.75,0.77,N,VIIRS,2,2012
-2.38851,114.25122,2012-08-14,1838,n,0,3.13,303.14,290.28,0.75,0.77,N,VIIRS,2,2012
-2.27806,114.36713,2012-08-14,1838,n,0,2.05,310.53,289.56,0.76,0.77,N,VIIRS,2,2012
-2.27587,114.36587,2012-08-14,1838,n,0,1.19,304.98,289.44,0.76,0.77,N,VIIRS,2,2012
-2.23334,114.62231,2012-08-14,1838,n,0,1.08,302.03,289.99,0.79,0.78,N,VIIRS,2,2012
-2.23156,114.62075,2012-08-14,1838,n,0,1.31,300.27,289.68,0.79,0.78,N,VIIRS,2,2012
-1.59704,114.79029,2012-08-14,1838,n,0,3.65,313.57,288.76,0.8,0.78,N,VIIRS,2,2012
-1.93898,116.31477,2012-08-15,537,n,0,6.96,352.5,300.64,0.38,0.36,N,VIIRS,2,2012
-1.93565,116.31427,2012-08-15,537,n,0,6.96,335.34,296.58,0.38,0.36,N,VIIRS,2,2012
-1.94231,116.31527,2012-08-15,537,l,0,3.54,326.55,297.83,0.38,0.36,N,VIIRS,2,2012
-1.93846,116.31823,2012-08-15,537,n,0,33.64,352.78,303.54,0.38,0.36,N,VIIRS,2,2012
-2.08722,116.16353,2012-08-15,537,n,0,6.48,344.38,295.79,0.39,0.36,N,VIIRS,2,2012
-2.08687,116.18829,2012-08-15,537,n,0,4.14,333.86,297.45,0.39,0.36,N,VIIRS,2,2012
0.23664,116.86814,2012-08-15,538,n,0,7.62,340.52,295.2,0.39,0.36,N,VIIRS,2,2012
0.23945,116.86417,2012-08-15,538,n,0,3.87,332.92,294.57,0.39,0.36,N,VIIRS,2,2012
0.24332,116.86715,2012-08-15,538,n,0,3.87,333.58,289.79,0.39,0.36,N,VIIRS,2,2012
0.236,116.44173,2012-08-15,538,n,0,5.21,336.72,296.25,0.38,0.36,N,VIIRS,2,2012
0.39216,116.7151,2012-08-15,538,n,0,3.88,334.4,294.94,0.39,0.36,N,VIIRS,2,2012
0.39163,116.71164,2012-08-15,538,n,0,3.88,332.32,294.76,0.39,0.36,N,VIIRS,2,2012
0.3983,116.71064,2012-08-15,538,n,0,5.86,337.76,295.87,0.39,0.36,N,VIIRS,2,2012
0.39532,116.60103,2012-08-15,538,n,0,3.35,338.1,298.53,0.39,0.36,N,VIIRS,2,2012
0.39479,116.59756,2012-08-15,538,n,0,3.35,334.88,297.51,0.39,0.36,N,VIIRS,2,2012
0.59062,117.33295,2012-08-15,538,n,0,4.83,347.27,292.85,0.4,0.37,N,VIIRS,2,2012
0.69034,116.87951,2012-08-15,538,n,0,17.41,329.36,290.94,0.39,0.36,N,VIIRS,2,2012
0.70056,116.85653,2012-08-15,538,n,0,8.18,335.78,290.71,0.39,0.36,N,VIIRS,2,2012
0.70003,116.85303,2012-08-15,538,n,0,24.62,355.21,299.15,0.39,0.36,N,VIIRS,2,2012
0.69951,116.84953,2012-08-15,538,n,0,24.62,338.38,292.92,0.39,0.36,N,VIIRS,2,2012
0.70391,116.85604,2012-08-15,538,n,0,24.98,337.48,290.14,0.39,0.36,N,VIIRS,2,2012
0.70338,116.85255,2012-08-15,538,n,0,31.38,346.25,297.53,0.39,0.36,N,VIIRS,2,2012
0.70285,116.84903,2012-08-15,538,n,0,31.38,340.3,289.94,0.39,0.36,N,VIIRS,2,2012
0.71008,116.64828,2012-08-15,538,n,0,43.21,350.99,302.23,0.39,0.36,N,VIIRS,2,2012
0.71342,116.64779,2012-08-15,538,n,0,5.36,339.78,293.03,0.39,0.36,N,VIIRS,2,2012
0.74099,116.6721,2012-08-15,538,n,0,4.61,346.34,293.64,0.39,0.36,N,VIIRS,2,2012
0.74749,116.69247,2012-08-15,538,n,0,2.34,332.22,294.15,0.39,0.36,N,VIIRS,2,2012
0.74433,116.6716,2012-08-15,538,n,0,6.45,337.04,295.77,0.39,0.36,N,VIIRS,2,2012
0.75083,116.69196,2012-08-15,538,n,0,2.34,331.28,292.28,0.39,0.36,N,VIIRS,2,2012
0.80158,116.76556,2012-08-15,538,n,0,2.74,330.5,288.81,0.39,0.36,N,VIIRS,2,2012
0.80493,116.76508,2012-08-15,538,n,0,19.0,343.69,295.96,0.39,0.36,N,VIIRS,2,2012
0.8324,116.87906,2012-08-15,538,n,0,23.64,342.68,294.66,0.39,0.36,N,VIIRS,2,2012
0.82692,116.79753,2012-08-15,538,n,0,40.47,341.68,298.06,0.39,0.36,N,VIIRS,2,2012
0.83027,116.79704,2012-08-15,538,n,0,7.44,339.39,289.02,0.39,0.36,N,VIIRS,2,2012
0.82952,116.54433,2012-08-15,538,n,0,6.92,340.06,293.23,0.39,0.36,N,VIIRS,2,2012
0.83285,116.54382,2012-08-15,538,n,0,21.93,344.12,294.1,0.39,0.36,N,VIIRS,2,2012
0.90223,116.78268,2012-08-15,538,n,0,3.25,334.35,294.56,0.39,0.36,N,VIIRS,2,2012
1.02942,117.01154,2012-08-15,538,n,0,6.37,338.95,294.89,0.39,0.36,N,VIIRS,2,2012
1.03066,117.01053,2012-08-15,538,n,0,3.99,333.15,291.45,0.39,0.36,N,VIIRS,2,2012
1.05913,117.01712,2012-08-15,538,n,0,1.8,329.17,292.88,0.39,0.36,N,VIIRS,2,2012
1.07035,116.86423,2012-08-15,538,n,0,2.42,334.5,293.53,0.39,0.36,N,VIIRS,2,2012
1.0539,116.75561,2012-08-15,538,n,0,14.82,339.25,290.98,0.39,0.36,N,VIIRS,2,2012
1.05337,116.75211,2012-08-15,538,n,0,14.82,332.32,290.27,0.39,0.36,N,VIIRS,2,2012
0.72059,114.2563,2012-08-15,538,n,0,18.58,345.78,292.71,0.41,0.37,N,VIIRS,2,2012
0.72003,114.2526,2012-08-15,538,n,0,18.58,334.26,290.68,0.41,0.37,N,VIIRS,2,2012
0.7205,114.256,2012-08-15,538,n,0,25.95,346.45,293.02,0.41,0.37,N,VIIRS,2,2012
0.71993,114.2523,2012-08-15,538,n,0,25.95,335.59,290.37,0.41,0.37,N,VIIRS,2,2012
0.72391,114.25545,2012-08-15,538,n,0,25.95,344.96,292.57,0.41,0.37,N,VIIRS,2,2012
0.73074,114.25436,2012-08-15,538,n,0,10.95,346.59,289.52,0.41,0.37,N,VIIRS,2,2012
1.19,117.09843,2012-08-15,538,n,0,5.61,339.23,293.08,0.4,0.37,N,VIIRS,2,2012
1.19337,117.09792,2012-08-15,538,n,0,4.19,335.37,291.5,0.4,0.37,N,VIIRS,2,2012
0.76548,114.25297,2012-08-15,538,n,0,22.38,334.95,289.94,0.41,0.37,N,VIIRS,2,2012
1.37312,118.03202,2012-08-15,538,n,0,4.24,334.57,293.69,0.42,0.38,N,VIIRS,2,2012
1.37255,118.02825,2012-08-15,538,n,0,4.24,336.47,298.39,0.42,0.38,N,VIIRS,2,2012
1.23986,117.10918,2012-08-15,538,n,0,7.04,341.84,292.72,0.4,0.37,N,VIIRS,2,2012
1.27452,117.17244,2012-08-15,538,n,0,3.5,329.63,293.08,0.4,0.37,N,VIIRS,2,2012
1.35166,117.66496,2012-08-15,538,n,0,5.7,342.6,291.7,0.41,0.37,N,VIIRS,2,2012
1.27789,117.17194,2012-08-15,538,n,0,17.11,352.03,295.97,0.4,0.37,N,VIIRS,2,2012
1.27736,117.16836,2012-08-15,538,n,0,14.3,353.06,303.09,0.4,0.37,N,VIIRS,2,2012
1.27682,117.16479,2012-08-15,538,n,0,14.3,347.08,298.79,0.4,0.37,N,VIIRS,2,2012
1.28073,117.16786,2012-08-15,538,n,0,14.3,335.11,287.76,0.4,0.37,N,VIIRS,2,2012
1.2802,117.16428,2012-08-15,538,n,0,14.3,332.42,292.0,0.4,0.37,N,VIIRS,2,2012
0.901,114.63869,2012-08-15,538,n,0,5.0,332.42,292.94,0.4,0.37,N,VIIRS,2,2012
1.28428,116.91718,2012-08-15,538,n,0,60.98,340.0,298.27,0.39,0.36,N,VIIRS,2,2012
1.28375,116.91367,2012-08-15,538,n,0,13.68,342.01,286.69,0.39,0.36,N,VIIRS,2,2012
1.28764,116.91669,2012-08-15,538,n,0,22.79,346.48,290.32,0.39,0.36,N,VIIRS,2,2012
1.28711,116.91315,2012-08-15,538,n,0,6.67,334.1,288.51,0.39,0.36,N,VIIRS,2,2012
1.30229,116.90008,2012-08-15,538,n,0,4.33,338.86,285.93,0.39,0.36,N,VIIRS,2,2012
1.30564,116.89957,2012-08-15,538,n,0,7.79,330.89,287.8,0.39,0.36,N,VIIRS,2,2012
1.30511,116.89605,2012-08-15,538,n,0,40.28,330.09,285.84,0.39,0.36,N,VIIRS,2,2012
1.309,116.89907,2012-08-15,538,n,0,7.79,349.87,290.73,0.39,0.36,N,VIIRS,2,2012
1.30846,116.89555,2012-08-15,538,n,0,40.28,345.14,288.74,0.39,0.36,N,VIIRS,2,2012
1.31235,116.89857,2012-08-15,538,n,0,84.09,341.63,299.44,0.39,0.36,N,VIIRS,2,2012
0.84046,113.68679,2012-08-15,538,n,0,36.83,332.74,294.57,0.43,0.38,N,VIIRS,2,2012
0.84395,113.68626,2012-08-15,538,n,0,36.83,347.17,303.86,0.43,0.38,N,VIIRS,2,2012
1.51865,118.11557,2012-08-15,538,n,0,7.42,347.09,293.12,0.43,0.38,N,VIIRS,2,2012
0.90514,114.06982,2012-08-15,538,n,0,3.91,331.02,292.56,0.41,0.37,N,VIIRS,2,2012
0.84801,113.68961,2012-08-15,538,n,0,12.44,341.2,295.49,0.43,0.38,N,VIIRS,2,2012
0.85149,113.68906,2012-08-15,538,n,0,12.44,347.61,296.14,0.43,0.38,N,VIIRS,2,2012
0.90866,114.07348,2012-08-15,538,n,0,2.72,326.62,293.35,0.41,0.37,N,VIIRS,2,2012
0.84946,113.69016,2012-08-15,538,n,0,25.03,345.54,297.94,0.43,0.38,N,VIIRS,2,2012
0.85702,113.69293,2012-08-15,538,n,0,18.09,340.74,295.37,0.43,0.38,N,VIIRS,2,2012
0.94635,114.11326,2012-08-15,538,n,0,4.68,332.01,292.69,0.41,0.37,N,VIIRS,2,2012
0.94579,114.10957,2012-08-15,538,n,0,4.21,330.27,292.34,0.41,0.37,N,VIIRS,2,2012
0.94522,114.10587,2012-08-15,538,n,0,4.21,331.6,292.92,0.41,0.37,N,VIIRS,2,2012
0.9498,114.11284,2012-08-15,538,n,0,10.35,331.99,291.48,0.41,0.37,N,VIIRS,2,2012
0.94813,114.07902,2012-08-15,538,n,0,9.22,345.35,293.83,0.41,0.37,N,VIIRS,2,2012
0.96298,114.08434,2012-08-15,538,n,0,3.68,341.52,292.93,0.41,0.37,N,VIIRS,2,2012
1.62612,118.05714,2012-08-15,538,n,0,2.7,329.68,296.78,0.42,0.38,N,VIIRS,2,2012
1.62961,118.05663,2012-08-15,538,n,0,2.7,331.74,297.87,0.42,0.38,N,VIIRS,2,2012
1.8459,117.23965,2012-08-15,538,n,0,6.56,332.99,281.14,0.4,0.37,N,VIIRS,2,2012
1.7977,117.24714,2012-08-15,538,n,0,4.08,327.86,286.06,0.4,0.37,N,VIIRS,2,2012
1.79486,117.25127,2012-08-15,538,n,0,5.34,344.83,289.29,0.4,0.37,N,VIIRS,2,2012
1.69106,117.09047,2012-08-15,538,n,0,3.83,334.81,291.91,0.4,0.37,N,VIIRS,2,2012
1.69032,117.09123,2012-08-15,538,n,0,4.56,339.16,292.16,0.4,0.37,N,VIIRS,2,2012
1.68257,117.17667,2012-08-15,538,n,0,3.3,332.03,290.19,0.4,0.37,N,VIIRS,2,2012
0.69087,116.88302,2012-08-15,538,n,0,17.41,342.07,293.81,0.39,0.36,N,VIIRS,2,2012
0.68046,116.87443,2012-08-15,538,n,0,6.33,332.05,290.08,0.39,0.36,N,VIIRS,2,2012
0.63669,116.63145,2012-08-15,538,n,0,7.5,333.39,295.05,0.39,0.36,N,VIIRS,2,2012
0.6715,116.88295,2012-08-15,538,n,0,18.9,347.8,291.71,0.39,0.36,N,VIIRS,2,2012
0.66815,116.88345,2012-08-15,538,n,0,18.9,346.72,295.74,0.39,0.36,N,VIIRS,2,2012
0.66746,116.90144,2012-08-15,538,n,0,24.09,336.84,289.18,0.39,0.36,N,VIIRS,2,2012
0.66358,116.89845,2012-08-15,538,n,0,24.09,329.4,287.75,0.39,0.36,N,VIIRS,2,2012
0.68,117.18781,2012-08-15,538,n,0,6.48,335.14,296.63,0.39,0.37,N,VIIRS,2,2012
0.61143,116.87041,2012-08-15,538,n,0,6.21,342.61,293.23,0.39,0.36,N,VIIRS,2,2012
0.57034,116.66623,2012-08-15,538,n,0,3.49,333.5,292.85,0.39,0.36,N,VIIRS,2,2012
0.57521,116.86951,2012-08-15,538,n,0,2.68,337.43,292.31,0.39,0.36,N,VIIRS,2,2012
0.62366,117.25517,2012-08-15,538,n,0,2.76,335.23,297.97,0.4,0.37,N,VIIRS,2,2012
0.62746,117.28008,2012-08-15,538,n,0,2.86,337.41,294.62,0.4,0.37,N,VIIRS,2,2012
0.54787,116.80218,2012-08-15,538,n,0,3.57,338.51,292.52,0.39,0.36,N,VIIRS,2,2012
0.5562,116.87949,2012-08-15,538,n,0,2.4,331.67,294.71,0.39,0.36,N,VIIRS,2,2012
0.55673,116.883,2012-08-15,538,n,0,2.4,336.87,295.32,0.39,0.36,N,VIIRS,2,2012
0.61572,117.2709,2012-08-15,538,n,0,1.45,332.13,291.85,0.4,0.37,N,VIIRS,2,2012
-1.74033,116.26594,2012-08-15,538,n,0,11.18,336.69,298.99,0.38,0.36,N,VIIRS,2,2012
-2.02617,114.27874,2012-08-15,538,n,0,4.98,330.21,295.71,0.43,0.38,N,VIIRS,2,2012
-1.97796,114.12144,2012-08-15,538,n,0,32.43,344.16,303.08,0.43,0.38,N,VIIRS,2,2012
-1.23,116.91454,2012-08-15,538,n,0,2.88,334.26,288.2,0.39,0.36,N,VIIRS,2,2012
-1.12486,116.60442,2012-08-15,538,n,0,4.22,339.96,279.24,0.38,0.36,N,VIIRS,2,2012
-1.01096,114.88691,2012-08-15,538,n,0,39.31,337.89,301.74,0.4,0.37,N,VIIRS,2,2012
-1.07186,114.18496,2012-08-15,538,n,0,7.08,331.56,294.28,0.42,0.38,N,VIIRS,2,2012
-0.65806,116.87515,2012-08-15,538,n,0,13.29,351.63,271.61,0.39,0.36,N,VIIRS,2,2012
-0.62314,116.88056,2012-08-15,538,n,0,12.83,341.94,292.01,0.39,0.36,N,VIIRS,2,2012
-0.5974,117.00479,2012-08-15,538,n,0,8.03,333.13,293.93,0.39,0.36,N,VIIRS,2,2012
-0.52345,117.38783,2012-08-15,538,n,0,5.37,331.89,293.89,0.39,0.36,N,VIIRS,2,2012
-0.535,117.28849,2012-08-15,538,n,0,3.37,337.73,288.83,0.39,0.36,N,VIIRS,2,2012
-0.82936,115.0503,2012-08-15,538,n,0,7.3,335.4,291.18,0.4,0.37,N,VIIRS,2,2012
-0.43528,116.94044,2012-08-15,538,n,0,2.46,334.41,293.35,0.39,0.36,N,VIIRS,2,2012
-0.4135,116.92651,2012-08-15,538,n,0,5.51,341.97,291.06,0.39,0.36,N,VIIRS,2,2012
-0.49649,116.37975,2012-08-15,538,n,0,10.23,337.9,290.79,0.38,0.36,N,VIIRS,2,2012
-0.35045,117.22826,2012-08-15,538,n,0,6.33,338.42,295.6,0.39,0.36,N,VIIRS,2,2012
-0.46213,116.25043,2012-08-15,538,n,0,4.78,335.95,299.84,0.38,0.36,N,VIIRS,2,2012
-0.46265,116.24699,2012-08-15,538,n,0,2.69,334.76,298.98,0.38,0.36,N,VIIRS,2,2012
-0.34598,116.77005,2012-08-15,538,n,0,4.84,333.1,289.37,0.39,0.36,N,VIIRS,2,2012
-0.25873,117.32213,2012-08-15,538,n,0,3.06,330.21,297.39,0.39,0.36,N,VIIRS,2,2012
-0.3416,116.7765,2012-08-15,538,n,0,3.88,332.55,293.78,0.39,0.36,N,VIIRS,2,2012
-0.39661,116.34644,2012-08-15,538,n,0,3.11,334.33,298.16,0.38,0.36,N,VIIRS,2,2012
-0.3891,116.37354,2012-08-15,538,n,0,4.58,337.31,297.42,0.38,0.36,N,VIIRS,2,2012
-0.39328,116.34595,2012-08-15,538,n,0,11.05,337.92,297.01,0.38,0.36,N,VIIRS,2,2012
-0.27401,116.5779,2012-08-15,538,n,0,1.48,334.85,291.5,0.38,0.36,N,VIIRS,2,2012
-0.33043,116.13818,2012-08-15,538,n,0,3.87,340.77,294.82,0.38,0.36,N,VIIRS,2,2012
-0.28792,116.39637,2012-08-15,538,h,0,6.22,367.0,297.73,0.38,0.36,N,VIIRS,2,2012
-0.28844,116.39293,2012-08-15,538,n,0,6.22,336.35,296.56,0.38,0.36,N,VIIRS,2,2012
-0.28896,116.38947,2012-08-15,538,n,0,3.14,329.56,297.26,0.38,0.36,N,VIIRS,2,2012
-0.35324,115.96511,2012-08-15,538,n,0,2.77,329.56,297.7,0.38,0.36,N,VIIRS,2,2012
-0.28407,116.39933,2012-08-15,538,n,0,5.31,334.46,295.53,0.38,0.36,N,VIIRS,2,2012
-0.28459,116.39587,2012-08-15,538,n,0,6.61,345.87,297.88,0.38,0.36,N,VIIRS,2,2012
-0.28825,116.37173,2012-08-15,538,n,0,11.98,345.18,298.33,0.38,0.36,N,VIIRS,2,2012
-0.28878,116.36829,2012-08-15,538,n,0,5.14,344.17,296.5,0.38,0.36,N,VIIRS,2,2012
-0.34991,115.96461,2012-08-15,538,n,0,4.99,341.41,299.16,0.38,0.36,N,VIIRS,2,2012
-0.17681,117.06094,2012-08-15,538,n,0,8.21,341.89,296.93,0.39,0.36,N,VIIRS,2,2012
-0.17346,117.06044,2012-08-15,538,n,0,8.21,335.11,293.53,0.39,0.36,N,VIIRS,2,2012
-0.11308,117.01503,2012-08-15,538,n,0,22.36,340.03,300.84,0.39,0.36,N,VIIRS,2,2012
-0.19071,116.47997,2012-08-15,538,n,0,7.96,346.68,294.44,0.38,0.36,N,VIIRS,2,2012
-0.1739,116.45627,2012-08-15,538,n,0,2.83,330.57,295.67,0.38,0.36,N,VIIRS,2,2012
-0.27295,115.64454,2012-08-15,538,n,0,7.42,333.87,299.41,0.39,0.36,N,VIIRS,2,2012
-0.27348,115.64106,2012-08-15,538,n,0,7.42,332.66,298.12,0.39,0.36,N,VIIRS,2,2012
-0.14067,116.41216,2012-08-15,538,n,0,4.7,329.9,294.51,0.38,0.36,N,VIIRS,2,2012
-0.13735,116.41167,2012-08-15,538,n,0,4.7,335.24,293.06,0.38,0.36,N,VIIRS,2,2012
-0.07997,116.74625,2012-08-15,538,n,0,3.09,330.7,292.74,0.39,0.36,N,VIIRS,2,2012
-0.07593,116.41309,2012-08-15,538,n,0,5.24,335.33,293.9,0.38,0.36,N,VIIRS,2,2012
-0.07313,116.40913,2012-08-15,538,n,0,2.95,333.59,293.42,0.38,0.36,N,VIIRS,2,2012
-0.16473,115.44952,2012-08-15,538,n,0,15.22,343.44,298.86,0.39,0.36,N,VIIRS,2,2012
0.07363,116.46062,2012-08-15,538,n,0,2.11,329.64,294.62,0.38,0.36,N,VIIRS,2,2012
2.2627,117.02171,2012-08-15,539,n,0,5.13,334.66,275.94,0.4,0.37,N,VIIRS,2,2012
2.25716,117.00785,2012-08-15,539,n,0,4.93,331.68,277.35,0.4,0.37,N,VIIRS,2,2012
2.26093,117.03297,2012-08-15,539,n,0,5.96,336.11,274.45,0.4,0.37,N,VIIRS,2,2012
2.25378,117.00834,2012-08-15,539,n,0,4.93,341.5,277.55,0.4,0.37,N,VIIRS,2,2012
2.22922,117.21867,2012-08-15,539,n,0,3.41,332.58,275.11,0.4,0.37,N,VIIRS,2,2012
2.20378,117.21133,2012-08-15,539,n,0,2.92,327.9,278.39,0.4,0.37,N,VIIRS,2,2012
2.19862,117.22318,2012-08-15,539,n,0,4.45,334.54,276.21,0.4,0.37,N,VIIRS,2,2012
2.19917,117.22682,2012-08-15,539,n,0,4.45,332.88,273.94,0.4,0.37,N,VIIRS,2,2012
2.1659,117.12101,2012-08-15,539,n,0,13.19,342.89,281.86,0.4,0.37,N,VIIRS,2,2012
2.21003,117.53197,2012-08-15,539,n,0,4.73,330.43,284.37,0.41,0.37,N,VIIRS,2,2012
2.21058,117.53567,2012-08-15,539,n,0,22.36,345.75,288.05,0.41,0.37,N,VIIRS,2,2012
2.2055,117.52511,2012-08-15,539,n,0,24.57,337.24,288.69,0.41,0.37,N,VIIRS,2,2012
2.20605,117.52882,2012-08-15,539,n,0,14.61,335.47,283.21,0.41,0.37,N,VIIRS,2,2012
1.78305,114.94106,2012-08-15,539,n,0,15.38,348.89,286.71,0.39,0.36,N,VIIRS,2,2012
1.77971,114.94155,2012-08-15,539,n,0,15.38,349.25,291.47,0.39,0.36,N,VIIRS,2,2012
2.14687,117.57227,2012-08-15,539,n,0,3.43,340.52,282.63,0.41,0.37,N,VIIRS,2,2012
2.10346,117.44667,2012-08-15,539,n,0,3.48,328.54,285.39,0.41,0.37,N,VIIRS,2,2012
2.03646,117.58128,2012-08-15,539,n,0,2.12,328.64,292.11,0.41,0.37,N,VIIRS,2,2012
2.03758,117.5887,2012-08-15,539,n,0,2.49,331.85,292.82,0.41,0.37,N,VIIRS,2,2012
0.09366,117.46764,2012-08-15,1638,n,3,5.82,326.74,278.09,0.76,0.77,N,VIIRS,2,2012
1.37858,118.02918,2012-08-15,1638,n,0,1.87,307.39,274.46,0.73,0.76,N,VIIRS,2,2012
1.37388,118.03164,2012-08-15,1638,n,0,1.74,302.22,274.47,0.73,0.76,N,VIIRS,2,2012
0.10797,117.47017,2012-08-15,1638,n,2,1.39,298.3,277.53,0.76,0.77,N,VIIRS,2,2012
0.09538,117.46968,2012-08-15,1638,n,3,5.02,326.76,278.42,0.76,0.77,N,VIIRS,2,2012
-0.58461,117.38638,2012-08-15,1638,n,2,1.64,299.84,282.4,0.75,0.77,N,VIIRS,2,2012
-1.07685,117.07933,2012-08-15,1639,n,0,3.45,314.4,288.09,0.77,0.77,N,VIIRS,2,2012
-0.96046,117.14993,2012-08-15,1639,n,2,2.17,300.15,285.71,0.77,0.77,N,VIIRS,2,2012
-2.46981,114.40404,2012-08-15,1819,n,0,1.82,299.6,287.26,0.37,0.58,N,VIIRS,2,2012
0.25502,116.86854,2012-08-15,1819,n,0,1.45,299.09,278.67,0.49,0.65,N,VIIRS,2,2012
0.25369,116.8666,2012-08-15,1819,n,0,2.39,295.89,279.57,0.49,0.65,N,VIIRS,2,2012
0.09603,117.47102,2012-08-15,1819,n,2,3.57,306.06,282.72,0.55,0.68,N,VIIRS,2,2012
0.09523,117.47603,2012-08-15,1819,n,2,2.22,300.86,282.62,0.55,0.68,N,VIIRS,2,2012
0.08974,117.47002,2012-08-15,1819,n,3,3.57,325.1,283.43,0.55,0.68,N,VIIRS,2,2012
0.08895,117.47501,2012-08-15,1819,n,0,2.22,317.47,282.59,0.55,0.68,N,VIIRS,2,2012
-0.58567,117.38426,2012-08-15,1819,n,2,0.98,301.05,281.54,0.55,0.68,N,VIIRS,2,2012
-0.58135,117.3843,2012-08-15,1819,n,2,0.57,300.88,281.72,0.55,0.68,N,VIIRS,2,2012
-0.68172,117.05194,2012-08-15,1819,n,0,1.2,304.74,283.6,0.52,0.67,N,VIIRS,2,2012
-0.67149,115.49967,2012-08-15,1819,n,0,2.49,314.76,280.01,0.41,0.61,N,VIIRS,2,2012
-0.67207,115.50337,2012-08-15,1819,n,0,2.49,310.56,279.56,0.41,0.61,N,VIIRS,2,2012
-0.67265,115.50709,2012-08-15,1819,n,0,1.35,313.17,279.62,0.41,0.61,N,VIIRS,2,2012
-0.67323,115.5108,2012-08-15,1819,n,0,1.35,298.33,278.23,0.41,0.61,N,VIIRS,2,2012
-0.67826,115.50623,2012-08-15,1819,n,0,1.35,313.48,279.48,0.41,0.61,N,VIIRS,2,2012
-0.67942,115.51365,2012-08-15,1819,n,0,1.78,318.77,278.6,0.41,0.61,N,VIIRS,2,2012
-0.68328,115.50159,2012-08-15,1819,n,0,0.7,298.73,279.44,0.41,0.61,N,VIIRS,2,2012
-0.69891,115.49146,2012-08-15,1819,n,0,1.09,303.24,280.09,0.41,0.61,N,VIIRS,2,2012
-0.96068,117.15053,2012-08-15,1819,n,2,0.96,301.85,283.13,0.54,0.68,N,VIIRS,2,2012
-0.70451,115.49059,2012-08-15,1819,n,0,1.61,305.82,279.65,0.41,0.61,N,VIIRS,2,2012
-0.7051,115.49426,2012-08-15,1819,n,0,1.52,313.92,278.71,0.41,0.61,N,VIIRS,2,2012
-0.96695,117.14959,2012-08-15,1819,n,2,0.94,303.26,282.9,0.54,0.68,N,VIIRS,2,2012
-0.96362,117.14921,2012-08-15,1819,n,2,1.51,305.32,282.82,0.54,0.68,N,VIIRS,2,2012
-1.07187,114.18497,2012-08-15,1819,n,0,0.81,301.4,284.56,0.34,0.56,N,VIIRS,2,2012
-1.60201,114.78918,2012-08-15,1819,n,0,1.36,302.54,283.58,0.38,0.59,N,VIIRS,2,2012
-1.97076,114.11707,2012-08-15,1819,n,0,18.55,322.05,288.34,0.35,0.56,N,VIIRS,2,2012
-1.97124,114.1202,2012-08-15,1819,n,0,12.67,353.93,294.39,0.35,0.56,N,VIIRS,2,2012
-1.97172,114.12333,2012-08-15,1819,n,0,12.67,308.06,288.34,0.35,0.56,N,VIIRS,2,2012
-1.97645,114.11942,2012-08-15,1819,h,0,8.4,367.0,295.09,0.35,0.56,N,VIIRS,2,2012
-1.97694,114.12255,2012-08-15,1819,n,0,8.4,336.65,288.57,0.35,0.56,N,VIIRS,2,2012
-1.97597,114.11629,2012-08-15,1819,n,0,15.54,308.19,288.37,0.35,0.56,N,VIIRS,2,2012
-1.98167,114.11864,2012-08-15,1819,n,0,8.4,304.69,288.63,0.35,0.56,N,VIIRS,2,2012
-1.98215,114.12178,2012-08-15,1819,n,0,8.4,306.16,288.84,0.35,0.56,N,VIIRS,2,2012
-2.23373,114.61881,2012-08-15,1819,n,0,0.51,300.2,285.53,0.38,0.59,N,VIIRS,2,2012
-2.12203,113.84415,2012-08-15,1819,n,0,0.25,301.89,286.97,0.33,0.55,N,VIIRS,2,2012
-2.16442,113.813,2012-08-15,1819,n,0,4.32,350.3,288.01,0.33,0.55,N,VIIRS,2,2012
-2.16628,113.81241,2012-08-15,1819,n,0,1.96,327.61,286.79,0.33,0.55,N,VIIRS,2,2012
-2.28012,114.36472,2012-08-15,1819,n,0,3.26,324.16,286.66,0.36,0.58,N,VIIRS,2,2012
-2.28062,114.36802,2012-08-15,1819,n,0,1.72,309.12,285.25,0.36,0.58,N,VIIRS,2,2012
-2.35326,114.74349,2012-08-15,1819,n,0,1.05,299.19,283.57,0.39,0.59,N,VIIRS,2,2012
-2.38867,114.26444,2012-08-15,1819,n,0,1.13,302.22,287.87,0.36,0.57,N,VIIRS,2,2012
-2.38915,114.26766,2012-08-15,1819,n,0,1.13,309.63,288.27,0.36,0.57,N,VIIRS,2,2012
-2.39202,114.25069,2012-08-15,1819,n,0,0.91,300.7,288.25,0.36,0.57,N,VIIRS,2,2012
-2.39348,114.26043,2012-08-15,1819,n,0,1.14,302.07,288.35,0.36,0.57,N,VIIRS,2,2012
-2.40407,114.25878,2012-08-15,1819,n,0,3.72,331.07,290.89,0.36,0.57,N,VIIRS,2,2012
-2.40456,114.26201,2012-08-15,1819,n,0,3.09,332.82,290.95,0.36,0.57,N,VIIRS,2,2012
-2.40986,114.26121,2012-08-15,1819,n,0,3.09,325.47,289.92,0.36,0.57,N,VIIRS,2,2012
-2.40936,114.25795,2012-08-15,1819,n,0,3.72,305.43,288.6,0.36,0.57,N,VIIRS,2,2012
-2.41515,114.26041,2012-08-15,1819,n,0,1.21,317.26,289.59,0.36,0.57,N,VIIRS,2,2012
-2.41565,114.26366,2012-08-15,1819,n,0,1.21,301.09,288.53,0.36,0.57,N,VIIRS,2,2012
-2.41995,114.25633,2012-08-15,1819,n,0,2.73,303.0,288.31,0.36,0.57,N,VIIRS,2,2012
-2.42045,114.25961,2012-08-15,1819,n,0,1.21,317.6,289.64,0.36,0.57,N,VIIRS,2,2012
-2.42095,114.26286,2012-08-15,1819,n,0,1.21,309.46,288.82,0.36,0.57,N,VIIRS,2,2012
-2.42575,114.2588,2012-08-15,1819,n,0,1.14,314.21,289.47,0.36,0.57,N,VIIRS,2,2012
-2.42625,114.26206,2012-08-15,1819,n,0,1.14,311.46,289.49,0.36,0.57,N,VIIRS,2,2012
-2.43105,114.258,2012-08-15,1819,n,0,1.14,304.57,288.92,0.36,0.57,N,VIIRS,2,2012
-2.43154,114.26126,2012-08-15,1819,n,0,1.14,311.58,289.68,0.36,0.57,N,VIIRS,2,2012
-2.43684,114.26046,2012-08-15,1819,n,0,2.94,305.46,289.85,0.36,0.57,N,VIIRS,2,2012
-2.43734,114.26372,2012-08-15,1819,n,0,0.87,301.08,289.0,0.36,0.57,N,VIIRS,2,2012
-2.44264,114.26291,2012-08-15,1819,n,0,0.87,315.42,289.51,0.36,0.57,N,VIIRS,2,2012
-2.44643,114.25233,2012-08-15,1819,n,0,1.54,303.48,288.64,0.36,0.57,N,VIIRS,2,2012
-2.44794,114.26212,2012-08-15,1819,n,0,1.0,304.17,289.0,0.36,0.57,N,VIIRS,2,2012
-2.47516,114.40323,2012-08-15,1819,n,0,1.82,320.56,288.04,0.37,0.58,N,VIIRS,2,2012
-2.45223,114.25478,2012-08-15,1819,n,0,2.84,305.35,288.96,0.36,0.57,N,VIIRS,2,2012
-2.45324,114.26131,2012-08-15,1819,n,0,1.0,310.06,289.67,0.36,0.57,N,VIIRS,2,2012
-2.47568,114.40657,2012-08-15,1819,n,0,1.4,306.06,286.99,0.37,0.58,N,VIIRS,2,2012
-2.45804,114.25729,2012-08-15,1819,n,0,1.05,303.2,288.66,0.36,0.57,N,VIIRS,2,2012
-2.45855,114.26056,2012-08-15,1819,n,0,1.06,307.03,289.41,0.36,0.57,N,VIIRS,2,2012
-2.44468,114.25303,2012-08-15,1820,n,0,1.72,307.45,288.88,0.36,0.57,N,VIIRS,2,2012
-2.44612,114.26284,2012-08-15,1820,n,0,1.22,308.93,288.92,0.36,0.57,N,VIIRS,2,2012
-2.45046,114.25549,2012-08-15,1820,n,0,3.13,303.71,289.16,0.36,0.57,N,VIIRS,2,2012
-2.45142,114.26203,2012-08-15,1820,n,0,1.22,312.21,289.78,0.36,0.57,N,VIIRS,2,2012
-2.47225,114.40426,2012-08-15,1820,n,0,2.22,312.31,287.81,0.37,0.58,N,VIIRS,2,2012
-2.47274,114.40761,2012-08-15,1820,n,0,0.68,298.46,286.6,0.37,0.58,N,VIIRS,2,2012
-2.45624,114.25797,2012-08-15,1820,n,0,0.9,305.91,289.28,0.36,0.57,N,VIIRS,2,2012
-2.45576,114.25469,2012-08-15,1820,n,0,0.9,299.39,288.41,0.36,0.57,N,VIIRS,2,2012
-2.45672,114.26125,2012-08-15,1820,n,0,1.7,309.63,289.85,0.36,0.57,N,VIIRS,2,2012
-2.47761,114.40344,2012-08-15,1820,n,0,1.62,311.58,287.42,0.37,0.58,N,VIIRS,2,2012
0.32105,117.47279,2012-08-16,519,n,0,5.77,333.32,297.22,0.48,0.4,N,VIIRS,2,2012
0.57355,116.77289,2012-08-16,519,n,0,8.9,346.28,293.25,0.51,0.41,N,VIIRS,2,2012
0.82534,118.00292,2012-08-16,519,n,0,3.96,336.12,295.75,0.44,0.39,N,VIIRS,2,2012
0.82889,118.00239,2012-08-16,519,n,0,3.0,331.02,295.11,0.44,0.39,N,VIIRS,2,2012
1.04597,117.84845,2012-08-16,519,n,0,3.39,332.8,296.26,0.45,0.39,N,VIIRS,2,2012
1.04534,117.84445,2012-08-16,519,n,0,3.39,331.66,296.5,0.45,0.39,N,VIIRS,2,2012
1.08771,117.85863,2012-08-16,519,n,0,2.29,332.51,297.23,0.45,0.39,N,VIIRS,2,2012
1.08564,117.04356,2012-08-16,519,n,0,26.74,349.46,293.58,0.49,0.4,N,VIIRS,2,2012
1.08497,117.03915,2012-08-16,519,n,0,26.74,329.67,289.08,0.49,0.4,N,VIIRS,2,2012
1.08936,117.04297,2012-08-16,519,n,0,26.74,351.88,296.69,0.49,0.4,N,VIIRS,2,2012
0.72469,114.25762,2012-08-16,519,h,0,13.48,367.0,291.15,0.49,0.49,N,VIIRS,2,2012
1.22257,117.08232,2012-08-16,519,n,0,13.47,331.2,295.42,0.49,0.4,N,VIIRS,2,2012
1.22628,117.08176,2012-08-16,519,n,0,13.47,328.7,294.44,0.49,0.4,N,VIIRS,2,2012
1.23675,117.07573,2012-08-16,519,n,0,160.12,344.43,303.37,0.49,0.4,N,VIIRS,2,2012
0.78837,114.10281,2012-08-16,519,n,0,16.1,339.65,289.86,0.5,0.49,N,VIIRS,2,2012
1.24417,117.07461,2012-08-16,519,l,0,321.16,307.68,323.78,0.49,0.4,N,VIIRS,2,2012
1.24853,117.07841,2012-08-16,519,n,0,245.76,343.36,293.6,0.49,0.4,N,VIIRS,2,2012
-2.49959,116.47918,2012-08-16,519,n,0,3.66,342.37,295.57,0.39,0.44,N,VIIRS,2,2012
-2.37091,116.50654,2012-08-16,519,n,0,3.34,329.99,298.92,0.39,0.44,N,VIIRS,2,2012
-2.3699,116.34718,2012-08-16,519,n,0,4.52,338.42,298.02,0.4,0.44,N,VIIRS,2,2012
-2.36335,116.16448,2012-08-16,519,n,0,5.9,347.49,298.4,0.41,0.45,N,VIIRS,2,2012
-2.44733,115.3749,2012-08-16,519,n,0,3.37,333.75,296.72,0.46,0.47,N,VIIRS,2,2012
-2.48432,114.88672,2012-08-16,519,n,0,1.92,331.66,296.27,0.5,0.49,N,VIIRS,2,2012
-2.3006,115.33725,2012-08-16,519,n,0,7.38,336.78,296.94,0.46,0.47,N,VIIRS,2,2012
-2.45939,114.265,2012-08-16,519,n,0,8.72,331.41,294.73,0.55,0.51,N,VIIRS,2,2012
-2.45541,114.25939,2012-08-16,519,n,0,12.27,329.85,299.23,0.55,0.51,N,VIIRS,2,2012
-2.44526,114.26298,2012-08-16,519,n,0,12.61,341.92,297.14,0.55,0.51,N,VIIRS,2,2012
-2.32201,114.85075,2012-08-16,519,n,0,5.05,343.88,295.99,0.5,0.49,N,VIIRS,2,2012
-2.40686,114.26244,2012-08-16,519,n,0,5.69,337.55,297.42,0.55,0.51,N,VIIRS,2,2012
-2.42037,114.2613,2012-08-16,519,n,0,11.51,334.62,299.07,0.55,0.51,N,VIIRS,2,2012
-2.41566,114.26062,2012-08-16,519,n,0,7.8,336.79,300.54,0.55,0.51,N,VIIRS,2,2012
-2.32087,114.85162,2012-08-16,519,n,0,5.93,334.97,295.43,0.5,0.49,N,VIIRS,2,2012
-2.41095,114.25995,2012-08-16,519,n,0,7.8,333.48,300.47,0.55,0.51,N,VIIRS,2,2012
-2.40625,114.25925,2012-08-16,519,n,0,5.03,329.99,295.94,0.55,0.51,N,VIIRS,2,2012
-2.38593,114.26642,2012-08-16,519,n,0,9.41,330.56,296.41,0.54,0.51,N,VIIRS,2,2012
-2.08784,116.01821,2012-08-16,519,n,0,19.93,342.0,302.66,0.41,0.45,N,VIIRS,2,2012
-2.21258,114.86785,2012-08-16,519,n,0,5.03,330.71,295.9,0.49,0.49,N,VIIRS,2,2012
-2.28039,114.36575,2012-08-16,519,n,0,9.34,334.45,294.13,0.53,0.5,N,VIIRS,2,2012
-2.2339,114.62309,2012-08-16,519,n,0,12.05,341.78,297.19,0.51,0.5,N,VIIRS,2,2012
-2.2346,114.61847,2012-08-16,519,n,0,11.99,343.24,296.48,0.51,0.5,N,VIIRS,2,2012
-1.96172,116.30778,2012-08-16,519,n,0,3.06,332.94,297.74,0.39,0.44,N,VIIRS,2,2012
-1.95766,116.30718,2012-08-16,519,n,0,3.06,332.05,296.42,0.39,0.44,N,VIIRS,2,2012
-2.27333,114.10609,2012-08-16,519,n,0,7.84,332.75,291.35,0.56,0.51,N,VIIRS,2,2012
-2.14774,114.91978,2012-08-16,519,n,0,2.4,330.97,294.19,0.49,0.48,N,VIIRS,2,2012
-2.17699,114.40308,2012-08-16,519,n,0,9.56,348.08,294.57,0.53,0.5,N,VIIRS,2,2012
-2.17235,114.40243,2012-08-16,519,n,0,4.33,330.13,290.11,0.53,0.5,N,VIIRS,2,2012
-2.10123,114.88242,2012-08-16,519,n,0,4.75,329.9,296.97,0.49,0.49,N,VIIRS,2,2012
-2.17423,114.40445,2012-08-16,519,n,0,10.85,341.51,292.73,0.53,0.5,N,VIIRS,2,2012
-2.02374,114.8485,2012-08-16,519,n,0,4.36,328.55,296.42,0.49,0.49,N,VIIRS,2,2012
-1.99101,114.94725,2012-08-16,519,n,0,7.01,339.13,295.02,0.48,0.48,N,VIIRS,2,2012
-1.9924,114.94856,2012-08-16,519,n,0,6.83,335.12,294.88,0.48,0.48,N,VIIRS,2,2012
-1.99307,114.94421,2012-08-16,519,n,0,4.52,334.23,295.11,0.48,0.48,N,VIIRS,2,2012
-2.15246,113.87421,2012-08-16,519,n,0,4.24,328.4,293.82,0.57,0.52,N,VIIRS,2,2012
-1.97629,114.87456,2012-08-16,519,n,0,5.19,334.73,295.6,0.49,0.48,N,VIIRS,2,2012
-2.1275,113.84401,2012-08-16,519,n,0,30.91,346.14,298.3,0.58,0.52,N,VIIRS,2,2012
-2.12267,113.84331,2012-08-16,519,n,0,30.91,355.69,298.51,0.58,0.52,N,VIIRS,2,2012
-2.11785,113.8426,2012-08-16,519,n,0,8.81,343.68,291.96,0.58,0.52,N,VIIRS,2,2012
-2.06574,113.96176,2012-08-16,519,n,0,8.87,340.3,290.55,0.57,0.52,N,VIIRS,2,2012
-1.97863,114.12136,2012-08-16,519,n,0,60.03,343.55,301.28,0.55,0.51,N,VIIRS,2,2012
-1.97938,114.1164,2012-08-16,519,n,0,29.92,337.05,289.9,0.55,0.51,N,VIIRS,2,2012
-1.9739,114.12069,2012-08-16,519,n,0,60.03,348.19,296.46,0.55,0.51,N,VIIRS,2,2012
-1.95688,113.63831,2012-08-16,519,n,0,61.06,350.24,294.76,0.59,0.53,N,VIIRS,2,2012
-1.95921,113.63763,2012-08-16,519,n,0,54.19,353.39,296.34,0.59,0.53,N,VIIRS,2,2012
-1.56616,116.07419,2012-08-16,519,n,0,16.48,344.66,296.77,0.4,0.44,N,VIIRS,2,2012
-1.9268,113.68727,2012-08-16,519,n,0,6.13,333.37,290.79,0.59,0.53,N,VIIRS,2,2012
-1.48485,116.31154,2012-08-16,519,n,0,4.17,340.09,297.65,0.39,0.44,N,VIIRS,2,2012
-1.49002,116.16436,2012-08-16,519,n,0,2.46,329.39,295.49,0.4,0.44,N,VIIRS,2,2012
-1.5679,115.32458,2012-08-16,519,n,0,3.39,331.07,293.14,0.45,0.47,N,VIIRS,2,2012
-1.54572,115.32541,2012-08-16,519,n,0,5.7,337.88,293.3,0.45,0.47,N,VIIRS,2,2012
-1.53527,115.33635,2012-08-16,519,n,0,8.03,342.6,292.6,0.45,0.47,N,VIIRS,2,2012
-1.63126,114.66022,2012-08-16,519,n,0,11.63,339.31,293.53,0.5,0.49,N,VIIRS,2,2012
-1.28883,116.66766,2012-08-16,519,n,0,5.47,331.42,294.36,0.55,0.43,N,VIIRS,2,2012
-1.5853,114.55766,2012-08-16,519,n,0,35.37,348.78,291.29,0.51,0.49,N,VIIRS,2,2012
-1.12871,116.95808,2012-08-16,519,n,0,3.71,334.39,294.47,0.53,0.42,N,VIIRS,2,2012
-1.11993,116.675,2012-08-16,519,n,0,34.18,337.61,297.8,0.55,0.43,N,VIIRS,2,2012
-1.32654,115.29377,2012-08-16,519,n,0,11.34,340.52,291.91,0.45,0.47,N,VIIRS,2,2012
-1.07333,116.95964,2012-08-16,519,n,0,4.19,331.85,295.86,0.53,0.42,N,VIIRS,2,2012
-1.28657,115.29615,2012-08-16,519,n,0,11.13,344.9,292.49,0.45,0.47,N,VIIRS,2,2012
-1.28419,115.29716,2012-08-16,519,n,0,9.37,339.51,291.41,0.45,0.47,N,VIIRS,2,2012
-1.2762,115.29185,2012-08-16,519,n,0,5.63,342.2,292.07,0.45,0.47,N,VIIRS,2,2012
-0.94073,116.80276,2012-08-16,519,n,0,11.54,342.71,294.83,0.54,0.42,N,VIIRS,2,2012
-0.94147,116.79797,2012-08-16,519,n,0,9.88,334.2,296.77,0.54,0.42,N,VIIRS,2,2012
-0.90678,116.73859,2012-08-16,519,n,0,6.07,331.59,294.34,0.54,0.42,N,VIIRS,2,2012
-0.80591,117.10257,2012-08-16,519,n,2,8.0,330.18,299.18,0.51,0.41,N,VIIRS,2,2012
-0.70114,116.93163,2012-08-16,519,n,0,3.91,334.7,293.64,0.52,0.42,N,VIIRS,2,2012
-0.83702,115.88441,2012-08-16,519,n,0,7.49,342.17,296.49,0.4,0.45,N,VIIRS,2,2012
-0.70509,115.50629,2012-08-16,519,n,0,7.3,336.57,293.2,0.43,0.46,N,VIIRS,2,2012
-0.70687,115.49477,2012-08-16,519,n,0,5.43,330.29,294.54,0.43,0.46,N,VIIRS,2,2012
-0.70266,115.49414,2012-08-16,519,n,0,4.43,329.07,293.19,0.43,0.46,N,VIIRS,2,2012
-0.67869,115.51014,2012-08-16,519,n,0,1.47,329.44,288.05,0.42,0.46,N,VIIRS,2,2012
-0.34481,117.37476,2012-08-16,519,n,0,4.6,335.26,297.32,0.49,0.4,N,VIIRS,2,2012
-0.39295,116.75196,2012-08-16,519,n,0,16.37,331.33,294.89,0.53,0.42,N,VIIRS,2,2012
-0.2793,117.29416,2012-08-16,519,n,0,5.78,331.29,295.36,0.49,0.41,N,VIIRS,2,2012
-0.27997,117.28972,2012-08-16,519,n,0,5.78,347.87,296.63,0.49,0.41,N,VIIRS,2,2012
-0.32998,116.82948,2012-08-16,519,n,0,15.12,342.33,296.13,0.52,0.42,N,VIIRS,2,2012
-0.37044,116.39843,2012-08-16,519,n,0,3.94,331.09,293.8,0.56,0.43,N,VIIRS,2,2012
-0.36758,116.40037,2012-08-16,519,n,0,3.89,332.65,292.87,0.56,0.43,N,VIIRS,2,2012
-0.28025,116.7851,2012-08-16,519,n,0,3.83,332.69,296.71,0.53,0.42,N,VIIRS,2,2012
-0.25647,116.86349,2012-08-16,519,n,0,46.41,335.4,299.9,0.52,0.42,N,VIIRS,2,2012
-0.29016,116.37859,2012-08-16,519,n,0,10.27,346.12,296.92,0.56,0.43,N,VIIRS,2,2012
-0.13356,117.16105,2012-08-16,519,n,0,4.75,333.93,293.97,0.5,0.41,N,VIIRS,2,2012
-0.07592,117.43628,2012-08-16,519,n,0,7.44,337.1,296.34,0.48,0.4,N,VIIRS,2,2012
-0.1626,116.42813,2012-08-16,519,n,0,4.75,332.71,295.34,0.55,0.43,N,VIIRS,2,2012
-0.20658,116.02219,2012-08-16,519,n,0,5.66,342.15,290.83,0.39,0.44,N,VIIRS,2,2012
0.02792,117.43554,2012-08-16,519,n,0,2.95,330.68,297.11,0.48,0.4,N,VIIRS,2,2012
0.09347,117.46977,2012-08-16,519,n,3,9.2,337.66,294.95,0.48,0.4,N,VIIRS,2,2012
-0.08578,116.14133,2012-08-16,519,n,0,5.27,331.99,292.65,0.57,0.43,N,VIIRS,2,2012
-0.08178,116.14074,2012-08-16,519,n,0,4.7,330.22,290.67,0.57,0.43,N,VIIRS,2,2012
-0.08361,116.14368,2012-08-16,519,n,0,12.05,341.89,293.09,0.57,0.43,N,VIIRS,2,2012
-0.09802,115.58986,2012-08-16,519,n,0,4.49,331.35,287.56,0.41,0.45,N,VIIRS,2,2012
1.23838,117.07645,2012-08-16,520,n,0,138.89,340.89,304.88,0.49,0.4,N,VIIRS,2,2012
1.2414,117.07153,2012-08-16,520,n,0,138.89,332.59,294.83,0.49,0.4,N,VIIRS,2,2012
1.24209,117.0759,2012-08-16,520,l,0,138.89,367.0,326.89,0.49,0.4,N,VIIRS,2,2012
1.2458,117.07534,2012-08-16,520,l,0,215.16,208.0,309.22,0.49,0.4,N,VIIRS,2,2012
0.78928,114.10367,2012-08-16,520,n,0,14.61,351.27,289.66,0.5,0.49,N,VIIRS,2,2012
0.81864,114.23087,2012-08-16,520,n,0,5.32,340.66,289.25,0.49,0.49,N,VIIRS,2,2012
1.31758,116.71914,2012-08-16,520,n,0,6.03,331.96,291.03,0.51,0.41,N,VIIRS,2,2012
0.91879,114.09398,2012-08-16,520,n,0,3.48,328.16,289.89,0.5,0.49,N,VIIRS,2,2012
0.85507,113.68915,2012-08-16,520,n,0,51.54,352.03,297.64,0.53,0.5,N,VIIRS,2,2012
0.93758,114.09588,2012-08-16,520,n,0,2.11,327.25,289.86,0.5,0.49,N,VIIRS,2,2012
0.94912,114.0809,2012-08-16,520,n,0,13.56,348.77,291.18,0.5,0.49,N,VIIRS,2,2012
0.95432,114.08461,2012-08-16,520,n,0,7.91,340.25,290.68,0.5,0.49,N,VIIRS,2,2012
1.4662,117.05434,2012-08-16,520,n,0,8.22,336.61,294.42,0.48,0.4,N,VIIRS,2,2012
1.63099,117.94995,2012-08-16,520,n,0,11.6,337.82,296.71,0.44,0.38,N,VIIRS,2,2012
1.63452,117.94942,2012-08-16,520,n,0,50.96,338.28,300.1,0.44,0.38,N,VIIRS,2,2012
1.64563,117.92754,2012-08-16,520,n,0,6.44,342.93,295.35,0.44,0.38,N,VIIRS,2,2012
1.40301,115.40504,2012-08-16,520,n,0,4.21,334.54,294.13,0.4,0.44,N,VIIRS,2,2012
1.4071,115.40438,2012-08-16,520,n,0,11.81,344.74,298.61,0.4,0.44,N,VIIRS,2,2012
1.95005,117.33705,2012-08-16,520,n,0,8.45,345.29,294.48,0.46,0.39,N,VIIRS,2,2012
1.9611,117.28862,2012-08-16,520,n,0,8.19,332.04,294.43,0.47,0.39,N,VIIRS,2,2012
1.96045,117.28442,2012-08-16,520,n,0,8.19,330.64,293.75,0.47,0.39,N,VIIRS,2,2012
1.96472,117.28801,2012-08-16,520,n,0,8.51,333.25,293.6,0.47,0.39,N,VIIRS,2,2012
1.96408,117.28383,2012-08-16,520,n,0,8.51,330.5,293.86,0.47,0.39,N,VIIRS,2,2012
2.04315,117.09529,2012-08-16,520,n,0,53.39,333.7,297.38,0.47,0.4,N,VIIRS,2,2012
2.03786,117.06115,2012-08-16,520,n,0,392.45,342.33,305.86,0.48,0.4,N,VIIRS,2,2012
2.07563,117.16012,2012-08-16,520,n,0,5.36,335.04,295.7,0.47,0.4,N,VIIRS,2,2012
2.06187,117.07059,2012-08-16,520,n,0,4.79,330.18,295.29,0.48,0.4,N,VIIRS,2,2012
1.73807,114.91959,2012-08-16,520,n,0,41.29,349.88,293.24,0.43,0.46,N,VIIRS,2,2012
2.22321,118.02888,2012-08-16,520,n,0,6.55,351.45,301.13,0.43,0.38,N,VIIRS,2,2012
2.22262,118.02504,2012-08-16,520,n,0,6.55,343.9,299.44,0.43,0.38,N,VIIRS,2,2012
2.22787,118.01242,2012-08-16,520,n,0,7.19,335.75,297.87,0.43,0.38,N,VIIRS,2,2012
2.22728,118.00857,2012-08-16,520,l,0,7.19,331.97,298.02,0.43,0.38,N,VIIRS,2,2012
2.23137,118.0119,2012-08-16,520,n,0,7.19,347.16,299.72,0.43,0.38,N,VIIRS,2,2012
2.08952,117.07951,2012-08-16,520,n,0,3.59,335.88,294.74,0.48,0.4,N,VIIRS,2,2012
2.10979,117.16354,2012-08-16,520,n,0,6.53,331.88,294.29,0.47,0.4,N,VIIRS,2,2012
2.22122,117.85014,2012-08-16,520,n,0,5.2,330.19,301.64,0.44,0.38,N,VIIRS,2,2012
1.77755,114.9242,2012-08-16,520,n,0,7.1,344.39,290.1,0.43,0.46,N,VIIRS,2,2012
2.10851,117.08096,2012-08-16,520,n,0,5.01,331.02,294.76,0.48,0.4,N,VIIRS,2,2012
2.12258,117.20091,2012-08-16,520,n,0,3.63,329.93,295.97,0.47,0.4,N,VIIRS,2,2012
2.1076,117.08192,2012-08-16,520,n,0,5.12,337.44,295.59,0.47,0.4,N,VIIRS,2,2012
2.15676,117.32399,2012-08-16,520,n,0,9.42,348.59,296.92,0.46,0.39,N,VIIRS,2,2012
1.77731,114.92418,2012-08-16,520,n,0,6.96,344.65,290.39,0.43,0.46,N,VIIRS,2,2012
2.16038,117.32343,2012-08-16,520,n,0,9.42,351.48,295.24,0.46,0.39,N,VIIRS,2,2012
1.78469,114.94338,2012-08-16,520,n,0,43.11,349.07,294.92,0.43,0.46,N,VIIRS,2,2012
1.78889,114.94276,2012-08-16,520,n,0,13.74,356.28,288.7,0.43,0.46,N,VIIRS,2,2012
1.79181,114.93405,2012-08-16,520,n,0,2.62,327.58,291.06,0.43,0.46,N,VIIRS,2,2012
1.81274,114.90292,2012-08-16,520,n,0,3.32,335.17,287.21,0.43,0.46,N,VIIRS,2,2012
2.19332,117.22459,2012-08-16,520,n,0,24.43,335.52,294.89,0.47,0.39,N,VIIRS,2,2012
2.19696,117.22407,2012-08-16,520,n,0,24.43,342.15,298.69,0.47,0.39,N,VIIRS,2,2012
2.2023,117.21037,2012-08-16,520,n,0,8.36,344.92,295.41,0.47,0.39,N,VIIRS,2,2012
2.20594,117.20979,2012-08-16,520,n,0,19.11,345.39,296.22,0.47,0.39,N,VIIRS,2,2012
2.06531,117.28158,2012-08-16,1759,n,0,1.26,301.74,287.87,0.47,0.48,N,VIIRS,2,2012
2.06919,117.23059,2012-08-16,1759,n,0,1.54,313.15,288.85,0.46,0.47,N,VIIRS,2,2012
2.04191,117.09231,2012-08-16,1759,n,0,0.62,304.1,289.48,0.45,0.47,N,VIIRS,2,2012
2.03759,117.09161,2012-08-16,1759,n,0,0.62,302.24,289.2,0.45,0.47,N,VIIRS,2,2012
2.03852,117.05814,2012-08-16,1759,n,0,1.28,311.81,289.96,0.45,0.47,N,VIIRS,2,2012
1.96997,117.28939,2012-08-16,1759,n,0,0.69,302.81,289.13,0.47,0.48,N,VIIRS,2,2012
1.95057,117.32549,2012-08-16,1759,n,0,0.83,304.25,289.44,0.47,0.48,N,VIIRS,2,2012
1.94619,117.32471,2012-08-16,1759,n,0,0.83,309.7,289.38,0.47,0.48,N,VIIRS,2,2012
1.65686,117.91857,2012-08-16,1759,n,0,1.45,309.72,288.88,0.52,0.5,N,VIIRS,2,2012
1.63436,118.0572,2012-08-16,1759,n,0,3.32,311.18,289.43,0.54,0.5,N,VIIRS,2,2012
1.62894,118.06123,2012-08-16,1759,n,0,3.32,316.16,289.84,0.54,0.5,N,VIIRS,2,2012
1.62429,118.06049,2012-08-16,1759,n,0,3.86,338.34,290.28,0.54,0.5,N,VIIRS,2,2012
1.62507,118.05568,2012-08-16,1759,n,0,3.86,302.58,289.42,0.54,0.5,N,VIIRS,2,2012
1.61262,118.07349,2012-08-16,1759,n,0,1.14,306.94,289.38,0.54,0.51,N,VIIRS,2,2012
1.35875,118.42958,2012-08-16,1759,n,0,0.84,302.83,290.06,0.57,0.52,N,VIIRS,2,2012
2.21904,118.03178,2012-08-16,1759,n,0,2.06,315.27,288.8,0.52,0.5,N,VIIRS,2,2012
2.23126,118.01427,2012-08-16,1759,n,0,0.77,304.53,288.64,0.52,0.5,N,VIIRS,2,2012
1.62972,118.05643,2012-08-16,1759,n,0,3.32,331.58,290.16,0.54,0.5,N,VIIRS,2,2012
2.15743,117.32466,2012-08-16,1759,n,0,1.28,303.98,289.69,0.47,0.48,N,VIIRS,2,2012
2.06899,117.28651,2012-08-16,1759,n,0,2.09,317.42,288.81,0.47,0.48,N,VIIRS,2,2012
-1.61148,116.34624,2012-08-16,1800,n,0,0.89,304.63,289.1,0.46,0.47,N,VIIRS,2,2012
-1.61211,116.35037,2012-08-16,1800,n,0,1.22,304.44,289.6,0.46,0.47,N,VIIRS,2,2012
-1.53505,115.33547,2012-08-16,1800,n,0,0.63,301.6,289.88,0.39,0.44,N,VIIRS,2,2012
-1.60098,114.79324,2012-08-16,1800,n,0,1.49,302.97,290.72,0.55,0.43,N,VIIRS,2,2012
-1.97299,116.36739,2012-08-16,1800,n,0,0.78,303.63,289.54,0.47,0.47,N,VIIRS,2,2012
0.68295,116.79715,2012-08-16,1800,n,0,0.69,301.77,289.11,0.46,0.47,N,VIIRS,2,2012
0.37232,116.60704,2012-08-16,1800,n,0,2.02,324.96,289.42,0.45,0.47,N,VIIRS,2,2012
0.36803,116.60637,2012-08-16,1800,n,0,2.26,326.61,287.98,0.45,0.47,N,VIIRS,2,2012
0.18154,117.4876,2012-08-16,1800,n,2,2.5,304.46,290.62,0.51,0.5,N,VIIRS,2,2012
0.36549,116.26552,2012-08-16,1800,n,0,1.43,315.03,289.47,0.43,0.46,N,VIIRS,2,2012
0.10399,117.47337,2012-08-16,1800,n,2,2.01,304.32,290.58,0.52,0.5,N,VIIRS,2,2012
0.09483,117.47202,2012-08-16,1800,n,3,3.41,320.77,292.33,0.52,0.5,N,VIIRS,2,2012
0.09558,117.46733,2012-08-16,1800,n,3,3.41,305.75,291.13,0.51,0.5,N,VIIRS,2,2012
0.09025,117.47129,2012-08-16,1800,n,3,3.41,341.46,293.89,0.52,0.5,N,VIIRS,2,2012
0.09041,117.47423,2012-08-16,1800,n,3,3.48,327.36,293.7,0.52,0.5,N,VIIRS,2,2012
0.09112,117.46955,2012-08-16,1800,n,3,3.48,314.85,293.6,0.52,0.5,N,VIIRS,2,2012
0.1142,115.58759,2012-08-16,1800,n,0,0.52,304.13,290.4,0.39,0.44,N,VIIRS,2,2012
-0.58299,117.38497,2012-08-16,1800,n,2,1.73,311.5,290.52,0.52,0.5,N,VIIRS,2,2012
-0.68541,117.05107,2012-08-16,1800,n,0,3.04,320.35,290.65,0.5,0.49,N,VIIRS,2,2012
-0.72946,116.12762,2012-08-16,1800,n,0,1.75,314.32,289.15,0.43,0.46,N,VIIRS,2,2012
-0.73006,116.13149,2012-08-16,1800,n,0,1.04,306.29,289.05,0.43,0.46,N,VIIRS,2,2012
-0.67312,115.49939,2012-08-16,1800,n,0,1.83,323.57,282.59,0.39,0.44,N,VIIRS,2,2012
-0.67256,115.49585,2012-08-16,1800,n,0,1.83,305.85,277.62,0.39,0.44,N,VIIRS,2,2012
-0.67424,115.50644,2012-08-16,1800,n,0,1.28,300.48,280.97,0.39,0.44,N,VIIRS,2,2012
-0.67941,115.51286,2012-08-16,1800,n,0,3.07,318.2,282.21,0.39,0.44,N,VIIRS,2,2012
-0.68751,115.51161,2012-08-16,1800,n,0,1.08,303.77,280.36,0.39,0.44,N,VIIRS,2,2012
-0.70179,115.57501,2012-08-16,1800,n,0,0.6,299.47,276.73,0.4,0.44,N,VIIRS,2,2012
-0.68725,115.51211,2012-08-16,1800,n,0,1.25,308.25,280.46,0.39,0.44,N,VIIRS,2,2012
-0.68779,115.51563,2012-08-16,1800,n,0,1.02,300.35,280.85,0.39,0.44,N,VIIRS,2,2012
-0.70514,115.575,2012-08-16,1800,n,0,0.3,299.21,273.52,0.4,0.44,N,VIIRS,2,2012
-0.69617,115.48896,2012-08-16,1800,n,0,0.61,298.43,275.47,0.39,0.44,N,VIIRS,2,2012
-0.70075,115.49186,2012-08-16,1800,n,0,0.45,297.86,279.26,0.39,0.44,N,VIIRS,2,2012
-0.7048,115.49123,2012-08-16,1800,n,0,0.45,299.56,280.88,0.39,0.44,N,VIIRS,2,2012
-0.70534,115.49474,2012-08-16,1800,n,0,0.45,300.23,277.95,0.39,0.44,N,VIIRS,2,2012
-0.96293,117.15064,2012-08-16,1800,n,2,2.19,318.9,290.79,0.51,0.49,N,VIIRS,2,2012
-1.2489,116.81865,2012-08-16,1800,n,0,2.04,306.06,291.42,0.49,0.48,N,VIIRS,2,2012
-1.04246,115.02802,2012-08-16,1800,n,0,0.56,302.42,290.13,0.56,0.43,N,VIIRS,2,2012
-1.04465,115.02602,2012-08-16,1800,n,0,0.7,304.51,290.12,0.56,0.43,N,VIIRS,2,2012
-1.3425,116.52409,2012-08-16,1800,n,0,0.72,302.58,290.8,0.47,0.48,N,VIIRS,2,2012
-2.08586,116.16299,2012-08-16,1801,n,0,0.7,303.99,290.41,0.45,0.47,N,VIIRS,2,2012
-2.16281,115.94795,2012-08-16,1801,n,0,1.02,303.79,289.91,0.44,0.46,N,VIIRS,2,2012
-2.1618,115.94932,2012-08-16,1801,n,0,0.82,303.55,290.15,0.44,0.46,N,VIIRS,2,2012
-1.97513,114.11929,2012-08-16,1801,n,0,2.08,315.34,291.21,0.51,0.41,N,VIIRS,2,2012
-1.97585,114.12386,2012-08-16,1801,n,0,2.08,317.84,291.08,0.51,0.41,N,VIIRS,2,2012
-1.97964,114.12329,2012-08-16,1801,n,0,4.71,340.31,292.3,0.51,0.41,N,VIIRS,2,2012
-1.97892,114.11871,2012-08-16,1801,n,0,4.71,316.65,291.17,0.51,0.41,N,VIIRS,2,2012
-1.98342,114.12271,2012-08-16,1801,n,0,4.71,310.33,290.67,0.51,0.41,N,VIIRS,2,2012
-1.97845,114.12053,2012-08-16,1801,n,0,3.9,341.12,292.91,0.51,0.41,N,VIIRS,2,2012
-1.97914,114.12511,2012-08-16,1801,n,0,3.9,304.61,290.67,0.51,0.41,N,VIIRS,2,2012
-1.98224,114.11994,2012-08-16,1801,n,0,3.9,323.8,290.62,0.51,0.41,N,VIIRS,2,2012
-1.98293,114.12453,2012-08-16,1801,n,0,3.9,309.85,290.6,0.51,0.41,N,VIIRS,2,2012
-2.36764,116.4894,2012-08-16,1801,n,0,1.36,312.53,290.14,0.48,0.48,N,VIIRS,2,2012
-2.23346,114.61823,2012-08-16,1801,n,0,2.65,315.89,291.49,0.55,0.42,N,VIIRS,2,2012
-2.23422,114.62314,2012-08-16,1801,n,0,2.65,315.61,291.22,0.55,0.43,N,VIIRS,2,2012
-2.34521,115.18089,2012-08-16,1801,n,0,0.5,301.18,289.64,0.4,0.44,N,VIIRS,2,2012
-2.34631,115.18801,2012-08-16,1801,n,0,1.24,315.75,290.49,0.4,0.44,N,VIIRS,2,2012
-2.35038,115.18741,2012-08-16,1801,n,0,1.24,301.51,289.61,0.4,0.44,N,VIIRS,2,2012
-2.41974,115.3478,2012-08-16,1801,n,0,0.73,302.19,290.45,0.41,0.45,N,VIIRS,2,2012
-2.35197,114.74107,2012-08-16,1801,n,0,1.75,305.58,290.5,0.56,0.43,N,VIIRS,2,2012
-2.35274,114.74611,2012-08-16,1801,n,0,1.03,303.95,290.53,0.56,0.43,N,VIIRS,2,2012
-2.35669,114.74551,2012-08-16,1801,n,0,1.03,304.96,290.26,0.56,0.43,N,VIIRS,2,2012
-2.43942,114.92693,2012-08-16,1801,n,0,2.16,316.79,290.27,0.38,0.43,N,VIIRS,2,2012
-2.47198,114.40198,2012-08-16,1801,n,0,2.19,319.31,290.97,0.54,0.42,N,VIIRS,2,2012
-2.47271,114.4068,2012-08-16,1801,n,0,2.19,304.47,290.6,0.54,0.42,N,VIIRS,2,2012
-2.47585,114.40138,2012-08-16,1801,n,0,3.01,323.51,291.07,0.54,0.42,N,VIIRS,2,2012
-2.47658,114.40621,2012-08-16,1801,n,0,3.01,310.72,290.15,0.54,0.42,N,VIIRS,2,2012
0.64951,117.0077,2012-08-17,500,n,0,7.69,334.23,290.25,0.34,0.56,N,VIIRS,2,2012
0.64996,117.0107,2012-08-17,500,h,0,13.73,367.0,291.46,0.34,0.56,N,VIIRS,2,2012
0.65401,117.1731,2012-08-17,500,l,0,4.19,356.97,287.52,0.33,0.55,N,VIIRS,2,2012
0.65356,117.17017,2012-08-17,500,n,0,4.19,332.82,289.34,0.33,0.55,N,VIIRS,2,2012
0.51515,116.76224,2012-08-17,500,h,0,13.23,367.0,291.46,0.35,0.57,N,VIIRS,2,2012
0.51566,116.76543,2012-08-17,500,h,0,13.23,367.0,291.14,0.35,0.57,N,VIIRS,2,2012
0.51577,116.76057,2012-08-17,500,n,0,5.25,341.26,290.51,0.35,0.57,N,VIIRS,2,2012
0.51625,116.76376,2012-08-17,500,h,0,11.89,367.0,291.15,0.35,0.57,N,VIIRS,2,2012
0.51051,116.76136,2012-08-17,500,n,0,5.25,339.48,290.96,0.35,0.57,N,VIIRS,2,2012
0.511,116.76457,2012-08-17,500,n,0,11.89,351.58,291.57,0.35,0.57,N,VIIRS,2,2012
0.58369,117.30846,2012-08-17,500,n,0,3.57,329.27,289.87,0.32,0.55,N,VIIRS,2,2012
0.36406,116.09764,2012-08-17,500,h,0,18.12,367.0,293.26,0.39,0.6,N,VIIRS,2,2012
0.45545,116.75327,2012-08-17,500,n,0,7.4,352.39,290.22,0.35,0.57,N,VIIRS,2,2012
0.22739,115.48522,2012-08-17,500,n,0,24.13,354.35,288.31,0.43,0.62,N,VIIRS,2,2012
0.22803,115.48925,2012-08-17,500,h,0,48.86,367.0,292.57,0.43,0.62,N,VIIRS,2,2012
0.22655,115.48721,2012-08-17,500,n,0,21.99,349.88,291.45,0.43,0.62,N,VIIRS,2,2012
0.22715,115.4912,2012-08-17,500,n,0,21.99,351.63,290.06,0.43,0.62,N,VIIRS,2,2012
0.50527,117.49811,2012-08-17,500,n,0,3.78,331.59,291.45,0.63,0.54,N,VIIRS,2,2012
0.25418,116.8693,2012-08-17,500,n,0,3.95,336.98,291.68,0.35,0.57,N,VIIRS,2,2012
0.16796,116.86772,2012-08-17,500,n,0,6.48,346.36,290.2,0.35,0.57,N,VIIRS,2,2012
0.16845,116.87089,2012-08-17,500,n,0,9.14,345.89,290.28,0.35,0.57,N,VIIRS,2,2012
0.10814,117.47229,2012-08-17,500,n,2,2.98,334.31,292.48,0.32,0.54,N,VIIRS,2,2012
-2.48848,115.95772,2012-08-17,500,n,0,7.7,347.36,290.96,0.44,0.63,N,VIIRS,2,2012
-2.48837,115.9576,2012-08-17,500,n,0,7.51,338.51,290.44,0.44,0.63,N,VIIRS,2,2012
-2.48898,115.95357,2012-08-17,500,n,0,6.02,335.4,290.31,0.44,0.63,N,VIIRS,2,2012
-2.42446,115.94902,2012-08-17,500,n,0,9.77,357.73,290.25,0.44,0.63,N,VIIRS,2,2012
-2.45453,115.27676,2012-08-17,500,n,0,7.47,346.79,288.42,0.49,0.65,N,VIIRS,2,2012
-2.49489,114.15948,2012-08-17,500,n,0,3.3,332.96,287.26,0.59,0.7,N,VIIRS,2,2012
-2.4008,114.26081,2012-08-17,500,n,0,11.92,341.23,287.81,0.58,0.69,N,VIIRS,2,2012
-2.40056,114.26341,2012-08-17,500,n,0,8.21,347.76,288.65,0.58,0.69,N,VIIRS,2,2012
-1.96871,115.8733,2012-08-17,500,n,0,7.15,326.64,291.74,0.44,0.62,N,VIIRS,2,2012
-1.96916,115.87323,2012-08-17,500,n,0,5.63,328.5,292.31,0.44,0.62,N,VIIRS,2,2012
-1.63311,116.3756,2012-08-17,500,n,0,3.88,331.94,291.79,0.4,0.6,N,VIIRS,2,2012
-1.53374,116.36255,2012-08-17,500,n,0,5.12,327.38,291.7,0.4,0.6,N,VIIRS,2,2012
-1.53429,116.35887,2012-08-17,500,n,0,4.49,337.95,291.92,0.4,0.6,N,VIIRS,2,2012
-1.57414,114.94132,2012-08-17,500,h,0,34.46,367.0,293.44,0.5,0.66,N,VIIRS,2,2012
-1.57481,114.93676,2012-08-17,500,n,0,34.46,339.09,288.99,0.5,0.66,N,VIIRS,2,2012
-1.57351,114.94241,2012-08-17,500,h,0,37.71,367.0,290.62,0.5,0.66,N,VIIRS,2,2012
-1.57421,114.93785,2012-08-17,500,n,0,37.71,345.08,290.36,0.5,0.66,N,VIIRS,2,2012
-0.73158,116.89947,2012-08-17,500,h,0,25.89,367.0,293.44,0.36,0.57,N,VIIRS,2,2012
-0.73209,116.8962,2012-08-17,500,n,0,25.89,336.96,292.57,0.36,0.57,N,VIIRS,2,2012
-0.72628,116.89869,2012-08-17,500,h,0,25.89,367.0,294.25,0.36,0.57,N,VIIRS,2,2012
-0.72678,116.89542,2012-08-17,500,n,0,25.89,327.84,293.33,0.36,0.57,N,VIIRS,2,2012
-0.67596,116.94412,2012-08-17,500,n,0,3.0,332.72,291.15,0.36,0.57,N,VIIRS,2,2012
-0.66676,116.96909,2012-08-17,500,n,0,2.77,339.36,291.32,0.35,0.57,N,VIIRS,2,2012
-0.67067,116.94333,2012-08-17,500,n,0,2.67,333.47,290.97,0.36,0.57,N,VIIRS,2,2012
-0.65476,116.9771,2012-08-17,500,n,0,2.83,335.75,291.16,0.35,0.57,N,VIIRS,2,2012
-0.46947,116.23221,2012-08-17,500,n,0,8.89,351.39,291.28,0.4,0.6,N,VIIRS,2,2012
-0.37617,116.10999,2012-08-17,500,n,0,2.35,327.15,291.65,0.4,0.6,N,VIIRS,2,2012
-0.22691,117.04829,2012-08-17,500,h,0,10.78,367.0,293.12,0.34,0.56,N,VIIRS,2,2012
-0.22643,117.05142,2012-08-17,500,n,0,7.87,329.81,287.9,0.34,0.56,N,VIIRS,2,2012
-0.16422,117.14674,2012-08-17,500,n,0,2.51,334.29,289.67,0.34,0.56,N,VIIRS,2,2012
-0.16006,117.16304,2012-08-17,500,n,0,4.12,352.5,289.58,0.34,0.56,N,VIIRS,2,2012
-0.16055,117.15998,2012-08-17,500,n,0,4.12,329.49,288.97,0.34,0.56,N,VIIRS,2,2012
-0.16246,117.14784,2012-08-17,500,n,0,3.3,330.86,289.74,0.34,0.56,N,VIIRS,2,2012
-0.18911,116.48598,2012-08-17,500,n,0,2.85,335.36,291.34,0.38,0.58,N,VIIRS,2,2012
-0.08423,116.89886,2012-08-17,500,n,0,3.66,331.77,291.67,0.35,0.57,N,VIIRS,2,2012
0.09317,117.47062,2012-08-17,500,h,3,8.1,367.0,292.09,0.32,0.55,N,VIIRS,2,2012
0.09778,117.46703,2012-08-17,500,n,2,8.1,350.96,292.8,0.32,0.55,N,VIIRS,2,2012
0.09257,117.47157,2012-08-17,500,n,3,5.36,345.37,292.06,0.32,0.54,N,VIIRS,2,2012
0.09211,117.4687,2012-08-17,500,n,3,4.56,348.29,291.79,0.32,0.54,N,VIIRS,2,2012
0.0967,117.4651,2012-08-17,500,h,3,11.71,367.0,292.75,0.32,0.54,N,VIIRS,2,2012
1.52481,117.29083,2012-08-17,501,n,0,13.87,340.68,290.31,0.62,0.54,N,VIIRS,2,2012
0.79411,114.13179,2012-08-17,501,n,0,32.56,325.54,286.54,0.53,0.67,N,VIIRS,2,2012
0.79489,114.13673,2012-08-17,501,h,0,32.56,367.0,290.03,0.53,0.67,N,VIIRS,2,2012
0.79408,114.17152,2012-08-17,501,n,0,3.0,325.75,283.23,0.52,0.67,N,VIIRS,2,2012
0.79759,114.2331,2012-08-17,501,n,0,39.11,352.24,283.82,0.52,0.67,N,VIIRS,2,2012
0.79831,114.23759,2012-08-17,501,n,0,33.11,341.25,280.07,0.52,0.67,N,VIIRS,2,2012
0.80288,114.53754,2012-08-17,501,n,0,9.44,352.17,287.75,0.49,0.65,N,VIIRS,2,2012
0.80362,114.54209,2012-08-17,501,n,0,9.44,350.64,286.16,0.49,0.65,N,VIIRS,2,2012
0.80286,114.5416,2012-08-17,501,l,0,7.56,356.5,286.65,0.49,0.65,N,VIIRS,2,2012
0.80215,114.53703,2012-08-17,501,n,0,7.56,327.69,287.3,0.49,0.65,N,VIIRS,2,2012
0.73822,114.40746,2012-08-17,501,n,0,4.36,334.05,288.29,0.51,0.66,N,VIIRS,2,2012
1.12324,116.87993,2012-08-17,501,n,0,3.25,328.67,290.73,0.34,0.56,N,VIIRS,2,2012
1.20816,117.70396,2012-08-17,501,n,0,13.66,339.35,289.03,0.59,0.53,N,VIIRS,2,2012
1.20965,117.70071,2012-08-17,501,n,0,4.63,338.02,288.87,0.59,0.53,N,VIIRS,2,2012
0.94575,116.97994,2012-08-17,501,n,0,8.8,356.33,290.97,0.33,0.56,N,VIIRS,2,2012
0.94622,116.98299,2012-08-17,501,h,0,8.8,367.0,291.67,0.33,0.56,N,VIIRS,2,2012
0.8961,117.12962,2012-08-17,501,n,0,4.13,332.64,289.53,0.33,0.55,N,VIIRS,2,2012
0.64474,116.62955,2012-08-17,501,n,0,4.48,340.53,290.09,0.36,0.57,N,VIIRS,2,2012
0.64778,116.8186,2012-08-17,501,n,0,4.24,337.49,290.23,0.35,0.56,N,VIIRS,2,2012
0.64827,116.82167,2012-08-17,501,n,0,4.24,337.37,290.02,0.35,0.56,N,VIIRS,2,2012
0.65028,116.83425,2012-08-17,501,n,0,10.72,352.78,286.6,0.35,0.56,N,VIIRS,2,2012
0.83654,118.00589,2012-08-17,501,n,0,4.99,339.49,290.7,0.57,0.52,N,VIIRS,2,2012
2.22166,118.03007,2012-08-17,501,n,0,7.15,329.47,296.43,0.54,0.51,N,VIIRS,2,2012
1.85146,116.87407,2012-08-17,501,h,0,22.72,367.0,291.29,0.33,0.55,N,VIIRS,2,2012
1.85093,116.87078,2012-08-17,501,n,0,22.72,352.31,295.15,0.33,0.55,N,VIIRS,2,2012
1.85042,116.86765,2012-08-17,501,n,0,12.31,333.49,290.6,0.33,0.55,N,VIIRS,2,2012
1.98374,117.18837,2012-08-17,501,n,0,4.99,327.6,290.3,0.62,0.54,N,VIIRS,2,2012
2.03965,117.59046,2012-08-17,501,n,0,3.85,326.47,290.25,0.58,0.52,N,VIIRS,2,2012
1.98383,117.18617,2012-08-17,501,n,0,2.22,331.39,288.98,0.62,0.54,N,VIIRS,2,2012
1.9338,116.78252,2012-08-17,501,h,0,20.46,367.0,293.4,0.33,0.55,N,VIIRS,2,2012
1.93332,116.77958,2012-08-17,501,n,0,8.12,337.67,289.77,0.33,0.56,N,VIIRS,2,2012
2.03566,117.06186,2012-08-17,501,n,0,19.2,337.88,291.82,0.64,0.54,N,VIIRS,2,2012
2.03477,117.05624,2012-08-17,501,n,0,19.2,336.71,293.12,0.64,0.54,N,VIIRS,2,2012
2.07681,117.16083,2012-08-17,501,n,0,4.53,326.16,293.67,0.62,0.54,N,VIIRS,2,2012
2.21773,118.03561,2012-08-17,501,n,0,7.57,342.74,295.34,0.54,0.51,N,VIIRS,2,2012
2.21698,118.03078,2012-08-17,501,n,0,7.15,347.6,296.36,0.54,0.51,N,VIIRS,2,2012
2.21623,118.02592,2012-08-17,501,n,0,7.15,331.07,293.62,0.54,0.51,N,VIIRS,2,2012
2.22242,118.03493,2012-08-17,501,n,0,7.57,342.95,295.32,0.54,0.51,N,VIIRS,2,2012
2.21422,118.03311,2012-08-17,501,n,0,2.54,327.49,293.86,0.54,0.51,N,VIIRS,2,2012
2.2197,118.03727,2012-08-17,501,n,0,7.5,326.89,293.81,0.54,0.51,N,VIIRS,2,2012
2.21891,118.03242,2012-08-17,501,n,0,8.44,346.34,297.23,0.54,0.51,N,VIIRS,2,2012
2.21812,118.02757,2012-08-17,501,n,0,8.44,353.3,296.13,0.54,0.51,N,VIIRS,2,2012
2.22359,118.03172,2012-08-17,501,n,0,8.44,341.65,295.77,0.54,0.51,N,VIIRS,2,2012
2.21838,117.85023,2012-08-17,501,n,0,3.99,335.11,295.78,0.56,0.51,N,VIIRS,2,2012
2.1209,117.15089,2012-08-17,501,n,0,70.95,342.19,293.09,0.62,0.54,N,VIIRS,2,2012
2.28048,117.50473,2012-08-17,501,n,0,10.42,340.93,292.6,0.59,0.53,N,VIIRS,2,2012
2.41708,117.47164,2012-08-17,501,n,0,10.78,340.16,293.06,0.59,0.53,N,VIIRS,2,2012
-2.2329,113.80315,2012-08-17,640,n,0,42.77,336.87,286.12,0.67,0.73,N,VIIRS,2,2012
-2.23394,113.79693,2012-08-17,640,n,0,21.07,327.98,284.28,0.67,0.73,N,VIIRS,2,2012
-2.2271,113.79581,2012-08-17,640,n,0,21.07,356.45,284.9,0.67,0.73,N,VIIRS,2,2012
-2.22604,113.8021,2012-08-17,640,l,0,42.77,357.01,287.71,0.67,0.73,N,VIIRS,2,2012
-2.22626,113.79668,2012-08-17,640,n,0,34.22,356.4,285.43,0.67,0.73,N,VIIRS,2,2012
-2.22524,113.803,2012-08-17,640,l,0,34.22,356.79,287.23,0.67,0.73,N,VIIRS,2,2012
-2.12565,113.85173,2012-08-17,640,n,0,8.81,331.8,286.96,0.67,0.74,N,VIIRS,2,2012
-2.11876,113.85067,2012-08-17,640,n,0,9.6,347.32,287.3,0.67,0.74,N,VIIRS,2,2012
-2.03436,113.72458,2012-08-17,640,n,0,4.08,325.78,286.32,0.66,0.73,N,VIIRS,2,2012
2.21471,117.85438,2012-08-17,1740,n,0,1.62,315.62,290.17,0.42,0.37,N,VIIRS,2,2012
2.21768,117.59056,2012-08-17,1740,n,0,1.02,314.35,290.07,0.41,0.37,N,VIIRS,2,2012
2.2171,117.59422,2012-08-17,1740,n,0,1.02,308.93,290.08,0.41,0.37,N,VIIRS,2,2012
2.20984,117.5519,2012-08-17,1740,n,0,0.71,306.66,290.14,0.41,0.37,N,VIIRS,2,2012
2.16192,117.3224,2012-08-17,1740,n,0,1.23,309.76,290.45,0.4,0.37,N,VIIRS,2,2012
2.14969,117.13739,2012-08-17,1740,n,0,2.75,330.1,290.84,0.4,0.37,N,VIIRS,2,2012
2.14913,117.14094,2012-08-17,1740,n,0,2.75,327.18,290.84,0.4,0.37,N,VIIRS,2,2012
2.14576,117.14042,2012-08-17,1740,n,0,1.79,310.07,289.8,0.4,0.37,N,VIIRS,2,2012
2.1205,117.14743,2012-08-17,1740,n,0,1.07,311.92,290.43,0.4,0.37,N,VIIRS,2,2012
2.11933,117.14762,2012-08-17,1740,n,0,1.97,319.54,290.43,0.4,0.37,N,VIIRS,2,2012
2.07611,117.37939,2012-08-17,1740,n,0,2.94,331.13,291.14,0.4,0.37,N,VIIRS,2,2012
2.0699,117.28642,2012-08-17,1740,n,0,0.9,318.51,290.4,0.4,0.37,N,VIIRS,2,2012
2.07555,117.22855,2012-08-17,1740,n,0,0.99,311.72,289.88,0.4,0.37,N,VIIRS,2,2012
2.06652,117.28588,2012-08-17,1740,n,0,0.9,306.37,289.83,0.4,0.37,N,VIIRS,2,2012
2.2153,117.85066,2012-08-17,1740,n,0,1.24,313.53,290.31,0.42,0.37,N,VIIRS,2,2012
2.21874,117.85117,2012-08-17,1740,n,0,1.24,305.96,290.61,0.42,0.37,N,VIIRS,2,2012
1.96509,117.28499,2012-08-17,1740,n,0,1.14,304.53,290.15,0.4,0.37,N,VIIRS,2,2012
2.06883,117.07413,2012-08-17,1740,n,0,0.6,307.4,289.82,0.4,0.37,N,VIIRS,2,2012
2.07217,117.228,2012-08-17,1740,n,0,4.31,333.21,290.52,0.4,0.37,N,VIIRS,2,2012
-0.68674,115.51101,2012-08-17,1741,n,0,1.52,310.02,290.19,0.38,0.36,N,VIIRS,2,2012
-0.6801,115.51204,2012-08-17,1741,n,0,3.63,341.69,291.44,0.38,0.36,N,VIIRS,2,2012
-0.67678,115.51256,2012-08-17,1741,n,0,3.63,330.82,289.66,0.38,0.36,N,VIIRS,2,2012
-0.81035,117.10534,2012-08-17,1741,n,0,0.61,304.61,290.04,0.41,0.37,N,VIIRS,2,2012
-0.80977,117.10162,2012-08-17,1741,n,0,0.61,305.28,290.13,0.41,0.37,N,VIIRS,2,2012
-0.80634,117.10214,2012-08-17,1741,n,2,1.08,307.67,290.94,0.41,0.37,N,VIIRS,2,2012
-0.67206,116.26046,2012-08-17,1741,n,0,0.94,301.26,282.53,0.39,0.36,N,VIIRS,2,2012
-0.68667,117.05206,2012-08-17,1741,n,0,1.39,316.46,290.48,0.41,0.37,N,VIIRS,2,2012
-0.68325,117.05258,2012-08-17,1741,n,0,1.08,308.29,290.44,0.41,0.37,N,VIIRS,2,2012
-0.33881,115.6854,2012-08-17,1741,n,0,0.91,302.21,289.62,0.39,0.36,N,VIIRS,2,2012
-0.33826,115.68196,2012-08-17,1741,n,0,3.77,334.78,290.91,0.39,0.36,N,VIIRS,2,2012
-0.33494,115.68248,2012-08-17,1741,n,0,1.03,314.47,289.89,0.39,0.36,N,VIIRS,2,2012
-0.33549,115.68592,2012-08-17,1741,n,0,1.36,321.38,290.0,0.39,0.36,N,VIIRS,2,2012
-0.43623,116.34753,2012-08-17,1741,n,0,1.7,316.74,288.82,0.39,0.36,N,VIIRS,2,2012
-0.33162,115.68298,2012-08-17,1741,n,0,1.03,303.34,289.86,0.39,0.36,N,VIIRS,2,2012
-0.43288,116.34805,2012-08-17,1741,n,3,0.71,304.67,289.43,0.39,0.36,N,VIIRS,2,2012
-0.58543,117.38355,2012-08-17,1741,n,2,0.76,307.18,290.84,0.42,0.38,N,VIIRS,2,2012
0.16587,116.86923,2012-08-17,1741,n,0,1.09,303.85,289.38,0.4,0.37,N,VIIRS,2,2012
0.10668,117.47169,2012-08-17,1741,n,2,1.67,312.11,290.95,0.42,0.38,N,VIIRS,2,2012
0.18404,117.48677,2012-08-17,1741,n,2,2.02,308.11,291.19,0.42,0.38,N,VIIRS,2,2012
0.48956,116.91888,2012-08-17,1741,n,0,0.55,303.51,289.43,0.4,0.37,N,VIIRS,2,2012
0.60048,117.43493,2012-08-17,1741,n,0,0.79,309.34,289.71,0.41,0.37,N,VIIRS,2,2012
0.60392,117.43546,2012-08-17,1741,n,0,0.79,305.8,289.7,0.41,0.37,N,VIIRS,2,2012
0.71045,117.27071,2012-08-17,1741,n,0,0.89,305.31,289.51,0.41,0.37,N,VIIRS,2,2012
0.81615,117.5967,2012-08-17,1741,n,0,1.05,316.47,289.75,0.42,0.37,N,VIIRS,2,2012
0.83571,117.58445,2012-08-17,1741,n,0,0.75,308.75,290.02,0.42,0.37,N,VIIRS,2,2012
1.15644,117.67887,2012-08-17,1741,n,2,0.61,305.93,288.88,0.42,0.37,N,VIIRS,2,2012
1.16333,117.67996,2012-08-17,1741,n,0,0.43,302.09,289.03,0.42,0.37,N,VIIRS,2,2012
1.24371,118.02497,2012-08-17,1741,n,0,0.64,307.74,287.55,0.43,0.38,N,VIIRS,2,2012
1.3961,117.99286,2012-08-17,1741,n,0,0.46,310.52,286.69,0.43,0.38,N,VIIRS,2,2012
1.53268,117.19269,2012-08-17,1741,n,0,1.65,304.65,289.45,0.4,0.37,N,VIIRS,2,2012
1.53606,117.19322,2012-08-17,1741,n,0,1.65,329.3,290.22,0.4,0.37,N,VIIRS,2,2012
1.62134,118.05025,2012-08-17,1741,n,0,1.34,307.65,287.99,0.43,0.38,N,VIIRS,2,2012
1.62302,118.06226,2012-08-17,1741,n,0,1.54,318.54,289.28,0.43,0.38,N,VIIRS,2,2012
1.62362,118.05844,2012-08-17,1741,n,0,1.54,311.76,289.4,0.43,0.38,N,VIIRS,2,2012
1.6271,118.05898,2012-08-17,1741,n,0,2.26,312.21,289.64,0.43,0.38,N,VIIRS,2,2012
1.63118,118.05573,2012-08-17,1741,n,0,2.25,311.39,288.64,0.43,0.38,N,VIIRS,2,2012
1.63058,118.05953,2012-08-17,1741,n,0,2.26,334.93,290.31,0.43,0.38,N,VIIRS,2,2012
1.63406,118.0601,2012-08-17,1741,n,0,1.34,317.61,289.78,0.43,0.38,N,VIIRS,2,2012
1.67117,118.03784,2012-08-17,1741,n,0,0.39,301.98,288.4,0.43,0.38,N,VIIRS,2,2012
-1.42488,116.25298,2012-08-17,1741,n,0,0.44,303.3,290.47,0.4,0.37,N,VIIRS,2,2012
-0.70997,115.50739,2012-08-17,1741,n,0,1.11,309.82,287.52,0.38,0.36,N,VIIRS,2,2012
-0.96409,117.15072,2012-08-17,1741,n,2,0.89,313.27,290.19,0.42,0.37,N,VIIRS,2,2012
-0.9635,117.14697,2012-08-17,1741,n,2,0.89,307.25,289.91,0.42,0.37,N,VIIRS,2,2012
-0.69731,115.49172,2012-08-17,1741,n,0,2.95,323.37,291.09,0.38,0.36,N,VIIRS,2,2012
-2.48866,114.16225,2012-08-17,1742,n,0,5.61,301.93,290.65,0.39,0.36,N,VIIRS,2,2012
-2.49199,114.16174,2012-08-17,1742,n,0,5.61,344.94,297.98,0.39,0.36,N,VIIRS,2,2012
-2.49532,114.16122,2012-08-17,1742,n,0,1.86,315.66,290.14,0.39,0.36,N,VIIRS,2,2012
-1.86728,115.3125,2012-08-17,1742,n,0,0.56,303.66,291.47,0.38,0.36,N,VIIRS,2,2012
-1.99026,116.03191,2012-08-17,1742,n,0,0.64,305.79,290.33,0.39,0.36,N,VIIRS,2,2012
-1.97162,115.86922,2012-08-17,1742,n,0,1.51,312.33,291.44,0.39,0.36,N,VIIRS,2,2012
-1.99641,116.02731,2012-08-17,1742,n,0,1.33,318.63,290.36,0.39,0.36,N,VIIRS,2,2012
-2.01988,116.02364,2012-08-17,1742,n,0,0.46,304.96,290.08,0.39,0.36,N,VIIRS,2,2012
-2.15262,115.97112,2012-08-17,1742,n,0,1.54,319.01,290.23,0.39,0.36,N,VIIRS,2,2012
-2.33965,116.48058,2012-08-17,1742,n,0,0.63,306.09,290.84,0.4,0.37,N,VIIRS,2,2012
-2.23583,114.6197,2012-08-17,1742,n,0,0.73,305.6,291.27,0.38,0.36,N,VIIRS,2,2012
-2.23637,114.62315,2012-08-17,1742,n,0,0.73,308.98,291.22,0.38,0.36,N,VIIRS,2,2012
-2.1247,113.84585,2012-08-17,1742,n,0,0.93,310.41,290.48,0.39,0.36,N,VIIRS,2,2012
-2.12628,113.84586,2012-08-17,1742,n,0,1.07,314.09,290.5,0.39,0.36,N,VIIRS,2,2012
-2.34818,115.18838,2012-08-17,1742,n,0,0.82,312.8,291.85,0.38,0.36,N,VIIRS,2,2012
-2.27291,114.5575,2012-08-17,1742,n,0,0.79,303.98,290.76,0.38,0.36,N,VIIRS,2,2012
-2.23009,114.17748,2012-08-17,1742,n,0,1.57,317.15,291.75,0.39,0.36,N,VIIRS,2,2012
-2.23064,114.18096,2012-08-17,1742,n,0,0.74,307.94,290.99,0.39,0.36,N,VIIRS,2,2012
-2.27955,114.36172,2012-08-17,1742,n,0,1.58,314.74,291.97,0.39,0.36,N,VIIRS,2,2012
-2.2801,114.36519,2012-08-17,1742,n,0,2.56,319.98,292.43,0.39,0.36,N,VIIRS,2,2012
-2.35304,114.74282,2012-08-17,1742,n,0,2.14,320.29,292.65,0.38,0.36,N,VIIRS,2,2012
-2.35636,114.7423,2012-08-17,1742,n,0,0.64,303.72,290.52,0.38,0.36,N,VIIRS,2,2012
-2.3569,114.74574,2012-08-17,1742,n,0,0.64,304.97,291.02,0.38,0.36,N,VIIRS,2,2012
-2.45135,115.28207,2012-08-17,1742,n,0,0.78,305.78,291.43,0.39,0.36,N,VIIRS,2,2012
-2.22189,113.79845,2012-08-17,1742,n,0,10.68,330.48,292.25,0.39,0.36,N,VIIRS,2,2012
-2.45413,115.2781,2012-08-17,1742,n,0,2.8,336.47,292.66,0.39,0.36,N,VIIRS,2,2012
-2.22244,113.80197,2012-08-17,1742,n,0,6.12,315.27,291.31,0.39,0.36,N,VIIRS,2,2012
-2.45467,115.28156,2012-08-17,1742,n,0,2.8,317.21,291.55,0.39,0.36,N,VIIRS,2,2012
-2.22525,113.79792,2012-08-17,1742,n,0,10.68,331.78,294.27,0.39,0.36,N,VIIRS,2,2012
-2.2258,113.80145,2012-08-17,1742,n,0,6.12,347.73,295.46,0.39,0.36,N,VIIRS,2,2012
-2.22771,113.80121,2012-08-17,1742,n,0,5.15,349.28,294.95,0.39,0.36,N,VIIRS,2,2012
-2.22716,113.79768,2012-08-17,1742,n,0,2.98,315.07,291.24,0.39,0.36,N,VIIRS,2,2012
-2.23051,113.79716,2012-08-17,1742,n,0,2.98,327.81,291.57,0.39,0.36,N,VIIRS,2,2012
-2.23107,113.80069,2012-08-17,1742,n,0,5.15,333.66,292.13,0.39,0.36,N,VIIRS,2,2012
-2.25678,113.78944,2012-08-17,1742,n,0,0.85,310.06,290.98,0.39,0.36,N,VIIRS,2,2012
-2.26013,113.81059,2012-08-17,1742,n,0,0.62,304.1,290.55,0.39,0.36,N,VIIRS,2,2012
-2.26348,113.81007,2012-08-17,1742,n,0,0.37,301.93,289.94,0.39,0.36,N,VIIRS,2,2012
-2.38187,114.23563,2012-08-17,1742,n,0,3.62,331.31,293.31,0.39,0.36,N,VIIRS,2,2012
-2.38133,114.23216,2012-08-17,1742,n,0,1.04,305.41,290.67,0.39,0.36,N,VIIRS,2,2012
-2.40009,114.26479,2012-08-17,1742,n,0,1.93,329.96,292.62,0.39,0.36,N,VIIRS,2,2012
-2.39955,114.26132,2012-08-17,1742,n,0,1.93,308.04,290.95,0.39,0.36,N,VIIRS,2,2012
-2.40287,114.2608,2012-08-17,1742,n,0,1.06,316.66,291.81,0.39,0.36,N,VIIRS,2,2012
-2.40342,114.26427,2012-08-17,1742,n,0,1.06,306.43,291.1,0.39,0.36,N,VIIRS,2,2012
-2.4062,114.26028,2012-08-17,1742,n,0,1.06,303.29,290.77,0.39,0.36,N,VIIRS,2,2012
-2.41576,114.26254,2012-08-17,1742,n,0,1.29,306.52,291.08,0.39,0.36,N,VIIRS,2,2012
-2.42242,114.26151,2012-08-17,1742,n,0,1.95,333.11,293.11,0.39,0.36,N,VIIRS,2,2012
-2.42574,114.26099,2012-08-17,1742,n,0,1.95,305.66,291.13,0.39,0.36,N,VIIRS,2,2012
-2.42907,114.26048,2012-08-17,1742,n,0,1.22,303.73,291.21,0.39,0.36,N,VIIRS,2,2012
-2.44626,114.26134,2012-08-17,1742,n,0,0.86,304.14,290.72,0.39,0.36,N,VIIRS,2,2012
-2.47195,114.40277,2012-08-17,1742,n,0,2.61,320.65,292.17,0.39,0.36,N,VIIRS,2,2012
-2.45013,114.2643,2012-08-17,1742,n,0,0.81,304.44,290.94,0.39,0.36,N,VIIRS,2,2012
-2.47527,114.40225,2012-08-17,1742,n,0,2.61,329.26,292.84,0.39,0.36,N,VIIRS,2,2012
-2.45346,114.26378,2012-08-17,1742,n,0,0.81,303.63,290.84,0.39,0.36,N,VIIRS,2,2012
-2.47582,114.40571,2012-08-17,1742,n,0,1.38,309.0,291.57,0.39,0.36,N,VIIRS,2,2012
-2.47859,114.40174,2012-08-17,1742,n,0,3.09,331.3,292.36,0.39,0.36,N,VIIRS,2,2012
-2.45679,114.26326,2012-08-17,1742,n,0,1.26,310.62,291.25,0.39,0.36,N,VIIRS,2,2012
-2.46011,114.26274,2012-08-17,1742,n,0,1.26,314.2,291.2,0.39,0.36,N,VIIRS,2,2012
-2.46344,114.26222,2012-08-17,1742,n,0,0.41,303.85,290.39,0.39,0.36,N,VIIRS,2,2012
1.42179,117.63354,2012-08-18,442,n,0,9.89,325.12,281.55,0.63,0.72,N,VIIRS,2,2012
1.9209,116.76281,2012-08-18,442,n,0,12.55,343.1,276.94,0.7,0.75,N,VIIRS,2,2012
2.22223,117.5902,2012-08-18,442,n,0,7.78,339.06,285.61,0.61,0.71,N,VIIRS,2,2012
2.13674,117.07748,2012-08-18,442,n,0,75.73,338.35,282.38,0.66,0.73,N,VIIRS,2,2012
2.13771,117.08327,2012-08-18,442,l,0,75.83,356.41,280.73,0.66,0.73,N,VIIRS,2,2012
2.24735,117.1584,2012-08-18,442,n,0,5.51,338.34,283.61,0.65,0.73,N,VIIRS,2,2012
2.2489,117.15882,2012-08-18,442,n,0,8.67,338.67,283.78,0.65,0.73,N,VIIRS,2,2012
2.24424,117.04784,2012-08-18,442,n,0,17.95,336.54,283.72,0.66,0.73,N,VIIRS,2,2012
2.24324,117.04189,2012-08-18,442,n,0,21.53,343.52,284.32,0.66,0.73,N,VIIRS,2,2012
2.25102,117.04667,2012-08-18,442,l,0,17.95,356.45,284.4,0.66,0.73,N,VIIRS,2,2012
-2.12606,113.84619,2012-08-18,621,n,0,4.81,337.67,287.73,0.32,0.55,N,VIIRS,2,2012
-1.89083,114.96931,2012-08-18,621,n,0,4.69,347.78,289.42,0.39,0.59,N,VIIRS,2,2012
-1.88533,114.96845,2012-08-18,621,n,0,4.69,328.24,288.65,0.39,0.59,N,VIIRS,2,2012
-1.88544,114.96733,2012-08-18,621,n,0,4.74,329.93,289.03,0.39,0.59,N,VIIRS,2,2012
-2.23215,114.62705,2012-08-18,621,n,0,11.99,349.94,286.74,0.36,0.58,N,VIIRS,2,2012
-2.23267,114.62372,2012-08-18,621,n,0,11.99,356.38,285.18,0.36,0.58,N,VIIRS,2,2012
0.05458,115.77748,2012-08-18,622,n,0,3.79,335.01,286.25,0.47,0.64,N,VIIRS,2,2012
0.12307,115.57793,2012-08-18,622,n,0,6.39,346.68,289.44,0.46,0.63,N,VIIRS,2,2012
0.69797,116.55271,2012-08-18,622,n,0,19.09,345.6,270.94,0.55,0.68,N,VIIRS,2,2012
0.81687,114.15637,2012-08-18,622,n,0,2.53,327.34,282.35,0.38,0.59,N,VIIRS,2,2012
1.92055,116.7653,2012-08-18,622,n,0,4.61,329.75,278.96,0.59,0.7,N,VIIRS,2,2012
-1.07999,113.89249,2012-08-18,622,n,0,5.47,354.33,291.8,0.34,0.56,N,VIIRS,2,2012
-1.07919,113.8927,2012-08-18,622,n,0,5.4,343.65,291.24,0.34,0.56,N,VIIRS,2,2012
-1.06143,113.87054,2012-08-18,622,h,0,50.43,367.0,292.17,0.34,0.56,N,VIIRS,2,2012
-1.06189,113.86755,2012-08-18,622,l,0,50.43,208.0,295.12,0.34,0.56,N,VIIRS,2,2012
-1.06659,113.80343,2012-08-18,622,n,0,4.61,353.3,291.73,0.33,0.56,N,VIIRS,2,2012
-1.67601,115.18576,2012-08-18,622,l,0,29.5,357.06,287.05,0.4,0.6,N,VIIRS,2,2012
-1.6766,115.18207,2012-08-18,622,n,0,22.2,353.22,286.46,0.4,0.6,N,VIIRS,2,2012
-1.0085,113.58706,2012-08-18,622,n,0,3.99,344.75,288.92,0.32,0.55,N,VIIRS,2,2012
-0.81812,113.95514,2012-08-18,622,n,0,6.16,353.12,291.26,0.34,0.56,N,VIIRS,2,2012
-0.68256,114.45628,2012-08-18,622,n,0,1.67,326.57,286.33,0.37,0.58,N,VIIRS,2,2012
-0.26786,115.68542,2012-08-18,622,h,0,27.02,367.0,293.35,0.46,0.64,N,VIIRS,2,2012
-0.26856,115.68108,2012-08-18,622,n,0,27.02,347.39,291.23,0.46,0.64,N,VIIRS,2,2012
-0.26201,115.68417,2012-08-18,622,n,0,27.02,345.88,290.35,0.46,0.64,N,VIIRS,2,2012
-0.26269,115.67996,2012-08-18,622,n,0,27.02,336.7,290.63,0.46,0.64,N,VIIRS,2,2012
-0.26456,115.68085,2012-08-18,622,n,0,52.94,345.13,291.47,0.46,0.64,N,VIIRS,2,2012
-0.26391,115.68511,2012-08-18,622,h,0,52.94,367.0,292.64,0.46,0.64,N,VIIRS,2,2012
2.3014,117.0237,2012-08-18,623,n,0,29.61,353.88,283.57,0.62,0.71,N,VIIRS,2,2012
2.2739,117.04755,2012-08-18,623,n,0,4.43,325.75,283.18,0.62,0.71,N,VIIRS,2,2012
2.30225,117.02956,2012-08-18,623,l,0,29.61,356.22,283.79,0.62,0.71,N,VIIRS,2,2012
2.31687,116.899,2012-08-18,623,l,0,14.29,357.97,280.82,0.61,0.71,N,VIIRS,2,2012
2.32349,116.89806,2012-08-18,623,n,0,7.41,334.01,283.64,0.61,0.71,N,VIIRS,2,2012
-0.80865,117.10642,2012-08-18,1722,n,0,0.97,303.03,289.61,0.45,0.39,N,VIIRS,2,2012
-0.80802,117.10239,2012-08-18,1722,n,2,0.97,308.03,290.1,0.45,0.39,N,VIIRS,2,2012
-0.71748,117.23852,2012-08-18,1722,n,0,1.24,312.68,289.94,0.44,0.39,N,VIIRS,2,2012
-0.82072,115.88861,2012-08-18,1722,n,0,1.57,312.47,288.55,0.52,0.41,N,VIIRS,2,2012
2.21872,117.59148,2012-08-18,1722,n,0,0.71,304.09,288.57,0.46,0.39,N,VIIRS,2,2012
2.30147,117.02536,2012-08-18,1722,n,0,3.07,322.45,287.7,0.49,0.4,N,VIIRS,2,2012
2.22989,117.03429,2012-08-18,1722,n,0,1.21,319.26,287.29,0.49,0.4,N,VIIRS,2,2012
2.16799,117.09194,2012-08-18,1722,n,0,0.72,303.54,286.19,0.48,0.4,N,VIIRS,2,2012
2.16429,117.09138,2012-08-18,1722,n,0,0.72,301.98,286.16,0.48,0.4,N,VIIRS,2,2012
1.53807,117.19385,2012-08-18,1722,n,0,0.29,303.28,283.31,0.47,0.4,N,VIIRS,2,2012
2.16651,117.0894,2012-08-18,1722,n,0,1.51,303.34,286.1,0.48,0.4,N,VIIRS,2,2012
1.24316,118.02437,2012-08-18,1722,n,0,1.58,302.87,282.52,0.43,0.38,N,VIIRS,2,2012
0.18407,117.48807,2012-08-18,1722,n,2,1.22,307.96,287.6,0.44,0.38,N,VIIRS,2,2012
-0.58547,117.38338,2012-08-18,1722,n,2,0.55,305.94,289.28,0.44,0.38,N,VIIRS,2,2012
-0.58537,117.38363,2012-08-18,1722,n,2,0.65,308.78,289.16,0.44,0.38,N,VIIRS,2,2012
-0.60314,117.26733,2012-08-18,1722,n,0,1.35,306.74,288.45,0.44,0.39,N,VIIRS,2,2012
-0.83069,115.87756,2012-08-18,1722,n,0,1.17,308.39,288.66,0.52,0.41,N,VIIRS,2,2012
-0.96348,117.1493,2012-08-18,1722,n,2,1.4,306.73,290.06,0.45,0.39,N,VIIRS,2,2012
-1.97194,115.87,2012-08-18,1723,n,0,3.46,316.27,290.53,0.5,0.41,N,VIIRS,2,2012
-1.97232,115.8723,2012-08-18,1723,n,0,2.64,312.78,290.2,0.5,0.41,N,VIIRS,2,2012
-2.21241,114.77405,2012-08-18,1723,n,0,0.91,298.78,279.06,0.38,0.43,N,VIIRS,2,2012
-1.43105,114.38789,2012-08-19,603,n,0,9.66,340.3,294.09,0.53,0.42,N,VIIRS,2,2012
0.67099,116.84376,2012-08-19,603,n,0,11.26,348.72,291.35,0.54,0.51,N,VIIRS,2,2012
0.7768,116.80026,2012-08-19,603,n,0,4.9,329.5,291.42,0.54,0.51,N,VIIRS,2,2012
0.8007,114.1703,2012-08-19,603,n,0,9.65,340.0,292.92,0.55,0.43,N,VIIRS,2,2012
0.80702,114.15901,2012-08-19,603,n,0,6.72,332.22,291.94,0.55,0.43,N,VIIRS,2,2012
0.81482,114.15744,2012-08-19,603,n,0,5.62,328.7,291.83,0.55,0.43,N,VIIRS,2,2012
0.81407,114.15255,2012-08-19,603,n,0,5.62,334.52,291.71,0.55,0.43,N,VIIRS,2,2012
-2.49093,114.16422,2012-08-19,603,n,0,7.94,333.5,298.07,0.5,0.41,N,VIIRS,2,2012
-2.49164,114.15973,2012-08-19,603,n,0,7.03,341.97,297.75,0.5,0.41,N,VIIRS,2,2012
-2.42158,114.2614,2012-08-19,603,l,0,6.13,329.77,300.87,0.51,0.41,N,VIIRS,2,2012
2.2289,118.01797,2012-08-19,604,n,0,3.48,335.87,287.91,0.34,0.56,N,VIIRS,2,2012
2.44733,116.65792,2012-08-19,604,n,0,2.25,327.83,285.25,0.56,0.51,N,VIIRS,2,2012
0.18459,117.48536,2012-08-19,1703,n,2,1.16,305.16,287.49,0.57,0.52,N,VIIRS,2,2012
0.18462,117.48927,2012-08-19,1703,n,0,2.08,304.4,287.96,0.57,0.52,N,VIIRS,2,2012
-0.35786,116.98838,2012-08-19,1703,n,0,0.98,305.26,287.12,0.6,0.53,N,VIIRS,2,2012
-0.4392,117.4174,2012-08-19,1703,n,0,0.53,304.09,287.56,0.56,0.52,N,VIIRS,2,2012
-0.43975,117.42107,2012-08-19,1703,n,0,0.85,304.98,288.05,0.56,0.51,N,VIIRS,2,2012
-0.58073,117.38509,2012-08-19,1704,n,2,0.9,303.82,287.92,0.56,0.51,N,VIIRS,2,2012
-0.58549,117.38434,2012-08-19,1704,n,2,0.63,305.89,287.64,0.56,0.51,N,VIIRS,2,2012
-0.68468,117.05334,2012-08-19,1704,n,0,0.97,303.77,287.29,0.59,0.53,N,VIIRS,2,2012
-0.7182,117.23593,2012-08-19,1704,n,0,1.03,302.85,287.13,0.57,0.52,N,VIIRS,2,2012
-0.80498,117.10276,2012-08-19,1704,n,0,2.07,303.96,287.32,0.58,0.52,N,VIIRS,2,2012
-0.96285,117.1481,2012-08-19,1704,n,2,2.22,311.95,286.31,0.57,0.52,N,VIIRS,2,2012
-1.96745,115.87072,2012-08-19,1704,n,0,0.55,306.01,288.18,0.34,0.56,N,VIIRS,2,2012
-1.96794,115.87371,2012-08-19,1704,n,0,0.55,302.04,287.62,0.34,0.56,N,VIIRS,2,2012
-2.22013,114.7605,2012-08-19,1704,n,0,0.9,301.18,286.9,0.4,0.6,N,VIIRS,2,2012
-2.40879,114.24998,2012-08-19,1704,n,0,0.97,302.93,286.24,0.43,0.62,N,VIIRS,2,2012
-2.41008,114.24881,2012-08-19,1704,n,0,1.2,309.94,286.44,0.43,0.62,N,VIIRS,2,2012
-2.48931,114.15839,2012-08-19,1704,n,0,2.05,308.44,286.87,0.43,0.62,N,VIIRS,2,2012
-2.48995,114.16235,2012-08-19,1704,n,0,2.05,315.45,287.02,0.43,0.62,N,VIIRS,2,2012
-2.49005,114.16039,2012-08-19,1704,n,0,3.37,325.24,287.57,0.43,0.62,N,VIIRS,2,2012
-0.95261,117.14556,2012-08-20,544,n,0,12.85,336.36,296.85,0.43,0.38,N,VIIRS,2,2012
-0.94794,117.15276,2012-08-20,544,n,0,3.24,333.03,295.52,0.43,0.38,N,VIIRS,2,2012
-0.94386,117.15612,2012-08-20,544,n,0,5.61,333.63,295.8,0.43,0.38,N,VIIRS,2,2012
-0.94444,117.15225,2012-08-20,544,n,0,5.61,330.27,295.44,0.43,0.38,N,VIIRS,2,2012
-0.95883,116.98615,2012-08-20,544,n,0,3.26,332.75,294.15,0.42,0.38,N,VIIRS,2,2012
-0.73122,116.89793,2012-08-20,544,n,0,4.66,337.27,295.56,0.42,0.38,N,VIIRS,2,2012
-0.6895,116.96158,2012-08-20,544,n,0,5.77,336.47,295.68,0.42,0.38,N,VIIRS,2,2012
-0.6405,116.94643,2012-08-20,544,n,0,7.4,338.13,295.39,0.42,0.38,N,VIIRS,2,2012
-0.63121,116.45261,2012-08-20,544,n,0,2.96,333.66,296.96,0.41,0.37,N,VIIRS,2,2012
-0.63182,116.45212,2012-08-20,544,n,0,4.05,334.36,296.96,0.41,0.37,N,VIIRS,2,2012
-0.54992,116.78542,2012-08-20,544,n,0,93.81,334.21,295.66,0.42,0.38,N,VIIRS,2,2012
-0.80012,115.04247,2012-08-20,544,n,0,10.24,345.5,295.32,0.38,0.36,N,VIIRS,2,2012
-0.51875,116.64236,2012-08-20,544,n,0,4.46,331.46,292.7,0.41,0.37,N,VIIRS,2,2012
-0.58055,115.84454,2012-08-20,544,n,0,3.86,334.74,297.42,0.39,0.36,N,VIIRS,2,2012
-0.48745,116.3673,2012-08-20,544,n,0,3.02,334.09,299.95,0.41,0.37,N,VIIRS,2,2012
-0.36055,116.99102,2012-08-20,544,n,0,6.49,338.14,298.86,0.43,0.38,N,VIIRS,2,2012
-0.37074,116.7858,2012-08-20,544,n,0,2.05,331.03,295.44,0.42,0.38,N,VIIRS,2,2012
-0.44184,116.32317,2012-08-20,544,n,0,5.62,339.84,299.3,0.41,0.37,N,VIIRS,2,2012
-0.43843,116.32267,2012-08-20,544,n,0,11.69,339.84,301.99,0.41,0.37,N,VIIRS,2,2012
-0.4367,116.31123,2012-08-20,544,n,0,7.96,336.41,297.3,0.4,0.37,N,VIIRS,2,2012
-0.43698,116.31073,2012-08-20,544,n,0,4.46,339.09,296.94,0.41,0.37,N,VIIRS,2,2012
-0.43412,116.30658,2012-08-20,544,n,0,7.12,347.28,295.46,0.41,0.37,N,VIIRS,2,2012
-0.42797,116.3243,2012-08-20,544,n,0,3.58,344.81,297.25,0.41,0.37,N,VIIRS,2,2012
-0.42852,116.32065,2012-08-20,544,n,0,2.96,330.67,297.67,0.41,0.37,N,VIIRS,2,2012
-0.34556,116.77821,2012-08-20,544,n,0,9.68,339.34,298.29,0.42,0.38,N,VIIRS,2,2012
-0.40937,116.35511,2012-08-20,544,n,0,2.83,334.71,293.64,0.41,0.37,N,VIIRS,2,2012
-0.41367,116.30352,2012-08-20,544,n,0,4.22,341.63,295.69,0.41,0.37,N,VIIRS,2,2012
-0.39568,116.21539,2012-08-20,544,n,0,3.81,333.1,298.16,0.4,0.37,N,VIIRS,2,2012
-0.35843,116.43746,2012-08-20,544,n,0,4.73,340.2,298.38,0.41,0.37,N,VIIRS,2,2012
-0.35899,116.43378,2012-08-20,544,n,0,4.73,337.17,300.32,0.41,0.37,N,VIIRS,2,2012
-0.35612,116.4296,2012-08-20,544,n,0,2.26,335.74,297.38,0.41,0.37,N,VIIRS,2,2012
-0.34602,116.03429,2012-08-20,544,n,0,3.72,340.25,297.06,0.4,0.37,N,VIIRS,2,2012
-0.28147,116.36928,2012-08-20,544,n,0,5.65,333.03,299.22,0.41,0.37,N,VIIRS,2,2012
-0.05514,117.27225,2012-08-20,544,n,0,8.56,332.89,290.02,0.44,0.38,N,VIIRS,2,2012
-0.0516,117.27164,2012-08-20,544,n,0,8.56,343.95,293.65,0.44,0.38,N,VIIRS,2,2012
-0.01653,117.48022,2012-08-20,544,n,0,3.61,333.27,293.52,0.45,0.39,N,VIIRS,2,2012
-0.08814,116.93417,2012-08-20,544,n,0,7.7,349.27,296.42,0.43,0.38,N,VIIRS,2,2012
-0.08464,116.93363,2012-08-20,544,n,0,14.55,350.14,296.79,0.43,0.38,N,VIIRS,2,2012
-0.01789,117.25466,2012-08-20,544,n,0,3.81,333.51,290.75,0.44,0.38,N,VIIRS,2,2012
-0.24143,115.78459,2012-08-20,544,n,0,3.85,334.04,296.39,0.39,0.37,N,VIIRS,2,2012
-0.13116,116.39513,2012-08-20,544,n,0,3.36,335.4,297.27,0.41,0.37,N,VIIRS,2,2012
-0.1283,116.39095,2012-08-20,544,n,0,3.36,336.93,299.17,0.41,0.37,N,VIIRS,2,2012
-0.25391,115.54449,2012-08-20,544,n,0,13.84,333.97,297.7,0.39,0.36,N,VIIRS,2,2012
-0.05047,116.73762,2012-08-20,544,n,0,7.93,332.11,295.39,0.42,0.38,N,VIIRS,2,2012
-0.09977,116.39421,2012-08-20,544,n,0,4.06,332.05,295.29,0.41,0.37,N,VIIRS,2,2012
-0.10034,116.39053,2012-08-20,544,n,0,5.24,339.12,296.06,0.41,0.37,N,VIIRS,2,2012
-0.04862,116.73792,2012-08-20,544,n,0,8.03,342.38,296.2,0.42,0.38,N,VIIRS,2,2012
-0.1006,116.39091,2012-08-20,544,n,0,8.33,346.86,296.35,0.41,0.37,N,VIIRS,2,2012
-0.0869,116.38885,2012-08-20,544,n,0,14.91,344.13,297.98,0.41,0.37,N,VIIRS,2,2012
-0.07949,116.39152,2012-08-20,544,n,0,10.32,337.4,296.71,0.41,0.37,N,VIIRS,2,2012
-0.07264,116.3905,2012-08-20,544,n,0,3.83,331.54,295.36,0.41,0.37,N,VIIRS,2,2012
-0.05854,116.43742,2012-08-20,544,n,0,1.99,333.15,292.79,0.41,0.37,N,VIIRS,2,2012
-0.00641,116.38813,2012-08-20,544,n,0,2.6,335.22,293.23,0.41,0.37,N,VIIRS,2,2012
0.16519,116.87337,2012-08-20,544,n,0,5.11,339.54,296.64,0.43,0.38,N,VIIRS,2,2012
0.1646,116.86954,2012-08-20,544,n,0,5.11,333.42,299.26,0.43,0.38,N,VIIRS,2,2012
0.16401,116.86568,2012-08-20,544,n,0,5.3,333.62,298.52,0.43,0.38,N,VIIRS,2,2012
0.16868,116.87284,2012-08-20,544,n,0,5.11,333.95,293.28,0.43,0.38,N,VIIRS,2,2012
0.16809,116.86899,2012-08-20,544,n,0,5.11,345.47,297.72,0.43,0.38,N,VIIRS,2,2012
0.21508,116.93692,2012-08-20,544,n,0,4.05,338.61,293.45,0.43,0.38,N,VIIRS,2,2012
0.20538,116.77743,2012-08-20,544,n,0,5.43,338.87,295.65,0.42,0.38,N,VIIRS,2,2012
0.25886,116.87125,2012-08-20,544,n,0,2.91,335.44,293.76,0.43,0.38,N,VIIRS,2,2012
0.57094,116.76974,2012-08-20,544,n,0,3.22,332.05,296.14,0.43,0.38,N,VIIRS,2,2012
0.60159,117.43639,2012-08-20,544,n,0,2.73,336.88,295.08,0.45,0.39,N,VIIRS,2,2012
0.6027,117.43716,2012-08-20,544,n,0,3.7,338.22,295.04,0.46,0.39,N,VIIRS,2,2012
-2.43426,114.93751,2012-08-20,544,n,0,5.15,347.11,299.46,0.38,0.36,N,VIIRS,2,2012
-2.43145,114.93355,2012-08-20,544,n,0,5.15,338.22,299.67,0.38,0.36,N,VIIRS,2,2012
-2.49947,114.14262,2012-08-20,544,n,0,5.83,333.4,297.45,0.39,0.36,N,VIIRS,2,2012
-2.38242,114.89795,2012-08-20,544,n,0,1.81,331.6,297.87,0.38,0.36,N,VIIRS,2,2012
-2.49295,114.16325,2012-08-20,544,n,0,5.93,346.99,302.25,0.39,0.36,N,VIIRS,2,2012
-2.49348,114.15973,2012-08-20,544,n,0,5.93,345.94,299.7,0.39,0.36,N,VIIRS,2,2012
-2.38016,114.89664,2012-08-20,544,n,0,4.67,344.48,298.74,0.38,0.36,N,VIIRS,2,2012
-2.49157,114.16222,2012-08-20,544,n,0,16.53,354.9,304.7,0.39,0.36,N,VIIRS,2,2012
-2.37228,114.88131,2012-08-20,544,n,0,7.79,336.42,296.68,0.38,0.36,N,VIIRS,2,2012
-2.45951,114.05647,2012-08-20,544,n,0,3.95,339.99,300.36,0.39,0.36,N,VIIRS,2,2012
-2.03955,114.82272,2012-08-20,544,n,0,4.86,335.77,297.46,0.38,0.36,N,VIIRS,2,2012
-2.05874,114.28982,2012-08-20,544,n,0,4.96,332.54,299.11,0.39,0.36,N,VIIRS,2,2012
-1.6832,115.17004,2012-08-20,544,n,0,9.44,335.05,293.17,0.38,0.36,N,VIIRS,2,2012
-1.51526,116.18913,2012-08-20,544,n,0,2.87,333.55,295.97,0.4,0.37,N,VIIRS,2,2012
-1.88431,113.68513,2012-08-20,544,n,0,3.66,335.62,298.7,0.4,0.37,N,VIIRS,2,2012
-1.49542,116.16059,2012-08-20,544,n,0,4.18,333.85,293.36,0.4,0.37,N,VIIRS,2,2012
-1.36198,116.73769,2012-08-20,544,n,0,3.53,330.47,295.09,0.41,0.37,N,VIIRS,2,2012
-1.35854,116.73717,2012-08-20,544,n,0,3.53,340.61,296.05,0.41,0.37,N,VIIRS,2,2012
-1.54862,115.09623,2012-08-20,544,n,0,3.9,332.05,295.38,0.38,0.36,N,VIIRS,2,2012
-1.56513,114.89754,2012-08-20,544,n,0,7.23,337.18,296.03,0.38,0.36,N,VIIRS,2,2012
-1.07991,117.03961,2012-08-20,544,n,0,2.75,333.68,294.99,0.42,0.38,N,VIIRS,2,2012
-1.43279,114.38825,2012-08-20,544,n,0,4.51,338.94,299.94,0.39,0.36,N,VIIRS,2,2012
1.2041,117.10169,2012-08-20,545,n,0,4.72,333.94,296.84,0.45,0.39,N,VIIRS,2,2012
1.20522,116.98734,2012-08-20,545,n,0,5.17,330.82,294.26,0.44,0.38,N,VIIRS,2,2012
1.25072,116.97643,2012-08-20,545,n,0,4.61,338.95,293.23,0.44,0.38,N,VIIRS,2,2012
1.27719,116.93613,2012-08-20,545,n,0,5.7,336.18,298.03,0.44,0.38,N,VIIRS,2,2012
1.27679,116.93629,2012-08-20,545,n,0,5.19,334.65,297.53,0.44,0.38,N,VIIRS,2,2012
1.28802,116.91451,2012-08-20,545,n,0,8.98,335.51,297.92,0.44,0.38,N,VIIRS,2,2012
1.65337,117.92188,2012-08-20,545,n,0,5.13,335.81,298.23,0.49,0.41,N,VIIRS,2,2012
1.70795,117.19057,2012-08-20,545,n,0,36.22,334.9,296.62,0.46,0.39,N,VIIRS,2,2012
1.81175,117.23472,2012-08-20,545,n,0,4.27,330.8,291.35,0.46,0.39,N,VIIRS,2,2012
1.81961,117.23782,2012-08-20,545,n,0,9.03,333.08,295.26,0.46,0.39,N,VIIRS,2,2012
1.83045,117.23621,2012-08-20,545,n,0,3.11,332.57,294.85,0.46,0.39,N,VIIRS,2,2012
1.82918,117.22782,2012-08-20,545,n,0,38.13,352.03,300.74,0.46,0.39,N,VIIRS,2,2012
1.83639,117.2267,2012-08-20,545,n,0,25.55,343.51,297.4,0.46,0.39,N,VIIRS,2,2012
1.84234,117.21723,2012-08-20,545,n,0,3.06,330.5,294.47,0.46,0.39,N,VIIRS,2,2012
1.84597,117.21678,2012-08-20,545,n,0,8.0,333.62,294.76,0.46,0.39,N,VIIRS,2,2012
2.03826,117.08527,2012-08-20,545,n,0,22.27,344.38,294.78,0.45,0.39,N,VIIRS,2,2012
2.10008,117.44252,2012-08-20,545,n,0,8.51,346.46,292.74,0.47,0.4,N,VIIRS,2,2012
2.25202,117.04626,2012-08-20,545,n,0,51.71,333.86,292.74,0.45,0.39,N,VIIRS,2,2012
2.25078,117.03805,2012-08-20,545,n,0,89.54,334.1,294.57,0.45,0.39,N,VIIRS,2,2012
2.26452,117.0237,2012-08-20,545,n,0,43.94,335.49,292.78,0.45,0.39,N,VIIRS,2,2012
2.29211,117.03632,2012-08-20,545,n,0,11.05,334.15,295.69,0.45,0.39,N,VIIRS,2,2012
2.40292,117.47862,2012-08-20,545,n,0,4.19,333.38,294.86,0.48,0.4,N,VIIRS,2,2012
2.47549,117.83266,2012-08-20,545,n,0,57.33,348.65,295.18,0.5,0.41,N,VIIRS,2,2012
1.01513,117.01511,2012-08-20,545,n,0,24.61,340.09,299.69,0.44,0.38,N,VIIRS,2,2012
1.01453,117.01117,2012-08-20,545,n,0,7.47,333.94,298.53,0.44,0.38,N,VIIRS,2,2012
1.01808,117.01065,2012-08-20,545,n,0,7.47,336.83,296.27,0.44,0.38,N,VIIRS,2,2012
1.37839,118.02991,2012-08-20,1644,n,0,0.55,300.2,285.57,0.57,0.69,N,VIIRS,2,2012
-0.35783,116.98972,2012-08-20,1645,n,0,1.69,307.8,285.61,0.63,0.72,N,VIIRS,2,2012
0.16951,116.87379,2012-08-20,1645,n,0,1.27,305.7,285.5,0.65,0.73,N,VIIRS,2,2012
2.47804,117.82347,2012-08-20,1824,n,0,18.98,301.31,266.12,0.68,0.74,N,VIIRS,2,2012
2.47593,117.83582,2012-08-20,1824,n,0,15.33,298.32,267.99,0.68,0.74,N,VIIRS,2,2012
2.47637,117.82665,2012-08-20,1824,h,0,26.4,367.0,264.92,0.68,0.74,N,VIIRS,2,2012
2.4838,117.83087,2012-08-20,1824,n,0,18.98,311.07,267.85,0.68,0.74,N,VIIRS,2,2012
2.47535,117.83284,2012-08-20,1824,n,0,26.4,355.1,263.36,0.68,0.74,N,VIIRS,2,2012
2.47699,117.82961,2012-08-20,1824,h,0,18.98,367.0,267.77,0.68,0.74,N,VIIRS,2,2012
-0.68374,117.04917,2012-08-20,1825,n,0,2.64,309.29,284.47,0.67,0.74,N,VIIRS,2,2012
-0.42579,116.30478,2012-08-20,1825,n,0,2.29,310.27,284.07,0.59,0.7,N,VIIRS,2,2012
-0.54907,117.40818,2012-08-20,1825,n,0,1.12,305.19,285.78,0.71,0.75,N,VIIRS,2,2012
-0.5507,117.40688,2012-08-20,1825,n,0,0.83,306.02,285.8,0.71,0.75,N,VIIRS,2,2012
0.10832,117.47241,2012-08-20,1825,n,2,2.22,304.27,284.8,0.7,0.75,N,VIIRS,2,2012
-0.68468,117.05297,2012-08-20,1825,n,0,3.08,309.3,284.52,0.67,0.74,N,VIIRS,2,2012
-2.49314,114.16431,2012-08-20,1826,n,0,2.87,325.71,284.63,0.46,0.63,N,VIIRS,2,2012
-2.49254,114.16015,2012-08-20,1826,n,0,2.87,333.6,285.11,0.46,0.63,N,VIIRS,2,2012
-2.48729,114.16521,2012-08-20,1826,n,0,2.87,306.12,285.98,0.46,0.63,N,VIIRS,2,2012
-2.48668,114.16105,2012-08-20,1826,n,0,2.87,312.36,286.13,0.46,0.63,N,VIIRS,2,2012
-2.49316,114.15794,2012-08-20,1826,n,0,4.16,313.02,284.8,0.45,0.63,N,VIIRS,2,2012
-2.4938,114.16209,2012-08-20,1826,n,0,4.16,341.19,285.52,0.46,0.63,N,VIIRS,2,2012
-2.48795,114.16296,2012-08-20,1826,n,0,4.16,331.41,287.29,0.46,0.63,N,VIIRS,2,2012
-2.41894,114.26294,2012-08-20,1826,n,0,1.46,303.98,286.92,0.46,0.64,N,VIIRS,2,2012
-2.41305,114.26382,2012-08-20,1826,n,0,1.4,303.11,287.05,0.46,0.64,N,VIIRS,2,2012
-2.4112,114.25128,2012-08-20,1826,n,0,1.84,301.01,286.69,0.46,0.64,N,VIIRS,2,2012
-2.41059,114.24716,2012-08-20,1826,n,0,1.84,318.76,287.44,0.46,0.64,N,VIIRS,2,2012
-2.40128,114.26563,2012-08-20,1826,n,0,1.1,302.46,287.17,0.46,0.64,N,VIIRS,2,2012
-2.37874,114.23479,2012-08-20,1826,n,0,0.7,300.56,287.04,0.46,0.63,N,VIIRS,2,2012
-2.41503,114.26118,2012-08-20,1826,n,0,0.55,300.31,286.84,0.46,0.64,N,VIIRS,2,2012
-2.41309,114.2487,2012-08-20,1826,n,0,1.67,309.58,287.08,0.46,0.64,N,VIIRS,2,2012
-2.40914,114.26205,2012-08-20,1826,n,0,0.55,303.2,287.15,0.46,0.64,N,VIIRS,2,2012
-2.40721,114.2496,2012-08-20,1826,n,0,1.67,314.11,287.85,0.46,0.64,N,VIIRS,2,2012
-2.39737,114.26387,2012-08-20,1826,n,0,1.53,304.78,287.31,0.46,0.64,N,VIIRS,2,2012
-2.21325,114.77261,2012-08-20,1826,n,0,1.46,302.64,285.11,0.5,0.66,N,VIIRS,2,2012
-2.20787,114.77806,2012-08-20,1826,n,0,0.8,301.08,283.75,0.5,0.66,N,VIIRS,2,2012
-2.20718,114.7735,2012-08-20,1826,n,0,1.97,310.59,283.95,0.5,0.66,N,VIIRS,2,2012
-2.21298,114.77429,2012-08-21,525,n,0,5.0,333.84,297.81,0.39,0.44,N,VIIRS,2,2012
-2.34288,114.15715,2012-08-21,525,n,0,4.27,337.4,293.88,0.43,0.46,N,VIIRS,2,2012
-2.37796,114.26928,2012-08-21,525,n,0,3.43,334.24,292.69,0.43,0.46,N,VIIRS,2,2012
-2.38331,114.26216,2012-08-21,525,n,0,9.1,335.19,297.65,0.43,0.46,N,VIIRS,2,2012
-2.38274,114.26602,2012-08-21,525,n,0,6.67,334.03,297.52,0.43,0.46,N,VIIRS,2,2012
-2.3971,114.25625,2012-08-21,525,n,0,4.16,334.93,290.35,0.43,0.46,N,VIIRS,2,2012
-2.39596,114.264,2012-08-21,525,n,0,8.49,336.89,294.84,0.43,0.46,N,VIIRS,2,2012
-2.39539,114.26788,2012-08-21,525,n,0,5.19,329.76,293.96,0.43,0.46,N,VIIRS,2,2012
-2.28746,115.32728,2012-08-21,525,n,0,3.64,333.79,295.28,0.55,0.43,N,VIIRS,2,2012
-2.48909,114.16218,2012-08-21,525,n,0,7.62,344.82,293.75,0.43,0.46,N,VIIRS,2,2012
-2.49335,114.1628,2012-08-21,525,n,0,8.14,350.39,293.33,0.43,0.46,N,VIIRS,2,2012
-2.48773,114.16188,2012-08-21,525,n,0,9.27,335.34,291.99,0.44,0.46,N,VIIRS,2,2012
-2.49198,114.16251,2012-08-21,525,n,0,9.27,355.29,296.29,0.44,0.46,N,VIIRS,2,2012
-2.35531,115.1867,2012-08-21,525,n,0,5.63,336.0,296.04,0.56,0.43,N,VIIRS,2,2012
-2.28387,115.69975,2012-08-21,525,n,0,6.71,331.09,291.12,0.52,0.42,N,VIIRS,2,2012
-2.47766,114.40873,2012-08-21,525,n,0,4.78,341.61,290.67,0.42,0.45,N,VIIRS,2,2012
-2.40317,114.97237,2012-08-21,525,n,0,7.01,338.53,298.04,0.39,0.44,N,VIIRS,2,2012
-2.46115,114.88781,2012-08-21,525,n,0,3.86,344.37,295.22,0.39,0.44,N,VIIRS,2,2012
-2.46062,114.89132,2012-08-21,525,n,0,3.86,339.32,296.59,0.39,0.44,N,VIIRS,2,2012
-2.4652,114.88838,2012-08-21,525,n,0,5.2,330.65,295.86,0.39,0.44,N,VIIRS,2,2012
-2.36156,115.5751,2012-08-21,525,n,0,7.9,333.58,295.48,0.53,0.42,N,VIIRS,2,2012
-2.47843,114.88307,2012-08-21,525,n,0,7.51,350.5,297.07,0.39,0.44,N,VIIRS,2,2012
-2.47682,114.89366,2012-08-21,525,n,0,4.76,334.13,296.55,0.39,0.44,N,VIIRS,2,2012
-2.48064,114.92297,2012-08-21,525,n,0,3.94,346.57,295.97,0.39,0.44,N,VIIRS,2,2012
-2.4291,115.34072,2012-08-21,525,n,0,13.53,334.34,291.93,0.55,0.43,N,VIIRS,2,2012
-2.43218,115.34383,2012-08-21,525,n,0,8.09,330.94,297.17,0.55,0.43,N,VIIRS,2,2012
-2.44819,115.37153,2012-08-21,525,n,0,6.67,331.16,291.89,0.55,0.43,N,VIIRS,2,2012
-2.3632,116.47911,2012-08-21,525,n,0,36.91,335.93,301.15,0.48,0.4,N,VIIRS,2,2012
-2.36208,116.47809,2012-08-21,525,n,0,37.82,338.8,303.1,0.48,0.4,N,VIIRS,2,2012
-0.34025,116.34135,2012-08-21,525,n,0,5.08,334.25,295.18,0.46,0.39,N,VIIRS,2,2012
-0.33964,116.34547,2012-08-21,525,n,0,5.3,333.81,295.23,0.46,0.39,N,VIIRS,2,2012
-2.20839,114.77726,2012-08-21,525,n,0,7.34,331.61,296.16,0.39,0.44,N,VIIRS,2,2012
-1.62617,115.02123,2012-08-21,525,n,0,4.15,330.13,285.92,0.56,0.43,N,VIIRS,2,2012
-1.64391,115.98956,2012-08-21,525,n,0,8.75,336.0,295.08,0.49,0.41,N,VIIRS,2,2012
-1.66374,116.32507,2012-08-21,525,n,0,7.98,334.41,295.97,0.48,0.4,N,VIIRS,2,2012
-1.82726,115.49253,2012-08-21,525,n,0,5.84,332.11,292.08,0.53,0.42,N,VIIRS,2,2012
-1.8914,115.25395,2012-08-21,525,n,0,21.18,347.76,292.95,0.55,0.43,N,VIIRS,2,2012
-1.89533,115.25454,2012-08-21,525,n,0,6.69,335.0,292.93,0.55,0.43,N,VIIRS,2,2012
-1.8902,115.25672,2012-08-21,525,n,0,14.02,332.94,292.25,0.55,0.43,N,VIIRS,2,2012
-1.89413,115.25731,2012-08-21,525,n,0,14.02,335.93,294.06,0.55,0.43,N,VIIRS,2,2012
-1.84473,115.96159,2012-08-21,525,n,0,34.99,345.92,297.03,0.5,0.41,N,VIIRS,2,2012
-1.8326,116.1185,2012-08-21,525,n,0,3.07,331.22,295.89,0.49,0.4,N,VIIRS,2,2012
-1.8908,116.03696,2012-08-21,525,n,0,9.67,332.69,295.82,0.49,0.41,N,VIIRS,2,2012
-1.89133,116.04025,2012-08-21,525,n,0,11.18,340.63,296.87,0.5,0.41,N,VIIRS,2,2012
-1.99966,115.35596,2012-08-21,525,n,0,3.56,332.77,293.0,0.54,0.42,N,VIIRS,2,2012
-1.91937,115.90189,2012-08-21,525,n,0,8.79,346.76,296.82,0.5,0.41,N,VIIRS,2,2012
-2.2129,113.95715,2012-08-21,525,n,0,2.68,338.72,294.05,0.44,0.46,N,VIIRS,2,2012
-1.97012,115.87225,2012-08-21,525,n,0,6.29,334.1,299.18,0.51,0.41,N,VIIRS,2,2012
-1.97295,115.9559,2012-08-21,525,n,0,6.16,335.5,298.77,0.5,0.41,N,VIIRS,2,2012
-1.99884,116.03815,2012-08-21,525,n,0,3.42,337.56,295.71,0.5,0.41,N,VIIRS,2,2012
-1.99945,116.03627,2012-08-21,525,n,0,2.07,329.93,295.49,0.5,0.41,N,VIIRS,2,2012
-2.02113,115.99323,2012-08-21,525,n,0,2.66,329.99,296.05,0.5,0.41,N,VIIRS,2,2012
-2.20891,114.77372,2012-08-21,525,n,0,5.0,340.72,296.12,0.39,0.44,N,VIIRS,2,2012
1.37489,118.0314,2012-08-21,526,n,0,24.58,335.41,299.46,0.39,0.36,N,VIIRS,2,2012
1.37824,118.03093,2012-08-21,526,n,0,24.01,334.86,297.5,0.39,0.36,N,VIIRS,2,2012
1.459,117.9173,2012-08-21,526,n,0,3.7,328.59,290.4,0.39,0.36,N,VIIRS,2,2012
1.48245,117.13461,2012-08-21,526,n,0,4.61,332.54,295.07,0.41,0.37,N,VIIRS,2,2012
1.85302,117.18736,2012-08-21,526,l,0,7.0,332.05,295.02,0.41,0.37,N,VIIRS,2,2012
0.60247,117.39042,2012-08-21,1806,n,0,0.86,304.09,287.97,0.32,0.55,N,VIIRS,2,2012
1.37393,118.02747,2012-08-21,1806,n,0,1.27,302.12,285.92,0.35,0.56,N,VIIRS,2,2012
1.22457,118.05846,2012-08-21,1806,n,0,1.11,316.12,287.18,0.35,0.57,N,VIIRS,2,2012
-0.68038,115.7636,2012-08-21,1806,n,0,0.72,303.48,288.39,0.52,0.5,N,VIIRS,2,2012
-0.68652,117.05107,2012-08-21,1806,n,0,1.14,326.42,287.48,0.32,0.54,N,VIIRS,2,2012
-0.68148,117.05175,2012-08-21,1806,n,0,1.14,303.42,287.37,0.32,0.54,N,VIIRS,2,2012
-0.44343,117.42177,2012-08-21,1806,n,0,3.31,322.91,274.27,0.33,0.56,N,VIIRS,2,2012
-0.44297,117.41876,2012-08-21,1806,n,0,4.74,340.25,272.21,0.33,0.56,N,VIIRS,2,2012
0.16774,116.87899,2012-08-21,1806,n,0,1.4,307.06,288.28,0.6,0.53,N,VIIRS,2,2012
0.1686,116.87353,2012-08-21,1806,n,0,2.91,310.12,288.66,0.6,0.53,N,VIIRS,2,2012
0.10581,117.47166,2012-08-21,1806,n,2,0.53,300.44,286.4,0.33,0.55,N,VIIRS,2,2012
0.63205,116.84768,2012-08-21,1806,n,0,1.27,305.44,287.48,0.59,0.53,N,VIIRS,2,2012
-2.49569,114.16129,2012-08-21,1807,n,0,6.59,307.31,289.16,0.43,0.46,N,VIIRS,2,2012
-2.49087,114.15803,2012-08-21,1807,n,0,3.15,314.78,290.62,0.43,0.46,N,VIIRS,2,2012
-2.49145,114.16193,2012-08-21,1807,n,0,6.59,347.1,294.4,0.43,0.46,N,VIIRS,2,2012
-2.48722,114.16258,2012-08-21,1807,n,0,2.62,320.15,291.29,0.43,0.46,N,VIIRS,2,2012
-2.45947,114.26191,2012-08-21,1807,n,0,0.75,303.77,290.01,0.44,0.46,N,VIIRS,2,2012
-2.44487,114.25195,2012-08-21,1807,n,0,1.0,305.09,290.07,0.44,0.46,N,VIIRS,2,2012
-2.41391,114.24866,2012-08-21,1807,n,0,1.7,311.31,290.36,0.44,0.46,N,VIIRS,2,2012
-2.41143,114.2611,2012-08-21,1807,n,0,1.18,303.59,290.13,0.44,0.46,N,VIIRS,2,2012
-2.40966,114.24932,2012-08-21,1807,n,0,3.57,319.71,291.17,0.44,0.46,N,VIIRS,2,2012
-2.39926,114.267,2012-08-21,1807,n,0,2.02,317.01,290.87,0.44,0.46,N,VIIRS,2,2012
-2.39867,114.26307,2012-08-21,1807,n,0,2.02,305.58,289.91,0.44,0.46,N,VIIRS,2,2012
-2.38122,114.23354,2012-08-21,1807,n,0,1.68,310.37,290.32,0.44,0.46,N,VIIRS,2,2012
-2.38281,114.23596,2012-08-21,1807,n,0,0.78,301.92,290.04,0.44,0.46,N,VIIRS,2,2012
-2.38219,114.23204,2012-08-21,1807,n,0,0.78,304.15,290.04,0.44,0.46,N,VIIRS,2,2012
-2.35423,114.7433,2012-08-21,1807,n,0,0.6,302.08,290.31,0.47,0.48,N,VIIRS,2,2012
-2.30878,114.56649,2012-08-21,1807,n,0,0.8,300.79,289.65,0.46,0.47,N,VIIRS,2,2012
-2.30814,114.56238,2012-08-21,1807,n,0,0.8,301.36,289.98,0.46,0.47,N,VIIRS,2,2012
-2.30381,114.56305,2012-08-21,1807,n,0,0.79,305.29,290.25,0.46,0.47,N,VIIRS,2,2012
-2.29947,114.56371,2012-08-21,1807,n,0,0.79,302.61,289.96,0.46,0.47,N,VIIRS,2,2012
-2.29884,114.55961,2012-08-21,1807,n,0,1.01,300.92,289.82,0.46,0.47,N,VIIRS,2,2012
-2.27219,114.55941,2012-08-21,1807,n,0,1.09,306.11,290.15,0.46,0.47,N,VIIRS,2,2012
-2.26786,114.56007,2012-08-21,1807,n,0,0.64,303.83,290.0,0.46,0.47,N,VIIRS,2,2012
-2.21149,114.77591,2012-08-21,1807,n,0,3.87,319.68,290.44,0.47,0.48,N,VIIRS,2,2012
-2.39808,114.25915,2012-08-21,1807,n,0,1.73,305.46,289.4,0.44,0.46,N,VIIRS,2,2012
-1.56321,114.78876,2012-08-21,1807,n,0,1.97,311.26,288.83,0.46,0.47,N,VIIRS,2,2012
-0.47058,116.17397,2012-08-22,506,n,0,9.83,333.55,293.16,0.62,0.54,N,VIIRS,2,2012
-0.46974,116.17959,2012-08-22,506,n,0,17.0,342.84,293.94,0.62,0.54,N,VIIRS,2,2012
-0.60408,115.87098,2012-08-22,506,n,0,4.39,334.37,290.65,0.33,0.55,N,VIIRS,2,2012
-0.61665,115.95737,2012-08-22,506,n,0,3.42,337.89,288.24,0.32,0.55,N,VIIRS,2,2012
-0.62216,115.95526,2012-08-22,506,n,0,37.48,355.97,294.44,0.32,0.55,N,VIIRS,2,2012
-0.62171,115.95816,2012-08-22,506,n,0,37.48,336.67,300.13,0.32,0.55,N,VIIRS,2,2012
-0.62126,115.96103,2012-08-22,506,h,0,35.64,367.0,292.74,0.32,0.55,N,VIIRS,2,2012
-0.62066,115.95566,2012-08-22,506,n,0,38.4,357.01,296.05,0.32,0.55,N,VIIRS,2,2012
-0.62023,115.95851,2012-08-22,506,n,0,38.4,348.9,301.89,0.32,0.55,N,VIIRS,2,2012
-0.61981,115.96136,2012-08-22,506,n,0,30.63,338.51,292.08,0.32,0.55,N,VIIRS,2,2012
-0.60699,116.99207,2012-08-22,506,n,0,3.71,328.27,287.38,0.55,0.51,N,VIIRS,2,2012
-0.89895,115.0959,2012-08-22,506,n,0,0.89,326.36,286.82,0.37,0.58,N,VIIRS,2,2012
-1.36623,114.31516,2012-08-22,506,n,0,4.36,333.17,289.67,0.43,0.62,N,VIIRS,2,2012
-1.31819,115.03679,2012-08-22,506,n,0,8.12,346.19,286.21,0.38,0.59,N,VIIRS,2,2012
-1.31767,115.04031,2012-08-22,506,n,0,9.06,340.03,285.09,0.38,0.59,N,VIIRS,2,2012
-1.33445,115.25959,2012-08-22,506,n,0,5.88,338.25,284.96,0.37,0.58,N,VIIRS,2,2012
-1.33393,115.26298,2012-08-22,506,n,0,5.88,351.12,285.05,0.37,0.58,N,VIIRS,2,2012
-1.33983,115.26033,2012-08-22,506,n,0,5.75,335.22,286.1,0.37,0.58,N,VIIRS,2,2012
-1.33931,115.26375,2012-08-22,506,n,0,5.75,355.65,283.61,0.37,0.58,N,VIIRS,2,2012
-1.56471,114.29534,2012-08-22,506,n,0,6.09,330.8,289.41,0.43,0.62,N,VIIRS,2,2012
-1.56262,114.78903,2012-08-22,506,n,0,1.77,328.1,288.88,0.4,0.6,N,VIIRS,2,2012
-1.56898,115.08556,2012-08-22,506,n,0,5.24,343.61,285.87,0.38,0.59,N,VIIRS,2,2012
-1.52322,116.13075,2012-08-22,506,n,0,1.47,330.21,285.66,0.32,0.55,N,VIIRS,2,2012
-1.9264,113.63676,2012-08-22,506,n,0,3.53,326.38,289.53,0.49,0.65,N,VIIRS,2,2012
-1.66618,116.32942,2012-08-22,506,n,0,9.47,333.9,291.06,0.63,0.54,N,VIIRS,2,2012
-2.16807,113.81361,2012-08-22,506,n,0,4.77,332.47,290.24,0.48,0.65,N,VIIRS,2,2012
-2.14565,114.98968,2012-08-22,506,n,0,4.24,336.33,291.64,0.4,0.6,N,VIIRS,2,2012
-2.23742,114.62471,2012-08-22,506,n,0,5.28,330.42,291.74,0.42,0.61,N,VIIRS,2,2012
-2.20974,115.39303,2012-08-22,506,n,0,3.57,328.72,288.34,0.37,0.58,N,VIIRS,2,2012
-2.37114,114.90955,2012-08-22,506,n,0,6.14,332.22,291.87,0.41,0.6,N,VIIRS,2,2012
-2.49007,114.16089,2012-08-22,506,n,0,6.18,329.36,292.97,0.46,0.63,N,VIIRS,2,2012
-2.31251,115.33415,2012-08-22,506,n,0,2.69,338.75,289.2,0.38,0.59,N,VIIRS,2,2012
-2.36876,114.90989,2012-08-22,506,n,0,4.95,337.07,292.31,0.41,0.6,N,VIIRS,2,2012
-2.31326,115.33543,2012-08-22,506,n,0,6.46,345.66,288.95,0.38,0.59,N,VIIRS,2,2012
-2.21953,116.09439,2012-08-22,506,n,0,3.71,331.92,293.12,0.33,0.56,N,VIIRS,2,2012
-2.21909,116.09743,2012-08-22,506,n,0,4.81,341.82,292.64,0.33,0.56,N,VIIRS,2,2012
-2.2388,116.10643,2012-08-22,506,n,0,4.07,340.59,293.15,0.33,0.56,N,VIIRS,2,2012
-2.21804,116.24741,2012-08-22,506,n,0,1.37,332.74,290.67,0.33,0.55,N,VIIRS,2,2012
-2.24863,116.11103,2012-08-22,506,n,0,2.16,326.36,293.0,0.33,0.56,N,VIIRS,2,2012
-2.45267,114.92185,2012-08-22,506,n,0,4.72,330.03,292.24,0.41,0.6,N,VIIRS,2,2012
-2.49242,114.88584,2012-08-22,506,n,0,2.76,333.71,291.74,0.41,0.61,N,VIIRS,2,2012
-2.32242,116.04097,2012-08-22,506,n,0,3.13,348.68,292.43,0.34,0.56,N,VIIRS,2,2012
-2.31851,116.04198,2012-08-22,506,n,0,3.36,336.09,292.67,0.34,0.56,N,VIIRS,2,2012
-2.32368,116.04272,2012-08-22,506,n,0,1.84,328.98,291.2,0.34,0.56,N,VIIRS,2,2012
-2.40344,115.96917,2012-08-22,506,n,0,4.26,344.87,289.79,0.34,0.56,N,VIIRS,2,2012
-0.04369,116.36491,2012-08-22,507,n,0,12.74,345.69,294.69,0.59,0.53,N,VIIRS,2,2012
-0.04043,116.35343,2012-08-22,507,n,0,10.19,333.74,293.62,0.6,0.53,N,VIIRS,2,2012
-0.03147,116.34657,2012-08-22,507,n,0,5.55,334.74,289.35,0.6,0.53,N,VIIRS,2,2012
-0.03792,116.35713,2012-08-22,507,n,0,9.78,344.22,293.58,0.59,0.53,N,VIIRS,2,2012
-0.02603,115.70877,2012-08-22,507,n,0,4.44,350.16,290.98,0.33,0.55,N,VIIRS,2,2012
-0.21632,116.5237,2012-08-22,507,n,0,3.89,326.62,292.64,0.58,0.52,N,VIIRS,2,2012
-0.22116,116.52442,2012-08-22,507,n,0,11.66,343.3,293.02,0.58,0.52,N,VIIRS,2,2012
-0.15842,116.95187,2012-08-22,507,n,0,4.32,327.7,291.75,0.54,0.51,N,VIIRS,2,2012
-0.1947,116.55543,2012-08-22,507,n,0,4.66,333.16,291.69,0.58,0.52,N,VIIRS,2,2012
-0.21956,116.52148,2012-08-22,507,n,0,10.2,345.22,293.31,0.58,0.52,N,VIIRS,2,2012
-0.23004,116.51766,2012-08-22,507,n,0,7.36,334.23,292.6,0.58,0.52,N,VIIRS,2,2012
-0.23489,116.51838,2012-08-22,507,n,0,7.36,347.86,293.4,0.58,0.52,N,VIIRS,2,2012
-0.23409,116.52366,2012-08-22,507,n,0,7.36,328.94,292.56,0.58,0.52,N,VIIRS,2,2012
-0.42973,116.30752,2012-08-22,507,n,0,10.5,339.33,290.4,0.61,0.53,N,VIIRS,2,2012
-0.4703,116.17718,2012-08-22,507,h,0,9.65,367.0,293.93,0.62,0.54,N,VIIRS,2,2012
-0.47528,116.17791,2012-08-22,507,n,0,9.65,332.23,293.75,0.62,0.54,N,VIIRS,2,2012
-0.19686,116.55305,2012-08-22,507,n,0,3.59,332.0,291.52,0.58,0.52,N,VIIRS,2,2012
-0.19787,116.48315,2012-08-22,507,n,0,11.8,341.57,294.17,0.59,0.53,N,VIIRS,2,2012
-0.16554,116.43485,2012-08-22,507,n,0,5.86,334.9,295.88,0.59,0.53,N,VIIRS,2,2012
-0.03962,116.3588,2012-08-22,507,n,0,10.19,342.81,293.53,0.59,0.53,N,VIIRS,2,2012
2.25062,117.84521,2012-08-22,507,n,0,23.69,344.11,293.53,0.44,0.46,N,VIIRS,2,2012
2.24636,117.84583,2012-08-22,507,n,0,23.69,342.71,295.4,0.44,0.46,N,VIIRS,2,2012
2.2513,117.84494,2012-08-22,507,n,0,10.05,343.12,292.86,0.44,0.46,N,VIIRS,2,2012
2.24704,117.84556,2012-08-22,507,n,0,38.87,350.43,296.49,0.44,0.46,N,VIIRS,2,2012
1.63774,117.0419,2012-08-22,507,n,0,7.73,339.2,288.94,0.5,0.49,N,VIIRS,2,2012
1.63849,117.04665,2012-08-22,507,n,0,9.32,338.86,289.36,0.5,0.49,N,VIIRS,2,2012
1.51083,117.15192,2012-08-22,507,n,0,3.85,325.72,283.12,0.5,0.49,N,VIIRS,2,2012
1.60078,118.07019,2012-08-22,507,n,0,2.01,326.91,292.65,0.43,0.46,N,VIIRS,2,2012
1.38162,117.63718,2012-08-22,507,n,0,3.72,336.57,293.09,0.46,0.47,N,VIIRS,2,2012
1.21533,117.75103,2012-08-22,507,n,0,7.72,339.53,289.08,0.46,0.47,N,VIIRS,2,2012
0.90318,116.80611,2012-08-22,507,n,0,8.3,332.27,281.8,0.54,0.51,N,VIIRS,2,2012
0.90395,116.81092,2012-08-22,507,n,0,9.45,331.23,281.09,0.54,0.5,N,VIIRS,2,2012
0.89695,116.797,2012-08-22,507,n,0,6.72,332.13,280.59,0.54,0.51,N,VIIRS,2,2012
0.89773,116.8019,2012-08-22,507,n,0,9.13,336.67,280.85,0.54,0.51,N,VIIRS,2,2012
0.89852,116.80679,2012-08-22,507,n,0,9.13,345.65,282.46,0.54,0.51,N,VIIRS,2,2012
0.90006,116.81641,2012-08-22,507,n,0,128.19,353.72,289.38,0.54,0.5,N,VIIRS,2,2012
0.89228,116.7977,2012-08-22,507,n,0,6.72,326.4,276.37,0.54,0.51,N,VIIRS,2,2012
0.89307,116.8026,2012-08-22,507,n,0,9.13,332.06,276.09,0.54,0.51,N,VIIRS,2,2012
0.89385,116.80749,2012-08-22,507,n,0,9.13,344.15,277.47,0.54,0.51,N,VIIRS,2,2012
0.89463,116.81234,2012-08-22,507,n,0,128.19,348.15,286.0,0.54,0.5,N,VIIRS,2,2012
0.8954,116.81711,2012-08-22,507,n,0,128.19,350.97,288.46,0.54,0.5,N,VIIRS,2,2012
0.89918,116.79359,2012-08-22,507,n,0,6.81,326.67,282.34,0.54,0.51,N,VIIRS,2,2012
0.89992,116.79848,2012-08-22,507,n,0,6.21,331.38,280.43,0.54,0.51,N,VIIRS,2,2012
0.90067,116.80339,2012-08-22,507,n,0,6.21,334.79,280.88,0.54,0.51,N,VIIRS,2,2012
0.90141,116.80826,2012-08-22,507,n,0,17.9,342.02,280.88,0.54,0.51,N,VIIRS,2,2012
0.90214,116.81306,2012-08-22,507,n,0,17.9,356.63,281.29,0.54,0.51,N,VIIRS,2,2012
0.90287,116.81786,2012-08-22,507,n,0,11.12,328.24,282.99,0.54,0.5,N,VIIRS,2,2012
0.89748,116.8138,2012-08-22,507,l,0,67.01,208.0,301.48,0.54,0.51,N,VIIRS,2,2012
0.8945,116.79427,2012-08-22,507,n,0,7.19,326.13,278.45,0.54,0.51,N,VIIRS,2,2012
0.89525,116.79916,2012-08-22,507,n,0,5.81,330.61,276.33,0.54,0.51,N,VIIRS,2,2012
0.896,116.80408,2012-08-22,507,n,0,5.81,338.32,277.96,0.54,0.51,N,VIIRS,2,2012
0.89674,116.80897,2012-08-22,507,n,0,67.01,353.15,281.3,0.54,0.51,N,VIIRS,2,2012
0.8982,116.81857,2012-08-22,507,n,0,96.86,345.81,282.11,0.54,0.5,N,VIIRS,2,2012
0.89133,116.80476,2012-08-22,507,n,0,5.81,328.07,275.1,0.54,0.51,N,VIIRS,2,2012
0.89207,116.80965,2012-08-22,507,n,0,67.01,336.19,275.04,0.54,0.51,N,VIIRS,2,2012
0.89281,116.81448,2012-08-22,507,n,0,67.01,350.76,280.51,0.54,0.51,N,VIIRS,2,2012
0.69389,116.87246,2012-08-22,507,n,0,24.64,354.31,291.61,0.53,0.5,N,VIIRS,2,2012
0.69609,116.87019,2012-08-22,507,n,0,6.0,336.72,290.52,0.54,0.5,N,VIIRS,2,2012
0.69145,116.87099,2012-08-22,507,n,0,12.7,338.18,291.98,0.54,0.5,N,VIIRS,2,2012
0.4403,116.02601,2012-08-22,507,n,0,5.66,326.02,291.15,0.62,0.54,N,VIIRS,2,2012
0.45745,116.7686,2012-08-22,507,n,0,86.41,338.29,294.18,0.55,0.51,N,VIIRS,2,2012
0.46068,116.76494,2012-08-22,507,n,0,26.45,337.85,288.6,0.55,0.51,N,VIIRS,2,2012
0.46143,116.7699,2012-08-22,507,n,0,26.45,340.92,288.83,0.55,0.51,N,VIIRS,2,2012
0.45596,116.76563,2012-08-22,507,n,0,26.45,335.4,291.32,0.55,0.51,N,VIIRS,2,2012
0.45671,116.77059,2012-08-22,507,n,0,26.45,340.74,293.12,0.55,0.51,N,VIIRS,2,2012
0.44747,116.74152,2012-08-22,507,n,0,3.98,334.64,286.52,0.55,0.51,N,VIIRS,2,2012
0.12619,115.57833,2012-08-22,507,n,0,3.1,333.63,290.0,0.33,0.56,N,VIIRS,2,2012
-0.00966,116.90656,2012-08-22,507,n,0,16.72,346.02,291.31,0.54,0.51,N,VIIRS,2,2012
-0.01042,116.90164,2012-08-22,507,n,0,13.77,343.41,294.46,0.55,0.51,N,VIIRS,2,2012
-0.00572,116.90092,2012-08-22,507,n,0,13.77,353.42,292.35,0.55,0.51,N,VIIRS,2,2012
-0.01779,116.76008,2012-08-22,507,n,0,16.91,350.89,293.63,0.56,0.51,N,VIIRS,2,2012
-0.07788,116.37003,2012-08-22,507,n,0,10.82,340.88,293.59,0.59,0.53,N,VIIRS,2,2012
1.37548,118.02885,2012-08-22,1747,n,0,1.31,303.7,277.81,0.51,0.41,N,VIIRS,2,2012
1.37082,118.03034,2012-08-22,1747,n,0,0.65,298.12,276.75,0.51,0.41,N,VIIRS,2,2012
1.37156,118.02578,2012-08-22,1747,n,0,0.65,299.9,278.29,0.51,0.41,N,VIIRS,2,2012
1.37535,118.02631,2012-08-22,1747,n,0,1.49,303.77,277.72,0.51,0.41,N,VIIRS,2,2012
1.38876,117.99117,2012-08-22,1747,n,0,0.81,304.07,276.04,0.51,0.41,N,VIIRS,2,2012
1.38949,117.98663,2012-08-22,1747,n,0,0.97,310.82,275.17,0.51,0.41,N,VIIRS,2,2012
1.39022,117.98211,2012-08-22,1747,n,0,0.97,297.51,274.37,0.5,0.41,N,VIIRS,2,2012
1.39326,117.98721,2012-08-22,1747,n,0,0.97,300.67,274.2,0.51,0.41,N,VIIRS,2,2012
1.40007,117.99288,2012-08-22,1747,n,0,0.65,300.06,275.28,0.51,0.41,N,VIIRS,2,2012
1.48825,117.87337,2012-08-22,1747,n,0,0.4,298.75,270.88,0.5,0.41,N,VIIRS,2,2012
0.29264,116.86794,2012-08-22,1747,n,0,2.12,307.82,287.07,0.46,0.39,N,VIIRS,2,2012
1.16053,117.6785,2012-08-22,1747,n,2,1.43,299.3,287.85,0.49,0.4,N,VIIRS,2,2012
1.37169,118.02834,2012-08-22,1747,n,0,0.92,301.42,277.19,0.51,0.41,N,VIIRS,2,2012
-1.85111,115.87352,2012-08-22,1748,n,0,0.79,304.11,290.94,0.43,0.38,N,VIIRS,2,2012
-1.96953,115.86857,2012-08-22,1748,n,0,1.16,307.07,292.76,0.43,0.38,N,VIIRS,2,2012
-1.95806,114.82037,2012-08-22,1748,n,0,2.17,311.39,289.04,0.4,0.37,N,VIIRS,2,2012
-2.17003,115.95081,2012-08-22,1748,n,0,0.71,304.31,290.2,0.44,0.38,N,VIIRS,2,2012
-2.23687,114.61641,2012-08-22,1748,n,0,1.79,299.68,289.48,0.4,0.37,N,VIIRS,2,2012
-2.35006,115.1869,2012-08-22,1748,n,0,1.63,310.97,291.33,0.41,0.37,N,VIIRS,2,2012
-2.3535,115.18637,2012-08-22,1748,n,0,0.66,304.02,291.36,0.41,0.37,N,VIIRS,2,2012
-2.41422,115.34898,2012-08-22,1748,n,0,2.04,331.03,294.46,0.42,0.38,N,VIIRS,2,2012
-2.41363,115.34521,2012-08-22,1748,n,0,2.7,315.82,292.35,0.42,0.38,N,VIIRS,2,2012
-2.41481,115.35273,2012-08-22,1748,n,0,2.04,312.51,292.72,0.42,0.38,N,VIIRS,2,2012
-2.41709,115.34468,2012-08-22,1748,n,0,2.7,319.01,292.67,0.42,0.38,N,VIIRS,2,2012
-2.41768,115.34844,2012-08-22,1748,n,0,2.04,311.36,291.99,0.42,0.38,N,VIIRS,2,2012
-2.27615,114.37071,2012-08-22,1748,n,0,4.46,334.8,293.85,0.39,0.36,N,VIIRS,2,2012
-2.27951,114.37019,2012-08-22,1748,n,0,2.83,318.65,291.25,0.39,0.36,N,VIIRS,2,2012
-2.37914,114.27213,2012-08-22,1748,n,0,1.37,303.37,289.28,0.39,0.36,N,VIIRS,2,2012
-2.46009,114.26322,2012-08-22,1748,n,0,1.38,300.55,288.32,0.39,0.36,N,VIIRS,2,2012
-2.48812,114.1655,2012-08-22,1748,n,0,1.99,320.75,290.1,0.39,0.36,N,VIIRS,2,2012
-2.48758,114.162,2012-08-22,1748,n,0,1.99,311.05,289.45,0.39,0.36,N,VIIRS,2,2012
-2.49147,114.16499,2012-08-22,1748,n,0,3.44,343.75,294.31,0.39,0.36,N,VIIRS,2,2012
-2.49038,114.15798,2012-08-22,1748,n,0,1.31,303.16,287.93,0.39,0.36,N,VIIRS,2,2012
-2.49092,114.16149,2012-08-22,1748,n,0,3.44,317.04,291.03,0.39,0.36,N,VIIRS,2,2012
-2.49427,114.16097,2012-08-22,1748,n,0,3.44,338.95,293.05,0.39,0.36,N,VIIRS,2,2012
-2.49372,114.15746,2012-08-22,1748,n,0,1.31,315.62,291.61,0.39,0.36,N,VIIRS,2,2012
-2.49481,114.16447,2012-08-22,1748,n,0,3.44,314.69,290.27,0.39,0.36,N,VIIRS,2,2012
2.41098,117.94636,2012-08-23,448,h,0,12.29,367.0,290.64,0.45,0.63,N,VIIRS,2,2012
2.41114,117.94614,2012-08-23,448,n,0,10.7,356.56,290.42,0.45,0.63,N,VIIRS,2,2012
1.6822,117.19088,2012-08-23,448,n,0,10.74,328.2,284.73,0.52,0.67,N,VIIRS,2,2012
1.68299,117.19572,2012-08-23,448,n,0,10.74,345.78,285.69,0.52,0.67,N,VIIRS,2,2012
1.33062,117.19076,2012-08-23,448,n,0,6.68,331.8,287.3,0.52,0.67,N,VIIRS,2,2012
1.51171,118.21157,2012-08-23,448,n,0,2.39,325.15,289.21,0.45,0.63,N,VIIRS,2,2012
1.33331,117.19419,2012-08-23,448,n,0,6.27,328.46,287.4,0.53,0.67,N,VIIRS,2,2012
1.49737,118.27126,2012-08-23,448,n,0,3.51,335.08,289.27,0.44,0.62,N,VIIRS,2,2012
1.40596,117.99822,2012-08-23,448,n,0,7.57,328.43,286.19,0.46,0.64,N,VIIRS,2,2012
1.37399,118.02418,2012-08-23,448,n,0,4.57,327.11,288.55,0.46,0.64,N,VIIRS,2,2012
1.36942,118.02425,2012-08-23,448,n,0,4.19,332.88,289.35,0.46,0.64,N,VIIRS,2,2012
0.90063,116.8051,2012-08-23,448,n,0,7.18,345.14,287.19,0.57,0.69,N,VIIRS,2,2012
0.38577,116.06307,2012-08-23,448,n,0,4.23,331.45,286.25,0.65,0.73,N,VIIRS,2,2012
0.83385,116.86539,2012-08-23,628,n,0,11.3,328.07,280.88,0.73,0.76,N,VIIRS,2,2012
0.78972,116.56173,2012-08-23,628,n,0,4.59,325.24,285.77,0.7,0.75,N,VIIRS,2,2012
0.83717,116.86131,2012-08-23,628,n,0,6.74,333.78,281.27,0.73,0.76,N,VIIRS,2,2012
0.64385,116.62503,2012-08-23,628,n,0,5.4,326.03,285.83,0.7,0.75,N,VIIRS,2,2012
0.39536,116.01602,2012-08-23,628,n,0,7.96,351.21,285.64,0.63,0.72,N,VIIRS,2,2012
0.39225,116.04061,2012-08-23,628,n,0,4.55,326.56,286.34,0.64,0.72,N,VIIRS,2,2012
0.39971,116.01844,2012-08-23,628,n,0,5.71,331.38,284.78,0.63,0.72,N,VIIRS,2,2012
0.39298,116.01936,2012-08-23,628,n,0,5.66,335.33,284.51,0.63,0.72,N,VIIRS,2,2012
0.39001,116.04386,2012-08-23,628,n,0,6.04,327.37,286.24,0.63,0.72,N,VIIRS,2,2012
0.64488,116.63165,2012-08-23,628,n,0,5.4,329.77,285.72,0.7,0.75,N,VIIRS,2,2012
0.63686,116.62604,2012-08-23,628,n,0,5.4,328.7,285.49,0.7,0.75,N,VIIRS,2,2012
-0.81386,113.99462,2012-08-23,628,n,0,5.76,333.17,288.65,0.44,0.63,N,VIIRS,2,2012
-1.56905,114.78853,2012-08-23,628,n,0,4.83,340.92,288.46,0.49,0.65,N,VIIRS,2,2012
-1.68698,114.7542,2012-08-23,628,n,0,4.05,326.82,289.02,0.48,0.65,N,VIIRS,2,2012
-1.9571,113.63511,2012-08-23,628,n,0,11.01,351.74,289.96,0.4,0.6,N,VIIRS,2,2012
-2.14898,113.76986,2012-08-23,628,n,0,3.65,330.49,292.14,0.41,0.6,N,VIIRS,2,2012
-2.29772,114.09567,2012-08-23,628,n,0,2.36,331.44,289.65,0.43,0.62,N,VIIRS,2,2012
-2.45371,114.26308,2012-08-23,628,n,0,8.02,348.37,276.72,0.44,0.62,N,VIIRS,2,2012
-2.48205,114.16624,2012-08-23,628,n,0,3.97,327.02,291.69,0.43,0.62,N,VIIRS,2,2012
-2.48909,114.15927,2012-08-23,628,n,0,5.63,331.47,292.02,0.43,0.62,N,VIIRS,2,2012
-2.48844,114.1632,2012-08-23,628,n,0,5.63,336.94,292.97,0.43,0.62,N,VIIRS,2,2012
-2.49417,114.16409,2012-08-23,628,n,0,5.63,343.29,293.55,0.43,0.62,N,VIIRS,2,2012
-2.45854,115.4011,2012-08-23,628,n,0,2.67,326.61,288.92,0.52,0.67,N,VIIRS,2,2012
1.37569,118.02806,2012-08-23,1728,n,0,0.71,301.61,278.46,0.39,0.36,N,VIIRS,2,2012
1.40732,118.00079,2012-08-23,1728,n,0,0.76,300.18,274.73,0.39,0.36,N,VIIRS,2,2012
1.41066,118.00133,2012-08-23,1728,n,0,1.16,307.47,274.71,0.39,0.36,N,VIIRS,2,2012
1.4803,117.8755,2012-08-23,1728,n,0,1.63,312.42,288.38,0.39,0.36,N,VIIRS,2,2012
1.48085,117.87198,2012-08-23,1728,n,0,1.63,323.69,288.8,0.39,0.36,N,VIIRS,2,2012
1.48365,117.87602,2012-08-23,1728,n,0,2.74,303.6,288.49,0.39,0.36,N,VIIRS,2,2012
1.4842,117.8725,2012-08-23,1728,n,0,2.74,343.05,289.79,0.39,0.36,N,VIIRS,2,2012
1.567,117.99295,2012-08-23,1728,n,0,0.51,304.42,289.17,0.39,0.36,N,VIIRS,2,2012
1.61281,118.07158,2012-08-23,1728,n,0,0.46,302.9,288.47,0.39,0.36,N,VIIRS,2,2012
1.15577,117.67728,2012-08-23,1728,n,2,1.18,307.6,285.44,0.39,0.36,N,VIIRS,2,2012
0.81785,117.59679,2012-08-23,1728,n,0,0.44,310.84,290.14,0.39,0.36,N,VIIRS,2,2012
0.60245,117.39266,2012-08-23,1728,n,0,0.79,304.83,290.59,0.4,0.37,N,VIIRS,2,2012
0.59406,116.93341,2012-08-23,1728,n,0,1.19,303.67,289.22,0.41,0.37,N,VIIRS,2,2012
0.18195,117.48733,2012-08-23,1728,n,2,1.25,310.57,290.8,0.39,0.36,N,VIIRS,2,2012
0.10589,117.46832,2012-08-23,1728,n,2,0.77,305.19,290.88,0.39,0.36,N,VIIRS,2,2012
0.10534,117.47184,2012-08-23,1728,n,2,0.94,306.0,290.84,0.39,0.36,N,VIIRS,2,2012
0.00137,116.90647,2012-08-23,1728,n,0,0.96,305.32,289.64,0.41,0.37,N,VIIRS,2,2012
1.16248,117.6783,2012-08-23,1728,n,0,0.56,301.68,285.16,0.39,0.36,N,VIIRS,2,2012
-1.89623,115.84878,2012-08-23,1729,n,0,0.48,303.95,290.75,0.43,0.38,N,VIIRS,2,2012
-1.89971,115.84823,2012-08-23,1729,n,0,0.48,305.76,289.28,0.43,0.38,N,VIIRS,2,2012
-1.96834,115.86965,2012-08-23,1729,n,0,0.73,304.55,290.96,0.42,0.38,N,VIIRS,2,2012
-1.97181,115.86909,2012-08-23,1729,n,0,1.93,314.33,290.93,0.42,0.38,N,VIIRS,2,2012
-2.23541,114.61768,2012-08-23,1729,n,0,0.88,308.03,290.54,0.48,0.4,N,VIIRS,2,2012
-2.23609,114.62198,2012-08-23,1729,n,0,0.88,303.04,290.4,0.48,0.4,N,VIIRS,2,2012
-2.23677,114.62626,2012-08-23,1729,n,0,0.93,306.99,290.64,0.48,0.4,N,VIIRS,2,2012
-2.26778,114.55946,2012-08-23,1729,n,0,2.66,323.87,292.01,0.48,0.4,N,VIIRS,2,2012
-2.26682,114.56136,2012-08-23,1729,n,0,1.17,303.42,290.7,0.48,0.4,N,VIIRS,2,2012
-2.26981,114.55647,2012-08-23,1729,n,0,1.86,303.49,290.21,0.48,0.4,N,VIIRS,2,2012
-2.27051,114.56077,2012-08-23,1729,n,0,1.17,315.48,290.96,0.48,0.4,N,VIIRS,2,2012
-2.41546,115.3459,2012-08-23,1729,n,0,2.81,321.42,292.27,0.44,0.38,N,VIIRS,2,2012
-2.29331,114.56156,2012-08-23,1729,n,0,2.02,315.21,290.61,0.48,0.4,N,VIIRS,2,2012
-2.27429,114.37199,2012-08-23,1729,n,0,1.4,303.9,290.26,0.49,0.4,N,VIIRS,2,2012
-2.27731,114.36697,2012-08-23,1729,n,0,2.35,304.88,289.81,0.49,0.4,N,VIIRS,2,2012
-2.27802,114.37139,2012-08-23,1729,n,0,1.4,318.03,290.75,0.49,0.4,N,VIIRS,2,2012
-2.29735,114.37286,2012-08-23,1729,n,0,1.45,313.13,291.08,0.49,0.4,N,VIIRS,2,2012
-2.49181,114.16306,2012-08-23,1729,n,0,2.79,306.22,290.45,0.5,0.41,N,VIIRS,2,2012
-0.50203,117.42139,2012-08-23,1729,n,0,0.9,304.33,291.01,0.39,0.36,N,VIIRS,2,2012
-0.584,117.38355,2012-08-23,1729,n,2,1.55,309.25,290.51,0.39,0.36,N,VIIRS,2,2012
-0.58455,117.38706,2012-08-23,1729,n,2,0.76,305.86,290.77,0.39,0.36,N,VIIRS,2,2012
-0.68475,117.05192,2012-08-23,1729,n,0,1.16,310.42,290.71,0.4,0.37,N,VIIRS,2,2012
-0.80798,117.10221,2012-08-23,1729,n,2,1.62,316.83,291.49,0.4,0.37,N,VIIRS,2,2012
-0.96273,117.14762,2012-08-23,1729,n,2,1.21,311.06,290.33,0.4,0.37,N,VIIRS,2,2012
-0.96329,117.15115,2012-08-23,1729,n,2,1.21,307.11,290.94,0.4,0.37,N,VIIRS,2,2012
-2.09207,114.24693,2012-08-24,609,n,0,6.38,341.41,275.72,0.42,0.45,N,VIIRS,2,2012
-2.09146,114.25079,2012-08-24,609,n,0,6.38,347.27,276.24,0.42,0.45,N,VIIRS,2,2012
-2.09023,114.25846,2012-08-24,609,n,0,7.68,339.44,273.23,0.42,0.45,N,VIIRS,2,2012
-2.09565,114.25143,2012-08-24,609,n,0,6.38,337.25,276.72,0.42,0.45,N,VIIRS,2,2012
-2.09504,114.25527,2012-08-24,609,n,0,7.68,339.61,275.9,0.42,0.45,N,VIIRS,2,2012
-2.09443,114.25911,2012-08-24,609,n,0,7.68,350.87,275.19,0.42,0.45,N,VIIRS,2,2012
-2.25277,113.8622,2012-08-24,609,n,0,10.72,342.56,279.92,0.4,0.44,N,VIIRS,2,2012
1.82107,117.23724,2012-08-24,610,n,0,10.35,351.65,287.28,0.38,0.59,N,VIIRS,2,2012
1.82053,117.23354,2012-08-24,610,l,0,10.35,357.57,289.06,0.38,0.59,N,VIIRS,2,2012
1.82602,117.2328,2012-08-24,610,n,0,5.69,337.8,287.91,0.38,0.59,N,VIIRS,2,2012
-2.48745,114.16544,2012-08-24,1710,n,0,0.38,295.41,262.64,0.34,0.56,N,VIIRS,2,2012
-2.49261,114.16459,2012-08-24,1710,n,0,0.48,306.67,263.52,0.34,0.56,N,VIIRS,2,2012
-0.21054,117.09029,2012-08-26,532,n,0,4.25,342.16,291.41,0.39,0.36,N,VIIRS,2,2012
-0.34618,116.46859,2012-08-26,532,n,0,10.97,346.4,294.58,0.4,0.37,N,VIIRS,2,2012
-0.37177,116.39169,2012-08-26,532,n,0,3.12,334.29,296.33,0.4,0.37,N,VIIRS,2,2012
-0.40317,116.30096,2012-08-26,532,n,0,8.65,343.81,301.17,0.4,0.37,N,VIIRS,2,2012
-0.39339,116.36596,2012-08-26,532,l,0,4.79,334.34,297.78,0.4,0.37,N,VIIRS,2,2012
-0.44309,116.12828,2012-08-26,532,n,0,4.69,332.29,295.58,0.41,0.37,N,VIIRS,2,2012
-0.45504,116.25683,2012-08-26,532,h,0,21.16,367.0,300.3,0.4,0.37,N,VIIRS,2,2012
-0.48931,116.32861,2012-08-26,532,n,0,13.08,346.73,302.28,0.4,0.37,N,VIIRS,2,2012
-0.48995,116.32845,2012-08-26,532,n,0,8.88,346.08,302.1,0.4,0.37,N,VIIRS,2,2012
-0.62551,116.58119,2012-08-26,532,n,0,6.01,335.41,294.36,0.4,0.37,N,VIIRS,2,2012
-0.62889,116.58171,2012-08-26,532,n,0,3.45,331.26,294.66,0.4,0.37,N,VIIRS,2,2012
1.4794,117.07179,2012-08-26,532,n,0,2.77,332.22,289.36,0.38,0.36,N,VIIRS,2,2012
1.50698,118.25481,2012-08-26,532,n,0,8.62,344.91,295.52,0.39,0.36,N,VIIRS,2,2012
1.49658,118.23132,2012-08-26,532,n,0,2.55,332.09,294.09,0.39,0.36,N,VIIRS,2,2012
1.4693,118.23177,2012-08-26,532,n,0,2.66,330.29,293.32,0.39,0.36,N,VIIRS,2,2012
1.46437,118.28976,2012-08-26,532,n,0,2.03,328.66,293.72,0.39,0.36,N,VIIRS,2,2012
0.89803,116.89283,2012-08-26,532,n,0,6.72,338.73,291.17,0.39,0.36,N,VIIRS,2,2012
0.89856,116.89631,2012-08-26,532,n,0,6.72,327.77,291.37,0.39,0.36,N,VIIRS,2,2012
0.89909,116.89978,2012-08-26,532,n,0,29.33,338.91,293.09,0.39,0.36,N,VIIRS,2,2012
0.8947,116.89333,2012-08-26,532,n,0,6.72,337.56,294.01,0.39,0.36,N,VIIRS,2,2012
0.89434,116.90826,2012-08-26,532,n,0,6.36,338.48,292.81,0.39,0.36,N,VIIRS,2,2012
0.89101,116.90877,2012-08-26,532,n,0,6.36,335.15,294.52,0.39,0.36,N,VIIRS,2,2012
0.81466,116.94509,2012-08-26,532,n,0,26.58,344.33,303.71,0.39,0.36,N,VIIRS,2,2012
0.79172,116.81678,2012-08-26,532,n,0,2.96,331.18,293.86,0.39,0.36,N,VIIRS,2,2012
0.72668,116.64829,2012-08-26,532,n,0,38.58,331.38,298.61,0.39,0.36,N,VIIRS,2,2012
0.7152,116.61768,2012-08-26,532,n,0,5.03,330.75,291.02,0.39,0.36,N,VIIRS,2,2012
0.71184,116.61819,2012-08-26,532,n,0,5.03,332.85,291.16,0.39,0.36,N,VIIRS,2,2012
0.68687,116.83685,2012-08-26,532,n,0,34.11,333.39,297.62,0.39,0.36,N,VIIRS,2,2012
0.63405,116.61596,2012-08-26,532,n,0,13.42,336.26,294.04,0.39,0.36,N,VIIRS,2,2012
0.63016,116.61295,2012-08-26,532,n,0,13.42,332.62,295.08,0.39,0.36,N,VIIRS,2,2012
0.63069,116.61646,2012-08-26,532,n,0,13.42,344.28,299.91,0.39,0.36,N,VIIRS,2,2012
0.62753,116.66367,2012-08-26,532,n,0,3.7,333.29,295.72,0.39,0.36,N,VIIRS,2,2012
0.61295,116.74837,2012-08-26,532,n,0,1.83,331.52,296.45,0.39,0.36,N,VIIRS,2,2012
0.56896,116.66165,2012-08-26,532,n,0,5.26,340.86,294.59,0.39,0.36,N,VIIRS,2,2012
0.57485,116.8577,2012-08-26,532,n,0,2.44,330.79,295.61,0.39,0.36,N,VIIRS,2,2012
0.25395,116.44984,2012-08-26,532,l,0,9.73,341.84,298.19,0.4,0.37,N,VIIRS,2,2012
-0.03139,116.44926,2012-08-26,532,l,0,3.6,330.79,294.07,0.4,0.37,N,VIIRS,2,2012
-0.00073,116.75326,2012-08-26,532,n,0,9.91,335.97,296.37,0.39,0.36,N,VIIRS,2,2012
-0.0281,116.75375,2012-08-26,532,n,0,3.86,334.3,294.34,0.39,0.36,N,VIIRS,2,2012
-0.03146,116.75426,2012-08-26,532,n,0,3.86,336.65,294.79,0.39,0.36,N,VIIRS,2,2012
-0.09938,116.62358,2012-08-26,532,n,0,3.63,340.47,296.8,0.39,0.37,N,VIIRS,2,2012
-0.0854,116.71548,2012-08-26,532,n,0,6.62,334.75,290.36,0.39,0.36,N,VIIRS,2,2012
-0.08875,116.71598,2012-08-26,532,n,0,6.29,339.45,291.33,0.39,0.36,N,VIIRS,2,2012
-0.21748,116.39768,2012-08-26,532,n,0,7.01,330.2,293.35,0.4,0.37,N,VIIRS,2,2012
-0.21693,116.40128,2012-08-26,532,n,0,12.71,343.96,295.01,0.4,0.37,N,VIIRS,2,2012
-0.21873,116.52586,2012-08-26,532,n,0,4.13,340.17,297.63,0.4,0.37,N,VIIRS,2,2012
-0.30561,116.02467,2012-08-26,532,l,0,4.29,332.53,293.36,0.41,0.37,N,VIIRS,2,2012
-0.30959,116.02151,2012-08-26,532,l,0,5.2,331.88,297.06,0.41,0.37,N,VIIRS,2,2012
-0.24235,116.81223,2012-08-26,532,n,0,3.43,331.46,295.01,0.39,0.36,N,VIIRS,2,2012
-0.25279,116.7886,2012-08-26,532,n,0,2.04,334.2,293.81,0.39,0.36,N,VIIRS,2,2012
0.36006,116.04279,2012-08-26,1812,n,0,1.34,309.2,285.74,0.34,0.56,N,VIIRS,2,2012
-0.58262,117.38449,2012-08-26,1813,n,2,0.65,308.06,286.15,0.43,0.62,N,VIIRS,2,2012
-0.58327,117.38213,2012-08-26,1813,n,2,0.84,304.68,286.3,0.43,0.62,N,VIIRS,2,2012
-0.58387,117.38602,2012-08-26,1813,n,2,0.73,301.56,284.55,0.43,0.62,N,VIIRS,2,2012
1.35245,118.43223,2012-08-27,513,n,0,4.74,330.5,296.76,0.5,0.41,N,VIIRS,2,2012
1.35314,118.43665,2012-08-27,513,n,0,4.74,331.15,296.42,0.5,0.41,N,VIIRS,2,2012
1.3487,118.4328,2012-08-27,513,n,0,3.95,334.63,295.88,0.5,0.41,N,VIIRS,2,2012
1.20813,117.7662,2012-08-27,513,n,0,11.65,345.94,295.48,0.55,0.42,N,VIIRS,2,2012
1.03596,117.02296,2012-08-27,513,n,0,7.23,344.08,294.59,0.41,0.45,N,VIIRS,2,2012
1.03184,117.02357,2012-08-27,513,n,0,7.23,344.57,293.96,0.41,0.45,N,VIIRS,2,2012
1.01598,117.02982,2012-08-27,513,n,0,2.4,328.81,292.13,0.41,0.45,N,VIIRS,2,2012
0.70764,117.25562,2012-08-27,513,n,0,13.55,352.83,293.86,0.4,0.44,N,VIIRS,2,2012
0.70818,117.25919,2012-08-27,513,n,0,9.41,337.41,293.61,0.4,0.44,N,VIIRS,2,2012
0.10649,117.4705,2012-08-27,513,n,2,3.94,340.67,294.04,0.39,0.44,N,VIIRS,2,2012
0.09465,117.47639,2012-08-27,513,n,2,4.14,341.03,292.31,0.39,0.44,N,VIIRS,2,2012
1.20422,117.76682,2012-08-27,513,n,0,11.65,331.15,294.94,0.55,0.42,N,VIIRS,2,2012
1.61808,118.15939,2012-08-27,513,n,0,10.91,354.46,297.08,0.51,0.41,N,VIIRS,2,2012
2.23239,116.76404,2012-08-27,513,n,0,3.07,328.65,292.39,0.41,0.45,N,VIIRS,2,2012
2.36157,117.52187,2012-08-27,513,n,0,7.54,342.02,294.69,0.54,0.42,N,VIIRS,2,2012
1.61192,118.16959,2012-08-27,513,n,0,6.43,339.7,294.97,0.51,0.41,N,VIIRS,2,2012
1.61896,118.15781,2012-08-27,513,n,0,6.28,343.4,296.22,0.51,0.41,N,VIIRS,2,2012
1.61965,118.1624,2012-08-27,513,n,0,3.33,331.15,294.41,0.51,0.41,N,VIIRS,2,2012
1.61274,118.16804,2012-08-27,513,n,0,2.51,334.09,293.93,0.51,0.41,N,VIIRS,2,2012
1.52566,118.158,2012-08-27,513,n,0,3.61,332.07,291.97,0.51,0.41,N,VIIRS,2,2012
1.45088,117.70678,2012-08-27,513,n,0,44.78,334.22,294.09,0.55,0.42,N,VIIRS,2,2012
1.52186,118.15858,2012-08-27,513,n,0,5.9,335.03,293.2,0.51,0.41,N,VIIRS,2,2012
1.41179,117.63444,2012-08-27,513,n,0,24.18,346.03,294.17,0.55,0.43,N,VIIRS,2,2012
1.25299,117.13786,2012-08-27,513,n,0,2.36,332.83,294.09,0.4,0.44,N,VIIRS,2,2012
1.2444,117.10983,2012-08-27,513,n,0,5.04,332.24,293.6,0.4,0.44,N,VIIRS,2,2012
2.15466,117.68326,2012-08-27,513,n,0,4.63,331.77,292.46,0.54,0.42,N,VIIRS,2,2012
2.08926,117.07259,2012-08-27,513,n,0,39.94,355.01,298.59,0.39,0.44,N,VIIRS,2,2012
2.21794,117.55141,2012-08-27,513,n,0,3.69,331.46,296.56,0.54,0.42,N,VIIRS,2,2012
2.15766,117.08646,2012-08-27,513,n,0,7.76,339.91,292.57,0.39,0.44,N,VIIRS,2,2012
2.19177,117.27951,2012-08-27,513,n,0,17.04,333.58,297.08,0.57,0.43,N,VIIRS,2,2012
2.16223,117.08929,2012-08-27,513,n,0,12.3,341.75,293.49,0.39,0.44,N,VIIRS,2,2012
2.16169,117.08588,2012-08-27,513,n,0,8.89,338.27,294.07,0.39,0.44,N,VIIRS,2,2012
2.19574,117.27892,2012-08-27,513,n,0,17.04,332.86,293.45,0.57,0.43,N,VIIRS,2,2012
2.25568,117.51067,2012-08-27,513,n,0,3.73,327.07,294.0,0.55,0.42,N,VIIRS,2,2012
1.24135,117.11092,2012-08-27,513,n,0,4.09,330.69,293.41,0.4,0.44,N,VIIRS,2,2012
2.4486,116.65904,2012-08-27,514,n,0,7.84,328.28,293.76,0.41,0.45,N,VIIRS,2,2012
2.44448,116.65968,2012-08-27,514,n,0,7.84,340.09,295.13,0.41,0.45,N,VIIRS,2,2012
1.60577,118.08205,2012-08-27,1753,n,0,2.51,318.43,288.27,0.42,0.45,N,VIIRS,2,2012
1.60874,118.08343,2012-08-27,1753,n,0,0.95,305.94,288.24,0.42,0.45,N,VIIRS,2,2012
1.60515,118.07893,2012-08-27,1753,n,0,0.95,304.14,287.93,0.42,0.45,N,VIIRS,2,2012
1.60456,118.08273,2012-08-27,1753,n,0,0.95,308.18,288.08,0.42,0.45,N,VIIRS,2,2012
1.52311,118.13612,2012-08-27,1753,n,0,0.98,302.27,288.13,0.43,0.46,N,VIIRS,2,2012
1.48298,117.87449,2012-08-27,1753,n,0,0.49,302.22,288.59,0.41,0.45,N,VIIRS,2,2012
1.50394,117.18842,2012-08-27,1753,n,0,1.17,308.18,287.04,0.56,0.43,N,VIIRS,2,2012
0.709,117.25787,2012-08-27,1753,n,0,0.45,300.15,281.09,0.39,0.44,N,VIIRS,2,2012
-1.1103,114.0134,2012-08-27,1754,n,0,1.28,307.45,288.8,0.42,0.37,N,VIIRS,2,2012
-0.88513,117.48517,2012-08-27,1754,n,3,3.35,318.44,288.69,0.42,0.45,N,VIIRS,2,2012
1.15649,117.66827,2012-08-28,454,n,0,6.35,345.16,276.25,0.38,0.59,N,VIIRS,2,2012
1.15704,117.67182,2012-08-28,454,n,0,7.7,330.49,276.69,0.38,0.59,N,VIIRS,2,2012
0.78328,117.25405,2012-08-28,454,l,0,14.67,356.82,280.53,0.41,0.61,N,VIIRS,2,2012
0.78385,117.25777,2012-08-28,454,l,0,31.78,356.81,283.13,0.41,0.61,N,VIIRS,2,2012
0.7827,117.25034,2012-08-28,454,n,0,14.67,325.86,281.95,0.41,0.61,N,VIIRS,2,2012
0.78444,117.26152,2012-08-28,454,n,0,31.78,327.01,277.77,0.41,0.61,N,VIIRS,2,2012
0.77769,117.25517,2012-08-28,454,n,0,4.75,332.23,285.47,0.41,0.61,N,VIIRS,2,2012
2.18418,117.12489,2012-08-28,455,n,0,3.57,325.66,286.18,0.4,0.6,N,VIIRS,2,2012
-2.47227,114.17209,2012-08-28,634,n,0,10.5,335.14,284.0,0.55,0.68,N,VIIRS,2,2012
-2.47313,114.16702,2012-08-28,634,n,0,8.67,336.88,284.55,0.55,0.68,N,VIIRS,2,2012
-2.47399,114.16196,2012-08-28,634,n,0,8.67,348.43,284.34,0.55,0.68,N,VIIRS,2,2012
-2.47084,114.16988,2012-08-28,634,n,0,10.71,335.35,284.12,0.55,0.68,N,VIIRS,2,2012
-2.47166,114.16479,2012-08-28,634,n,0,10.71,346.81,285.06,0.55,0.68,N,VIIRS,2,2012
-2.45034,114.25545,2012-08-28,634,n,0,6.89,326.95,283.89,0.56,0.69,N,VIIRS,2,2012
-2.39688,114.38054,2012-08-28,634,n,0,2.72,327.92,279.27,0.57,0.69,N,VIIRS,2,2012
2.22803,117.0241,2012-08-28,1734,n,0,2.26,329.44,291.29,0.39,0.36,N,VIIRS,2,2012
1.1609,117.67935,2012-08-28,1734,n,2,0.34,304.11,290.14,0.39,0.36,N,VIIRS,2,2012
1.15758,117.67883,2012-08-28,1734,n,2,0.78,308.27,290.42,0.39,0.36,N,VIIRS,2,2012
0.70917,117.25648,2012-08-28,1734,n,0,0.99,306.41,289.85,0.38,0.36,N,VIIRS,2,2012
0.70863,117.25993,2012-08-28,1734,n,0,0.99,317.3,289.79,0.38,0.36,N,VIIRS,2,2012
2.23135,117.02462,2012-08-28,1734,n,0,0.72,309.26,291.13,0.39,0.36,N,VIIRS,2,2012
2.41672,117.93566,2012-08-28,1734,n,0,5.31,333.4,292.94,0.39,0.36,N,VIIRS,2,2012
2.4134,117.93514,2012-08-28,1734,n,0,5.31,327.46,290.98,0.39,0.36,N,VIIRS,2,2012
2.24265,117.03703,2012-08-28,1734,n,0,0.9,307.94,291.16,0.39,0.36,N,VIIRS,2,2012
-1.9698,115.86961,2012-08-28,1735,n,0,0.68,303.4,285.1,0.39,0.36,N,VIIRS,2,2012
0.60844,117.44475,2012-08-28,1735,n,0,0.49,305.32,288.14,0.38,0.36,N,VIIRS,2,2012
0.1821,117.48794,2012-08-28,1735,n,2,1.37,310.68,290.49,0.39,0.36,N,VIIRS,2,2012
0.10756,117.46943,2012-08-28,1735,n,2,0.86,306.42,290.59,0.39,0.36,N,VIIRS,2,2012
0.10702,117.47289,2012-08-28,1735,n,2,1.14,311.52,290.34,0.39,0.36,N,VIIRS,2,2012
0.0904,117.47031,2012-08-28,1735,n,3,3.3,309.54,294.59,0.39,0.36,N,VIIRS,2,2012
-0.50977,117.30635,2012-08-28,1735,n,0,1.09,307.45,290.33,0.39,0.36,N,VIIRS,2,2012
-0.53931,117.40807,2012-08-28,1735,n,0,0.77,306.52,289.43,0.39,0.36,N,VIIRS,2,2012
-0.58315,117.38354,2012-08-28,1735,n,2,0.88,303.23,289.71,0.39,0.36,N,VIIRS,2,2012
-0.5837,117.38699,2012-08-28,1735,n,2,0.45,308.83,290.16,0.39,0.36,N,VIIRS,2,2012
-0.68395,117.05324,2012-08-28,1735,n,0,0.58,309.88,286.06,0.38,0.36,N,VIIRS,2,2012
-0.68652,117.05238,2012-08-28,1735,n,0,0.49,304.07,286.46,0.38,0.36,N,VIIRS,2,2012
-0.80602,117.10085,2012-08-28,1735,n,2,0.7,305.23,290.36,0.38,0.36,N,VIIRS,2,2012
-0.80934,117.10033,2012-08-28,1735,n,2,0.67,305.29,289.57,0.38,0.36,N,VIIRS,2,2012
-0.81042,117.1072,2012-08-28,1735,n,0,0.89,303.98,289.67,0.38,0.36,N,VIIRS,2,2012
-0.96276,117.15087,2012-08-28,1735,n,2,0.5,306.27,289.72,0.39,0.36,N,VIIRS,2,2012
-0.96554,117.14691,2012-08-28,1735,n,2,0.78,314.69,289.83,0.39,0.36,N,VIIRS,2,2012
-2.39146,114.37926,2012-08-28,1736,n,0,4.4,311.43,277.88,0.42,0.37,N,VIIRS,2,2012
-2.39491,114.37872,2012-08-28,1736,n,0,4.4,348.67,286.45,0.42,0.37,N,VIIRS,2,2012
-2.39432,114.37497,2012-08-28,1736,n,0,2.74,297.42,279.33,0.42,0.37,N,VIIRS,2,2012
-2.39836,114.37817,2012-08-28,1736,n,0,1.0,299.87,281.26,0.42,0.37,N,VIIRS,2,2012
-2.44391,114.25217,2012-08-28,1736,n,0,1.68,321.39,290.03,0.42,0.38,N,VIIRS,2,2012
-2.44738,114.25163,2012-08-28,1736,n,0,1.68,308.4,288.96,0.42,0.38,N,VIIRS,2,2012
-2.44798,114.25541,2012-08-28,1736,n,0,1.22,308.72,289.4,0.42,0.38,N,VIIRS,2,2012
-2.45145,114.25487,2012-08-28,1736,n,0,0.91,302.95,288.95,0.42,0.38,N,VIIRS,2,2012
-2.45897,114.25754,2012-08-28,1736,n,0,0.81,301.66,288.63,0.42,0.38,N,VIIRS,2,2012
-2.47402,114.26289,2012-08-28,1736,n,0,0.87,303.27,288.32,0.42,0.38,N,VIIRS,2,2012
-2.46717,114.17459,2012-08-28,1736,n,0,5.32,346.9,292.03,0.42,0.38,N,VIIRS,2,2012
-2.46537,114.16316,2012-08-28,1736,n,0,5.19,317.57,290.38,0.42,0.38,N,VIIRS,2,2012
-2.46884,114.16261,2012-08-28,1736,n,0,5.19,347.14,293.17,0.42,0.38,N,VIIRS,2,2012
-2.46944,114.16642,2012-08-28,1736,n,0,9.34,353.56,295.18,0.42,0.38,N,VIIRS,2,2012
-2.47004,114.17023,2012-08-28,1736,n,0,9.34,325.4,291.35,0.42,0.38,N,VIIRS,2,2012
-2.47065,114.17404,2012-08-28,1736,n,0,5.32,327.97,290.49,0.42,0.38,N,VIIRS,2,2012
-2.47172,114.15825,2012-08-28,1736,h,0,6.5,367.0,296.03,0.42,0.38,N,VIIRS,2,2012
-2.47232,114.16206,2012-08-28,1736,n,0,6.5,339.6,291.79,0.42,0.38,N,VIIRS,2,2012
-2.47292,114.16587,2012-08-28,1736,n,0,1.8,317.84,290.41,0.42,0.38,N,VIIRS,2,2012
-2.47352,114.16969,2012-08-28,1736,n,0,1.8,312.1,289.9,0.42,0.38,N,VIIRS,2,2012
-2.47412,114.17349,2012-08-28,1736,n,0,1.34,308.14,289.77,0.42,0.38,N,VIIRS,2,2012
-2.4752,114.15771,2012-08-28,1736,n,0,6.5,312.45,288.21,0.42,0.38,N,VIIRS,2,2012
-2.4758,114.16151,2012-08-28,1736,n,0,6.5,310.45,289.27,0.42,0.38,N,VIIRS,2,2012
-2.4764,114.16533,2012-08-28,1736,n,0,1.8,305.2,289.18,0.42,0.38,N,VIIRS,2,2012
-2.4776,114.17294,2012-08-28,1736,n,0,1.34,315.87,289.86,0.42,0.38,N,VIIRS,2,2012
-2.49378,114.16259,2012-08-28,1736,n,0,3.83,329.18,288.82,0.42,0.38,N,VIIRS,2,2012
-1.12695,115.34893,2012-08-29,615,n,0,2.76,332.71,277.07,0.33,0.55,N,VIIRS,2,2012
-1.105,113.90911,2012-08-29,615,n,0,30.83,345.63,287.83,0.53,0.5,N,VIIRS,2,2012
-1.10576,113.90437,2012-08-29,615,n,0,28.2,344.44,287.18,0.53,0.5,N,VIIRS,2,2012
-1.10036,113.90837,2012-08-29,615,n,0,30.83,344.87,286.57,0.53,0.5,N,VIIRS,2,2012
-1.10112,113.90363,2012-08-29,615,n,0,28.2,340.03,287.93,0.53,0.5,N,VIIRS,2,2012
-1.11294,113.50279,2012-08-29,615,n,0,25.74,337.51,291.05,0.5,0.49,N,VIIRS,2,2012
-1.09801,113.50964,2012-08-29,615,n,0,17.25,335.2,290.57,0.5,0.49,N,VIIRS,2,2012
-1.0987,113.50517,2012-08-29,615,n,0,24.43,344.51,293.39,0.5,0.49,N,VIIRS,2,2012
2.47894,116.67191,2012-08-29,616,n,0,3.97,338.4,287.38,0.46,0.64,N,VIIRS,2,2012
2.04287,117.02747,2012-08-29,616,l,0,19.71,357.35,287.55,0.48,0.65,N,VIIRS,2,2012
2.04426,117.03666,2012-08-29,616,l,0,11.72,357.35,282.38,0.48,0.65,N,VIIRS,2,2012
2.04356,117.03204,2012-08-29,616,n,0,19.71,340.3,283.84,0.48,0.65,N,VIIRS,2,2012
2.04494,117.04117,2012-08-29,616,n,0,11.72,342.57,280.03,0.48,0.65,N,VIIRS,2,2012
2.04562,117.04565,2012-08-29,616,n,0,7.39,337.7,276.85,0.48,0.65,N,VIIRS,2,2012
2.02088,117.08611,2012-08-29,616,n,0,3.53,326.2,286.49,0.48,0.65,N,VIIRS,2,2012
2.03837,117.24526,2012-08-29,616,n,0,33.49,353.86,283.77,0.5,0.66,N,VIIRS,2,2012
2.03905,117.24987,2012-08-29,616,n,0,30.29,341.39,282.41,0.5,0.66,N,VIIRS,2,2012
2.03224,117.24599,2012-08-29,616,n,0,4.73,337.16,278.81,0.5,0.66,N,VIIRS,2,2012
0.00123,115.71907,2012-08-29,616,n,0,20.42,356.01,283.88,0.36,0.58,N,VIIRS,2,2012
0.00174,115.72237,2012-08-29,616,n,0,18.29,342.11,281.25,0.36,0.58,N,VIIRS,2,2012
-0.00311,115.72646,2012-08-29,616,l,0,18.29,356.54,281.22,0.36,0.58,N,VIIRS,2,2012
-0.00362,115.72316,2012-08-29,616,n,0,18.29,351.06,279.94,0.36,0.58,N,VIIRS,2,2012
-0.00895,115.72411,2012-08-29,616,n,0,6.81,339.83,278.63,0.36,0.58,N,VIIRS,2,2012
2.19817,117.05723,2012-08-29,616,n,0,5.1,326.99,268.33,0.49,0.65,N,VIIRS,2,2012
2.1996,117.06702,2012-08-29,616,n,0,11.93,331.44,267.32,0.49,0.65,N,VIIRS,2,2012
2.20036,117.07219,2012-08-29,616,n,0,14.87,343.72,266.91,0.49,0.65,N,VIIRS,2,2012
2.20105,117.07694,2012-08-29,616,n,0,14.87,347.87,266.17,0.49,0.65,N,VIIRS,2,2012
2.18895,117.07869,2012-08-29,616,l,0,62.13,356.82,272.61,0.49,0.65,N,VIIRS,2,2012
2.18753,117.06895,2012-08-29,616,n,0,24.15,337.69,271.32,0.49,0.65,N,VIIRS,2,2012
2.18826,117.07392,2012-08-29,616,n,0,62.13,350.77,275.76,0.49,0.65,N,VIIRS,2,2012
2.18961,117.08327,2012-08-29,616,n,0,9.34,339.73,272.47,0.49,0.65,N,VIIRS,2,2012
2.19027,117.08778,2012-08-29,616,n,0,9.34,327.85,272.49,0.49,0.65,N,VIIRS,2,2012
2.18213,117.07426,2012-08-29,616,n,0,10.9,350.46,274.89,0.49,0.65,N,VIIRS,2,2012
2.19992,117.07523,2012-08-29,616,n,0,11.1,343.45,268.09,0.49,0.65,N,VIIRS,2,2012
2.1953,117.08543,2012-08-29,616,n,0,9.63,331.3,271.68,0.49,0.65,N,VIIRS,2,2012
2.18782,117.077,2012-08-29,616,l,0,66.27,356.54,276.18,0.49,0.65,N,VIIRS,2,2012
2.18708,117.07214,2012-08-29,616,n,0,66.27,342.92,275.0,0.49,0.65,N,VIIRS,2,2012
2.18853,117.08161,2012-08-29,616,n,0,17.68,331.91,273.7,0.49,0.65,N,VIIRS,2,2012
2.18922,117.08612,2012-08-29,616,n,0,17.68,339.06,273.0,0.49,0.65,N,VIIRS,2,2012
2.15356,117.13699,2012-08-29,616,l,0,18.31,357.08,286.38,0.49,0.65,N,VIIRS,2,2012
2.15423,117.14146,2012-08-29,616,n,0,18.47,333.6,285.32,0.49,0.65,N,VIIRS,2,2012
2.11114,117.10152,2012-08-29,616,n,0,4.72,335.1,286.79,0.49,0.65,N,VIIRS,2,2012
2.07167,117.1706,2012-08-29,616,n,0,11.47,356.5,289.28,0.49,0.65,N,VIIRS,2,2012
2.04691,117.01353,2012-08-29,616,n,0,15.72,356.37,287.15,0.48,0.65,N,VIIRS,2,2012
2.04756,117.01785,2012-08-29,616,n,0,27.63,347.07,285.86,0.48,0.65,N,VIIRS,2,2012
-0.96482,117.14657,2012-08-29,1716,n,2,2.51,310.06,286.72,0.54,0.42,N,VIIRS,2,2012
-0.96169,117.15195,2012-08-29,1716,n,2,1.95,304.61,286.73,0.54,0.42,N,VIIRS,2,2012
-2.0579,115.56691,2012-08-29,1717,n,0,0.8,306.52,287.65,0.43,0.46,N,VIIRS,2,2012
-0.29437,116.55795,2012-08-30,557,n,0,3.17,339.87,288.15,0.4,0.44,N,VIIRS,2,2012
-0.29844,116.55856,2012-08-30,557,n,0,3.17,329.04,282.29,0.4,0.44,N,VIIRS,2,2012
-0.27228,116.97647,2012-08-30,557,n,0,10.95,347.7,292.14,0.42,0.45,N,VIIRS,2,2012
-0.18602,117.03386,2012-08-30,557,n,0,16.92,347.85,289.18,0.42,0.46,N,VIIRS,2,2012
-0.1857,117.03465,2012-08-30,557,n,0,19.13,350.92,288.12,0.43,0.46,N,VIIRS,2,2012
0.19339,116.35936,2012-08-30,557,n,0,4.54,329.84,294.39,0.39,0.44,N,VIIRS,2,2012
0.1271,116.27583,2012-08-30,557,n,0,3.37,333.12,293.02,0.39,0.44,N,VIIRS,2,2012
0.12613,116.27594,2012-08-30,557,n,0,3.12,331.39,293.1,0.38,0.44,N,VIIRS,2,2012
-0.07207,116.87704,2012-08-30,557,n,0,12.76,352.33,289.2,0.42,0.45,N,VIIRS,2,2012
2.09653,117.57919,2012-08-30,1656,n,0,0.82,301.4,285.65,0.38,0.59,N,VIIRS,2,2012
-1.99431,116.02779,2012-08-30,1658,n,0,1.06,305.04,284.36,0.42,0.61,N,VIIRS,2,2012
-2.46914,114.15935,2012-08-30,1658,n,0,1.65,305.09,284.11,0.55,0.68,N,VIIRS,2,2012
-2.46448,114.17063,2012-08-30,1658,n,0,1.74,304.15,284.34,0.55,0.68,N,VIIRS,2,2012
-2.47082,114.16954,2012-08-30,1658,n,0,1.86,299.93,284.37,0.55,0.68,N,VIIRS,2,2012
-2.47141,114.15974,2012-08-30,1658,n,0,1.59,305.9,284.24,0.55,0.68,N,VIIRS,2,2012
-2.46522,114.17104,2012-08-30,1838,n,0,4.11,297.67,280.93,0.75,0.77,N,VIIRS,2,2012
-2.42119,115.10133,2012-09-01,518,n,0,1.89,329.27,295.39,0.48,0.48,N,VIIRS,2,2012
-2.35711,115.54508,2012-09-01,518,n,0,4.42,339.28,298.16,0.45,0.47,N,VIIRS,2,2012
-2.42313,115.11929,2012-09-01,518,n,0,26.02,352.55,299.71,0.48,0.48,N,VIIRS,2,2012
-2.46716,114.87827,2012-09-01,518,n,0,3.81,328.79,296.92,0.5,0.49,N,VIIRS,2,2012
-2.46455,114.89624,2012-09-01,518,n,0,4.12,329.59,296.65,0.5,0.49,N,VIIRS,2,2012
-2.49943,114.87836,2012-09-01,518,n,0,3.67,329.53,298.93,0.5,0.49,N,VIIRS,2,2012
-2.42464,115.50517,2012-09-01,518,n,0,3.17,337.95,295.05,0.45,0.47,N,VIIRS,2,2012
-2.39706,115.69025,2012-09-01,518,n,0,1.45,330.42,293.3,0.44,0.46,N,VIIRS,2,2012
-2.31585,115.77253,2012-09-01,519,n,0,6.88,339.48,293.58,0.43,0.46,N,VIIRS,2,2012
-2.41939,115.12082,2012-09-01,519,n,0,12.84,337.55,296.69,0.48,0.48,N,VIIRS,2,2012
-2.42449,115.11714,2012-09-01,519,n,0,12.84,332.46,296.65,0.48,0.48,N,VIIRS,2,2012
-2.42383,115.12146,2012-09-01,519,n,0,12.84,345.72,299.62,0.48,0.48,N,VIIRS,2,2012
-2.46764,114.89449,2012-09-01,519,n,0,3.15,328.01,296.82,0.5,0.49,N,VIIRS,2,2012
-1.53948,114.80134,2012-09-01,519,n,0,4.77,337.22,293.62,0.49,0.48,N,VIIRS,2,2012
-1.42142,114.84403,2012-09-01,519,n,0,5.69,339.2,287.83,0.48,0.48,N,VIIRS,2,2012
-1.46234,114.47468,2012-09-01,519,n,0,12.12,349.55,294.63,0.51,0.49,N,VIIRS,2,2012
-1.13674,113.80833,2012-09-01,519,n,0,6.13,340.02,292.1,0.56,0.52,N,VIIRS,2,2012
-0.50574,116.36,2012-09-01,519,n,0,3.52,327.84,294.77,0.56,0.43,N,VIIRS,2,2012
-0.40312,116.19586,2012-09-01,519,n,0,7.38,333.44,294.76,0.57,0.43,N,VIIRS,2,2012
-0.39115,115.89361,2012-09-01,519,n,0,5.5,329.1,288.12,0.4,0.44,N,VIIRS,2,2012
-0.23979,116.39768,2012-09-01,519,n,0,6.89,336.42,294.48,0.55,0.43,N,VIIRS,2,2012
-0.24055,116.39269,2012-09-01,519,n,0,3.11,329.86,293.34,0.55,0.43,N,VIIRS,2,2012
0.99238,117.66456,2012-09-01,519,n,0,4.66,338.48,292.41,0.46,0.39,N,VIIRS,2,2012
1.28096,116.92055,2012-09-01,519,n,0,5.33,328.34,294.64,0.5,0.41,N,VIIRS,2,2012
-2.21833,114.3894,2012-09-01,519,n,0,4.88,332.78,295.44,0.53,0.5,N,VIIRS,2,2012
-2.22093,114.38809,2012-09-01,519,n,0,3.57,334.16,296.46,0.53,0.5,N,VIIRS,2,2012
-2.07764,115.48999,2012-09-01,519,n,0,14.47,341.95,296.65,0.45,0.47,N,VIIRS,2,2012
-2.07704,115.49403,2012-09-01,519,n,0,19.56,340.7,296.57,0.45,0.47,N,VIIRS,2,2012
-2.29067,114.0757,2012-09-01,519,n,0,4.15,328.63,296.38,0.56,0.51,N,VIIRS,2,2012
-2.11714,115.57758,2012-09-01,519,n,0,2.25,328.49,295.73,0.44,0.46,N,VIIRS,2,2012
-2.03878,114.90345,2012-09-01,519,n,0,5.69,334.95,298.87,0.49,0.48,N,VIIRS,2,2012
-2.0369,114.85351,2012-09-01,519,n,0,2.49,329.54,297.13,0.49,0.49,N,VIIRS,2,2012
-2.03511,114.85104,2012-09-01,519,n,0,4.81,327.84,296.69,0.49,0.49,N,VIIRS,2,2012
-2.03606,114.8148,2012-09-01,519,n,0,3.66,330.35,296.65,0.49,0.49,N,VIIRS,2,2012
-2.014,114.83887,2012-09-01,519,n,0,3.7,330.77,296.79,0.49,0.49,N,VIIRS,2,2012
-2.01468,114.83443,2012-09-01,519,n,0,3.32,338.08,298.67,0.49,0.49,N,VIIRS,2,2012
-2.01535,114.83,2012-09-01,519,n,0,3.32,335.38,298.27,0.49,0.49,N,VIIRS,2,2012
-2.00615,114.86041,2012-09-01,519,n,0,4.25,331.26,299.38,0.49,0.49,N,VIIRS,2,2012
-2.01085,114.82935,2012-09-01,519,n,0,4.69,341.46,298.23,0.49,0.49,N,VIIRS,2,2012
-1.99585,114.86794,2012-09-01,519,n,0,5.13,332.14,298.75,0.49,0.49,N,VIIRS,2,2012
-1.99202,114.86289,2012-09-01,519,n,0,5.13,330.18,297.77,0.49,0.49,N,VIIRS,2,2012
-1.99269,114.85848,2012-09-01,519,n,0,4.08,332.33,297.73,0.49,0.49,N,VIIRS,2,2012
-2.13992,113.84476,2012-09-01,519,n,0,7.82,341.56,296.56,0.58,0.52,N,VIIRS,2,2012
-1.98853,114.79418,2012-09-01,519,n,0,3.55,332.25,296.35,0.5,0.49,N,VIIRS,2,2012
-1.96708,114.8457,2012-09-01,519,n,0,5.53,333.02,295.45,0.49,0.49,N,VIIRS,2,2012
-1.97634,114.78326,2012-09-01,519,n,0,6.04,333.88,299.37,0.5,0.49,N,VIIRS,2,2012
-1.96259,114.84504,2012-09-01,519,n,0,5.4,337.14,294.03,0.49,0.49,N,VIIRS,2,2012
-1.97183,114.78259,2012-09-01,519,n,0,3.96,338.72,298.91,0.5,0.49,N,VIIRS,2,2012
-2.0201,114.45622,2012-09-01,519,n,0,11.21,342.92,296.05,0.52,0.5,N,VIIRS,2,2012
-2.02079,114.45149,2012-09-01,519,n,0,4.55,339.89,295.77,0.52,0.5,N,VIIRS,2,2012
-1.96732,114.78194,2012-09-01,519,n,0,3.96,328.94,297.59,0.5,0.49,N,VIIRS,2,2012
-1.68693,115.01175,2012-09-01,519,n,0,3.81,340.89,287.47,0.47,0.48,N,VIIRS,2,2012
-1.68799,115.01268,2012-09-01,519,n,0,5.26,343.46,288.21,0.47,0.48,N,VIIRS,2,2012
-2.39139,114.38135,2012-09-01,519,n,0,9.79,330.46,300.13,0.54,0.5,N,VIIRS,2,2012
-2.39678,114.37718,2012-09-01,519,n,0,14.27,345.72,301.29,0.54,0.5,N,VIIRS,2,2012
-2.46177,114.17004,2012-09-01,519,n,0,7.09,343.58,295.94,0.55,0.51,N,VIIRS,2,2012
-2.46728,114.16573,2012-09-01,519,n,0,13.99,344.86,301.72,0.55,0.51,N,VIIRS,2,2012
-2.46651,114.17073,2012-09-01,519,n,0,13.99,353.91,301.59,0.55,0.51,N,VIIRS,2,2012
-2.47279,114.16138,2012-09-01,519,l,0,8.61,328.25,302.84,0.55,0.51,N,VIIRS,2,2012
-2.46241,114.16798,2012-09-01,519,n,0,5.71,343.16,296.32,0.55,0.51,N,VIIRS,2,2012
-2.46169,114.173,2012-09-01,519,n,0,5.8,328.52,295.92,0.55,0.51,N,VIIRS,2,2012
-2.46788,114.16366,2012-09-01,519,n,0,11.44,332.01,301.89,0.56,0.51,N,VIIRS,2,2012
-2.46715,114.16867,2012-09-01,519,n,0,11.44,353.24,302.25,0.55,0.51,N,VIIRS,2,2012
-2.46643,114.1737,2012-09-01,519,n,0,11.46,342.82,300.6,0.55,0.51,N,VIIRS,2,2012
-2.39155,114.91086,2012-09-01,519,n,0,5.18,336.69,301.65,0.49,0.49,N,VIIRS,2,2012
-2.32559,115.4463,2012-09-01,519,n,0,7.09,340.45,293.32,0.45,0.47,N,VIIRS,2,2012
-2.46283,114.55595,2012-09-01,519,n,0,6.41,331.31,297.99,0.52,0.5,N,VIIRS,2,2012
-2.46744,114.55664,2012-09-01,519,n,0,4.51,333.87,296.35,0.52,0.5,N,VIIRS,2,2012
2.37332,118.04138,2012-09-01,520,n,0,4.83,334.97,293.75,0.43,0.38,N,VIIRS,2,2012
2.44191,117.85677,2012-09-01,520,l,0,7.2,346.3,296.87,0.43,0.38,N,VIIRS,2,2012
1.97389,117.41281,2012-09-01,520,l,0,6.2,336.31,291.5,0.46,0.39,N,VIIRS,2,2012
2.0111,117.60765,2012-09-01,520,n,0,3.78,329.57,293.95,0.45,0.39,N,VIIRS,2,2012
2.44543,117.85622,2012-09-01,520,l,0,4.65,336.35,295.43,0.43,0.38,N,VIIRS,2,2012
2.48126,117.87865,2012-09-01,520,n,0,4.33,336.2,294.8,0.43,0.38,N,VIIRS,2,2012
2.25545,117.97976,2012-09-01,520,n,0,13.29,345.06,294.14,0.43,0.38,N,VIIRS,2,2012
2.22046,117.53963,2012-09-01,520,n,0,8.95,342.14,292.91,0.45,0.39,N,VIIRS,2,2012
2.2461,117.68352,2012-09-01,520,l,0,23.87,342.03,296.29,0.44,0.39,N,VIIRS,2,2012
2.16355,117.66738,2012-09-01,520,l,0,10.48,337.3,297.76,0.45,0.39,N,VIIRS,2,2012
2.17788,117.59554,2012-09-01,520,n,0,3.13,334.16,293.95,0.45,0.39,N,VIIRS,2,2012
2.25194,117.98028,2012-09-01,520,n,0,79.57,346.96,297.55,0.43,0.38,N,VIIRS,2,2012
2.16133,117.66751,2012-09-01,520,l,0,4.04,333.07,298.06,0.45,0.39,N,VIIRS,2,2012
2.41731,117.9329,2012-09-01,1759,n,0,5.32,323.22,272.58,0.51,0.49,N,VIIRS,2,2012
2.41277,117.93217,2012-09-01,1759,n,0,1.78,301.77,269.64,0.51,0.49,N,VIIRS,2,2012
2.41884,117.95208,2012-09-01,1759,n,0,9.66,347.55,267.62,0.51,0.49,N,VIIRS,2,2012
2.42339,117.95284,2012-09-01,1759,n,0,1.8,317.12,265.14,0.51,0.49,N,VIIRS,2,2012
2.4196,117.94749,2012-09-01,1759,n,0,9.66,325.3,266.22,0.51,0.49,N,VIIRS,2,2012
2.42415,117.94823,2012-09-01,1759,n,0,1.8,301.01,265.66,0.51,0.49,N,VIIRS,2,2012
-0.57217,117.49604,2012-09-01,1800,n,0,1.1,300.03,273.48,0.53,0.5,N,VIIRS,2,2012
-2.39058,114.37959,2012-09-01,1801,n,0,1.05,304.55,269.4,0.53,0.42,N,VIIRS,2,2012
-2.39444,114.37901,2012-09-01,1801,n,0,1.05,299.02,279.23,0.53,0.42,N,VIIRS,2,2012
-2.39831,114.37843,2012-09-01,1801,n,0,8.35,340.0,286.33,0.53,0.42,N,VIIRS,2,2012
-2.46496,114.16328,2012-09-01,1801,n,0,1.66,307.0,282.73,0.52,0.41,N,VIIRS,2,2012
-2.46568,114.16795,2012-09-01,1801,n,0,1.66,315.05,277.11,0.52,0.41,N,VIIRS,2,2012
-2.46639,114.17262,2012-09-01,1801,n,0,2.31,318.33,273.19,0.52,0.41,N,VIIRS,2,2012
-2.46806,114.15804,2012-09-01,1801,n,0,0.82,295.74,279.41,0.52,0.41,N,VIIRS,2,2012
-2.46878,114.1627,2012-09-01,1801,n,0,1.66,299.21,282.03,0.52,0.41,N,VIIRS,2,2012
-2.4695,114.16737,2012-09-01,1801,n,0,1.66,311.25,282.13,0.52,0.41,N,VIIRS,2,2012
-2.47022,114.17203,2012-09-01,1801,n,0,2.31,318.25,278.94,0.52,0.41,N,VIIRS,2,2012
-2.47188,114.15746,2012-09-01,1801,n,0,0.67,296.72,279.55,0.52,0.41,N,VIIRS,2,2012
-2.4726,114.16212,2012-09-01,1801,n,0,1.37,302.16,284.93,0.52,0.41,N,VIIRS,2,2012
-2.4855,114.1697,2012-09-01,1801,n,0,0.9,298.98,284.86,0.52,0.41,N,VIIRS,2,2012
-2.48622,114.17435,2012-09-01,1801,n,0,0.9,300.74,279.65,0.52,0.41,N,VIIRS,2,2012
-2.41851,115.6301,2012-09-02,500,n,0,8.39,330.77,293.57,0.47,0.64,N,VIIRS,2,2012
-2.41258,115.62935,2012-09-02,500,n,0,8.39,354.65,293.2,0.47,0.64,N,VIIRS,2,2012
-2.43905,115.45133,2012-09-02,500,n,0,5.95,340.35,293.13,0.48,0.65,N,VIIRS,2,2012
-2.49174,114.88245,2012-09-02,500,n,0,6.99,342.96,296.78,0.52,0.67,N,VIIRS,2,2012
-2.35388,115.22379,2012-09-02,500,n,0,2.23,328.24,291.15,0.5,0.65,N,VIIRS,2,2012
-2.48296,114.16991,2012-09-02,500,n,0,9.31,326.95,293.06,0.59,0.7,N,VIIRS,2,2012
-2.29077,115.40165,2012-09-02,500,n,0,7.58,336.56,296.25,0.48,0.65,N,VIIRS,2,2012
-2.29141,115.39726,2012-09-02,500,n,0,3.79,327.89,293.93,0.48,0.65,N,VIIRS,2,2012
-2.46918,114.17345,2012-09-02,500,n,0,9.41,341.09,295.68,0.59,0.7,N,VIIRS,2,2012
-2.46996,114.16807,2012-09-02,500,n,0,9.41,333.93,295.42,0.59,0.7,N,VIIRS,2,2012
-2.47151,114.15732,2012-09-02,500,n,0,16.38,352.65,291.51,0.59,0.7,N,VIIRS,2,2012
-2.46268,114.17252,2012-09-02,500,h,0,10.8,367.0,294.79,0.59,0.7,N,VIIRS,2,2012
-2.46346,114.16716,2012-09-02,500,n,0,10.8,327.75,292.77,0.59,0.7,N,VIIRS,2,2012
-2.46423,114.16178,2012-09-02,500,n,0,8.45,340.03,292.06,0.59,0.7,N,VIIRS,2,2012
-2.46501,114.1564,2012-09-02,500,n,0,8.45,349.65,291.26,0.59,0.7,N,VIIRS,2,2012
-2.40007,114.37949,2012-09-02,500,n,0,6.2,333.2,296.07,0.57,0.69,N,VIIRS,2,2012
-2.28905,115.40202,2012-09-02,500,n,0,8.81,331.11,295.66,0.48,0.65,N,VIIRS,2,2012
-2.28972,115.39764,2012-09-02,500,n,0,5.22,335.93,294.12,0.48,0.65,N,VIIRS,2,2012
-2.47609,114.1768,2012-09-02,500,n,0,8.08,329.57,293.34,0.58,0.7,N,VIIRS,2,2012
-2.47041,114.17052,2012-09-02,500,n,0,8.08,337.84,295.82,0.59,0.7,N,VIIRS,2,2012
-2.47204,114.15979,2012-09-02,500,n,0,16.4,342.03,292.03,0.59,0.7,N,VIIRS,2,2012
-2.47286,114.1544,2012-09-02,500,n,0,7.74,336.11,291.11,0.59,0.7,N,VIIRS,2,2012
-2.4631,114.175,2012-09-02,500,h,0,13.15,367.0,294.15,0.58,0.7,N,VIIRS,2,2012
-2.46554,114.1589,2012-09-02,500,h,0,10.71,367.0,292.89,0.59,0.7,N,VIIRS,2,2012
-2.46391,114.16962,2012-09-02,500,n,0,13.15,346.04,293.63,0.59,0.7,N,VIIRS,2,2012
-2.46472,114.16427,2012-09-02,500,n,0,10.71,330.14,292.96,0.59,0.7,N,VIIRS,2,2012
-2.46635,114.15353,2012-09-02,500,n,0,7.06,331.12,290.76,0.59,0.7,N,VIIRS,2,2012
-2.39984,114.3764,2012-09-02,500,n,0,6.06,329.64,295.73,0.57,0.69,N,VIIRS,2,2012
-2.23862,115.16221,2012-09-02,500,h,0,36.23,367.0,295.84,0.5,0.66,N,VIIRS,2,2012
-2.01651,116.02335,2012-09-02,500,n,0,4.64,329.6,295.5,0.43,0.62,N,VIIRS,2,2012
-2.25748,113.89767,2012-09-02,500,n,0,3.38,329.27,293.4,0.61,0.71,N,VIIRS,2,2012
-1.87458,115.94824,2012-09-02,500,n,0,8.97,333.87,291.92,0.44,0.62,N,VIIRS,2,2012
-1.87517,115.94422,2012-09-02,500,n,0,7.36,351.23,293.32,0.44,0.62,N,VIIRS,2,2012
-1.85809,115.98097,2012-09-02,500,h,0,14.01,367.0,295.21,0.43,0.62,N,VIIRS,2,2012
-2.02138,114.85328,2012-09-02,500,n,0,6.89,329.32,290.42,0.52,0.67,N,VIIRS,2,2012
-1.87391,115.94615,2012-09-02,500,h,0,9.88,367.0,294.19,0.43,0.62,N,VIIRS,2,2012
-1.85721,115.97845,2012-09-02,500,h,0,10.11,367.0,292.44,0.43,0.62,N,VIIRS,2,2012
-1.85654,115.98288,2012-09-02,500,n,0,10.56,337.45,290.21,0.43,0.62,N,VIIRS,2,2012
-2.02248,114.85259,2012-09-02,500,n,0,5.19,332.27,290.5,0.52,0.67,N,VIIRS,2,2012
-2.02682,114.82399,2012-09-02,500,n,0,5.72,327.05,291.39,0.52,0.67,N,VIIRS,2,2012
-1.89926,115.17101,2012-09-02,500,n,0,4.93,327.11,292.42,0.49,0.65,N,VIIRS,2,2012
-1.62955,115.31578,2012-09-02,500,n,0,9.48,341.53,293.41,0.48,0.64,N,VIIRS,2,2012
-1.63024,115.31103,2012-09-02,500,n,0,8.73,351.57,293.9,0.48,0.64,N,VIIRS,2,2012
-1.62742,115.31586,2012-09-02,500,n,0,24.02,331.58,292.96,0.48,0.64,N,VIIRS,2,2012
-1.62815,115.3111,2012-09-02,500,n,0,29.5,351.98,297.34,0.48,0.64,N,VIIRS,2,2012
-1.60692,115.28995,2012-09-02,500,h,0,24.16,367.0,296.95,0.48,0.65,N,VIIRS,2,2012
-1.55271,114.49888,2012-09-02,500,n,0,5.53,330.61,288.9,0.54,0.68,N,VIIRS,2,2012
-0.96688,117.14873,2012-09-02,500,n,2,2.41,331.0,292.13,0.35,0.57,N,VIIRS,2,2012
-0.96164,117.14799,2012-09-02,500,h,2,3.79,367.0,292.22,0.35,0.57,N,VIIRS,2,2012
-0.96117,117.15111,2012-09-02,500,n,2,3.79,330.44,292.04,0.35,0.57,N,VIIRS,2,2012
-0.8529,116.88257,2012-09-02,500,n,0,3.54,340.0,292.75,0.36,0.58,N,VIIRS,2,2012
-0.57301,117.49806,2012-09-02,500,n,0,6.49,347.63,291.84,0.33,0.55,N,VIIRS,2,2012
-0.57345,117.49512,2012-09-02,500,n,0,4.45,340.52,290.94,0.33,0.55,N,VIIRS,2,2012
-0.57501,117.49638,2012-09-02,500,n,0,7.53,354.39,293.38,0.33,0.55,N,VIIRS,2,2012
-0.6434,116.38396,2012-09-02,500,n,0,4.44,331.96,293.41,0.39,0.59,N,VIIRS,2,2012
-0.5551,116.86366,2012-09-02,500,n,0,1.57,329.36,284.96,0.36,0.57,N,VIIRS,2,2012
-0.64377,116.38294,2012-09-02,500,n,0,4.52,342.02,294.2,0.39,0.59,N,VIIRS,2,2012
-0.50952,116.30389,2012-09-02,500,h,0,7.69,367.0,295.89,0.39,0.59,N,VIIRS,2,2012
-0.51007,116.30035,2012-09-02,500,n,0,7.69,345.33,294.18,0.39,0.59,N,VIIRS,2,2012
-0.49578,116.35619,2012-09-02,500,n,0,4.52,341.42,294.35,0.39,0.59,N,VIIRS,2,2012
-0.37413,116.52539,2012-09-02,500,n,0,1.67,328.82,293.46,0.38,0.58,N,VIIRS,2,2012
-0.24725,117.20327,2012-09-02,500,h,0,13.43,367.0,292.87,0.34,0.56,N,VIIRS,2,2012
-0.33778,116.07185,2012-09-02,500,n,0,3.48,337.29,268.22,0.4,0.6,N,VIIRS,2,2012
-0.16991,116.69135,2012-09-02,500,n,0,3.96,327.35,280.51,0.36,0.58,N,VIIRS,2,2012
-0.05062,116.77588,2012-09-02,500,n,0,1.62,326.49,291.93,0.36,0.57,N,VIIRS,2,2012
0.06944,116.41434,2012-09-02,500,n,0,1.78,326.2,289.63,0.38,0.59,N,VIIRS,2,2012
0.56612,117.27564,2012-09-02,500,n,0,2.14,329.48,282.44,0.32,0.55,N,VIIRS,2,2012
0.95149,116.88647,2012-09-02,501,n,0,1.93,330.51,292.17,0.34,0.56,N,VIIRS,2,2012
-2.48052,114.17194,2012-09-02,640,n,0,17.67,344.17,284.77,0.7,0.75,N,VIIRS,2,2012
-2.48163,114.16547,2012-09-02,640,n,0,15.92,331.58,289.89,0.7,0.75,N,VIIRS,2,2012
-2.45895,114.25579,2012-09-02,640,n,0,9.36,327.75,294.51,0.71,0.75,N,VIIRS,2,2012
-2.45082,114.26119,2012-09-02,640,n,0,12.28,329.4,295.02,0.71,0.75,N,VIIRS,2,2012
-2.45196,114.25457,2012-09-02,640,n,0,12.54,352.15,292.86,0.71,0.75,N,VIIRS,2,2012
-2.4688,114.15679,2012-09-02,640,n,0,19.03,352.14,290.32,0.7,0.75,N,VIIRS,2,2012
-2.44381,114.26011,2012-09-02,640,n,0,12.28,330.23,296.64,0.71,0.75,N,VIIRS,2,2012
-2.44495,114.25348,2012-09-02,640,n,0,12.54,343.99,294.29,0.71,0.75,N,VIIRS,2,2012
-2.46071,114.1622,2012-09-02,640,n,0,19.03,340.08,281.87,0.7,0.75,N,VIIRS,2,2012
-2.46183,114.15569,2012-09-02,640,l,0,19.03,356.6,287.3,0.7,0.75,N,VIIRS,2,2012
-2.43679,114.25903,2012-09-02,640,n,0,15.73,330.83,297.71,0.71,0.75,N,VIIRS,2,2012
-2.43794,114.25241,2012-09-02,640,n,0,12.3,337.28,293.75,0.71,0.75,N,VIIRS,2,2012
-2.483,114.16887,2012-09-02,640,n,0,22.24,349.64,287.94,0.7,0.75,N,VIIRS,2,2012
-2.45392,114.25819,2012-09-02,640,n,0,15.62,339.19,294.06,0.71,0.75,N,VIIRS,2,2012
-2.47013,114.16013,2012-09-02,640,n,0,19.03,327.99,287.37,0.7,0.75,N,VIIRS,2,2012
-2.44691,114.25706,2012-09-02,640,h,0,8.3,367.0,296.75,0.71,0.75,N,VIIRS,2,2012
-2.448,114.25045,2012-09-02,640,n,0,8.3,328.28,291.7,0.71,0.75,N,VIIRS,2,2012
-2.46316,114.15903,2012-09-02,640,l,0,41.44,356.12,286.57,0.7,0.75,N,VIIRS,2,2012
-2.46424,114.1525,2012-09-02,640,l,0,22.48,355.98,285.44,0.7,0.75,N,VIIRS,2,2012
-2.4399,114.25595,2012-09-02,640,n,0,8.3,335.61,296.37,0.71,0.75,N,VIIRS,2,2012
-2.44099,114.24935,2012-09-02,640,n,0,8.3,333.3,293.35,0.71,0.75,N,VIIRS,2,2012
-2.43288,114.25487,2012-09-02,640,n,0,8.73,336.67,294.81,0.71,0.75,N,VIIRS,2,2012
-2.25631,113.95958,2012-09-02,640,n,0,7.3,342.41,290.98,0.68,0.74,N,VIIRS,2,2012
-2.12565,113.85241,2012-09-02,640,n,0,13.23,333.49,293.55,0.67,0.74,N,VIIRS,2,2012
-2.12675,113.84853,2012-09-02,640,n,0,8.7,340.76,294.89,0.67,0.74,N,VIIRS,2,2012
2.41502,117.94163,2012-09-02,1740,n,0,1.0,307.72,291.84,0.42,0.37,N,VIIRS,2,2012
2.0498,117.09301,2012-09-02,1740,n,0,0.85,309.55,291.19,0.4,0.37,N,VIIRS,2,2012
1.95482,117.73473,2012-09-02,1740,n,0,1.01,306.87,289.95,0.41,0.37,N,VIIRS,2,2012
2.07727,117.09367,2012-09-02,1740,n,0,1.89,319.96,291.37,0.4,0.37,N,VIIRS,2,2012
2.07783,117.09013,2012-09-02,1740,n,0,0.73,309.2,290.79,0.4,0.37,N,VIIRS,2,2012
2.0767,117.09723,2012-09-02,1740,n,0,1.89,322.48,291.5,0.4,0.37,N,VIIRS,2,2012
2.08063,117.09419,2012-09-02,1740,n,0,0.85,312.22,291.21,0.4,0.37,N,VIIRS,2,2012
2.12059,117.65813,2012-09-02,1740,n,0,1.94,303.77,285.74,0.41,0.37,N,VIIRS,2,2012
2.12117,117.65446,2012-09-02,1740,n,0,1.94,329.91,287.73,0.41,0.37,N,VIIRS,2,2012
2.19907,117.53893,2012-09-02,1740,n,0,1.05,304.15,284.19,0.41,0.37,N,VIIRS,2,2012
2.40067,117.9432,2012-09-02,1740,n,0,0.74,306.76,291.36,0.42,0.37,N,VIIRS,2,2012
2.40587,117.93253,2012-09-02,1740,n,0,0.9,304.94,291.46,0.42,0.37,N,VIIRS,2,2012
2.4099,117.92934,2012-09-02,1740,n,0,0.94,304.52,291.25,0.42,0.37,N,VIIRS,2,2012
2.40931,117.93307,2012-09-02,1740,n,0,2.41,333.53,291.97,0.42,0.37,N,VIIRS,2,2012
2.41275,117.93361,2012-09-02,1740,n,0,2.41,306.95,291.53,0.42,0.37,N,VIIRS,2,2012
2.4151,117.91871,2012-09-02,1740,n,0,1.4,313.92,291.18,0.42,0.37,N,VIIRS,2,2012
2.41217,117.93736,2012-09-02,1740,n,0,2.41,322.75,292.05,0.42,0.37,N,VIIRS,2,2012
2.41561,117.9379,2012-09-02,1740,n,0,1.38,307.45,291.33,0.42,0.37,N,VIIRS,2,2012
2.41619,117.93416,2012-09-02,1740,n,0,1.38,321.29,292.03,0.42,0.37,N,VIIRS,2,2012
2.41678,117.93043,2012-09-02,1740,n,0,6.56,338.61,292.14,0.42,0.37,N,VIIRS,2,2012
2.41963,117.93471,2012-09-02,1740,n,0,1.38,319.6,292.09,0.42,0.37,N,VIIRS,2,2012
2.42022,117.93098,2012-09-02,1740,n,0,6.56,340.39,292.89,0.42,0.37,N,VIIRS,2,2012
2.42081,117.92725,2012-09-02,1740,n,0,6.56,334.74,292.89,0.42,0.37,N,VIIRS,2,2012
2.42073,117.9502,2012-09-02,1740,n,0,1.92,315.87,292.35,0.42,0.37,N,VIIRS,2,2012
-0.82147,115.88255,2012-09-02,1741,n,0,0.52,298.92,273.16,0.39,0.36,N,VIIRS,2,2012
-0.84185,113.97941,2012-09-02,1741,n,0,0.49,297.78,282.92,0.4,0.37,N,VIIRS,2,2012
-1.09443,114.23219,2012-09-02,1741,n,0,0.6,302.43,273.73,0.39,0.36,N,VIIRS,2,2012
0.09628,117.47748,2012-09-02,1741,n,2,0.61,304.58,278.6,0.42,0.38,N,VIIRS,2,2012
-0.58417,117.38283,2012-09-02,1741,n,2,0.78,300.32,279.32,0.42,0.38,N,VIIRS,2,2012
-0.67697,117.23854,2012-09-02,1741,n,0,1.17,302.02,282.22,0.42,0.37,N,VIIRS,2,2012
-0.68549,117.05201,2012-09-02,1741,n,0,0.47,299.45,277.12,0.41,0.37,N,VIIRS,2,2012
0.87195,117.11638,2012-09-02,1741,n,0,0.22,299.91,279.9,0.4,0.37,N,VIIRS,2,2012
0.18517,117.48666,2012-09-02,1741,n,2,0.57,295.15,267.16,0.42,0.38,N,VIIRS,2,2012
0.18172,117.48612,2012-09-02,1741,n,2,0.62,295.82,269.09,0.42,0.38,N,VIIRS,2,2012
-0.53243,115.59116,2012-09-02,1741,n,0,1.71,315.07,277.41,0.38,0.36,N,VIIRS,2,2012
-0.53575,115.59065,2012-09-02,1741,n,0,0.71,303.46,277.47,0.38,0.36,N,VIIRS,2,2012
-0.80852,117.10093,2012-09-02,1741,n,0,1.58,310.11,287.84,0.41,0.37,N,VIIRS,2,2012
-0.96284,117.14999,2012-09-02,1741,n,2,0.73,315.2,287.41,0.42,0.37,N,VIIRS,2,2012
-0.96628,117.14947,2012-09-02,1741,n,2,0.73,303.69,286.79,0.42,0.37,N,VIIRS,2,2012
-2.00916,116.02877,2012-09-02,1742,n,0,0.3,302.76,291.79,0.39,0.36,N,VIIRS,2,2012
-2.01252,116.02826,2012-09-02,1742,n,0,1.12,321.46,292.43,0.39,0.36,N,VIIRS,2,2012
-2.01532,116.02422,2012-09-02,1742,n,0,1.62,313.49,291.85,0.39,0.36,N,VIIRS,2,2012
-1.97682,115.37337,2012-09-02,1742,n,0,0.91,303.52,293.04,0.39,0.36,N,VIIRS,2,2012
-1.94152,113.70711,2012-09-02,1742,n,0,0.92,312.45,287.5,0.4,0.37,N,VIIRS,2,2012
-2.49651,114.16016,2012-09-02,1742,n,0,1.19,304.67,283.18,0.39,0.36,N,VIIRS,2,2012
-2.49445,114.16404,2012-09-02,1742,n,0,1.85,330.07,286.87,0.39,0.36,N,VIIRS,2,2012
-2.4939,114.16056,2012-09-02,1742,n,0,2.76,330.84,287.61,0.39,0.36,N,VIIRS,2,2012
-2.49336,114.15708,2012-09-02,1742,n,0,2.76,322.43,286.1,0.39,0.36,N,VIIRS,2,2012
-2.49112,114.16456,2012-09-02,1742,n,0,1.85,303.12,284.97,0.39,0.36,N,VIIRS,2,2012
-2.48833,114.16855,2012-09-02,1742,n,0,1.26,308.84,284.21,0.39,0.36,N,VIIRS,2,2012
-2.48779,114.16508,2012-09-02,1742,n,0,1.26,311.41,285.56,0.39,0.36,N,VIIRS,2,2012
-2.48609,114.17603,2012-09-02,1742,n,0,2.35,310.55,285.62,0.39,0.36,N,VIIRS,2,2012
-2.485,114.16907,2012-09-02,1742,n,0,1.26,311.79,285.71,0.39,0.36,N,VIIRS,2,2012
-2.48555,114.17255,2012-09-02,1742,n,0,2.35,332.01,287.8,0.39,0.36,N,VIIRS,2,2012
-2.48221,114.17307,2012-09-02,1742,n,0,1.28,313.23,288.28,0.39,0.36,N,VIIRS,2,2012
-2.48167,114.16959,2012-09-02,1742,n,0,2.49,315.22,287.55,0.39,0.36,N,VIIRS,2,2012
-2.47888,114.17358,2012-09-02,1742,n,0,1.28,302.12,286.53,0.39,0.36,N,VIIRS,2,2012
-2.4761,114.17758,2012-09-02,1742,n,0,2.16,309.37,287.0,0.39,0.36,N,VIIRS,2,2012
-2.47337,114.1602,2012-09-02,1742,n,0,2.15,305.13,284.58,0.39,0.36,N,VIIRS,2,2012
-2.47227,114.15324,2012-09-02,1742,n,0,3.8,299.97,284.06,0.39,0.36,N,VIIRS,2,2012
-2.47282,114.15672,2012-09-02,1742,n,0,3.8,349.06,288.37,0.39,0.36,N,VIIRS,2,2012
-2.47167,114.17116,2012-09-02,1742,n,0,1.19,299.48,283.54,0.39,0.36,N,VIIRS,2,2012
-2.46894,114.15376,2012-09-02,1742,n,0,3.8,313.4,285.64,0.39,0.36,N,VIIRS,2,2012
-2.47003,114.16072,2012-09-02,1742,n,0,2.15,327.03,286.82,0.39,0.36,N,VIIRS,2,2012
-2.46949,114.15724,2012-09-02,1742,n,0,3.8,339.27,288.26,0.39,0.36,N,VIIRS,2,2012
-2.46889,114.17515,2012-09-02,1742,n,0,1.93,310.78,284.6,0.39,0.36,N,VIIRS,2,2012
-2.46725,114.16472,2012-09-02,1742,n,0,1.58,311.91,285.71,0.39,0.36,N,VIIRS,2,2012
-2.4667,114.16124,2012-09-02,1742,n,0,1.58,303.4,284.83,0.39,0.36,N,VIIRS,2,2012
-2.46615,114.15776,2012-09-02,1742,n,0,0.86,307.22,285.1,0.39,0.36,N,VIIRS,2,2012
-2.46561,114.15428,2012-09-02,1742,n,0,0.86,303.36,285.31,0.39,0.36,N,VIIRS,2,2012
-2.46834,114.17168,2012-09-02,1742,n,0,3.77,343.12,287.4,0.39,0.36,N,VIIRS,2,2012
-2.46779,114.1682,2012-09-02,1742,n,0,3.77,331.13,287.18,0.39,0.36,N,VIIRS,2,2012
-2.46337,114.16176,2012-09-02,1742,n,0,1.58,300.69,284.93,0.39,0.36,N,VIIRS,2,2012
-2.46282,114.15828,2012-09-02,1742,n,0,0.86,305.62,285.84,0.39,0.36,N,VIIRS,2,2012
-2.46227,114.1548,2012-09-02,1742,n,0,0.86,312.78,285.83,0.39,0.36,N,VIIRS,2,2012
-2.46173,114.15132,2012-09-02,1742,n,0,1.16,309.16,285.39,0.39,0.36,N,VIIRS,2,2012
-2.46556,114.17567,2012-09-02,1742,n,0,1.93,323.99,285.58,0.39,0.36,N,VIIRS,2,2012
-2.46501,114.1722,2012-09-02,1742,n,0,3.77,334.26,288.33,0.39,0.36,N,VIIRS,2,2012
-2.46446,114.16872,2012-09-02,1742,n,0,3.77,326.68,287.64,0.39,0.36,N,VIIRS,2,2012
-2.46392,114.16524,2012-09-02,1742,n,0,1.58,332.51,288.08,0.39,0.36,N,VIIRS,2,2012
-2.46222,114.17619,2012-09-02,1742,n,0,2.19,321.95,284.65,0.39,0.36,N,VIIRS,2,2012
-2.46168,114.17271,2012-09-02,1742,n,0,3.94,349.74,289.21,0.39,0.36,N,VIIRS,2,2012
-2.46113,114.16924,2012-09-02,1742,n,0,3.94,323.63,286.37,0.39,0.36,N,VIIRS,2,2012
-2.45835,114.17323,2012-09-02,1742,n,0,3.94,312.78,285.54,0.39,0.36,N,VIIRS,2,2012
-2.45889,114.1767,2012-09-02,1742,n,0,2.19,327.46,286.76,0.39,0.36,N,VIIRS,2,2012
-2.45094,114.2562,2012-09-02,1742,n,0,0.98,303.03,285.17,0.39,0.36,N,VIIRS,2,2012
-2.44761,114.25672,2012-09-02,1742,n,0,0.67,301.16,285.35,0.39,0.36,N,VIIRS,2,2012
-2.44707,114.25325,2012-09-02,1742,n,0,1.12,311.47,287.09,0.39,0.36,N,VIIRS,2,2012
-2.44319,114.25031,2012-09-02,1742,n,0,1.12,305.3,285.82,0.39,0.36,N,VIIRS,2,2012
-2.43986,114.25082,2012-09-02,1742,n,0,0.71,299.0,284.43,0.39,0.36,N,VIIRS,2,2012
-2.39946,114.37764,2012-09-02,1742,n,0,6.11,349.96,297.72,0.39,0.36,N,VIIRS,2,2012
-2.39614,114.37816,2012-09-02,1742,n,0,6.11,323.98,294.2,0.39,0.36,N,VIIRS,2,2012
-2.39281,114.37867,2012-09-02,1742,n,0,1.12,313.02,292.14,0.39,0.36,N,VIIRS,2,2012
-2.38949,114.37919,2012-09-02,1742,n,0,1.12,311.32,292.27,0.39,0.36,N,VIIRS,2,2012
-2.4088,115.36649,2012-09-02,1742,n,0,0.62,305.07,291.79,0.39,0.36,N,VIIRS,2,2012
-0.32865,116.99767,2012-09-03,441,n,0,6.05,329.67,277.58,0.73,0.76,N,VIIRS,2,2012
-0.32479,116.9989,2012-09-03,441,n,0,8.63,334.84,277.29,0.73,0.76,N,VIIRS,2,2012
-0.4109,117.32259,2012-09-03,441,n,0,16.16,348.02,282.39,0.7,0.75,N,VIIRS,2,2012
-0.41001,117.32437,2012-09-03,441,n,0,11.42,355.91,282.51,0.7,0.75,N,VIIRS,2,2012
1.35144,118.43153,2012-09-03,442,n,0,6.68,327.16,273.44,0.55,0.68,N,VIIRS,2,2012
2.11663,117.43345,2012-09-03,442,n,0,7.38,339.13,284.27,0.63,0.72,N,VIIRS,2,2012
2.12459,117.1301,2012-09-03,442,n,0,5.58,327.1,284.15,0.66,0.73,N,VIIRS,2,2012
2.2231,117.55743,2012-09-03,442,n,0,9.71,337.51,277.34,0.61,0.71,N,VIIRS,2,2012
2.20228,117.04749,2012-09-03,442,n,0,16.42,342.3,284.93,0.67,0.73,N,VIIRS,2,2012
-2.39638,115.68651,2012-09-03,621,n,0,6.32,341.07,288.17,0.43,0.62,N,VIIRS,2,2012
-1.6044,116.43952,2012-09-03,621,n,0,6.54,353.13,293.17,0.49,0.65,N,VIIRS,2,2012
-1.60513,116.435,2012-09-03,621,n,0,6.54,342.33,292.83,0.49,0.65,N,VIIRS,2,2012
-1.77047,115.26399,2012-09-03,621,h,0,60.16,367.0,296.18,0.41,0.6,N,VIIRS,2,2012
-1.77107,115.2603,2012-09-03,621,n,0,40.36,331.6,295.32,0.41,0.6,N,VIIRS,2,2012
-1.77862,115.17834,2012-09-03,621,n,0,5.06,353.24,291.92,0.4,0.6,N,VIIRS,2,2012
-1.60786,115.28577,2012-09-03,621,h,0,15.37,367.0,294.46,0.41,0.61,N,VIIRS,2,2012
-1.60503,115.28764,2012-09-03,621,n,0,7.3,342.34,290.21,0.41,0.61,N,VIIRS,2,2012
-1.60561,115.28395,2012-09-03,621,n,0,7.3,343.93,292.92,0.41,0.61,N,VIIRS,2,2012
-1.60148,115.23716,2012-09-03,621,n,0,3.99,337.78,294.36,0.41,0.61,N,VIIRS,2,2012
-1.68696,114.69786,2012-09-03,621,n,0,1.86,333.74,291.88,0.37,0.58,N,VIIRS,2,2012
-1.58349,114.50084,2012-09-03,621,n,0,4.12,335.56,293.48,0.36,0.58,N,VIIRS,2,2012
-1.92042,114.89337,2012-09-03,621,n,0,4.52,333.6,295.05,0.38,0.59,N,VIIRS,2,2012
-1.83677,115.58462,2012-09-03,621,n,0,2.19,331.63,293.5,0.43,0.62,N,VIIRS,2,2012
-1.91241,115.3673,2012-09-03,621,n,0,3.34,334.96,294.46,0.41,0.61,N,VIIRS,2,2012
-2.00734,114.91041,2012-09-03,621,n,0,4.45,335.58,293.59,0.38,0.59,N,VIIRS,2,2012
-2.00791,114.91172,2012-09-03,621,n,0,6.27,334.07,294.54,0.38,0.59,N,VIIRS,2,2012
-1.95264,115.31684,2012-09-03,621,n,0,3.69,335.2,294.41,0.41,0.61,N,VIIRS,2,2012
-2.01917,114.94566,2012-09-03,621,n,0,4.39,334.28,293.04,0.38,0.59,N,VIIRS,2,2012
-1.87403,116.08949,2012-09-03,621,n,0,4.98,334.04,288.12,0.46,0.64,N,VIIRS,2,2012
-2.01174,115.3074,2012-09-03,621,n,0,5.68,354.65,296.02,0.41,0.6,N,VIIRS,2,2012
-1.89939,116.04479,2012-09-03,621,n,0,26.23,355.39,287.49,0.46,0.63,N,VIIRS,2,2012
-1.89867,116.04932,2012-09-03,621,n,0,22.21,334.16,286.92,0.46,0.63,N,VIIRS,2,2012
-1.91482,116.02388,2012-09-03,621,n,0,4.62,342.94,282.11,0.46,0.63,N,VIIRS,2,2012
-2.0022,115.62325,2012-09-03,621,n,0,6.67,347.89,293.83,0.43,0.62,N,VIIRS,2,2012
-2.01524,115.57771,2012-09-03,621,n,0,2.53,329.66,294.91,0.42,0.61,N,VIIRS,2,2012
-2.00329,115.62098,2012-09-03,621,n,0,3.0,334.09,293.4,0.43,0.62,N,VIIRS,2,2012
-2.0027,115.62452,2012-09-03,621,n,0,5.07,331.21,292.89,0.43,0.62,N,VIIRS,2,2012
-2.01243,115.63683,2012-09-03,621,n,0,7.78,354.03,294.16,0.43,0.62,N,VIIRS,2,2012
-2.09276,115.18245,2012-09-03,621,l,0,5.74,357.22,290.47,0.4,0.6,N,VIIRS,2,2012
-2.09218,115.18604,2012-09-03,621,n,0,5.74,332.49,290.58,0.4,0.6,N,VIIRS,2,2012
-2.28907,114.04362,2012-09-03,621,n,0,11.46,356.58,290.76,0.33,0.55,N,VIIRS,2,2012
-2.28858,114.04663,2012-09-03,621,h,0,17.49,367.0,292.96,0.33,0.55,N,VIIRS,2,2012
-2.07584,115.42731,2012-09-03,621,h,0,11.29,367.0,291.78,0.41,0.61,N,VIIRS,2,2012
-2.06493,115.56654,2012-09-03,621,n,0,5.39,337.14,295.08,0.42,0.61,N,VIIRS,2,2012
-2.20861,114.77873,2012-09-03,621,n,0,7.29,334.92,298.0,0.37,0.58,N,VIIRS,2,2012
-2.20807,114.78214,2012-09-03,621,n,0,7.25,340.41,297.24,0.37,0.58,N,VIIRS,2,2012
-2.12657,115.32736,2012-09-03,621,n,0,3.34,329.29,291.12,0.41,0.6,N,VIIRS,2,2012
-2.20035,114.86527,2012-09-03,621,h,0,8.45,367.0,297.27,0.38,0.59,N,VIIRS,2,2012
-2.1998,114.86871,2012-09-03,621,h,0,8.45,367.0,298.14,0.38,0.59,N,VIIRS,2,2012
-2.20523,114.86956,2012-09-03,621,n,0,9.69,348.64,296.85,0.38,0.59,N,VIIRS,2,2012
-2.20468,114.87302,2012-09-03,621,n,0,6.03,341.51,296.16,0.38,0.59,N,VIIRS,2,2012
-2.14983,115.21748,2012-09-03,621,h,0,9.34,367.0,295.95,0.4,0.6,N,VIIRS,2,2012
-2.21012,114.87386,2012-09-03,621,n,0,6.03,331.63,294.44,0.38,0.59,N,VIIRS,2,2012
-2.17652,115.22906,2012-09-03,621,h,0,7.24,367.0,294.74,0.4,0.6,N,VIIRS,2,2012
-2.15395,115.21922,2012-09-03,621,n,0,3.79,344.57,294.52,0.4,0.6,N,VIIRS,2,2012
-2.18059,115.23073,2012-09-03,621,n,0,3.67,343.73,291.21,0.4,0.6,N,VIIRS,2,2012
-2.1344,115.61736,2012-09-03,621,n,0,2.44,334.75,292.11,0.43,0.62,N,VIIRS,2,2012
-2.20464,115.65968,2012-09-03,621,n,0,1.96,330.73,294.09,0.43,0.62,N,VIIRS,2,2012
-2.46946,114.15565,2012-09-03,621,n,0,3.67,335.61,295.71,0.33,0.56,N,VIIRS,2,2012
-2.46896,114.1587,2012-09-03,621,n,0,6.67,341.29,293.64,0.33,0.56,N,VIIRS,2,2012
-2.46696,114.17091,2012-09-03,621,n,0,3.39,329.63,294.5,0.34,0.56,N,VIIRS,2,2012
-2.46646,114.17397,2012-09-03,621,n,0,3.39,332.12,294.14,0.34,0.56,N,VIIRS,2,2012
-2.35748,114.83863,2012-09-03,621,n,0,3.07,334.4,294.49,0.37,0.58,N,VIIRS,2,2012
-2.47461,114.15643,2012-09-03,621,n,0,3.67,329.16,294.96,0.33,0.56,N,VIIRS,2,2012
-2.47412,114.15948,2012-09-03,621,n,0,6.67,336.14,297.07,0.33,0.56,N,VIIRS,2,2012
-2.21986,115.70987,2012-09-03,621,h,0,12.76,367.0,294.4,0.43,0.62,N,VIIRS,2,2012
-2.22617,115.7073,2012-09-03,621,n,0,46.17,349.69,294.95,0.43,0.62,N,VIIRS,2,2012
-2.22556,115.711,2012-09-03,621,h,0,46.17,367.0,302.46,0.43,0.62,N,VIIRS,2,2012
-2.41254,114.91043,2012-09-03,621,n,0,2.7,329.37,295.29,0.38,0.59,N,VIIRS,2,2012
-2.31897,115.64151,2012-09-03,621,n,0,6.85,338.86,294.7,0.42,0.61,N,VIIRS,2,2012
-2.31836,115.64533,2012-09-03,621,n,0,6.85,353.05,294.86,0.42,0.61,N,VIIRS,2,2012
-2.32346,115.65009,2012-09-03,621,n,0,8.35,337.68,294.18,0.42,0.61,N,VIIRS,2,2012
-2.32286,115.65392,2012-09-03,621,n,0,8.35,350.76,294.4,0.43,0.62,N,VIIRS,2,2012
-2.32062,115.64204,2012-09-03,621,n,0,7.93,347.49,294.97,0.42,0.61,N,VIIRS,2,2012
-2.31999,115.64588,2012-09-03,621,n,0,7.93,348.15,295.26,0.42,0.61,N,VIIRS,2,2012
-2.41758,115.09155,2012-09-03,621,n,0,5.92,338.0,292.36,0.39,0.59,N,VIIRS,2,2012
-2.41641,115.09865,2012-09-03,621,n,0,7.34,337.6,290.6,0.39,0.59,N,VIIRS,2,2012
-2.32505,115.65065,2012-09-03,621,n,0,18.5,352.69,295.44,0.42,0.61,N,VIIRS,2,2012
-2.41699,115.09509,2012-09-03,621,h,0,7.34,367.0,292.0,0.39,0.59,N,VIIRS,2,2012
-2.32442,115.65445,2012-09-03,621,h,0,18.5,367.0,295.47,0.42,0.61,N,VIIRS,2,2012
-2.37641,115.37527,2012-09-03,621,n,0,3.64,331.26,293.61,0.41,0.6,N,VIIRS,2,2012
-2.38762,115.37701,2012-09-03,621,h,0,13.09,367.0,296.23,0.41,0.6,N,VIIRS,2,2012
-2.48084,114.87653,2012-09-03,621,n,0,5.79,333.43,295.97,0.37,0.58,N,VIIRS,2,2012
-2.46294,115.05511,2012-09-03,621,n,0,8.69,340.03,291.82,0.38,0.59,N,VIIRS,2,2012
-2.41426,115.35455,2012-09-03,621,n,0,6.26,347.49,297.24,0.4,0.6,N,VIIRS,2,2012
-2.41366,115.35825,2012-09-03,621,n,0,6.26,352.95,296.14,0.4,0.6,N,VIIRS,2,2012
-2.46842,115.05597,2012-09-03,621,h,0,8.69,367.0,293.59,0.38,0.59,N,VIIRS,2,2012
2.42238,117.92975,2012-09-03,622,l,0,59.38,356.13,284.77,0.71,0.75,N,VIIRS,2,2012
2.4214,117.92301,2012-09-03,622,n,0,45.89,350.05,284.44,0.71,0.75,N,VIIRS,2,2012
2.41339,117.9173,2012-09-03,622,n,0,8.98,332.51,283.59,0.71,0.75,N,VIIRS,2,2012
2.41436,117.92397,2012-09-03,622,n,0,8.98,327.55,283.45,0.71,0.75,N,VIIRS,2,2012
2.41533,117.93065,2012-09-03,622,n,0,9.91,345.26,283.74,0.71,0.75,N,VIIRS,2,2012
2.40828,117.93159,2012-09-03,622,n,0,9.91,338.41,284.79,0.71,0.75,N,VIIRS,2,2012
2.40925,117.93829,2012-09-03,622,n,0,9.91,325.05,285.41,0.71,0.75,N,VIIRS,2,2012
2.40221,117.93924,2012-09-03,622,n,0,11.81,337.67,285.01,0.71,0.75,N,VIIRS,2,2012
2.40319,117.94604,2012-09-03,622,n,0,10.35,328.14,285.07,0.71,0.75,N,VIIRS,2,2012
2.42424,117.92312,2012-09-03,622,n,0,23.09,334.58,284.07,0.71,0.75,N,VIIRS,2,2012
2.42526,117.92979,2012-09-03,622,n,0,23.09,329.19,284.05,0.71,0.75,N,VIIRS,2,2012
2.41821,117.93067,2012-09-03,622,l,0,23.09,357.4,284.89,0.71,0.75,N,VIIRS,2,2012
2.41618,117.91738,2012-09-03,622,n,0,13.2,330.44,283.58,0.71,0.75,N,VIIRS,2,2012
2.41719,117.92402,2012-09-03,622,n,0,23.09,354.28,284.1,0.71,0.75,N,VIIRS,2,2012
2.41116,117.93158,2012-09-03,622,n,0,11.46,332.63,284.8,0.71,0.75,N,VIIRS,2,2012
2.39808,117.94017,2012-09-03,622,n,0,6.02,329.2,284.84,0.71,0.75,N,VIIRS,2,2012
2.39909,117.94681,2012-09-03,622,n,0,6.02,332.32,285.25,0.71,0.75,N,VIIRS,2,2012
2.22135,117.04338,2012-09-03,622,l,0,43.1,357.89,278.11,0.62,0.71,N,VIIRS,2,2012
2.22221,117.04912,2012-09-03,622,n,0,43.1,336.03,276.75,0.62,0.71,N,VIIRS,2,2012
2.21375,117.03798,2012-09-03,622,l,0,83.53,357.07,278.45,0.62,0.71,N,VIIRS,2,2012
2.21463,117.04391,2012-09-03,622,l,0,43.1,356.98,277.24,0.62,0.71,N,VIIRS,2,2012
2.21552,117.04988,2012-09-03,622,l,0,43.1,357.07,277.58,0.62,0.71,N,VIIRS,2,2012
2.21209,117.02685,2012-09-03,622,n,0,14.15,327.62,277.75,0.62,0.71,N,VIIRS,2,2012
2.21292,117.03246,2012-09-03,622,n,0,83.53,349.87,279.02,0.62,0.71,N,VIIRS,2,2012
2.2164,117.05582,2012-09-03,622,n,0,28.57,327.04,275.83,0.62,0.71,N,VIIRS,2,2012
2.20884,117.05078,2012-09-03,622,l,0,55.55,356.46,276.49,0.62,0.71,N,VIIRS,2,2012
2.20711,117.03912,2012-09-03,622,n,0,31.59,329.14,276.87,0.62,0.71,N,VIIRS,2,2012
2.20798,117.04492,2012-09-03,622,n,0,55.55,347.05,278.73,0.62,0.71,N,VIIRS,2,2012
2.20972,117.05666,2012-09-03,622,n,0,17.91,325.07,274.95,0.62,0.71,N,VIIRS,2,2012
2.20129,117.04572,2012-09-03,622,l,0,55.55,356.49,276.99,0.62,0.71,N,VIIRS,2,2012
2.20042,117.03986,2012-09-03,622,n,0,31.59,353.12,276.44,0.62,0.71,N,VIIRS,2,2012
2.2021,117.05122,2012-09-03,622,n,0,55.55,335.09,275.58,0.62,0.71,N,VIIRS,2,2012
2.20382,117.06281,2012-09-03,622,n,0,17.91,355.05,272.38,0.62,0.71,N,VIIRS,2,2012
2.13968,117.09014,2012-09-03,622,n,0,8.71,333.69,278.48,0.62,0.72,N,VIIRS,2,2012
2.14319,117.09258,2012-09-03,622,n,0,6.12,332.4,277.74,0.62,0.72,N,VIIRS,2,2012
2.03301,117.0844,2012-09-03,622,n,0,9.46,333.12,279.79,0.62,0.71,N,VIIRS,2,2012
2.04888,117.19454,2012-09-03,622,n,0,11.94,353.03,274.94,0.63,0.72,N,VIIRS,2,2012
2.04975,117.20059,2012-09-03,622,n,0,11.94,332.17,273.13,0.63,0.72,N,VIIRS,2,2012
2.04706,117.19894,2012-09-03,622,l,0,25.73,357.01,275.93,0.63,0.72,N,VIIRS,2,2012
2.02959,117.08313,2012-09-03,622,n,0,6.72,344.21,280.96,0.62,0.71,N,VIIRS,2,2012
2.04616,117.19296,2012-09-03,622,n,0,25.73,330.02,275.2,0.63,0.72,N,VIIRS,2,2012
2.04127,117.20596,2012-09-03,622,l,0,41.34,357.07,273.45,0.63,0.72,N,VIIRS,2,2012
2.03457,117.20703,2012-09-03,622,n,0,9.85,346.04,274.1,0.63,0.72,N,VIIRS,2,2012
1.67924,115.08445,2012-09-03,622,n,0,3.22,329.59,291.0,0.45,0.63,N,VIIRS,2,2012
0.94559,114.08642,2012-09-03,622,n,0,1.58,327.51,289.67,0.37,0.58,N,VIIRS,2,2012
0.79116,114.10245,2012-09-03,622,n,0,2.24,327.78,277.47,0.37,0.58,N,VIIRS,2,2012
0.87651,114.66582,2012-09-03,622,n,0,5.09,339.55,286.77,0.41,0.61,N,VIIRS,2,2012
0.75688,114.46638,2012-09-03,622,n,0,2.65,330.57,287.26,0.39,0.6,N,VIIRS,2,2012
0.62806,116.12111,2012-09-03,622,n,0,5.21,334.87,288.15,0.51,0.66,N,VIIRS,2,2012
0.70691,116.69172,2012-09-03,622,n,0,5.76,328.67,282.22,0.56,0.69,N,VIIRS,2,2012
0.62909,116.12085,2012-09-03,622,n,0,5.06,335.39,288.06,0.51,0.66,N,VIIRS,2,2012
0.62935,116.61912,2012-09-03,622,n,0,6.71,342.1,286.23,0.55,0.68,N,VIIRS,2,2012
0.6267,116.61781,2012-09-03,622,n,0,7.83,347.72,287.25,0.55,0.68,N,VIIRS,2,2012
0.09422,117.4781,2012-09-03,622,n,2,3.83,335.85,287.08,0.61,0.71,N,VIIRS,2,2012
-0.49493,114.69362,2012-09-03,622,n,0,3.05,331.45,293.26,0.39,0.59,N,VIIRS,2,2012
-0.24296,116.38462,2012-09-03,622,n,0,9.87,340.79,290.45,0.51,0.66,N,VIIRS,2,2012
-0.0819,117.41763,2012-09-03,622,n,0,7.0,333.36,287.65,0.61,0.71,N,VIIRS,2,2012
-0.24914,116.38555,2012-09-03,622,n,0,6.03,348.9,293.08,0.51,0.66,N,VIIRS,2,2012
-0.2484,116.39027,2012-09-03,622,n,0,6.03,333.55,291.16,0.51,0.66,N,VIIRS,2,2012
-0.32625,116.2527,2012-09-03,622,n,0,5.12,335.39,288.49,0.5,0.66,N,VIIRS,2,2012
-0.39496,115.93632,2012-09-03,622,n,0,8.54,339.18,290.14,0.48,0.64,N,VIIRS,2,2012
-0.32239,116.51737,2012-09-03,622,n,0,4.14,331.96,287.82,0.52,0.67,N,VIIRS,2,2012
-0.40282,116.203,2012-09-03,622,n,0,4.9,326.81,290.53,0.5,0.66,N,VIIRS,2,2012
-0.26048,117.37199,2012-09-03,622,n,0,6.09,336.97,289.06,0.6,0.7,N,VIIRS,2,2012
-0.38786,117.28126,2012-09-03,622,n,0,3.32,327.36,287.43,0.59,0.7,N,VIIRS,2,2012
-0.69231,115.51555,2012-09-03,622,n,0,2.36,330.15,285.39,0.44,0.62,N,VIIRS,2,2012
-1.2933,115.30597,2012-09-03,622,n,0,2.63,335.41,292.19,0.42,0.61,N,VIIRS,2,2012
-1.4929,113.79044,2012-09-03,622,h,0,65.02,367.0,293.31,0.33,0.55,N,VIIRS,2,2012
-1.49196,113.79643,2012-09-03,622,n,0,21.66,339.67,290.41,0.33,0.55,N,VIIRS,2,2012
-1.49243,113.79343,2012-09-03,622,n,0,65.02,338.5,292.45,0.33,0.55,N,VIIRS,2,2012
-1.48731,113.79272,2012-09-03,622,h,0,65.02,367.0,297.0,0.33,0.55,N,VIIRS,2,2012
-1.48826,113.7867,2012-09-03,622,n,0,81.76,339.77,308.08,0.33,0.55,N,VIIRS,2,2012
-1.48874,113.78368,2012-09-03,622,n,0,81.76,344.22,295.16,0.33,0.55,N,VIIRS,2,2012
-1.27544,113.58072,2012-09-03,622,n,0,1.42,328.81,292.64,0.32,0.54,N,VIIRS,2,2012
-1.12786,114.46665,2012-09-03,622,n,0,3.13,337.91,292.1,0.37,0.58,N,VIIRS,2,2012
-1.02173,114.99604,2012-09-03,622,n,0,4.69,350.02,284.47,0.4,0.6,N,VIIRS,2,2012
-1.15764,113.5511,2012-09-03,622,h,0,19.02,367.0,295.02,0.32,0.54,N,VIIRS,2,2012
-0.65518,116.38609,2012-09-03,622,h,0,8.93,367.0,290.87,0.51,0.66,N,VIIRS,2,2012
-0.65444,116.39072,2012-09-03,622,n,0,8.93,336.21,290.63,0.51,0.66,N,VIIRS,2,2012
-0.92431,114.68054,2012-09-03,622,n,0,3.57,335.98,294.32,0.38,0.59,N,VIIRS,2,2012
-0.91217,114.72193,2012-09-03,622,n,0,2.62,335.99,294.34,0.39,0.59,N,VIIRS,2,2012
0.60101,117.2638,2012-09-03,622,n,0,12.52,347.46,288.0,0.61,0.71,N,VIIRS,2,2012
0.6033,117.262,2012-09-03,622,n,0,5.98,325.89,287.52,0.6,0.71,N,VIIRS,2,2012
0.60419,117.26764,2012-09-03,622,n,0,5.98,339.61,288.49,0.61,0.71,N,VIIRS,2,2012
-0.1039,115.56235,2012-09-03,622,n,0,3.67,337.76,275.81,0.45,0.63,N,VIIRS,2,2012
-0.33611,114.70549,2012-09-03,622,n,0,4.08,334.34,278.91,0.39,0.6,N,VIIRS,2,2012
1.37769,118.03111,2012-09-03,1722,n,0,0.47,297.42,279.72,0.43,0.38,N,VIIRS,2,2012
1.23659,118.03067,2012-09-03,1722,n,0,0.8,306.81,282.42,0.43,0.38,N,VIIRS,2,2012
1.15827,117.67861,2012-09-03,1722,n,2,0.65,297.15,276.43,0.44,0.39,N,VIIRS,2,2012
0.18234,117.48701,2012-09-03,1722,n,2,2.37,310.42,293.06,0.44,0.38,N,VIIRS,2,2012
0.09703,117.47883,2012-09-03,1722,n,2,2.26,330.28,295.29,0.44,0.38,N,VIIRS,2,2012
0.09765,117.47488,2012-09-03,1722,n,2,2.26,305.63,292.64,0.44,0.38,N,VIIRS,2,2012
0.08225,117.48058,2012-09-03,1722,n,3,1.65,309.93,294.6,0.44,0.38,N,VIIRS,2,2012
0.08163,117.48453,2012-09-03,1722,n,3,1.65,309.53,295.17,0.44,0.38,N,VIIRS,2,2012
-0.32067,116.83917,2012-09-03,1722,n,0,1.26,312.32,292.23,0.47,0.4,N,VIIRS,2,2012
-0.58388,117.3819,2012-09-03,1722,n,2,0.52,302.79,291.38,0.44,0.38,N,VIIRS,2,2012
-0.58449,117.38584,2012-09-03,1722,n,2,0.52,303.09,291.87,0.44,0.38,N,VIIRS,2,2012
-0.67686,117.23871,2012-09-03,1722,n,0,1.29,305.95,290.69,0.44,0.39,N,VIIRS,2,2012
-0.67624,117.23987,2012-09-03,1722,n,0,1.64,312.37,291.38,0.44,0.39,N,VIIRS,2,2012
-0.53454,115.58953,2012-09-03,1722,n,0,1.1,305.91,291.35,0.54,0.42,N,VIIRS,2,2012
-0.53844,115.58892,2012-09-03,1722,n,0,1.1,308.51,290.71,0.54,0.42,N,VIIRS,2,2012
-0.77229,117.02783,2012-09-03,1722,n,0,1.37,302.47,275.71,0.45,0.39,N,VIIRS,2,2012
-0.80593,117.10112,2012-09-03,1722,n,0,1.83,310.9,291.2,0.45,0.39,N,VIIRS,2,2012
-0.81077,117.1086,2012-09-03,1722,n,0,1.47,304.5,290.01,0.45,0.39,N,VIIRS,2,2012
-0.71876,116.08644,2012-09-03,1722,n,0,0.64,304.49,291.85,0.51,0.41,N,VIIRS,2,2012
-0.71908,116.08858,2012-09-03,1722,n,0,0.49,302.99,291.65,0.51,0.41,N,VIIRS,2,2012
-0.67891,115.51479,2012-09-03,1722,n,0,3.13,324.13,291.9,0.55,0.42,N,VIIRS,2,2012
-0.70866,115.50007,2012-09-03,1722,n,0,1.2,316.39,291.41,0.55,0.42,N,VIIRS,2,2012
-0.70943,115.505,2012-09-03,1722,n,0,1.2,305.9,291.25,0.55,0.42,N,VIIRS,2,2012
-0.71257,115.49947,2012-09-03,1722,n,0,1.2,303.67,290.79,0.55,0.42,N,VIIRS,2,2012
-0.85551,115.87674,2012-09-03,1722,n,0,1.38,311.11,291.94,0.52,0.41,N,VIIRS,2,2012
-0.92534,114.67854,2012-09-03,1722,n,0,0.36,302.28,290.14,0.41,0.45,N,VIIRS,2,2012
-1.51152,114.66451,2012-09-03,1723,n,0,1.52,320.4,291.49,0.4,0.44,N,VIIRS,2,2012
-1.51095,114.66091,2012-09-03,1723,n,0,1.52,308.91,290.93,0.4,0.44,N,VIIRS,2,2012
-1.64084,115.22366,2012-09-03,1723,n,0,3.39,315.96,291.97,0.55,0.43,N,VIIRS,2,2012
-1.48803,113.78419,2012-09-03,1723,n,0,2.5,316.61,289.89,0.45,0.47,N,VIIRS,2,2012
-1.48868,113.78825,2012-09-03,1723,n,0,2.5,313.41,290.28,0.45,0.47,N,VIIRS,2,2012
-1.48933,113.79234,2012-09-03,1723,n,0,2.34,312.21,290.61,0.45,0.47,N,VIIRS,2,2012
-1.8572,115.07138,2012-09-03,1723,n,0,0.53,303.8,291.93,0.56,0.43,N,VIIRS,2,2012
-2.01059,116.02493,2012-09-03,1723,n,0,2.82,321.17,281.23,0.49,0.4,N,VIIRS,2,2012
-1.86045,115.07411,2012-09-03,1723,n,0,1.25,308.77,291.83,0.56,0.43,N,VIIRS,2,2012
-2.20667,114.78146,2012-09-03,1723,n,0,2.08,326.54,293.2,0.38,0.43,N,VIIRS,2,2012
-2.20613,114.77802,2012-09-03,1723,n,0,1.69,306.12,291.42,0.38,0.43,N,VIIRS,2,2012
-2.41096,115.36345,2012-09-03,1723,n,0,1.32,304.43,289.13,0.53,0.42,N,VIIRS,2,2012
-2.27897,114.3688,2012-09-03,1723,n,0,1.62,308.11,291.44,0.41,0.45,N,VIIRS,2,2012
-2.27703,114.36905,2012-09-03,1723,n,0,1.16,302.5,291.32,0.41,0.45,N,VIIRS,2,2012
-2.4614,114.88264,2012-09-03,1723,n,0,2.1,306.15,292.04,0.56,0.43,N,VIIRS,2,2012
-2.39082,114.37724,2012-09-03,1723,n,0,0.92,303.39,291.75,0.4,0.44,N,VIIRS,2,2012
-2.39902,114.3759,2012-09-03,1723,n,0,0.81,303.46,291.37,0.4,0.44,N,VIIRS,2,2012
-2.39961,114.37952,2012-09-03,1723,n,0,0.95,309.78,291.94,0.4,0.44,N,VIIRS,2,2012
-2.47916,114.40391,2012-09-03,1723,n,0,1.41,314.87,291.49,0.4,0.44,N,VIIRS,2,2012
-2.45963,114.17288,2012-09-03,1723,n,0,2.89,325.81,294.68,0.42,0.45,N,VIIRS,2,2012
-2.46022,114.17663,2012-09-03,1723,n,0,2.89,320.32,293.8,0.41,0.45,N,VIIRS,2,2012
-2.4632,114.16846,2012-09-03,1723,n,0,2.99,326.63,294.26,0.42,0.45,N,VIIRS,2,2012
-2.46379,114.17221,2012-09-03,1723,n,0,2.89,329.71,294.57,0.42,0.45,N,VIIRS,2,2012
-2.46437,114.17596,2012-09-03,1723,n,0,2.89,320.2,293.61,0.41,0.45,N,VIIRS,2,2012
-2.46084,114.15347,2012-09-03,1723,n,0,2.18,315.41,292.56,0.42,0.45,N,VIIRS,2,2012
-2.46143,114.15721,2012-09-03,1723,n,0,1.6,307.27,292.03,0.42,0.45,N,VIIRS,2,2012
-2.46261,114.16472,2012-09-03,1723,n,0,2.99,311.78,292.69,0.42,0.45,N,VIIRS,2,2012
-2.4609,114.17355,2012-09-03,1723,n,0,3.36,333.7,295.37,0.41,0.45,N,VIIRS,2,2012
-2.46029,114.1698,2012-09-03,1723,n,0,2.86,317.11,293.31,0.41,0.45,N,VIIRS,2,2012
-2.46152,114.17728,2012-09-03,1723,n,0,3.36,309.34,292.49,0.41,0.45,N,VIIRS,2,2012
-2.46444,114.16914,2012-09-03,1723,n,0,2.46,328.47,294.43,0.41,0.45,N,VIIRS,2,2012
-2.46506,114.17287,2012-09-03,1723,n,0,3.06,334.84,295.08,0.41,0.45,N,VIIRS,2,2012
-2.46198,114.15417,2012-09-03,1723,n,0,3.82,315.84,292.68,0.42,0.45,N,VIIRS,2,2012
-2.4626,114.15791,2012-09-03,1723,n,0,1.35,307.27,292.53,0.42,0.45,N,VIIRS,2,2012
-2.46383,114.1654,2012-09-03,1723,n,0,2.46,318.08,293.14,0.42,0.45,N,VIIRS,2,2012
-2.46567,114.17661,2012-09-03,1723,n,0,3.06,316.61,293.19,0.41,0.45,N,VIIRS,2,2012
-2.46675,114.15723,2012-09-03,1723,n,0,1.35,307.61,292.5,0.42,0.45,N,VIIRS,2,2012
-2.46737,114.16098,2012-09-03,1723,n,0,1.35,305.75,292.31,0.42,0.45,N,VIIRS,2,2012
-2.46798,114.16473,2012-09-03,1723,n,0,2.46,305.31,292.26,0.42,0.45,N,VIIRS,2,2012
-2.4686,114.16847,2012-09-03,1723,n,0,2.46,316.72,292.5,0.41,0.45,N,VIIRS,2,2012
-2.46921,114.1722,2012-09-03,1723,n,0,3.06,317.98,292.22,0.41,0.45,N,VIIRS,2,2012
-2.47091,114.15656,2012-09-03,1723,n,0,3.56,349.87,296.05,0.42,0.45,N,VIIRS,2,2012
-2.47152,114.16031,2012-09-03,1723,n,0,3.56,317.18,292.34,0.42,0.45,N,VIIRS,2,2012
-2.47507,114.1559,2012-09-03,1723,n,0,3.56,303.11,290.97,0.42,0.45,N,VIIRS,2,2012
-2.47813,114.17461,2012-09-03,1723,n,0,2.1,303.41,291.88,0.41,0.45,N,VIIRS,2,2012
-2.48167,114.17021,2012-09-03,1723,n,0,1.34,311.27,292.84,0.41,0.45,N,VIIRS,2,2012
-2.48228,114.17395,2012-09-03,1723,n,0,1.34,309.07,292.69,0.41,0.45,N,VIIRS,2,2012
-2.48582,114.16953,2012-09-03,1723,n,0,1.34,306.16,291.46,0.41,0.45,N,VIIRS,2,2012
-2.48643,114.17328,2012-09-03,1723,n,0,1.34,316.15,291.65,0.41,0.45,N,VIIRS,2,2012
-2.4923,114.15697,2012-09-03,1723,n,0,3.67,326.11,292.7,0.42,0.45,N,VIIRS,2,2012
-2.49291,114.16071,2012-09-03,1723,n,0,4.25,324.4,293.02,0.42,0.45,N,VIIRS,2,2012
-2.49352,114.16445,2012-09-03,1723,n,0,4.25,339.76,294.21,0.41,0.45,N,VIIRS,2,2012
-2.49767,114.16379,2012-09-03,1723,n,0,1.53,309.93,290.93,0.41,0.45,N,VIIRS,2,2012
-2.33722,114.89377,2012-09-04,602,n,0,5.83,332.38,296.76,0.55,0.43,N,VIIRS,2,2012
-2.33328,114.89317,2012-09-04,602,n,0,7.27,335.08,296.99,0.55,0.43,N,VIIRS,2,2012
-2.24099,115.38183,2012-09-04,602,n,0,8.85,339.58,296.29,0.39,0.44,N,VIIRS,2,2012
-2.23803,115.37411,2012-09-04,602,n,0,5.18,339.24,297.0,0.39,0.44,N,VIIRS,2,2012
-2.23618,115.35934,2012-09-04,602,n,0,10.87,355.87,293.72,0.39,0.44,N,VIIRS,2,2012
-2.1831,115.64381,2012-09-04,602,n,0,20.48,349.18,296.67,0.41,0.45,N,VIIRS,2,2012
-2.255,115.18674,2012-09-04,602,n,0,5.13,333.0,299.2,0.38,0.43,N,VIIRS,2,2012
-2.31188,114.82413,2012-09-04,602,n,0,3.69,333.81,291.79,0.55,0.42,N,VIIRS,2,2012
-2.47196,114.92698,2012-09-04,602,n,0,2.22,331.58,297.37,0.55,0.43,N,VIIRS,2,2012
-2.47169,114.92474,2012-09-04,602,n,0,4.24,331.55,297.92,0.55,0.43,N,VIIRS,2,2012
-2.29931,115.99896,2012-09-04,602,n,0,7.06,341.37,294.31,0.43,0.46,N,VIIRS,2,2012
-2.41232,115.34766,2012-09-04,602,n,0,2.94,330.11,299.73,0.39,0.44,N,VIIRS,2,2012
-2.4232,115.33137,2012-09-04,602,n,0,3.07,330.9,298.4,0.39,0.44,N,VIIRS,2,2012
-2.11521,115.57654,2012-09-04,602,n,0,2.2,330.63,292.61,0.41,0.45,N,VIIRS,2,2012
-2.32458,114.14903,2012-09-04,602,n,0,4.23,334.41,295.1,0.5,0.41,N,VIIRS,2,2012
-2.32082,114.14846,2012-09-04,602,n,0,4.23,340.43,295.63,0.5,0.41,N,VIIRS,2,2012
-2.13298,115.32833,2012-09-04,602,n,0,12.33,348.26,297.96,0.39,0.44,N,VIIRS,2,2012
-2.12892,115.32771,2012-09-04,602,n,0,12.33,356.26,299.52,0.39,0.44,N,VIIRS,2,2012
-2.20135,114.8651,2012-09-04,602,n,0,7.32,340.97,298.33,0.55,0.43,N,VIIRS,2,2012
-2.11872,115.36619,2012-09-04,602,n,0,1.79,331.41,294.59,0.39,0.44,N,VIIRS,2,2012
-2.19742,114.86451,2012-09-04,602,n,0,11.21,336.81,298.38,0.55,0.43,N,VIIRS,2,2012
-2.06395,115.55357,2012-09-04,602,n,0,10.06,340.77,296.38,0.41,0.45,N,VIIRS,2,2012
-2.05457,115.58594,2012-09-04,602,n,0,8.65,342.5,296.84,0.41,0.45,N,VIIRS,2,2012
-2.16436,114.89515,2012-09-04,602,n,0,4.79,334.6,298.62,0.55,0.43,N,VIIRS,2,2012
-1.96057,116.06499,2012-09-04,602,n,0,4.64,334.72,293.35,0.44,0.46,N,VIIRS,2,2012
-2.29888,116.16458,2012-09-04,602,n,0,9.35,335.3,294.76,0.44,0.46,N,VIIRS,2,2012
-2.29824,116.16859,2012-09-04,602,n,0,9.35,341.26,295.05,0.44,0.46,N,VIIRS,2,2012
-2.30507,116.15327,2012-09-04,602,n,0,8.8,346.9,294.24,0.44,0.46,N,VIIRS,2,2012
-2.30316,116.16522,2012-09-04,602,n,0,3.73,336.99,296.65,0.44,0.46,N,VIIRS,2,2012
-2.30252,116.16922,2012-09-04,602,n,0,3.73,330.81,295.36,0.44,0.46,N,VIIRS,2,2012
-2.48104,115.06984,2012-09-04,602,n,0,9.56,330.53,300.52,0.56,0.43,N,VIIRS,2,2012
-2.48501,115.07043,2012-09-04,602,n,0,7.43,335.64,297.31,0.56,0.43,N,VIIRS,2,2012
-2.38053,115.75926,2012-09-04,602,n,0,6.2,339.96,294.68,0.41,0.45,N,VIIRS,2,2012
-2.37991,115.7632,2012-09-04,602,n,0,7.98,339.77,294.53,0.41,0.45,N,VIIRS,2,2012
-2.38418,115.76313,2012-09-04,602,n,0,4.83,337.52,294.57,0.41,0.45,N,VIIRS,2,2012
-2.44906,115.40386,2012-09-04,602,n,0,45.33,352.22,300.17,0.39,0.44,N,VIIRS,2,2012
-2.43455,115.49641,2012-09-04,602,n,0,10.0,341.06,295.95,0.4,0.44,N,VIIRS,2,2012
-2.41276,115.71641,2012-09-04,602,n,0,8.36,340.54,296.14,0.41,0.45,N,VIIRS,2,2012
-2.33662,116.37344,2012-09-04,602,n,0,5.48,337.3,295.25,0.45,0.47,N,VIIRS,2,2012
-2.38351,116.50375,2012-09-04,602,n,0,5.57,341.0,293.94,0.46,0.47,N,VIIRS,2,2012
-2.38722,116.50863,2012-09-04,602,n,0,5.57,338.94,293.86,0.46,0.47,N,VIIRS,2,2012
-2.34636,115.53031,2012-09-04,602,n,0,10.5,334.8,295.34,0.4,0.44,N,VIIRS,2,2012
-2.3458,115.53394,2012-09-04,602,n,0,15.16,340.97,296.35,0.4,0.44,N,VIIRS,2,2012
-2.38616,115.3537,2012-09-04,602,n,0,4.54,341.39,298.63,0.39,0.44,N,VIIRS,2,2012
-2.46307,114.87994,2012-09-04,602,n,0,5.82,331.38,298.52,0.55,0.42,N,VIIRS,2,2012
-2.46231,114.88487,2012-09-04,602,n,0,10.03,343.95,300.3,0.55,0.42,N,VIIRS,2,2012
-2.39425,115.35493,2012-09-04,602,n,0,7.6,342.57,297.89,0.39,0.44,N,VIIRS,2,2012
-2.29964,115.99892,2012-09-04,602,n,0,4.42,338.51,294.02,0.43,0.46,N,VIIRS,2,2012
-2.46509,114.55885,2012-09-04,602,n,0,10.27,347.83,300.8,0.52,0.42,N,VIIRS,2,2012
-2.28235,115.69678,2012-09-04,602,n,0,3.89,339.98,297.92,0.41,0.45,N,VIIRS,2,2012
-2.30251,115.54224,2012-09-04,602,n,0,19.83,348.88,299.21,0.4,0.44,N,VIIRS,2,2012
-2.48157,114.40334,2012-09-04,602,n,0,4.24,331.61,299.27,0.51,0.41,N,VIIRS,2,2012
-2.29717,115.52288,2012-09-04,602,n,0,6.28,340.55,297.87,0.4,0.44,N,VIIRS,2,2012
-2.28379,115.55422,2012-09-04,602,n,0,4.65,339.88,294.85,0.4,0.44,N,VIIRS,2,2012
-2.49539,114.16746,2012-09-04,602,n,0,6.62,330.01,297.83,0.5,0.41,N,VIIRS,2,2012
-2.49609,114.16298,2012-09-04,602,n,0,5.69,339.29,301.24,0.5,0.41,N,VIIRS,2,2012
-2.28453,115.39246,2012-09-04,602,n,0,2.26,340.29,295.68,0.39,0.44,N,VIIRS,2,2012
-2.28513,115.39232,2012-09-04,602,n,0,2.93,340.3,295.43,0.39,0.44,N,VIIRS,2,2012
-1.57515,115.07332,2012-09-04,603,n,0,34.69,348.01,298.48,0.39,0.44,N,VIIRS,2,2012
-1.56931,115.11163,2012-09-04,603,n,0,12.66,341.59,298.2,0.39,0.44,N,VIIRS,2,2012
-1.57282,115.11572,2012-09-04,603,n,0,9.23,331.88,294.86,0.39,0.44,N,VIIRS,2,2012
-1.57229,115.11922,2012-09-04,603,n,0,24.13,342.61,294.06,0.39,0.44,N,VIIRS,2,2012
-1.57686,115.11633,2012-09-04,603,n,0,9.23,336.28,295.84,0.39,0.44,N,VIIRS,2,2012
-1.57633,115.11983,2012-09-04,603,n,0,24.13,341.13,298.53,0.39,0.44,N,VIIRS,2,2012
-1.57281,115.12012,2012-09-04,603,n,0,40.48,340.73,295.66,0.39,0.44,N,VIIRS,2,2012
-1.5774,115.11725,2012-09-04,603,n,0,33.21,335.68,296.12,0.39,0.44,N,VIIRS,2,2012
-1.56975,115.19144,2012-09-04,603,n,0,5.52,345.93,296.91,0.39,0.44,N,VIIRS,2,2012
-1.61981,114.95311,2012-09-04,603,n,0,55.93,335.95,300.23,0.57,0.43,N,VIIRS,2,2012
-1.39047,116.57286,2012-09-04,603,n,0,31.87,342.05,296.93,0.48,0.48,N,VIIRS,2,2012
-1.65802,114.89128,2012-09-04,603,n,0,3.51,333.56,295.39,0.56,0.43,N,VIIRS,2,2012
-1.39494,116.57348,2012-09-04,603,n,0,5.0,339.69,295.75,0.48,0.48,N,VIIRS,2,2012
-1.61374,115.25556,2012-09-04,603,n,0,5.05,341.06,295.92,0.39,0.44,N,VIIRS,2,2012
-1.63034,114.57932,2012-09-04,603,n,0,8.41,333.72,296.29,0.54,0.42,N,VIIRS,2,2012
-1.57605,114.9333,2012-09-04,603,n,0,7.34,334.64,295.2,0.57,0.43,N,VIIRS,2,2012
-1.55317,115.10922,2012-09-04,603,n,0,19.72,353.63,297.47,0.39,0.44,N,VIIRS,2,2012
-1.39162,116.19068,2012-09-04,603,n,0,8.4,354.41,295.88,0.46,0.47,N,VIIRS,2,2012
-1.56741,115.09709,2012-09-04,603,n,0,18.17,348.23,300.97,0.39,0.44,N,VIIRS,2,2012
-1.56528,115.11105,2012-09-04,603,n,0,12.66,350.85,296.17,0.39,0.44,N,VIIRS,2,2012
-1.63847,115.12276,2012-09-04,603,n,0,8.52,336.18,298.14,0.39,0.44,N,VIIRS,2,2012
-1.63792,115.12628,2012-09-04,603,n,0,8.52,340.28,297.01,0.39,0.44,N,VIIRS,2,2012
-1.58994,115.46326,2012-09-04,603,n,0,10.97,340.6,295.34,0.41,0.45,N,VIIRS,2,2012
-1.62989,115.23183,2012-09-04,603,n,0,2.62,330.93,295.16,0.39,0.44,N,VIIRS,2,2012
-1.48668,116.15833,2012-09-04,603,n,0,6.35,351.99,295.51,0.45,0.47,N,VIIRS,2,2012
-1.49101,116.15897,2012-09-04,603,n,0,6.35,331.11,295.83,0.45,0.47,N,VIIRS,2,2012
0.23934,116.4048,2012-09-04,603,n,0,4.22,333.58,291.98,0.5,0.49,N,VIIRS,2,2012
0.12525,115.3824,2012-09-04,603,n,0,5.19,338.58,292.97,0.43,0.46,N,VIIRS,2,2012
0.23976,115.92825,2012-09-04,603,n,0,11.31,349.14,295.18,0.46,0.47,N,VIIRS,2,2012
0.17887,115.53422,2012-09-04,603,n,0,6.89,347.76,294.96,0.44,0.46,N,VIIRS,2,2012
0.17827,115.50223,2012-09-04,603,n,0,19.86,341.11,296.12,0.43,0.46,N,VIIRS,2,2012
0.48864,117.47155,2012-09-04,603,n,0,16.79,341.57,292.98,0.59,0.53,N,VIIRS,2,2012
0.30971,116.14511,2012-09-04,603,n,0,5.24,332.82,296.35,0.48,0.48,N,VIIRS,2,2012
0.30835,116.14607,2012-09-04,603,n,0,6.29,333.7,297.43,0.48,0.48,N,VIIRS,2,2012
0.32172,116.14413,2012-09-04,603,n,0,6.94,341.0,295.52,0.48,0.48,N,VIIRS,2,2012
0.22672,115.48306,2012-09-04,603,n,0,8.09,342.44,296.98,0.43,0.46,N,VIIRS,2,2012
0.23155,115.48629,2012-09-04,603,n,0,7.23,340.78,297.07,0.43,0.46,N,VIIRS,2,2012
0.41974,116.70212,2012-09-04,603,n,0,12.5,341.21,293.31,0.53,0.5,N,VIIRS,2,2012
-1.63699,115.32124,2012-09-04,603,n,0,2.65,331.47,293.62,0.4,0.44,N,VIIRS,2,2012
-1.67438,115.23672,2012-09-04,603,n,0,2.71,337.91,293.91,0.39,0.44,N,VIIRS,2,2012
-1.61607,115.63054,2012-09-04,603,n,0,8.55,339.67,295.62,0.42,0.45,N,VIIRS,2,2012
-1.76895,114.84424,2012-09-04,603,n,0,4.88,334.65,295.28,0.56,0.43,N,VIIRS,2,2012
0.35337,116.11286,2012-09-04,603,n,0,15.2,333.1,293.83,0.48,0.48,N,VIIRS,2,2012
0.3527,116.10852,2012-09-04,603,n,0,15.2,341.01,298.44,0.48,0.48,N,VIIRS,2,2012
0.6057,117.63081,2012-09-04,603,n,0,7.17,339.77,292.7,0.61,0.53,N,VIIRS,2,2012
0.29108,115.56216,2012-09-04,603,n,0,2.61,329.96,295.07,0.44,0.46,N,VIIRS,2,2012
0.09852,114.31261,2012-09-04,603,n,0,10.73,335.7,294.68,0.55,0.43,N,VIIRS,2,2012
0.56774,117.32059,2012-09-04,603,n,0,7.82,337.83,294.62,0.58,0.52,N,VIIRS,2,2012
0.37802,116.09592,2012-09-04,603,n,0,3.42,331.98,294.33,0.48,0.48,N,VIIRS,2,2012
0.37575,116.05199,2012-09-04,603,n,0,21.06,340.86,295.93,0.47,0.48,N,VIIRS,2,2012
0.37509,116.04771,2012-09-04,603,n,0,12.55,337.82,293.05,0.47,0.48,N,VIIRS,2,2012
0.50704,116.86697,2012-09-04,603,n,0,16.16,349.41,293.48,0.54,0.51,N,VIIRS,2,2012
0.38772,116.04165,2012-09-04,603,n,0,10.6,353.59,295.73,0.47,0.48,N,VIIRS,2,2012
0.38304,116.01163,2012-09-04,603,n,0,72.93,339.56,293.56,0.47,0.48,N,VIIRS,2,2012
0.59198,117.31698,2012-09-04,603,n,0,5.13,336.35,293.52,0.58,0.52,N,VIIRS,2,2012
0.38611,116.00237,2012-09-04,603,n,0,4.47,340.87,294.83,0.47,0.48,N,VIIRS,2,2012
0.40261,116.07883,2012-09-04,603,n,0,20.04,354.25,295.22,0.48,0.48,N,VIIRS,2,2012
0.59507,117.2736,2012-09-04,603,n,0,12.71,347.57,293.55,0.58,0.52,N,VIIRS,2,2012
0.59425,117.26834,2012-09-04,603,n,0,12.71,342.6,293.6,0.58,0.52,N,VIIRS,2,2012
0.59176,117.25257,2012-09-04,603,n,0,5.18,340.63,293.6,0.58,0.52,N,VIIRS,2,2012
0.41248,116.11281,2012-09-04,603,n,0,2.24,329.59,293.77,0.48,0.48,N,VIIRS,2,2012
0.40771,116.08245,2012-09-04,603,n,0,3.65,334.5,295.11,0.48,0.48,N,VIIRS,2,2012
0.39899,116.02689,2012-09-04,603,n,0,4.16,343.22,294.79,0.47,0.48,N,VIIRS,2,2012
0.59908,117.26764,2012-09-04,603,n,0,12.71,331.58,293.58,0.58,0.52,N,VIIRS,2,2012
0.5966,117.25191,2012-09-04,603,n,0,5.18,337.82,293.09,0.58,0.52,N,VIIRS,2,2012
0.38517,116.00277,2012-09-04,603,n,0,5.09,339.83,294.53,0.47,0.48,N,VIIRS,2,2012
0.40109,116.07944,2012-09-04,603,n,0,9.4,347.46,294.36,0.48,0.48,N,VIIRS,2,2012
0.59023,117.31936,2012-09-04,603,n,0,8.72,340.48,293.1,0.58,0.52,N,VIIRS,2,2012
0.4107,116.1135,2012-09-04,603,n,0,3.7,336.94,294.68,0.48,0.48,N,VIIRS,2,2012
0.40553,116.07878,2012-09-04,603,n,0,17.27,356.1,294.03,0.48,0.48,N,VIIRS,2,2012
0.39786,116.02734,2012-09-04,603,n,0,5.38,346.15,294.97,0.47,0.48,N,VIIRS,2,2012
0.59286,117.27058,2012-09-04,603,h,0,11.93,367.0,294.45,0.58,0.52,N,VIIRS,2,2012
0.32907,115.50762,2012-09-04,603,n,0,3.2,335.5,294.99,0.44,0.46,N,VIIRS,2,2012
0.59848,117.27512,2012-09-04,603,n,0,11.93,342.37,292.45,0.58,0.52,N,VIIRS,2,2012
0.59769,117.26985,2012-09-04,603,n,0,11.93,345.72,293.26,0.58,0.52,N,VIIRS,2,2012
0.59533,117.25409,2012-09-04,603,n,0,12.64,342.32,294.02,0.58,0.52,N,VIIRS,2,2012
0.41239,116.03382,2012-09-04,603,n,0,18.35,340.54,294.22,0.47,0.48,N,VIIRS,2,2012
0.41175,116.02955,2012-09-04,603,n,0,18.35,331.36,294.98,0.47,0.48,N,VIIRS,2,2012
0.52696,116.76599,2012-09-04,603,n,0,3.96,331.35,294.36,0.53,0.5,N,VIIRS,2,2012
0.4168,116.03304,2012-09-04,603,n,0,10.47,341.99,292.16,0.47,0.48,N,VIIRS,2,2012
0.41616,116.02881,2012-09-04,603,n,0,10.47,339.5,293.07,0.47,0.48,N,VIIRS,2,2012
0.6042,117.2474,2012-09-04,603,n,0,8.53,341.69,294.44,0.58,0.52,N,VIIRS,2,2012
0.62094,117.32565,2012-09-04,603,n,0,7.55,343.31,294.22,0.58,0.52,N,VIIRS,2,2012
0.43411,116.08777,2012-09-04,603,n,0,3.76,339.07,294.44,0.48,0.48,N,VIIRS,2,2012
0.42179,116.00615,2012-09-04,603,n,0,3.8,333.95,294.28,0.47,0.48,N,VIIRS,2,2012
0.6685,117.60735,2012-09-04,603,n,0,4.61,329.38,292.18,0.61,0.53,N,VIIRS,2,2012
0.42876,116.02242,2012-09-04,603,n,0,3.49,339.78,294.12,0.47,0.48,N,VIIRS,2,2012
0.61869,117.24526,2012-09-04,603,n,0,4.29,337.07,292.73,0.58,0.52,N,VIIRS,2,2012
0.62834,117.24384,2012-09-04,603,n,0,20.02,339.93,294.17,0.58,0.52,N,VIIRS,2,2012
0.62755,117.23859,2012-09-04,603,n,0,20.33,340.36,296.43,0.58,0.52,N,VIIRS,2,2012
0.44528,116.04182,2012-09-04,603,n,0,8.83,344.22,296.16,0.47,0.48,N,VIIRS,2,2012
0.44266,116.0246,2012-09-04,603,n,0,10.85,340.4,295.82,0.47,0.48,N,VIIRS,2,2012
0.44707,116.02388,2012-09-04,603,n,0,10.85,347.8,294.68,0.47,0.48,N,VIIRS,2,2012
0.44643,116.01968,2012-09-04,603,n,0,9.63,339.53,294.13,0.47,0.48,N,VIIRS,2,2012
0.46117,116.0568,2012-09-04,603,n,0,5.53,334.17,294.1,0.48,0.48,N,VIIRS,2,2012
0.47144,116.0646,2012-09-04,603,n,0,75.16,342.98,301.2,0.48,0.48,N,VIIRS,2,2012
0.47077,116.06023,2012-09-04,603,n,0,20.85,340.9,295.07,0.48,0.48,N,VIIRS,2,2012
0.47588,116.06396,2012-09-04,603,n,0,20.17,346.86,293.35,0.48,0.48,N,VIIRS,2,2012
0.47521,116.05962,2012-09-04,603,n,0,9.32,336.73,292.22,0.48,0.48,N,VIIRS,2,2012
0.66295,117.24402,2012-09-04,603,n,0,17.35,341.23,295.06,0.58,0.52,N,VIIRS,2,2012
0.67184,117.2695,2012-09-04,603,n,0,6.49,340.63,293.08,0.58,0.52,N,VIIRS,2,2012
0.48006,116.03236,2012-09-04,603,n,0,10.53,343.25,296.8,0.47,0.48,N,VIIRS,2,2012
0.58649,116.68852,2012-09-04,603,n,0,4.98,333.29,294.77,0.53,0.5,N,VIIRS,2,2012
0.48717,116.04893,2012-09-04,603,n,0,12.06,341.08,295.08,0.48,0.48,N,VIIRS,2,2012
0.4865,116.04462,2012-09-04,603,n,0,12.06,330.49,294.06,0.48,0.48,N,VIIRS,2,2012
0.50848,116.15678,2012-09-04,603,n,0,53.92,346.96,298.01,0.48,0.48,N,VIIRS,2,2012
0.39236,115.38188,2012-09-04,603,n,0,4.52,339.21,295.95,0.43,0.46,N,VIIRS,2,2012
0.49713,116.02563,2012-09-04,603,n,0,16.84,341.41,296.84,0.47,0.48,N,VIIRS,2,2012
0.65572,116.9472,2012-09-04,603,n,0,12.58,349.95,293.31,0.55,0.51,N,VIIRS,2,2012
0.51177,116.03228,2012-09-04,603,n,0,6.67,341.39,293.26,0.47,0.48,N,VIIRS,2,2012
0.49638,116.02656,2012-09-04,603,n,0,7.16,335.12,294.69,0.47,0.48,N,VIIRS,2,2012
0.64338,116.98665,2012-09-04,603,n,0,5.49,330.05,294.51,0.55,0.51,N,VIIRS,2,2012
0.5008,116.02583,2012-09-04,603,n,0,7.16,340.01,293.35,0.47,0.48,N,VIIRS,2,2012
0.50017,116.0216,2012-09-04,603,n,0,9.94,339.87,294.17,0.47,0.48,N,VIIRS,2,2012
0.60591,116.70193,2012-09-04,603,n,0,6.82,346.92,295.43,0.53,0.5,N,VIIRS,2,2012
0.51095,116.0332,2012-09-04,603,n,0,5.62,336.32,292.49,0.48,0.48,N,VIIRS,2,2012
0.51031,116.02889,2012-09-04,603,n,0,2.6,331.58,293.57,0.48,0.48,N,VIIRS,2,2012
0.49242,115.87897,2012-09-04,603,n,0,4.78,330.94,295.1,0.46,0.47,N,VIIRS,2,2012
0.65716,116.94913,2012-09-04,603,n,0,8.73,341.23,291.98,0.55,0.51,N,VIIRS,2,2012
0.64605,116.87488,2012-09-04,603,n,0,9.4,333.21,292.5,0.54,0.51,N,VIIRS,2,2012
0.64455,116.86484,2012-09-04,603,n,0,3.24,333.55,292.79,0.54,0.51,N,VIIRS,2,2012
0.49809,115.88686,2012-09-04,603,n,0,6.76,340.31,295.04,0.46,0.47,N,VIIRS,2,2012
0.49746,115.88268,2012-09-04,603,n,0,4.78,336.43,295.08,0.46,0.47,N,VIIRS,2,2012
0.65076,116.87418,2012-09-04,603,n,0,20.7,340.81,292.8,0.54,0.51,N,VIIRS,2,2012
0.71209,117.2502,2012-09-04,603,n,0,10.09,343.79,295.79,0.58,0.52,N,VIIRS,2,2012
0.70493,117.20254,2012-09-04,603,n,0,9.37,342.09,295.6,0.57,0.52,N,VIIRS,2,2012
0.53063,116.04352,2012-09-04,603,n,0,15.67,351.61,295.02,0.48,0.48,N,VIIRS,2,2012
0.63813,116.72652,2012-09-04,603,h,0,15.02,367.0,295.37,0.53,0.5,N,VIIRS,2,2012
0.69662,117.08223,2012-09-04,603,n,0,11.67,333.6,293.64,0.56,0.52,N,VIIRS,2,2012
0.54041,115.95873,2012-09-04,603,n,0,10.01,343.92,296.73,0.47,0.48,N,VIIRS,2,2012
0.54744,115.97523,2012-09-04,603,n,0,7.46,341.83,294.99,0.47,0.48,N,VIIRS,2,2012
0.54481,115.95803,2012-09-04,603,n,0,10.01,335.7,294.08,0.47,0.48,N,VIIRS,2,2012
0.55446,115.99167,2012-09-04,603,n,0,5.0,337.68,294.87,0.47,0.48,N,VIIRS,2,2012
0.55185,115.97455,2012-09-04,603,n,0,3.57,330.18,293.47,0.47,0.48,N,VIIRS,2,2012
0.58521,116.04438,2012-09-04,603,n,0,2.74,335.67,295.12,0.48,0.48,N,VIIRS,2,2012
0.59097,116.05231,2012-09-04,603,n,0,8.06,333.62,294.22,0.48,0.48,N,VIIRS,2,2012
0.8894,117.94592,2012-09-04,603,n,0,4.86,350.45,294.05,0.32,0.55,N,VIIRS,2,2012
0.77903,117.23513,2012-09-04,603,n,0,16.31,338.19,293.81,0.58,0.52,N,VIIRS,2,2012
0.77821,117.22986,2012-09-04,603,n,0,19.97,342.77,296.01,0.58,0.52,N,VIIRS,2,2012
0.59475,116.04735,2012-09-04,603,n,0,8.06,353.5,291.23,0.48,0.48,N,VIIRS,2,2012
0.70892,116.69149,2012-09-04,603,n,0,13.69,341.13,294.34,0.53,0.5,N,VIIRS,2,2012
0.70818,116.68668,2012-09-04,603,n,0,9.75,331.97,292.63,0.53,0.5,N,VIIRS,2,2012
0.72018,116.733,2012-09-04,603,n,0,57.37,335.21,288.88,0.53,0.5,N,VIIRS,2,2012
0.71357,116.69077,2012-09-04,603,n,0,13.69,352.34,294.22,0.53,0.5,N,VIIRS,2,2012
0.61594,116.00867,2012-09-04,603,n,0,9.81,340.79,294.89,0.47,0.48,N,VIIRS,2,2012
0.78164,117.23141,2012-09-04,603,n,0,14.19,354.53,293.61,0.58,0.52,N,VIIRS,2,2012
0.71155,116.69225,2012-09-04,603,h,0,21.25,367.0,293.99,0.53,0.5,N,VIIRS,2,2012
0.71083,116.68742,2012-09-04,603,n,0,14.9,347.13,293.49,0.53,0.5,N,VIIRS,2,2012
0.61462,116.00918,2012-09-04,603,n,0,8.67,340.5,294.93,0.48,0.48,N,VIIRS,2,2012
0.61586,115.98713,2012-09-04,603,n,0,23.6,341.02,295.2,0.47,0.48,N,VIIRS,2,2012
0.74879,116.6868,2012-09-04,603,n,0,6.04,339.63,293.91,0.53,0.5,N,VIIRS,2,2012
0.77654,116.8069,2012-09-04,603,n,0,7.98,337.08,293.86,0.54,0.51,N,VIIRS,2,2012
0.77503,116.79697,2012-09-04,603,n,0,17.01,341.89,292.59,0.54,0.51,N,VIIRS,2,2012
0.75232,116.64736,2012-09-04,603,n,0,7.8,338.03,292.97,0.53,0.5,N,VIIRS,2,2012
0.78124,116.80622,2012-09-04,603,n,0,7.98,334.99,291.59,0.54,0.51,N,VIIRS,2,2012
0.77972,116.79627,2012-09-04,603,n,0,17.01,343.2,293.13,0.54,0.51,N,VIIRS,2,2012
0.75261,116.61809,2012-09-04,603,n,0,8.68,342.54,294.32,0.52,0.5,N,VIIRS,2,2012
0.73908,116.43705,2012-09-04,603,h,0,33.18,367.0,295.56,0.51,0.49,N,VIIRS,2,2012
0.73838,116.43249,2012-09-04,603,h,0,54.33,367.0,295.66,0.51,0.49,N,VIIRS,2,2012
0.73978,116.44164,2012-09-04,603,n,0,33.18,354.33,291.51,0.51,0.49,N,VIIRS,2,2012
0.73769,116.42796,2012-09-04,603,n,0,54.33,356.83,298.02,0.51,0.49,N,VIIRS,2,2012
0.96315,117.86579,2012-09-04,603,n,0,3.91,344.16,291.79,0.32,0.55,N,VIIRS,2,2012
0.794,116.76427,2012-09-04,603,n,0,16.34,350.61,294.97,0.54,0.51,N,VIIRS,2,2012
0.74367,116.43648,2012-09-04,603,n,0,33.18,345.89,290.14,0.51,0.49,N,VIIRS,2,2012
0.74297,116.43194,2012-09-04,603,n,0,54.33,354.79,294.32,0.51,0.49,N,VIIRS,2,2012
0.74227,116.42738,2012-09-04,603,n,0,54.33,355.05,294.23,0.51,0.49,N,VIIRS,2,2012
0.74157,116.42284,2012-09-04,603,n,0,71.78,353.57,296.82,0.51,0.49,N,VIIRS,2,2012
0.79868,116.76356,2012-09-04,603,n,0,7.52,341.77,292.83,0.54,0.51,N,VIIRS,2,2012
0.74756,116.43137,2012-09-04,603,n,0,14.66,332.49,289.62,0.51,0.49,N,VIIRS,2,2012
0.74615,116.42223,2012-09-04,603,n,0,46.49,348.15,298.38,0.51,0.49,N,VIIRS,2,2012
0.74475,116.4131,2012-09-04,603,n,0,10.52,330.87,293.2,0.51,0.49,N,VIIRS,2,2012
0.74545,116.41766,2012-09-04,603,l,0,46.49,357.24,293.74,0.51,0.49,N,VIIRS,2,2012
0.81702,116.85143,2012-09-04,603,n,0,8.84,339.98,293.04,0.54,0.51,N,VIIRS,2,2012
0.77017,116.54765,2012-09-04,603,n,0,4.79,334.55,293.25,0.52,0.5,N,VIIRS,2,2012
0.75073,116.4216,2012-09-04,603,n,0,46.49,345.83,291.73,0.51,0.49,N,VIIRS,2,2012
0.75002,116.41702,2012-09-04,603,n,0,46.49,356.38,296.48,0.51,0.49,N,VIIRS,2,2012
0.74932,116.41246,2012-09-04,603,n,0,10.52,340.44,293.33,0.51,0.49,N,VIIRS,2,2012
0.82327,116.86064,2012-09-04,603,n,0,12.85,343.53,292.98,0.55,0.51,N,VIIRS,2,2012
0.77477,116.54694,2012-09-04,603,n,0,14.67,343.54,294.64,0.52,0.5,N,VIIRS,2,2012
0.75389,116.4118,2012-09-04,603,n,0,9.59,350.24,290.87,0.51,0.49,N,VIIRS,2,2012
0.82798,116.85995,2012-09-04,603,n,0,12.85,346.93,293.16,0.55,0.51,N,VIIRS,2,2012
0.75703,116.40195,2012-09-04,603,n,0,10.86,343.28,294.83,0.51,0.49,N,VIIRS,2,2012
0.75874,116.38291,2012-09-04,603,n,0,80.51,343.75,297.07,0.51,0.49,N,VIIRS,2,2012
0.82512,116.77961,2012-09-04,603,n,0,6.21,336.65,291.81,0.54,0.51,N,VIIRS,2,2012
0.82284,116.76494,2012-09-04,603,n,0,5.84,341.37,293.01,0.54,0.51,N,VIIRS,2,2012
0.78856,116.54462,2012-09-04,603,n,0,7.29,329.69,291.93,0.52,0.5,N,VIIRS,2,2012
0.78782,116.53989,2012-09-04,603,n,0,61.63,340.74,293.17,0.52,0.5,N,VIIRS,2,2012
0.78709,116.53522,2012-09-04,603,n,0,61.63,351.87,301.92,0.52,0.5,N,VIIRS,2,2012
1.00282,117.88748,2012-09-04,603,n,0,1.78,335.32,292.56,0.32,0.55,N,VIIRS,2,2012
0.81542,116.68662,2012-09-04,603,n,0,5.92,333.62,293.92,0.53,0.5,N,VIIRS,2,2012
0.7813,116.40793,2012-09-04,603,n,0,2.67,333.96,294.35,0.51,0.49,N,VIIRS,2,2012
0.81002,116.56118,2012-09-04,603,n,0,16.73,346.23,295.42,0.52,0.5,N,VIIRS,2,2012
0.78587,116.40726,2012-09-04,603,n,0,2.67,330.02,293.93,0.51,0.49,N,VIIRS,2,2012
0.82293,116.78293,2012-09-04,603,n,0,4.69,338.22,291.99,0.54,0.51,N,VIIRS,2,2012
0.82219,116.77793,2012-09-04,603,n,0,4.69,330.21,291.63,0.54,0.51,N,VIIRS,2,2012
0.78747,116.54255,2012-09-04,603,n,0,41.72,345.3,293.3,0.52,0.5,N,VIIRS,2,2012
0.82473,116.76266,2012-09-04,603,n,0,4.61,332.43,293.63,0.54,0.51,N,VIIRS,2,2012
0.79069,116.53248,2012-09-04,603,n,0,149.76,349.85,293.04,0.52,0.5,N,VIIRS,2,2012
1.0166,118.02736,2012-09-04,603,n,0,4.82,345.66,293.28,0.33,0.55,N,VIIRS,2,2012
0.81787,116.6841,2012-09-04,603,n,0,3.79,329.7,293.29,0.53,0.5,N,VIIRS,2,2012
0.78194,116.41021,2012-09-04,603,n,0,5.2,337.1,293.93,0.51,0.49,N,VIIRS,2,2012
0.80878,116.55907,2012-09-04,603,n,0,9.89,337.59,294.55,0.52,0.5,N,VIIRS,2,2012
0.8134,116.55841,2012-09-04,603,n,0,9.89,343.1,295.99,0.52,0.5,N,VIIRS,2,2012
0.81127,116.54414,2012-09-04,603,n,0,2.83,333.01,293.47,0.52,0.5,N,VIIRS,2,2012
0.8568,116.753,2012-09-04,603,n,0,18.71,343.44,294.98,0.54,0.51,N,VIIRS,2,2012
0.82796,116.5611,2012-09-04,603,n,0,2.91,331.21,292.31,0.52,0.5,N,VIIRS,2,2012
0.82584,116.54694,2012-09-04,603,n,0,49.52,352.39,297.24,0.52,0.5,N,VIIRS,2,2012
0.83116,116.551,2012-09-04,603,n,0,22.68,348.87,293.94,0.52,0.5,N,VIIRS,2,2012
0.83577,116.55026,2012-09-04,603,n,0,8.74,345.21,292.43,0.52,0.5,N,VIIRS,2,2012
0.88052,116.81488,2012-09-04,603,n,0,54.84,352.47,296.54,0.54,0.51,N,VIIRS,2,2012
0.90331,116.93349,2012-09-04,603,n,0,5.42,344.44,292.0,0.55,0.51,N,VIIRS,2,2012
0.92566,117.04865,2012-09-04,603,n,0,19.99,340.64,291.38,0.56,0.52,N,VIIRS,2,2012
0.92491,117.04368,2012-09-04,603,n,0,22.87,337.67,293.1,0.56,0.52,N,VIIRS,2,2012
0.88172,116.75946,2012-09-04,603,n,0,4.55,337.55,293.41,0.54,0.51,N,VIIRS,2,2012
0.8795,116.74483,2012-09-04,603,n,0,9.36,341.14,293.32,0.54,0.51,N,VIIRS,2,2012
0.88639,116.75867,2012-09-04,603,h,0,34.6,367.0,294.06,0.54,0.51,N,VIIRS,2,2012
0.9297,117.04307,2012-09-04,603,n,0,5.36,330.57,292.01,0.56,0.52,N,VIIRS,2,2012
0.68462,115.20863,2012-09-04,603,n,0,22.2,341.18,298.49,0.42,0.45,N,VIIRS,2,2012
1.01091,116.87332,2012-09-04,603,n,0,4.21,332.18,291.61,0.55,0.51,N,VIIRS,2,2012
1.056,116.82085,2012-09-04,603,n,0,4.15,333.73,294.4,0.55,0.51,N,VIIRS,2,2012
1.05691,116.81764,2012-09-04,603,n,0,4.46,331.85,294.44,0.55,0.51,N,VIIRS,2,2012
1.10648,117.05324,2012-09-04,603,n,0,10.37,341.11,290.41,0.57,0.52,N,VIIRS,2,2012
1.11205,117.05766,2012-09-04,603,n,0,7.79,332.31,289.85,0.57,0.52,N,VIIRS,2,2012
1.11128,117.05253,2012-09-04,603,n,0,10.37,339.97,292.34,0.57,0.52,N,VIIRS,2,2012
0.74963,114.47264,2012-09-04,603,n,0,10.45,338.63,295.82,0.57,0.43,N,VIIRS,2,2012
0.74415,114.43649,2012-09-04,603,n,0,16.4,344.84,296.02,0.57,0.43,N,VIIRS,2,2012
0.75452,114.45094,2012-09-04,603,n,0,8.98,334.74,296.45,0.57,0.43,N,VIIRS,2,2012
0.76479,114.49152,2012-09-04,603,n,0,62.48,331.88,298.17,0.57,0.43,N,VIIRS,2,2012
0.76401,114.4864,2012-09-04,603,n,0,39.12,344.33,296.22,0.57,0.43,N,VIIRS,2,2012
0.76165,114.47094,2012-09-04,603,n,0,7.32,331.75,295.92,0.57,0.43,N,VIIRS,2,2012
0.76087,114.46581,2012-09-04,603,n,0,7.64,331.98,296.46,0.57,0.43,N,VIIRS,2,2012
0.75851,114.45035,2012-09-04,603,n,0,3.63,330.28,296.26,0.57,0.43,N,VIIRS,2,2012
0.76881,114.491,2012-09-04,603,n,0,62.48,343.33,293.53,0.57,0.43,N,VIIRS,2,2012
0.76803,114.48586,2012-09-04,603,n,0,39.12,356.15,298.26,0.57,0.43,N,VIIRS,2,2012
1.17767,117.10115,2012-09-04,603,n,0,7.49,331.95,292.11,0.57,0.52,N,VIIRS,2,2012
0.79595,114.50744,2012-09-04,603,n,0,4.05,340.0,296.83,0.38,0.43,N,VIIRS,2,2012
1.20177,117.0659,2012-09-04,603,n,0,11.73,343.82,289.62,0.57,0.52,N,VIIRS,2,2012
1.20097,117.06075,2012-09-04,603,n,0,17.2,347.35,292.95,0.57,0.52,N,VIIRS,2,2012
1.20016,117.05559,2012-09-04,603,n,0,17.2,340.16,289.98,0.57,0.52,N,VIIRS,2,2012
0.83275,114.69181,2012-09-04,603,n,0,3.56,330.46,296.3,0.39,0.44,N,VIIRS,2,2012
0.81255,114.56154,2012-09-04,603,n,0,3.46,339.85,295.17,0.39,0.44,N,VIIRS,2,2012
1.20658,117.06522,2012-09-04,603,n,0,19.42,349.04,288.86,0.57,0.52,N,VIIRS,2,2012
1.20497,117.05489,2012-09-04,603,n,0,38.54,340.71,290.16,0.57,0.52,N,VIIRS,2,2012
0.82694,114.62768,2012-09-04,603,n,0,3.3,335.53,296.4,0.39,0.44,N,VIIRS,2,2012
0.8166,114.56107,2012-09-04,603,n,0,9.11,340.84,297.03,0.39,0.44,N,VIIRS,2,2012
0.81069,114.52299,2012-09-04,603,n,0,8.83,356.27,296.25,0.38,0.43,N,VIIRS,2,2012
0.8147,114.52237,2012-09-04,603,n,0,8.83,334.48,296.23,0.38,0.43,N,VIIRS,2,2012
0.7835,114.29562,2012-09-04,603,n,0,11.84,346.45,298.71,0.56,0.43,N,VIIRS,2,2012
0.82669,114.62656,2012-09-04,603,n,0,3.65,339.96,296.41,0.39,0.44,N,VIIRS,2,2012
0.81683,114.55988,2012-09-04,603,n,0,3.18,331.02,296.45,0.39,0.44,N,VIIRS,2,2012
0.81118,114.52169,2012-09-04,603,n,0,19.41,341.03,298.02,0.38,0.44,N,VIIRS,2,2012
0.78209,114.29779,2012-09-04,603,n,0,14.98,335.01,298.32,0.56,0.43,N,VIIRS,2,2012
0.84636,114.70333,2012-09-04,603,n,0,15.67,354.57,299.34,0.39,0.44,N,VIIRS,2,2012
0.83466,114.59669,2012-09-04,603,n,0,5.52,337.35,295.75,0.39,0.44,N,VIIRS,2,2012
1.20568,117.06728,2012-09-04,603,n,0,20.92,342.47,291.34,0.57,0.52,N,VIIRS,2,2012
1.20491,117.0621,2012-09-04,603,n,0,44.24,341.3,289.36,0.57,0.52,N,VIIRS,2,2012
1.20414,117.05692,2012-09-04,603,n,0,44.24,353.97,293.9,0.57,0.52,N,VIIRS,2,2012
0.7994,114.30522,2012-09-04,603,n,0,6.38,332.28,296.56,0.56,0.43,N,VIIRS,2,2012
0.79865,114.30025,2012-09-04,603,n,0,6.38,339.12,297.24,0.56,0.43,N,VIIRS,2,2012
1.20555,116.96741,2012-09-04,603,n,0,11.12,329.08,292.72,0.56,0.52,N,VIIRS,2,2012
1.20479,116.96233,2012-09-04,603,n,0,11.12,340.45,293.47,0.56,0.52,N,VIIRS,2,2012
0.85717,114.63663,2012-09-04,603,n,0,7.36,342.46,297.67,0.39,0.44,N,VIIRS,2,2012
1.21033,116.96673,2012-09-04,603,n,0,30.13,341.0,291.67,0.56,0.52,N,VIIRS,2,2012
0.87027,114.69633,2012-09-04,603,n,0,29.65,341.03,298.5,0.39,0.44,N,VIIRS,2,2012
0.86596,114.66758,2012-09-04,603,n,0,17.04,339.86,297.26,0.39,0.44,N,VIIRS,2,2012
0.86544,114.66415,2012-09-04,603,n,0,17.04,329.5,297.97,0.39,0.44,N,VIIRS,2,2012
0.86632,114.64243,2012-09-04,603,n,0,6.24,339.78,295.95,0.39,0.44,N,VIIRS,2,2012
0.86579,114.63886,2012-09-04,603,n,0,5.18,338.92,295.64,0.39,0.44,N,VIIRS,2,2012
0.87306,114.65965,2012-09-04,603,n,0,26.76,340.25,298.61,0.39,0.44,N,VIIRS,2,2012
1.18473,116.6993,2012-09-04,603,n,0,30.92,351.69,294.86,0.54,0.51,N,VIIRS,2,2012
0.88517,114.7124,2012-09-04,603,n,0,5.74,341.37,295.37,0.4,0.44,N,VIIRS,2,2012
0.87712,114.65904,2012-09-04,603,n,0,26.76,340.34,295.36,0.39,0.44,N,VIIRS,2,2012
0.87659,114.65549,2012-09-04,603,n,0,26.76,335.97,295.13,0.39,0.44,N,VIIRS,2,2012
0.89088,114.72256,2012-09-04,603,n,0,3.23,334.73,294.92,0.4,0.44,N,VIIRS,2,2012
0.89034,114.71897,2012-09-04,603,n,0,3.23,329.2,295.83,0.4,0.44,N,VIIRS,2,2012
0.8871,114.69755,2012-09-04,603,n,0,6.36,334.35,295.35,0.39,0.44,N,VIIRS,2,2012
-1.76673,115.12222,2012-09-04,603,n,0,4.16,341.9,297.23,0.39,0.44,N,VIIRS,2,2012
1.43857,118.31622,2012-09-04,603,n,0,2.61,333.59,289.83,0.35,0.57,N,VIIRS,2,2012
0.89062,114.69337,2012-09-04,603,n,0,3.77,338.8,296.42,0.39,0.44,N,VIIRS,2,2012
0.88739,114.67204,2012-09-04,603,n,0,50.56,348.01,295.92,0.39,0.44,N,VIIRS,2,2012
0.92092,114.81029,2012-09-04,603,n,0,4.77,340.54,296.04,0.4,0.44,N,VIIRS,2,2012
0.91211,114.75245,2012-09-04,603,n,0,4.78,341.3,296.56,0.4,0.44,N,VIIRS,2,2012
0.90524,114.62579,2012-09-04,603,n,0,7.65,342.76,296.17,0.39,0.44,N,VIIRS,2,2012
0.92061,114.59116,2012-09-04,603,n,0,4.54,343.31,295.31,0.39,0.44,N,VIIRS,2,2012
0.91137,114.53139,2012-09-04,603,n,0,10.98,341.91,295.99,0.39,0.44,N,VIIRS,2,2012
1.29082,116.91844,2012-09-04,603,n,0,20.43,338.27,292.44,0.56,0.51,N,VIIRS,2,2012
0.93086,114.6039,2012-09-04,603,n,0,9.98,343.63,296.57,0.39,0.44,N,VIIRS,2,2012
1.29558,116.9177,2012-09-04,603,n,0,20.43,343.81,296.35,0.56,0.51,N,VIIRS,2,2012
1.2948,116.91267,2012-09-04,603,n,0,16.88,337.13,293.08,0.56,0.51,N,VIIRS,2,2012
0.93123,114.60399,2012-09-04,603,n,0,9.51,349.42,296.65,0.39,0.44,N,VIIRS,2,2012
0.93516,114.57463,2012-09-04,603,n,0,3.23,329.25,295.6,0.39,0.44,N,VIIRS,2,2012
0.93867,114.57046,2012-09-04,603,n,0,2.96,332.08,295.31,0.39,0.44,N,VIIRS,2,2012
1.29084,116.91682,2012-09-04,603,n,0,33.59,341.09,292.76,0.56,0.51,N,VIIRS,2,2012
0.9427,114.5698,2012-09-04,603,n,0,5.29,345.5,294.98,0.39,0.44,N,VIIRS,2,2012
1.29561,116.91608,2012-09-04,603,n,0,33.59,352.99,296.7,0.56,0.51,N,VIIRS,2,2012
0.81307,113.6739,2012-09-04,603,n,0,23.94,336.67,301.32,0.51,0.41,N,VIIRS,2,2012
1.30037,116.91531,2012-09-04,603,n,0,7.09,330.71,293.3,0.56,0.51,N,VIIRS,2,2012
1.46976,117.88131,2012-09-04,603,n,0,3.26,331.12,294.56,0.33,0.55,N,VIIRS,2,2012
1.48504,117.87871,2012-09-04,603,n,0,6.05,354.53,296.37,0.33,0.55,N,VIIRS,2,2012
1.4897,117.87494,2012-09-04,603,n,0,6.05,337.92,295.41,0.33,0.55,N,VIIRS,2,2012
1.38269,117.13608,2012-09-04,603,h,0,22.83,367.0,295.33,0.58,0.52,N,VIIRS,2,2012
1.38349,117.14138,2012-09-04,603,n,0,17.59,347.29,296.25,0.58,0.52,N,VIIRS,2,2012
1.38834,117.14067,2012-09-04,603,h,0,17.59,367.0,294.1,0.58,0.52,N,VIIRS,2,2012
1.54804,118.08505,2012-09-04,603,n,0,6.6,347.93,293.51,0.34,0.56,N,VIIRS,2,2012
1.54754,118.08183,2012-09-04,603,n,0,3.39,329.25,293.43,0.34,0.56,N,VIIRS,2,2012
1.44098,117.16005,2012-09-04,603,n,0,29.12,355.91,293.05,0.58,0.52,N,VIIRS,2,2012
1.43899,117.16248,2012-09-04,603,n,0,34.61,342.26,293.55,0.59,0.52,N,VIIRS,2,2012
1.57466,117.97466,2012-09-04,603,n,0,2.18,335.52,293.35,0.33,0.56,N,VIIRS,2,2012
1.49007,117.10606,2012-09-04,603,n,0,79.75,341.44,297.2,0.58,0.52,N,VIIRS,2,2012
1.49491,117.10534,2012-09-04,603,n,0,21.31,343.6,292.39,0.58,0.52,N,VIIRS,2,2012
1.67052,118.015,2012-09-04,603,n,0,6.7,351.55,292.43,0.34,0.56,N,VIIRS,2,2012
1.67004,118.0119,2012-09-04,603,n,0,3.5,333.91,291.36,0.34,0.56,N,VIIRS,2,2012
1.66646,118.01365,2012-09-04,603,n,0,4.52,353.7,292.52,0.34,0.56,N,VIIRS,2,2012
1.67164,118.01294,2012-09-04,603,n,0,4.52,331.62,291.61,0.34,0.56,N,VIIRS,2,2012
1.7056,117.9925,2012-09-04,603,n,0,4.19,335.6,293.51,0.34,0.56,N,VIIRS,2,2012
1.73006,117.97951,2012-09-04,603,h,0,12.86,367.0,291.59,0.34,0.56,N,VIIRS,2,2012
1.64807,117.06034,2012-09-04,603,n,0,4.16,327.81,292.1,0.58,0.52,N,VIIRS,2,2012
1.65291,117.05959,2012-09-04,603,n,0,14.83,351.92,290.29,0.58,0.52,N,VIIRS,2,2012
1.40861,115.32935,2012-09-04,603,n,0,11.49,340.46,297.48,0.44,0.46,N,VIIRS,2,2012
1.67164,117.05249,2012-09-04,603,h,0,41.81,367.0,290.08,0.58,0.52,N,VIIRS,2,2012
1.67087,117.04731,2012-09-04,603,n,0,37.1,340.81,291.68,0.58,0.52,N,VIIRS,2,2012
1.68135,117.05122,2012-09-04,603,n,0,13.07,350.91,289.71,0.58,0.52,N,VIIRS,2,2012
1.42812,115.37167,2012-09-04,603,n,0,6.67,341.78,297.55,0.44,0.46,N,VIIRS,2,2012
-1.73024,115.41441,2012-09-04,603,n,0,13.77,340.87,296.28,0.4,0.44,N,VIIRS,2,2012
-1.63127,116.08875,2012-09-04,603,n,0,3.59,337.36,293.81,0.45,0.47,N,VIIRS,2,2012
-1.78864,115.08654,2012-09-04,603,n,0,2.59,330.92,295.12,0.38,0.43,N,VIIRS,2,2012
-1.7916,115.09407,2012-09-04,603,n,0,3.36,333.11,296.93,0.38,0.43,N,VIIRS,2,2012
-1.80125,115.05758,2012-09-04,603,n,0,5.77,334.1,295.55,0.57,0.43,N,VIIRS,2,2012
-1.79193,115.119,2012-09-04,603,n,0,9.87,340.23,298.23,0.38,0.44,N,VIIRS,2,2012
-1.79837,115.05907,2012-09-04,603,n,0,5.84,331.9,295.92,0.57,0.43,N,VIIRS,2,2012
-1.78887,115.11864,2012-09-04,603,n,0,10.65,342.02,298.65,0.38,0.44,N,VIIRS,2,2012
-1.63861,116.08452,2012-09-04,603,n,0,1.85,333.14,292.44,0.44,0.46,N,VIIRS,2,2012
-1.6276,116.34849,2012-09-04,603,n,0,3.53,333.38,295.1,0.46,0.47,N,VIIRS,2,2012
-1.62694,116.3527,2012-09-04,603,n,0,3.53,333.73,295.82,0.46,0.47,N,VIIRS,2,2012
-1.76594,115.5541,2012-09-04,603,n,0,5.55,336.56,296.44,0.41,0.45,N,VIIRS,2,2012
-1.77064,115.55113,2012-09-04,603,n,0,3.2,333.7,296.45,0.41,0.45,N,VIIRS,2,2012
-1.7772,115.67287,2012-09-04,603,n,0,9.64,342.94,289.97,0.42,0.45,N,VIIRS,2,2012
-1.82336,115.40179,2012-09-04,603,n,0,13.34,341.87,299.62,0.4,0.44,N,VIIRS,2,2012
-1.84139,115.33907,2012-09-04,603,n,0,9.51,340.03,296.84,0.4,0.44,N,VIIRS,2,2012
-1.91462,114.88898,2012-09-04,603,n,0,3.94,336.34,298.6,0.56,0.43,N,VIIRS,2,2012
1.814,117.82887,2012-09-04,603,h,0,10.89,367.0,294.22,0.33,0.55,N,VIIRS,2,2012
1.69422,117.03816,2012-09-04,603,n,0,67.72,355.92,296.66,0.58,0.52,N,VIIRS,2,2012
1.69342,117.03288,2012-09-04,603,n,0,13.02,338.34,291.44,0.58,0.52,N,VIIRS,2,2012
1.72332,117.06657,2012-09-04,603,n,0,6.56,334.2,286.65,0.58,0.52,N,VIIRS,2,2012
1.84942,117.78698,2012-09-04,603,h,0,36.85,367.0,290.19,0.33,0.55,N,VIIRS,2,2012
1.84896,117.78399,2012-09-04,603,n,0,14.44,337.99,287.56,0.33,0.55,N,VIIRS,2,2012
1.72136,117.06419,2012-09-04,603,n,0,5.76,333.24,288.39,0.58,0.52,N,VIIRS,2,2012
1.84682,117.78527,2012-09-04,603,n,0,19.35,347.31,288.15,0.33,0.55,N,VIIRS,2,2012
1.84726,117.78825,2012-09-04,603,l,0,19.35,356.85,289.26,0.33,0.55,N,VIIRS,2,2012
1.84373,117.21628,2012-09-04,603,n,0,20.58,339.9,283.94,0.6,0.53,N,VIIRS,2,2012
-0.14086,116.79659,2012-09-04,603,n,0,9.42,335.8,295.56,0.52,0.5,N,VIIRS,2,2012
-0.45895,114.69904,2012-09-04,603,n,0,15.29,351.08,295.47,0.57,0.43,N,VIIRS,2,2012
-0.4568,114.69576,2012-09-04,603,n,0,5.95,332.33,293.81,0.57,0.43,N,VIIRS,2,2012
-0.456,114.70083,2012-09-04,603,n,0,5.95,332.35,292.41,0.57,0.43,N,VIIRS,2,2012
-0.15203,116.68572,2012-09-04,603,n,0,7.14,341.27,292.13,0.51,0.5,N,VIIRS,2,2012
-0.15661,116.68641,2012-09-04,603,n,0,4.33,332.71,292.52,0.51,0.5,N,VIIRS,2,2012
-0.13888,116.79891,2012-09-04,603,n,0,8.05,345.61,295.81,0.52,0.5,N,VIIRS,2,2012
-0.19054,116.55959,2012-09-04,603,n,0,5.27,337.38,296.64,0.5,0.49,N,VIIRS,2,2012
-0.19773,116.75465,2012-09-04,603,n,0,7.56,333.58,295.38,0.52,0.5,N,VIIRS,2,2012
-0.23956,116.85261,2012-09-04,603,n,0,1.93,332.9,291.55,0.53,0.5,N,VIIRS,2,2012
-0.24233,116.85625,2012-09-04,603,n,0,5.22,332.2,292.98,0.53,0.5,N,VIIRS,2,2012
-0.19953,117.18948,2012-09-04,603,n,0,15.84,330.92,287.08,0.55,0.51,N,VIIRS,2,2012
-0.30773,116.67883,2012-09-04,603,n,0,3.72,332.74,294.13,0.51,0.49,N,VIIRS,2,2012
-0.27462,116.95441,2012-09-04,603,n,0,17.78,340.16,296.2,0.53,0.5,N,VIIRS,2,2012
-0.24322,117.25293,2012-09-04,603,n,0,7.98,339.33,283.02,0.56,0.51,N,VIIRS,2,2012
-0.38175,116.40793,2012-09-04,603,n,0,12.92,331.96,295.69,0.49,0.48,N,VIIRS,2,2012
-0.38691,116.40415,2012-09-04,603,n,0,12.54,346.2,297.68,0.49,0.48,N,VIIRS,2,2012
-0.24104,117.3634,2012-09-04,603,n,0,5.25,332.79,288.49,0.57,0.52,N,VIIRS,2,2012
-0.24025,117.36862,2012-09-04,603,n,0,5.25,332.77,287.24,0.57,0.52,N,VIIRS,2,2012
-0.38623,116.40859,2012-09-04,603,h,0,12.92,367.0,297.87,0.49,0.48,N,VIIRS,2,2012
-0.532,115.59177,2012-09-04,603,n,0,8.69,342.44,296.66,0.43,0.46,N,VIIRS,2,2012
-0.53183,115.5882,2012-09-04,603,n,0,2.96,332.66,293.07,0.43,0.46,N,VIIRS,2,2012
-0.53122,115.59206,2012-09-04,603,n,0,7.24,342.36,297.17,0.43,0.46,N,VIIRS,2,2012
-0.81619,113.95401,2012-09-04,603,n,0,6.13,333.39,296.61,0.51,0.41,N,VIIRS,2,2012
-0.74961,114.53906,2012-09-04,603,n,0,10.95,333.32,294.56,0.55,0.43,N,VIIRS,2,2012
-0.75354,114.53967,2012-09-04,603,n,0,10.95,344.35,294.42,0.55,0.43,N,VIIRS,2,2012
-0.4827,116.35946,2012-09-04,603,n,0,4.63,338.25,294.84,0.48,0.48,N,VIIRS,2,2012
-0.50188,116.35341,2012-09-04,603,n,0,14.44,348.53,297.55,0.48,0.48,N,VIIRS,2,2012
-0.52838,116.26863,2012-09-04,603,n,0,5.06,331.71,295.54,0.48,0.48,N,VIIRS,2,2012
-0.53193,116.26851,2012-09-04,603,n,0,5.94,332.3,297.33,0.47,0.48,N,VIIRS,2,2012
-0.67593,115.49568,2012-09-04,603,n,0,3.55,338.75,293.33,0.42,0.45,N,VIIRS,2,2012
-0.99063,113.50151,2012-09-04,603,n,0,4.99,332.91,295.92,0.48,0.4,N,VIIRS,2,2012
-0.99364,113.50642,2012-09-04,603,n,0,52.0,337.47,300.83,0.48,0.4,N,VIIRS,2,2012
-0.38259,117.42252,2012-09-04,603,n,0,4.75,337.62,293.16,0.57,0.52,N,VIIRS,2,2012
-0.70949,115.50062,2012-09-04,603,n,0,8.02,342.02,297.98,0.42,0.45,N,VIIRS,2,2012
-0.5006,116.88217,2012-09-04,603,n,0,3.17,330.89,291.92,0.52,0.5,N,VIIRS,2,2012
-0.50764,116.8979,2012-09-04,603,n,0,11.99,339.67,294.42,0.52,0.5,N,VIIRS,2,2012
-0.98694,113.79776,2012-09-04,603,n,0,23.53,344.48,296.49,0.5,0.41,N,VIIRS,2,2012
-0.51228,116.89857,2012-09-04,603,n,0,22.0,340.33,296.9,0.52,0.5,N,VIIRS,2,2012
-0.99069,113.79834,2012-09-04,603,n,0,23.53,344.9,293.82,0.5,0.41,N,VIIRS,2,2012
-0.99683,113.80847,2012-09-04,603,n,0,4.75,341.76,294.78,0.5,0.41,N,VIIRS,2,2012
-1.0491,113.6394,2012-09-04,603,n,0,6.68,333.58,295.28,0.49,0.4,N,VIIRS,2,2012
-1.06001,113.59203,2012-09-04,603,n,0,4.87,337.21,295.28,0.48,0.4,N,VIIRS,2,2012
-0.87047,114.85556,2012-09-04,603,n,0,10.76,332.3,296.43,0.57,0.43,N,VIIRS,2,2012
-1.05052,113.63896,2012-09-04,603,n,0,8.41,346.85,295.81,0.49,0.4,N,VIIRS,2,2012
-0.87093,114.8588,2012-09-04,603,n,0,12.13,344.99,294.72,0.57,0.43,N,VIIRS,2,2012
-0.83946,115.05882,2012-09-04,603,n,0,6.95,341.91,294.76,0.39,0.44,N,VIIRS,2,2012
-0.35512,114.70975,2012-09-04,603,n,0,34.45,340.81,293.47,0.57,0.43,N,VIIRS,2,2012
-0.34708,114.73495,2012-09-04,603,n,0,4.75,331.91,295.7,0.57,0.43,N,VIIRS,2,2012
-0.34388,114.72922,2012-09-04,603,n,0,3.68,330.0,292.85,0.57,0.43,N,VIIRS,2,2012
-0.33913,114.70731,2012-09-04,603,n,0,63.64,348.66,298.12,0.57,0.43,N,VIIRS,2,2012
-0.35395,114.70683,2012-09-04,603,n,0,28.97,344.41,296.47,0.57,0.43,N,VIIRS,2,2012
-0.34208,114.73147,2012-09-04,603,n,0,4.12,331.92,294.89,0.57,0.43,N,VIIRS,2,2012
-0.34117,114.71017,2012-09-04,603,n,0,9.45,336.69,294.91,0.57,0.43,N,VIIRS,2,2012
-0.34195,114.70496,2012-09-04,603,n,0,9.45,333.19,294.62,0.57,0.43,N,VIIRS,2,2012
-0.33796,114.70434,2012-09-04,603,n,0,57.07,331.73,293.75,0.57,0.43,N,VIIRS,2,2012
-0.19595,115.47748,2012-09-04,603,n,0,2.37,332.49,292.32,0.43,0.46,N,VIIRS,2,2012
-0.0464,116.37057,2012-09-04,603,n,0,6.04,332.1,299.17,0.49,0.49,N,VIIRS,2,2012
-0.04191,116.3699,2012-09-04,603,n,0,6.92,341.0,298.28,0.49,0.49,N,VIIRS,2,2012
-0.04259,116.36546,2012-09-04,603,n,0,5.94,334.96,300.27,0.49,0.49,N,VIIRS,2,2012
-0.04531,116.34768,2012-09-04,603,n,0,5.85,341.86,298.04,0.49,0.49,N,VIIRS,2,2012
-0.8887,114.87638,2012-09-04,603,n,0,7.4,339.37,294.36,0.38,0.43,N,VIIRS,2,2012
-0.8927,114.87701,2012-09-04,603,n,0,7.4,341.12,297.43,0.38,0.43,N,VIIRS,2,2012
-1.10711,113.51852,2012-09-04,603,n,0,15.28,332.45,295.44,0.48,0.4,N,VIIRS,2,2012
-0.93146,114.6799,2012-09-04,603,n,0,38.76,334.68,298.85,0.56,0.43,N,VIIRS,2,2012
0.02621,116.78305,2012-09-04,603,n,0,3.52,331.18,295.82,0.52,0.5,N,VIIRS,2,2012
-0.03809,116.36478,2012-09-04,603,n,0,5.94,340.73,298.31,0.49,0.49,N,VIIRS,2,2012
0.03525,116.81094,2012-09-04,603,n,0,6.86,345.21,295.24,0.53,0.5,N,VIIRS,2,2012
-0.03428,116.35968,2012-09-04,603,n,0,7.08,346.52,298.59,0.49,0.49,N,VIIRS,2,2012
-0.17467,115.44748,2012-09-04,603,n,0,3.38,332.02,291.05,0.43,0.46,N,VIIRS,2,2012
0.03989,116.81025,2012-09-04,603,n,0,6.86,342.83,294.36,0.53,0.5,N,VIIRS,2,2012
-0.15101,115.51688,2012-09-04,603,n,0,3.08,329.88,291.36,0.43,0.46,N,VIIRS,2,2012
-0.72883,116.1284,2012-09-04,603,n,0,6.36,338.13,296.7,0.46,0.47,N,VIIRS,2,2012
-0.62392,116.8084,2012-09-04,603,n,0,39.38,344.24,297.02,0.51,0.5,N,VIIRS,2,2012
-0.93808,114.79525,2012-09-04,603,n,0,18.57,339.82,297.48,0.57,0.43,N,VIIRS,2,2012
-1.13853,113.51027,2012-09-04,603,n,0,4.65,333.49,295.72,0.48,0.4,N,VIIRS,2,2012
-1.13392,113.54049,2012-09-04,603,n,0,8.67,338.39,296.43,0.48,0.4,N,VIIRS,2,2012
-0.61789,116.9087,2012-09-04,603,n,0,18.53,341.26,297.04,0.52,0.5,N,VIIRS,2,2012
-0.64277,116.93179,2012-09-04,603,n,0,29.71,342.56,297.11,0.52,0.5,N,VIIRS,2,2012
-0.6474,116.93248,2012-09-04,603,n,0,29.71,341.41,295.48,0.52,0.5,N,VIIRS,2,2012
-0.64194,116.92895,2012-09-04,603,n,0,76.62,349.71,299.97,0.52,0.5,N,VIIRS,2,2012
-0.11911,115.61034,2012-09-04,603,n,0,3.11,331.59,294.49,0.44,0.46,N,VIIRS,2,2012
0.00437,116.31304,2012-09-04,603,n,0,21.46,343.25,299.2,0.49,0.48,N,VIIRS,2,2012
-0.12277,115.47617,2012-09-04,603,n,0,4.11,343.11,292.81,0.43,0.46,N,VIIRS,2,2012
-0.64656,116.92967,2012-09-04,603,h,0,23.14,367.0,298.28,0.52,0.5,N,VIIRS,2,2012
-1.1829,113.5816,2012-09-04,603,n,0,29.94,341.34,298.42,0.48,0.4,N,VIIRS,2,2012
-1.18629,113.60851,2012-09-04,603,n,0,38.03,335.74,294.37,0.48,0.4,N,VIIRS,2,2012
-1.18999,113.60904,2012-09-04,603,n,0,38.03,341.1,303.07,0.48,0.4,N,VIIRS,2,2012
-0.63791,117.2885,2012-09-04,603,n,0,10.57,343.94,295.15,0.55,0.51,N,VIIRS,2,2012
-1.00279,114.99678,2012-09-04,603,n,0,22.9,337.08,292.86,0.39,0.44,N,VIIRS,2,2012
-0.70734,116.90427,2012-09-04,603,n,0,6.07,332.2,296.11,0.52,0.5,N,VIIRS,2,2012
-0.70661,116.90899,2012-09-04,603,n,0,10.88,341.62,296.57,0.52,0.5,N,VIIRS,2,2012
-1.00333,114.99327,2012-09-04,603,h,0,22.9,367.0,295.34,0.39,0.44,N,VIIRS,2,2012
-1.00737,114.99381,2012-09-04,603,n,0,22.9,356.47,299.89,0.39,0.44,N,VIIRS,2,2012
-0.70991,116.94875,2012-09-04,603,n,0,10.73,340.59,292.54,0.52,0.5,N,VIIRS,2,2012
-1.06732,114.92475,2012-09-04,603,n,0,49.02,343.81,300.97,0.38,0.43,N,VIIRS,2,2012
-1.27464,113.59985,2012-09-04,603,n,0,7.17,331.92,295.4,0.48,0.4,N,VIIRS,2,2012
-1.0639,114.92545,2012-09-04,603,n,0,21.15,353.1,296.85,0.38,0.43,N,VIIRS,2,2012
-1.27592,113.60378,2012-09-04,603,n,0,7.09,332.23,296.25,0.48,0.4,N,VIIRS,2,2012
-1.06792,114.92602,2012-09-04,603,n,0,21.15,351.36,298.17,0.38,0.43,N,VIIRS,2,2012
-0.72942,117.26473,2012-09-04,603,n,0,8.2,341.98,294.64,0.55,0.51,N,VIIRS,2,2012
-0.74047,117.25608,2012-09-04,603,h,0,11.85,367.0,295.63,0.55,0.51,N,VIIRS,2,2012
-0.74362,117.26686,2012-09-04,603,n,0,10.92,342.07,294.99,0.55,0.51,N,VIIRS,2,2012
-0.74283,117.27186,2012-09-04,603,n,0,7.26,336.19,294.51,0.55,0.51,N,VIIRS,2,2012
-0.75693,117.21268,2012-09-04,603,n,0,10.1,341.78,294.24,0.55,0.51,N,VIIRS,2,2012
-1.06697,115.27753,2012-09-04,603,n,0,5.18,341.72,296.26,0.4,0.44,N,VIIRS,2,2012
-1.07109,115.27808,2012-09-04,603,n,0,5.18,339.97,296.25,0.4,0.44,N,VIIRS,2,2012
-1.07053,115.28169,2012-09-04,603,n,0,7.65,331.35,295.59,0.4,0.44,N,VIIRS,2,2012
-1.15754,114.77037,2012-09-04,603,n,0,86.73,332.74,298.68,0.56,0.43,N,VIIRS,2,2012
-1.14337,114.86263,2012-09-04,603,n,0,4.67,332.77,295.26,0.57,0.43,N,VIIRS,2,2012
-1.08211,115.26108,2012-09-04,603,n,0,5.64,336.08,296.03,0.4,0.44,N,VIIRS,2,2012
-1.08155,115.2647,2012-09-04,603,n,0,5.64,338.87,294.83,0.4,0.44,N,VIIRS,2,2012
-1.38826,113.5106,2012-09-04,603,n,0,3.95,334.66,298.62,0.47,0.4,N,VIIRS,2,2012
-1.38763,113.50961,2012-09-04,603,n,0,4.29,336.09,298.74,0.47,0.4,N,VIIRS,2,2012
-1.13098,115.34359,2012-09-04,603,n,0,18.6,340.05,290.97,0.41,0.45,N,VIIRS,2,2012
-0.95638,116.95841,2012-09-04,603,n,0,10.54,345.39,293.98,0.52,0.5,N,VIIRS,2,2012
-0.96247,116.94942,2012-09-04,603,n,0,10.54,344.53,295.09,0.52,0.5,N,VIIRS,2,2012
-0.96172,116.95437,2012-09-04,603,n,0,11.35,339.97,294.95,0.52,0.5,N,VIIRS,2,2012
-0.96098,116.95921,2012-09-04,603,n,0,11.35,347.04,294.99,0.52,0.5,N,VIIRS,2,2012
-1.00157,116.78462,2012-09-04,603,n,0,5.28,339.98,293.03,0.51,0.49,N,VIIRS,2,2012
-0.96133,116.9482,2012-09-04,603,n,0,6.5,336.58,294.06,0.52,0.5,N,VIIRS,2,2012
-0.96053,116.95315,2012-09-04,603,n,0,15.74,346.75,295.4,0.52,0.5,N,VIIRS,2,2012
-0.95976,116.958,2012-09-04,603,n,0,15.74,341.29,295.96,0.52,0.5,N,VIIRS,2,2012
-1.00167,116.78391,2012-09-04,603,n,0,4.94,338.02,293.12,0.51,0.49,N,VIIRS,2,2012
-1.28598,115.28224,2012-09-04,603,n,0,9.76,336.4,292.04,0.4,0.44,N,VIIRS,2,2012
-1.28541,115.28589,2012-09-04,603,n,0,14.07,339.75,289.97,0.4,0.44,N,VIIRS,2,2012
-1.31717,115.24274,2012-09-04,603,n,0,6.33,342.85,298.11,0.4,0.44,N,VIIRS,2,2012
-1.10551,116.62372,2012-09-04,603,n,0,4.43,335.42,294.8,0.49,0.49,N,VIIRS,2,2012
-1.31134,115.30827,2012-09-04,603,n,0,20.31,339.61,297.0,0.4,0.44,N,VIIRS,2,2012
-1.31079,115.31181,2012-09-04,603,n,0,15.66,341.51,292.72,0.4,0.44,N,VIIRS,2,2012
-1.31544,115.30882,2012-09-04,603,h,0,20.31,367.0,297.03,0.4,0.44,N,VIIRS,2,2012
-1.13318,116.62342,2012-09-04,603,n,0,15.41,350.87,295.23,0.49,0.49,N,VIIRS,2,2012
-1.1354,116.62157,2012-09-04,603,n,0,9.45,339.33,295.27,0.49,0.49,N,VIIRS,2,2012
-1.13469,116.62604,2012-09-04,603,n,0,9.45,330.96,294.27,0.49,0.49,N,VIIRS,2,2012
-1.38972,115.12272,2012-09-04,603,n,0,7.63,340.74,297.99,0.39,0.44,N,VIIRS,2,2012
-1.38917,115.12623,2012-09-04,603,n,0,13.89,354.39,298.69,0.39,0.44,N,VIIRS,2,2012
-1.54657,114.55347,2012-09-04,603,n,0,5.23,333.46,297.62,0.54,0.42,N,VIIRS,2,2012
-1.48749,114.96934,2012-09-04,603,n,0,4.01,334.32,292.8,0.57,0.43,N,VIIRS,2,2012
-1.48759,114.99574,2012-09-04,603,n,0,44.64,344.75,300.11,0.57,0.43,N,VIIRS,2,2012
-1.54692,114.55186,2012-09-04,603,n,0,5.09,331.41,296.96,0.54,0.42,N,VIIRS,2,2012
-1.48808,114.99883,2012-09-04,603,n,0,47.55,344.42,299.62,0.57,0.43,N,VIIRS,2,2012
0.00174,116.31393,2012-09-04,603,n,0,11.6,340.57,297.54,0.49,0.48,N,VIIRS,2,2012
-0.12337,115.47572,2012-09-04,603,n,0,4.79,340.65,293.17,0.43,0.46,N,VIIRS,2,2012
0.00622,116.31325,2012-09-04,603,n,0,11.6,341.21,296.18,0.49,0.48,N,VIIRS,2,2012
0.0201,115.75739,2012-09-04,603,n,0,5.3,339.87,295.21,0.45,0.47,N,VIIRS,2,2012
0.01314,115.7129,2012-09-04,603,n,0,41.81,353.13,297.44,0.44,0.46,N,VIIRS,2,2012
0.01062,115.69686,2012-09-04,603,n,0,15.56,348.24,296.02,0.44,0.46,N,VIIRS,2,2012
0.00767,115.73431,2012-09-04,603,n,0,4.14,331.93,288.71,0.45,0.47,N,VIIRS,2,2012
0.00703,115.73023,2012-09-04,603,n,0,4.14,339.83,289.73,0.45,0.47,N,VIIRS,2,2012
0.11711,116.40627,2012-09-04,603,n,0,4.62,335.4,292.71,0.5,0.49,N,VIIRS,2,2012
0.07248,115.59785,2012-09-04,603,n,0,3.53,339.07,295.47,0.44,0.46,N,VIIRS,2,2012
0.12648,115.83293,2012-09-04,603,n,0,7.13,347.46,294.15,0.45,0.47,N,VIIRS,2,2012
-1.46494,115.30264,2012-09-04,603,n,0,4.08,339.73,292.43,0.4,0.44,N,VIIRS,2,2012
-1.90114,115.11083,2012-09-04,603,n,0,1.87,332.61,298.92,0.38,0.43,N,VIIRS,2,2012
-1.90173,115.11229,2012-09-04,603,n,0,4.23,336.46,299.75,0.38,0.43,N,VIIRS,2,2012
-1.88566,115.21307,2012-09-04,603,n,0,7.21,342.68,296.89,0.39,0.44,N,VIIRS,2,2012
-1.88971,115.21368,2012-09-04,603,n,0,6.65,340.83,297.99,0.39,0.44,N,VIIRS,2,2012
-1.8639,115.40198,2012-09-04,603,n,0,2.97,341.94,294.67,0.4,0.44,N,VIIRS,2,2012
-1.86914,115.39539,2012-09-04,603,n,0,6.88,336.24,293.61,0.4,0.44,N,VIIRS,2,2012
-1.86798,115.40269,2012-09-04,603,n,0,3.18,335.88,294.52,0.4,0.44,N,VIIRS,2,2012
-1.8732,115.39616,2012-09-04,603,n,0,6.88,340.67,297.14,0.4,0.44,N,VIIRS,2,2012
-1.90641,115.21265,2012-09-04,603,n,0,182.37,342.3,297.06,0.39,0.44,N,VIIRS,2,2012
-2.13045,113.83616,2012-09-04,603,n,0,8.79,334.5,296.87,0.48,0.4,N,VIIRS,2,2012
-2.04719,114.44435,2012-09-04,603,n,0,10.3,335.06,297.62,0.52,0.42,N,VIIRS,2,2012
-1.92845,115.23037,2012-09-04,603,n,0,11.64,344.59,299.92,0.39,0.44,N,VIIRS,2,2012
-1.9396,115.18549,2012-09-04,603,n,0,22.55,351.92,298.06,0.39,0.44,N,VIIRS,2,2012
-1.94417,115.18262,2012-09-04,603,n,0,3.38,335.76,297.94,0.39,0.44,N,VIIRS,2,2012
-1.83033,115.91177,2012-09-04,603,n,0,2.13,331.97,291.95,0.43,0.46,N,VIIRS,2,2012
-1.84372,116.02161,2012-09-04,603,n,0,6.3,345.39,295.47,0.44,0.46,N,VIIRS,2,2012
-1.93597,115.53297,2012-09-04,603,l,0,46.72,298.69,302.56,0.41,0.45,N,VIIRS,2,2012
-1.93541,115.53667,2012-09-04,603,n,0,44.17,341.28,297.6,0.41,0.45,N,VIIRS,2,2012
-1.94367,115.53788,2012-09-04,603,n,0,12.37,348.97,297.92,0.41,0.45,N,VIIRS,2,2012
-1.93775,115.53746,2012-09-04,603,n,0,20.24,341.24,296.94,0.41,0.45,N,VIIRS,2,2012
-1.94188,115.53805,2012-09-04,603,h,0,20.24,367.0,297.9,0.41,0.45,N,VIIRS,2,2012
-2.01182,115.30862,2012-09-04,603,n,0,5.21,343.35,296.4,0.39,0.44,N,VIIRS,2,2012
-1.96382,115.61308,2012-09-04,603,n,0,4.95,336.08,296.99,0.41,0.45,N,VIIRS,2,2012
-1.928,115.89471,2012-09-04,603,n,0,49.91,344.35,300.32,0.43,0.46,N,VIIRS,2,2012
-2.00715,115.52556,2012-09-04,603,n,0,5.94,340.39,297.99,0.4,0.45,N,VIIRS,2,2012
-2.00658,115.52921,2012-09-04,603,n,0,5.94,332.71,297.13,0.4,0.45,N,VIIRS,2,2012
-2.00855,115.57083,2012-09-04,603,n,0,46.24,340.79,295.5,0.41,0.45,N,VIIRS,2,2012
-1.88306,116.37824,2012-09-04,603,n,0,19.52,351.2,295.83,0.46,0.47,N,VIIRS,2,2012
-1.97202,115.88963,2012-09-04,603,n,0,4.23,335.94,294.38,0.43,0.46,N,VIIRS,2,2012
-1.89277,116.43121,2012-09-04,603,n,0,4.38,342.79,294.83,0.46,0.47,N,VIIRS,2,2012
-2.03877,115.5117,2012-09-04,603,n,0,24.51,341.76,298.55,0.4,0.44,N,VIIRS,2,2012
-2.04288,115.51232,2012-09-04,603,n,0,7.68,342.09,296.93,0.4,0.44,N,VIIRS,2,2012
-1.95815,116.06429,2012-09-04,603,n,0,6.66,333.24,291.69,0.44,0.46,N,VIIRS,2,2012
-2.15112,114.88486,2012-09-04,603,n,0,3.82,330.16,299.13,0.55,0.43,N,VIIRS,2,2012
-0.21899,115.91805,2012-09-04,603,n,0,6.33,346.39,295.19,0.46,0.47,N,VIIRS,2,2012
-0.11889,116.69238,2012-09-04,603,n,0,5.93,342.45,295.96,0.51,0.5,N,VIIRS,2,2012
-0.11818,116.69704,2012-09-04,603,n,0,5.5,334.47,295.86,0.51,0.5,N,VIIRS,2,2012
-0.4443,114.6339,2012-09-04,603,n,0,3.07,332.85,293.64,0.56,0.43,N,VIIRS,2,2012
-0.43666,114.71143,2012-09-04,603,n,0,20.77,346.85,297.53,0.57,0.43,N,VIIRS,2,2012
-0.31013,115.57851,2012-09-04,603,n,0,13.94,341.97,291.99,0.43,0.46,N,VIIRS,2,2012
-0.15314,116.68315,2012-09-04,603,n,0,13.95,342.84,292.09,0.51,0.5,N,VIIRS,2,2012
2.40755,117.9338,2012-09-04,604,n,0,4.04,340.44,271.42,0.34,0.56,N,VIIRS,2,2012
2.40234,117.93454,2012-09-04,604,n,0,4.04,333.29,271.45,0.34,0.56,N,VIIRS,2,2012
1.9378,115.06696,2012-09-04,604,n,0,1.62,330.13,287.93,0.43,0.46,N,VIIRS,2,2012
1.92874,115.06429,2012-09-04,604,n,0,10.96,340.91,288.29,0.43,0.46,N,VIIRS,2,2012
2.24971,117.98621,2012-09-04,604,n,0,6.2,353.24,284.43,0.34,0.56,N,VIIRS,2,2012
2.12116,117.15842,2012-09-04,604,n,0,26.02,341.76,287.53,0.6,0.53,N,VIIRS,2,2012
2.2445,117.98697,2012-09-04,604,n,0,3.08,333.8,284.16,0.34,0.56,N,VIIRS,2,2012
2.11621,117.15894,2012-09-04,604,n,0,26.02,340.49,287.47,0.6,0.53,N,VIIRS,2,2012
2.07724,117.09842,2012-09-04,604,n,0,17.31,352.81,282.37,0.59,0.53,N,VIIRS,2,2012
2.12173,117.43706,2012-09-04,604,n,0,11.33,339.5,281.15,0.63,0.54,N,VIIRS,2,2012
2.06439,117.21685,2012-09-04,604,n,0,6.08,326.97,281.89,0.6,0.53,N,VIIRS,2,2012
2.07492,117.09647,2012-09-04,604,n,0,11.02,341.74,282.94,0.59,0.53,N,VIIRS,2,2012
2.12281,117.4399,2012-09-04,604,n,0,5.65,327.4,282.96,0.63,0.54,N,VIIRS,2,2012
2.11781,117.44065,2012-09-04,604,n,0,5.68,328.96,284.27,0.63,0.54,N,VIIRS,2,2012
2.06376,117.22002,2012-09-04,604,n,0,6.66,337.77,282.25,0.6,0.53,N,VIIRS,2,2012
1.71909,114.98769,2012-09-04,604,n,0,16.3,343.64,291.03,0.42,0.45,N,VIIRS,2,2012
2.00474,117.12809,2012-09-04,604,n,0,15.42,342.04,291.74,0.59,0.53,N,VIIRS,2,2012
2.00556,117.13363,2012-09-04,604,n,0,26.91,344.37,292.78,0.59,0.53,N,VIIRS,2,2012
2.04427,117.39344,2012-09-04,604,n,0,3.18,329.01,285.16,0.62,0.54,N,VIIRS,2,2012
1.99984,117.12873,2012-09-04,604,n,0,33.73,356.39,294.86,0.59,0.53,N,VIIRS,2,2012
2.00066,117.13428,2012-09-04,604,n,0,23.59,343.13,292.06,0.59,0.53,N,VIIRS,2,2012
2.00135,117.20658,2012-09-04,604,n,0,38.83,345.74,289.47,0.6,0.53,N,VIIRS,2,2012
1.99642,117.20719,2012-09-04,604,n,0,38.83,355.99,291.64,0.6,0.53,N,VIIRS,2,2012
1.97637,117.31146,2012-09-04,604,n,0,7.62,329.04,284.3,0.61,0.53,N,VIIRS,2,2012
1.89583,116.82352,2012-09-04,604,n,0,11.53,348.32,292.27,0.56,0.52,N,VIIRS,2,2012
1.88272,117.19818,2012-09-04,604,n,0,6.86,340.96,290.59,0.6,0.53,N,VIIRS,2,2012
2.46184,117.86787,2012-09-04,604,n,0,1.37,327.82,280.41,0.34,0.56,N,VIIRS,2,2012
2.44399,117.85468,2012-09-04,604,n,0,2.07,329.36,276.88,0.34,0.56,N,VIIRS,2,2012
2.4186,117.93446,2012-09-04,604,l,0,9.62,356.85,277.59,0.34,0.56,N,VIIRS,2,2012
2.41815,117.9313,2012-09-04,604,n,0,9.62,328.97,273.88,0.34,0.56,N,VIIRS,2,2012
2.41066,117.91643,2012-09-04,604,l,0,9.32,356.73,274.22,0.34,0.56,N,VIIRS,2,2012
2.41021,117.9133,2012-09-04,604,n,0,9.32,338.49,274.05,0.34,0.56,N,VIIRS,2,2012
2.40773,117.93276,2012-09-04,604,n,0,3.96,337.1,272.19,0.34,0.56,N,VIIRS,2,2012
2.40955,117.9453,2012-09-04,604,n,0,3.88,332.19,269.38,0.34,0.56,N,VIIRS,2,2012
2.41091,117.95469,2012-09-04,604,n,0,2.29,330.38,268.13,0.34,0.56,N,VIIRS,2,2012
2.40297,117.9366,2012-09-04,604,n,0,3.96,332.97,269.96,0.34,0.56,N,VIIRS,2,2012
-0.70379,117.58626,2012-09-04,1703,n,3,4.19,321.27,292.98,0.54,0.51,N,VIIRS,2,2012
-0.70206,117.58863,2012-09-04,1703,n,3,2.22,316.03,292.77,0.54,0.51,N,VIIRS,2,2012
-0.58409,117.39301,2012-09-04,1703,n,0,1.35,308.46,291.07,0.56,0.51,N,VIIRS,2,2012
-0.58245,117.38285,2012-09-04,1703,n,2,1.23,307.69,290.91,0.56,0.52,N,VIIRS,2,2012
0.00337,116.31032,2012-09-04,1703,n,0,0.68,304.3,288.83,0.34,0.56,N,VIIRS,2,2012
0.12535,115.83483,2012-09-04,1703,n,0,0.75,305.07,289.24,0.37,0.58,N,VIIRS,2,2012
0.10692,117.46912,2012-09-04,1703,n,2,2.63,304.21,291.38,0.57,0.52,N,VIIRS,2,2012
0.18264,117.48624,2012-09-04,1703,n,2,3.24,308.33,290.78,0.57,0.52,N,VIIRS,2,2012
0.18222,117.48804,2012-09-04,1703,n,2,2.86,310.58,291.23,0.57,0.52,N,VIIRS,2,2012
0.88392,117.10224,2012-09-04,1703,n,0,1.05,303.88,288.36,0.62,0.54,N,VIIRS,2,2012
0.88435,117.10368,2012-09-04,1703,n,0,1.21,303.29,288.75,0.62,0.54,N,VIIRS,2,2012
1.23557,118.02879,2012-09-04,1703,n,0,1.02,304.74,289.36,0.54,0.51,N,VIIRS,2,2012
1.40616,118.0038,2012-09-04,1703,n,0,0.81,302.16,289.58,0.55,0.51,N,VIIRS,2,2012
1.48374,117.87703,2012-09-04,1703,n,0,0.71,301.79,289.04,0.56,0.51,N,VIIRS,2,2012
1.67306,117.04933,2012-09-04,1703,n,0,0.79,300.85,287.76,0.32,0.55,N,VIIRS,2,2012
2.26265,117.63333,2012-09-04,1703,n,0,3.42,303.97,288.27,0.6,0.53,N,VIIRS,2,2012
2.40946,117.91505,2012-09-04,1703,n,0,2.5,311.37,288.46,0.57,0.52,N,VIIRS,2,2012
2.41515,117.9424,2012-09-04,1703,n,0,3.2,306.26,288.46,0.57,0.52,N,VIIRS,2,2012
2.41593,117.93723,2012-09-04,1703,n,0,3.2,318.93,285.99,0.57,0.52,N,VIIRS,2,2012
2.41357,117.95275,2012-09-04,1703,n,0,6.96,329.99,288.46,0.57,0.52,N,VIIRS,2,2012
2.41837,117.95346,2012-09-04,1703,n,0,1.46,303.62,283.45,0.57,0.52,N,VIIRS,2,2012
-0.67703,117.24013,2012-09-04,1703,n,0,1.2,304.31,291.18,0.57,0.52,N,VIIRS,2,2012
-0.81848,113.95231,2012-09-04,1704,n,0,3.3,318.38,287.38,0.48,0.64,N,VIIRS,2,2012
-0.71283,115.50088,2012-09-04,1704,n,0,1.04,302.77,289.41,0.37,0.58,N,VIIRS,2,2012
-0.70742,115.50171,2012-09-04,1704,n,0,1.04,315.89,289.66,0.37,0.58,N,VIIRS,2,2012
-0.96433,117.14575,2012-09-04,1704,n,2,0.97,304.53,290.31,0.57,0.52,N,VIIRS,2,2012
-0.80706,117.10411,2012-09-04,1704,n,0,1.87,307.06,290.58,0.58,0.52,N,VIIRS,2,2012
-0.66302,116.25721,2012-09-04,1704,n,0,0.66,310.99,289.51,0.33,0.56,N,VIIRS,2,2012
-2.20611,114.77958,2012-09-04,1704,n,0,1.47,306.69,287.38,0.4,0.6,N,VIIRS,2,2012
-2.20458,114.87232,2012-09-04,1704,n,0,0.52,303.19,288.93,0.39,0.59,N,VIIRS,2,2012
-2.20469,114.87206,2012-09-04,1704,n,0,0.46,303.24,288.74,0.39,0.59,N,VIIRS,2,2012
-2.1205,115.35632,2012-09-04,1704,n,0,0.87,305.59,288.72,0.36,0.58,N,VIIRS,2,2012
-2.16337,115.94202,2012-09-04,1704,n,0,0.43,303.38,287.4,0.33,0.55,N,VIIRS,2,2012
-2.04287,116.10126,2012-09-04,1704,n,0,0.23,302.47,287.97,0.33,0.55,N,VIIRS,2,2012
-2.04865,116.16933,2012-09-04,1704,n,0,0.4,309.3,288.15,0.32,0.55,N,VIIRS,2,2012
-2.01956,116.054,2012-09-04,1704,n,0,0.6,302.4,287.76,0.33,0.55,N,VIIRS,2,2012
-1.95078,116.3568,2012-09-04,1704,n,0,3.15,319.14,288.9,0.63,0.54,N,VIIRS,2,2012
-1.64268,115.22361,2012-09-04,1704,n,0,1.93,307.64,286.69,0.38,0.59,N,VIIRS,2,2012
-0.81918,113.95667,2012-09-04,1704,n,0,2.21,312.04,287.59,0.48,0.64,N,VIIRS,2,2012
-2.43968,115.06257,2012-09-04,1704,n,0,0.73,303.98,287.46,0.38,0.58,N,VIIRS,2,2012
-2.44344,115.06181,2012-09-04,1704,n,0,0.94,304.28,286.28,0.38,0.59,N,VIIRS,2,2012
1.17055,116.99099,2012-09-05,544,n,0,29.77,344.21,296.05,0.44,0.38,N,VIIRS,2,2012
1.167,116.99151,2012-09-05,544,n,0,29.77,336.97,300.24,0.44,0.38,N,VIIRS,2,2012
0.73913,114.26627,2012-09-05,544,n,0,3.39,332.7,294.14,0.38,0.36,N,VIIRS,2,2012
0.75822,114.48195,2012-09-05,544,n,0,23.32,343.23,294.84,0.38,0.36,N,VIIRS,2,2012
0.7549,114.48244,2012-09-05,544,n,0,53.05,346.09,296.89,0.38,0.36,N,VIIRS,2,2012
0.75106,114.47949,2012-09-05,544,n,0,53.77,348.57,302.32,0.38,0.36,N,VIIRS,2,2012
1.07565,116.74505,2012-09-05,544,n,0,34.87,347.33,299.46,0.43,0.38,N,VIIRS,2,2012
1.07215,116.74557,2012-09-05,544,n,0,34.87,340.73,297.63,0.43,0.38,N,VIIRS,2,2012
1.11859,117.05543,2012-09-05,544,n,0,4.71,338.79,291.99,0.44,0.39,N,VIIRS,2,2012
1.21572,117.72978,2012-09-05,544,n,0,6.44,342.07,293.63,0.48,0.4,N,VIIRS,2,2012
1.20966,117.73962,2012-09-05,544,n,0,7.38,333.96,298.76,0.48,0.4,N,VIIRS,2,2012
1.21029,117.7439,2012-09-05,544,n,0,7.38,332.34,296.77,0.48,0.4,N,VIIRS,2,2012
1.05512,116.79962,2012-09-05,544,n,0,2.46,330.86,294.53,0.43,0.38,N,VIIRS,2,2012
1.0405,116.77795,2012-09-05,544,n,0,26.22,332.88,300.11,0.43,0.38,N,VIIRS,2,2012
1.04109,116.78181,2012-09-05,544,n,0,29.64,350.08,295.95,0.43,0.38,N,VIIRS,2,2012
1.03699,116.77847,2012-09-05,544,n,0,4.56,331.53,294.89,0.43,0.38,N,VIIRS,2,2012
1.03818,116.78621,2012-09-05,544,n,0,11.73,347.48,295.36,0.43,0.38,N,VIIRS,2,2012
1.03877,116.79008,2012-09-05,544,n,0,9.24,331.98,291.72,0.43,0.38,N,VIIRS,2,2012
1.05248,116.87962,2012-09-05,544,n,0,13.15,335.19,298.44,0.43,0.38,N,VIIRS,2,2012
1.2161,117.94656,2012-09-05,544,n,0,17.86,344.2,295.28,0.49,0.4,N,VIIRS,2,2012
1.03759,116.78233,2012-09-05,544,h,0,11.73,367.0,298.47,0.43,0.38,N,VIIRS,2,2012
1.21235,117.94693,2012-09-05,544,n,0,17.86,346.76,298.39,0.49,0.4,N,VIIRS,2,2012
1.06753,117.75461,2012-09-05,544,n,0,4.13,333.89,297.18,0.48,0.4,N,VIIRS,2,2012
0.90524,116.81004,2012-09-05,544,n,0,32.17,336.89,299.58,0.43,0.38,N,VIIRS,2,2012
0.92309,116.99905,2012-09-05,544,n,0,6.2,337.98,295.02,0.44,0.38,N,VIIRS,2,2012
0.89767,116.85488,2012-09-05,544,n,0,2.54,334.74,298.78,0.43,0.38,N,VIIRS,2,2012
0.91955,116.99957,2012-09-05,544,n,0,24.02,343.42,298.54,0.44,0.38,N,VIIRS,2,2012
0.89416,116.8554,2012-09-05,544,n,0,2.54,330.18,296.53,0.43,0.38,N,VIIRS,2,2012
0.87254,116.73594,2012-09-05,544,n,0,23.65,346.91,298.62,0.43,0.38,N,VIIRS,2,2012
0.87545,116.75523,2012-09-05,544,n,0,12.76,347.22,295.12,0.43,0.38,N,VIIRS,2,2012
0.85747,116.6597,2012-09-05,544,n,0,33.33,344.71,298.46,0.42,0.38,N,VIIRS,2,2012
0.89829,116.93053,2012-09-05,544,n,0,17.84,335.36,299.41,0.44,0.38,N,VIIRS,2,2012
0.83227,116.51611,2012-09-05,544,n,0,12.7,346.45,293.9,0.42,0.38,N,VIIRS,2,2012
0.83284,116.51987,2012-09-05,544,n,0,12.7,337.6,292.92,0.42,0.38,N,VIIRS,2,2012
0.85399,116.66027,2012-09-05,544,n,0,15.18,345.98,298.93,0.42,0.38,N,VIIRS,2,2012
0.85456,116.66407,2012-09-05,544,n,0,15.18,331.97,294.96,0.42,0.38,N,VIIRS,2,2012
0.92936,117.16089,2012-09-05,544,n,0,7.79,339.51,292.02,0.45,0.39,N,VIIRS,2,2012
1.05508,117.99716,2012-09-05,544,n,0,4.71,333.58,293.06,0.49,0.4,N,VIIRS,2,2012
0.82881,116.51661,2012-09-05,544,n,0,12.7,335.49,295.04,0.42,0.38,N,VIIRS,2,2012
0.82937,116.52039,2012-09-05,544,n,0,12.7,337.55,296.12,0.42,0.38,N,VIIRS,2,2012
0.81892,116.54514,2012-09-05,544,n,0,11.06,342.45,293.67,0.42,0.38,N,VIIRS,2,2012
0.87831,116.94151,2012-09-05,544,n,0,7.65,344.1,296.06,0.44,0.38,N,VIIRS,2,2012
1.01942,117.88584,2012-09-05,544,n,0,3.89,332.62,295.59,0.48,0.4,N,VIIRS,2,2012
0.87478,116.94203,2012-09-05,544,n,0,54.69,345.04,303.19,0.44,0.38,N,VIIRS,2,2012
0.81545,116.54563,2012-09-05,544,h,0,117.99,367.0,295.67,0.42,0.38,N,VIIRS,2,2012
0.86833,116.92297,2012-09-05,544,n,0,11.0,346.87,299.85,0.44,0.38,N,VIIRS,2,2012
0.86889,116.9509,2012-09-05,544,n,0,11.87,334.86,297.03,0.44,0.38,N,VIIRS,2,2012
0.81807,116.63441,2012-09-05,544,n,0,12.33,331.77,294.78,0.42,0.38,N,VIIRS,2,2012
0.81864,116.63822,2012-09-05,544,n,0,12.33,332.71,294.67,0.42,0.38,N,VIIRS,2,2012
0.86536,116.95143,2012-09-05,544,n,0,11.87,332.71,296.82,0.44,0.38,N,VIIRS,2,2012
0.81459,116.63493,2012-09-05,544,n,0,4.26,332.74,296.2,0.42,0.38,N,VIIRS,2,2012
0.81907,116.68885,2012-09-05,544,n,0,2.15,332.16,295.27,0.43,0.38,N,VIIRS,2,2012
0.81775,116.68842,2012-09-05,544,n,0,4.95,343.45,296.01,0.43,0.38,N,VIIRS,2,2012
0.7904,116.53331,2012-09-05,544,n,0,18.84,332.01,298.38,0.42,0.38,N,VIIRS,2,2012
0.79098,116.53707,2012-09-05,544,n,0,22.73,354.89,300.51,0.42,0.38,N,VIIRS,2,2012
0.81426,116.68895,2012-09-05,544,n,0,3.87,336.01,296.72,0.43,0.38,N,VIIRS,2,2012
0.78751,116.53759,2012-09-05,544,n,0,22.73,353.53,301.6,0.42,0.38,N,VIIRS,2,2012
0.78809,116.54136,2012-09-05,544,n,0,22.73,347.5,298.75,0.42,0.38,N,VIIRS,2,2012
0.78405,116.53812,2012-09-05,544,n,0,14.27,346.43,301.9,0.42,0.38,N,VIIRS,2,2012
0.78463,116.54189,2012-09-05,544,n,0,14.27,340.99,299.33,0.42,0.38,N,VIIRS,2,2012
0.79216,116.59115,2012-09-05,544,n,0,7.24,331.93,294.56,0.42,0.38,N,VIIRS,2,2012
0.78058,116.53864,2012-09-05,544,n,0,14.27,332.03,295.94,0.42,0.38,N,VIIRS,2,2012
0.78116,116.54244,2012-09-05,544,n,0,14.27,341.37,299.56,0.42,0.38,N,VIIRS,2,2012
0.7777,116.54296,2012-09-05,544,n,0,10.34,349.26,295.6,0.42,0.38,N,VIIRS,2,2012
0.81619,116.79488,2012-09-05,544,l,0,6.23,330.22,302.36,0.43,0.38,N,VIIRS,2,2012
0.82155,116.85349,2012-09-05,544,n,0,30.98,341.84,298.88,0.43,0.38,N,VIIRS,2,2012
0.82215,116.85738,2012-09-05,544,n,0,30.98,340.25,301.38,0.43,0.38,N,VIIRS,2,2012
0.77769,116.58943,2012-09-05,544,n,0,30.95,339.29,298.48,0.42,0.38,N,VIIRS,2,2012
0.80151,116.74564,2012-09-05,544,n,0,10.99,345.21,297.02,0.43,0.38,N,VIIRS,2,2012
0.81036,116.80367,2012-09-05,544,n,0,7.23,332.26,296.27,0.43,0.38,N,VIIRS,2,2012
0.81095,116.80753,2012-09-05,544,n,0,14.32,337.26,297.07,0.43,0.38,N,VIIRS,2,2012
0.81804,116.85402,2012-09-05,544,n,0,12.33,335.24,296.6,0.43,0.38,N,VIIRS,2,2012
0.57235,115.26234,2012-09-05,544,n,0,14.53,328.55,297.93,0.39,0.36,N,VIIRS,2,2012
0.57288,115.26584,2012-09-05,544,n,0,14.53,335.19,298.25,0.39,0.36,N,VIIRS,2,2012
0.74842,116.42049,2012-09-05,544,n,0,3.34,330.92,298.7,0.42,0.37,N,VIIRS,2,2012
0.76961,116.55965,2012-09-05,544,n,0,9.8,348.37,297.11,0.42,0.38,N,VIIRS,2,2012
0.80156,116.76939,2012-09-05,544,n,0,3.2,330.99,298.77,0.43,0.38,N,VIIRS,2,2012
0.81394,116.85067,2012-09-05,544,n,0,4.63,332.94,296.76,0.43,0.38,N,VIIRS,2,2012
0.81453,116.85454,2012-09-05,544,n,0,12.33,345.53,301.12,0.43,0.38,N,VIIRS,2,2012
0.97665,117.91708,2012-09-05,544,n,0,17.05,334.98,297.72,0.48,0.4,N,VIIRS,2,2012
0.77018,116.56342,2012-09-05,544,h,0,24.51,367.0,297.47,0.42,0.38,N,VIIRS,2,2012
0.76671,116.56393,2012-09-05,544,n,0,20.55,347.82,300.49,0.42,0.38,N,VIIRS,2,2012
0.76728,116.5677,2012-09-05,544,n,0,20.55,349.22,298.48,0.42,0.38,N,VIIRS,2,2012
0.76786,116.57146,2012-09-05,544,n,0,8.57,335.85,296.61,0.42,0.38,N,VIIRS,2,2012
0.76901,116.57903,2012-09-05,544,n,0,6.86,346.49,295.73,0.42,0.38,N,VIIRS,2,2012
0.74208,116.42523,2012-09-05,544,n,0,7.08,335.91,301.64,0.42,0.37,N,VIIRS,2,2012
0.7975,116.78976,2012-09-05,544,n,0,2.95,335.23,297.15,0.43,0.38,N,VIIRS,2,2012
0.7655,116.64954,2012-09-05,544,n,0,10.77,335.02,294.89,0.42,0.38,N,VIIRS,2,2012
0.76144,116.64624,2012-09-05,544,n,0,7.37,333.39,296.45,0.42,0.38,N,VIIRS,2,2012
0.76202,116.65005,2012-09-05,544,n,0,10.77,334.98,296.58,0.42,0.38,N,VIIRS,2,2012
0.75336,116.61637,2012-09-05,544,n,0,2.02,335.68,293.03,0.42,0.38,N,VIIRS,2,2012
0.74528,116.58643,2012-09-05,544,n,0,13.93,343.88,293.85,0.42,0.38,N,VIIRS,2,2012
0.7608,116.68907,2012-09-05,544,n,0,25.41,338.11,297.18,0.43,0.38,N,VIIRS,2,2012
0.72613,116.62431,2012-09-05,544,n,0,9.71,347.81,296.18,0.42,0.38,N,VIIRS,2,2012
0.91255,117.86863,2012-09-05,544,n,0,4.22,333.94,293.17,0.48,0.4,N,VIIRS,2,2012
0.63007,116.03158,2012-09-05,544,n,0,4.26,336.13,290.93,0.4,0.37,N,VIIRS,2,2012
0.62503,116.02119,2012-09-05,544,n,0,3.14,336.43,294.13,0.4,0.37,N,VIIRS,2,2012
1.00169,118.54456,2012-09-05,544,n,0,7.91,337.55,293.48,0.52,0.42,N,VIIRS,2,2012
0.62163,116.02172,2012-09-05,544,n,0,5.3,338.28,298.79,0.4,0.37,N,VIIRS,2,2012
0.72189,116.69105,2012-09-05,544,n,0,265.07,339.27,301.64,0.42,0.38,N,VIIRS,2,2012
0.69065,116.50584,2012-09-05,544,n,0,3.59,332.56,295.66,0.42,0.38,N,VIIRS,2,2012
0.69798,116.55484,2012-09-05,544,n,0,2.86,332.51,293.05,0.42,0.38,N,VIIRS,2,2012
0.71435,116.68826,2012-09-05,544,n,0,24.08,331.83,300.59,0.42,0.38,N,VIIRS,2,2012
0.71492,116.69209,2012-09-05,544,n,0,24.08,345.61,302.39,0.42,0.38,N,VIIRS,2,2012
0.60274,115.96522,2012-09-05,544,n,0,4.02,334.69,295.36,0.4,0.37,N,VIIRS,2,2012
0.60871,116.0051,2012-09-05,544,n,0,3.69,332.01,290.58,0.4,0.37,N,VIIRS,2,2012
0.60925,116.00873,2012-09-05,544,n,0,3.69,333.7,292.29,0.4,0.37,N,VIIRS,2,2012
0.61741,116.06323,2012-09-05,544,n,0,57.66,345.49,297.83,0.4,0.37,N,VIIRS,2,2012
0.61796,116.06689,2012-09-05,544,n,0,57.66,342.89,302.69,0.4,0.37,N,VIIRS,2,2012
0.71257,116.70024,2012-09-05,544,n,0,5.23,334.66,296.62,0.43,0.38,N,VIIRS,2,2012
0.71767,116.7344,2012-09-05,544,n,0,4.89,332.55,295.48,0.43,0.38,N,VIIRS,2,2012
0.6026,115.9659,2012-09-05,544,n,0,3.33,332.27,295.39,0.4,0.37,N,VIIRS,2,2012
0.6087,116.00575,2012-09-05,544,n,0,4.32,335.63,291.06,0.4,0.37,N,VIIRS,2,2012
0.61759,116.06384,2012-09-05,544,n,0,30.52,338.98,299.32,0.4,0.37,N,VIIRS,2,2012
0.61815,116.06748,2012-09-05,544,n,0,30.52,355.83,300.21,0.4,0.37,N,VIIRS,2,2012
0.71405,116.69251,2012-09-05,544,n,0,6.53,340.58,296.59,0.42,0.38,N,VIIRS,2,2012
1.0001,118.54341,2012-09-05,544,n,0,6.75,345.74,294.09,0.52,0.42,N,VIIRS,2,2012
0.61419,116.06437,2012-09-05,544,n,0,30.52,351.13,297.68,0.4,0.37,N,VIIRS,2,2012
0.61475,116.068,2012-09-05,544,n,0,30.52,332.06,293.31,0.4,0.37,N,VIIRS,2,2012
0.6153,116.07163,2012-09-05,544,n,0,4.48,334.11,291.03,0.4,0.37,N,VIIRS,2,2012
0.71174,116.70064,2012-09-05,544,n,0,4.55,333.16,296.79,0.42,0.38,N,VIIRS,2,2012
0.71697,116.73476,2012-09-05,544,n,0,12.66,345.11,296.64,0.43,0.38,N,VIIRS,2,2012
0.6119,116.07214,2012-09-05,544,n,0,4.77,333.21,292.14,0.4,0.37,N,VIIRS,2,2012
0.60294,116.03634,2012-09-05,544,n,0,4.04,334.54,297.04,0.4,0.37,N,VIIRS,2,2012
0.58665,115.99795,2012-09-05,544,n,0,16.76,345.66,294.66,0.4,0.37,N,VIIRS,2,2012
0.59439,116.04873,2012-09-05,544,n,0,71.53,332.12,295.13,0.4,0.37,N,VIIRS,2,2012
0.77397,117.22388,2012-09-05,544,n,0,9.14,346.68,298.78,0.45,0.39,N,VIIRS,2,2012
0.77705,117.24398,2012-09-05,544,n,0,4.93,343.0,296.62,0.45,0.39,N,VIIRS,2,2012
0.5827,115.99487,2012-09-05,544,n,0,16.76,329.75,294.26,0.4,0.37,N,VIIRS,2,2012
0.58325,115.99848,2012-09-05,544,n,0,16.76,341.24,300.07,0.4,0.37,N,VIIRS,2,2012
0.59264,116.06012,2012-09-05,544,n,0,3.2,329.29,295.14,0.4,0.37,N,VIIRS,2,2012
0.7132,116.87373,2012-09-05,544,n,0,9.22,345.37,296.9,0.43,0.38,N,VIIRS,2,2012
0.57535,115.99226,2012-09-05,544,n,0,15.65,340.34,297.04,0.4,0.37,N,VIIRS,2,2012
0.57756,116.00674,2012-09-05,544,n,0,3.45,337.15,294.72,0.4,0.37,N,VIIRS,2,2012
0.58363,116.04664,2012-09-05,544,n,0,5.74,332.51,296.65,0.4,0.37,N,VIIRS,2,2012
0.58637,116.06467,2012-09-05,544,n,0,80.7,335.75,302.14,0.4,0.37,N,VIIRS,2,2012
0.58691,116.06823,2012-09-05,544,n,0,42.58,345.2,292.86,0.4,0.37,N,VIIRS,2,2012
0.76879,117.26164,2012-09-05,544,n,0,36.68,332.9,296.99,0.45,0.39,N,VIIRS,2,2012
0.57416,116.00726,2012-09-05,544,n,0,8.44,346.43,298.04,0.4,0.37,N,VIIRS,2,2012
0.58297,116.0652,2012-09-05,544,n,0,5.03,340.88,295.47,0.4,0.37,N,VIIRS,2,2012
0.66591,116.61031,2012-09-05,544,n,0,10.23,344.14,295.37,0.42,0.38,N,VIIRS,2,2012
0.66648,116.61411,2012-09-05,544,n,0,10.23,333.46,297.17,0.42,0.38,N,VIIRS,2,2012
0.57792,116.05492,2012-09-05,544,n,0,3.38,336.57,295.92,0.4,0.37,N,VIIRS,2,2012
0.66243,116.61085,2012-09-05,544,n,0,10.23,342.86,293.92,0.42,0.38,N,VIIRS,2,2012
0.68037,116.72874,2012-09-05,544,n,0,7.74,345.18,296.71,0.43,0.38,N,VIIRS,2,2012
0.69206,116.8056,2012-09-05,544,n,0,2.43,331.73,295.25,0.43,0.38,N,VIIRS,2,2012
0.83154,117.72163,2012-09-05,544,n,0,8.93,333.66,297.63,0.47,0.4,N,VIIRS,2,2012
0.57561,116.06258,2012-09-05,544,n,0,13.68,339.76,295.68,0.4,0.37,N,VIIRS,2,2012
0.67688,116.72927,2012-09-05,544,n,0,2.61,334.75,295.95,0.43,0.38,N,VIIRS,2,2012
0.57219,116.063,2012-09-05,544,n,0,13.68,340.74,297.98,0.4,0.37,N,VIIRS,2,2012
0.58103,116.12129,2012-09-05,544,n,0,3.76,339.66,295.71,0.41,0.37,N,VIIRS,2,2012
0.66356,116.66505,2012-09-05,544,n,0,7.75,330.22,296.03,0.42,0.38,N,VIIRS,2,2012
0.66414,116.66887,2012-09-05,544,n,0,7.75,347.76,297.38,0.42,0.38,N,VIIRS,2,2012
0.68974,116.83746,2012-09-05,544,n,0,15.71,345.89,297.1,0.43,0.38,N,VIIRS,2,2012
0.56001,116.00564,2012-09-05,544,n,0,5.98,345.32,297.25,0.4,0.37,N,VIIRS,2,2012
0.56386,116.03101,2012-09-05,544,n,0,1.62,333.73,292.09,0.4,0.37,N,VIIRS,2,2012
0.65259,116.61618,2012-09-05,544,n,0,6.05,339.18,293.85,0.42,0.38,N,VIIRS,2,2012
0.66066,116.66939,2012-09-05,544,n,0,13.87,348.0,299.01,0.42,0.38,N,VIIRS,2,2012
0.66816,116.71881,2012-09-05,544,n,0,13.77,346.26,298.46,0.43,0.38,N,VIIRS,2,2012
0.68624,116.838,2012-09-05,544,n,0,9.43,348.12,295.42,0.43,0.38,N,VIIRS,2,2012
0.68742,116.86947,2012-09-05,544,n,0,5.58,333.17,297.84,0.43,0.38,N,VIIRS,2,2012
0.90577,118.31024,2012-09-05,544,n,0,5.15,334.02,293.44,0.51,0.41,N,VIIRS,2,2012
0.77918,117.52388,2012-09-05,544,n,0,4.63,333.13,296.17,0.46,0.39,N,VIIRS,2,2012
0.64326,116.67197,2012-09-05,544,n,0,29.6,342.39,300.94,0.42,0.38,N,VIIRS,2,2012
0.63978,116.6725,2012-09-05,544,n,0,2.25,333.54,296.37,0.42,0.38,N,VIIRS,2,2012
0.64663,116.74162,2012-09-05,544,n,0,35.39,342.51,301.51,0.43,0.38,N,VIIRS,2,2012
0.64721,116.74543,2012-09-05,544,n,0,6.26,341.23,298.56,0.43,0.38,N,VIIRS,2,2012
0.6652,116.88874,2012-09-05,544,n,0,4.04,334.21,296.54,0.43,0.38,N,VIIRS,2,2012
0.71625,117.22829,2012-09-05,544,n,0,9.78,351.06,299.26,0.45,0.39,N,VIIRS,2,2012
0.72291,117.2726,2012-09-05,544,n,0,17.86,339.7,299.7,0.45,0.39,N,VIIRS,2,2012
0.72413,117.28069,2012-09-05,544,n,0,29.72,344.64,300.1,0.45,0.39,N,VIIRS,2,2012
0.66169,116.88926,2012-09-05,544,n,0,4.04,334.77,297.5,0.43,0.38,N,VIIRS,2,2012
0.66577,116.9164,2012-09-05,544,n,0,33.12,340.79,300.72,0.43,0.38,N,VIIRS,2,2012
0.68991,117.07712,2012-09-05,544,n,0,5.79,334.18,298.7,0.44,0.38,N,VIIRS,2,2012
0.51838,115.95998,2012-09-05,544,n,0,1.81,336.45,291.93,0.4,0.37,N,VIIRS,2,2012
0.75694,117.5485,2012-09-05,544,n,0,3.89,336.15,295.46,0.46,0.39,N,VIIRS,2,2012
0.71098,117.26617,2012-09-05,544,n,0,9.27,340.9,297.66,0.45,0.39,N,VIIRS,2,2012
0.67219,117.03132,2012-09-05,544,n,0,5.33,339.57,296.65,0.44,0.38,N,VIIRS,2,2012
0.64068,116.84484,2012-09-05,544,n,0,4.84,334.68,298.22,0.43,0.38,N,VIIRS,2,2012
0.64126,116.84869,2012-09-05,544,n,0,4.61,334.01,294.91,0.43,0.38,N,VIIRS,2,2012
0.64648,116.88359,2012-09-05,544,n,0,44.4,345.24,299.87,0.43,0.38,N,VIIRS,2,2012
0.69121,117.1827,2012-09-05,544,n,0,25.2,342.89,298.67,0.44,0.39,N,VIIRS,2,2012
0.53207,116.14359,2012-09-05,544,n,0,29.74,344.76,297.19,0.41,0.37,N,VIIRS,2,2012
0.53536,116.16557,2012-09-05,544,n,0,19.44,348.93,299.47,0.41,0.37,N,VIIRS,2,2012
0.53756,116.18021,2012-09-05,544,n,0,45.75,346.13,302.07,0.41,0.37,N,VIIRS,2,2012
0.68765,117.18327,2012-09-05,544,n,0,9.73,348.31,298.11,0.44,0.39,N,VIIRS,2,2012
0.5292,116.14774,2012-09-05,544,n,0,29.74,332.97,295.51,0.41,0.37,N,VIIRS,2,2012
0.53195,116.16607,2012-09-05,544,n,0,19.44,342.44,295.47,0.41,0.37,N,VIIRS,2,2012
0.6354,116.85744,2012-09-05,544,n,0,4.72,336.98,296.54,0.43,0.38,N,VIIRS,2,2012
0.64933,116.95074,2012-09-05,544,n,0,4.46,332.13,297.57,0.43,0.38,N,VIIRS,2,2012
0.50997,116.04274,2012-09-05,544,n,0,25.79,334.93,297.45,0.4,0.37,N,VIIRS,2,2012
0.41663,115.44415,2012-09-05,544,n,0,3.31,331.85,295.64,0.39,0.36,N,VIIRS,2,2012
0.6312,116.85803,2012-09-05,544,n,0,68.07,337.49,305.37,0.43,0.38,N,VIIRS,2,2012
0.51108,116.09864,2012-09-05,544,n,0,6.6,340.77,293.45,0.4,0.37,N,VIIRS,2,2012
0.64329,116.98341,2012-09-05,544,n,0,11.09,346.84,293.3,0.44,0.38,N,VIIRS,2,2012
0.4954,116.04163,2012-09-05,544,n,0,4.45,335.67,295.34,0.4,0.37,N,VIIRS,2,2012
0.50427,116.09966,2012-09-05,544,n,0,8.39,345.44,294.8,0.4,0.37,N,VIIRS,2,2012
0.39311,115.41602,2012-09-05,544,n,0,31.56,332.66,295.26,0.39,0.36,N,VIIRS,2,2012
0.38923,115.413,2012-09-05,544,n,0,3.72,328.82,292.91,0.39,0.36,N,VIIRS,2,2012
0.59138,116.7617,2012-09-05,544,n,0,8.72,348.36,297.03,0.43,0.38,N,VIIRS,2,2012
0.66758,117.25993,2012-09-05,544,n,0,13.97,345.26,296.9,0.45,0.39,N,VIIRS,2,2012
0.47784,116.0405,2012-09-05,544,n,0,4.82,335.67,294.35,0.4,0.37,N,VIIRS,2,2012
0.58672,116.75457,2012-09-05,544,n,0,6.7,338.57,298.08,0.43,0.38,N,VIIRS,2,2012
0.5873,116.75839,2012-09-05,544,n,0,6.7,349.77,301.91,0.43,0.38,N,VIIRS,2,2012
0.58789,116.76224,2012-09-05,544,n,0,13.61,346.75,299.87,0.43,0.38,N,VIIRS,2,2012
0.66401,117.26047,2012-09-05,544,n,0,6.9,338.15,296.41,0.45,0.39,N,VIIRS,2,2012
0.47444,116.04098,2012-09-05,544,n,0,4.82,346.33,296.03,0.4,0.37,N,VIIRS,2,2012
0.5879,116.78573,2012-09-05,544,n,0,9.84,345.79,298.11,0.43,0.38,N,VIIRS,2,2012
0.38063,115.44659,2012-09-05,544,n,0,5.97,343.3,295.3,0.39,0.36,N,VIIRS,2,2012
0.58441,116.78626,2012-09-05,544,n,0,4.57,338.32,297.98,0.43,0.38,N,VIIRS,2,2012
0.46268,116.00942,2012-09-05,544,n,0,11.31,333.84,294.97,0.4,0.37,N,VIIRS,2,2012
0.46323,116.01303,2012-09-05,544,n,0,37.78,341.69,298.2,0.4,0.37,N,VIIRS,2,2012
0.45929,116.00994,2012-09-05,544,n,0,32.34,331.42,297.6,0.4,0.37,N,VIIRS,2,2012
0.64116,117.20632,2012-09-05,544,n,0,17.33,335.17,298.95,0.44,0.39,N,VIIRS,2,2012
0.65586,117.30293,2012-09-05,544,n,0,9.41,341.94,297.57,0.45,0.39,N,VIIRS,2,2012
0.45644,116.01405,2012-09-05,544,n,0,66.84,344.58,306.36,0.4,0.37,N,VIIRS,2,2012
0.45698,116.01765,2012-09-05,544,n,0,66.84,333.07,292.92,0.4,0.37,N,VIIRS,2,2012
0.48018,116.17046,2012-09-05,544,n,0,10.26,348.85,296.79,0.41,0.37,N,VIIRS,2,2012
0.45304,116.01456,2012-09-05,544,n,0,7.12,344.7,294.97,0.4,0.37,N,VIIRS,2,2012
0.45798,116.0471,2012-09-05,544,n,0,3.82,332.49,292.48,0.4,0.37,N,VIIRS,2,2012
0.45908,116.05435,2012-09-05,544,n,0,9.78,349.06,290.5,0.4,0.37,N,VIIRS,2,2012
0.4624,116.07628,2012-09-05,544,n,0,3.97,330.62,292.86,0.4,0.37,N,VIIRS,2,2012
0.459,116.07678,2012-09-05,544,n,0,3.97,333.17,293.33,0.4,0.37,N,VIIRS,2,2012
0.45063,116.04453,2012-09-05,544,n,0,4.48,337.96,291.11,0.4,0.37,N,VIIRS,2,2012
0.43661,116.02075,2012-09-05,544,n,0,3.95,331.53,293.0,0.4,0.37,N,VIIRS,2,2012
0.43715,116.02434,2012-09-05,544,n,0,5.16,334.0,291.43,0.4,0.37,N,VIIRS,2,2012
0.43868,116.0575,2012-09-05,544,n,0,1.86,330.59,290.56,0.4,0.37,N,VIIRS,2,2012
0.42981,116.02174,2012-09-05,544,n,0,4.43,339.39,293.62,0.4,0.37,N,VIIRS,2,2012
0.61395,117.24326,2012-09-05,544,n,0,12.37,346.02,299.45,0.45,0.39,N,VIIRS,2,2012
0.85234,118.82886,2012-09-05,544,n,0,7.76,336.84,299.59,0.54,0.42,N,VIIRS,2,2012
0.62251,117.32442,2012-09-05,544,n,0,16.8,336.28,297.69,0.45,0.39,N,VIIRS,2,2012
0.62312,117.32848,2012-09-05,544,n,0,18.64,347.59,297.18,0.45,0.39,N,VIIRS,2,2012
0.61893,117.32496,2012-09-05,544,n,0,16.8,351.54,296.43,0.45,0.39,N,VIIRS,2,2012
0.61954,117.32902,2012-09-05,544,n,0,18.64,335.58,300.55,0.45,0.39,N,VIIRS,2,2012
0.32471,115.39396,2012-09-05,544,n,0,9.96,335.97,297.13,0.39,0.36,N,VIIRS,2,2012
0.43932,116.15414,2012-09-05,544,n,0,2.55,333.9,295.92,0.41,0.37,N,VIIRS,2,2012
0.60385,117.24887,2012-09-05,544,n,0,3.62,330.46,297.37,0.45,0.39,N,VIIRS,2,2012
0.61595,117.32957,2012-09-05,544,n,0,19.07,348.11,301.8,0.45,0.39,N,VIIRS,2,2012
0.41459,116.01296,2012-09-05,544,n,0,24.41,341.09,294.6,0.4,0.37,N,VIIRS,2,2012
0.60149,117.25746,2012-09-05,544,n,0,25.82,344.65,298.94,0.45,0.39,N,VIIRS,2,2012
0.52852,116.79468,2012-09-05,544,n,0,19.82,339.51,301.14,0.43,0.38,N,VIIRS,2,2012
0.52909,116.79852,2012-09-05,544,n,0,19.82,332.76,297.24,0.43,0.38,N,VIIRS,2,2012
0.59792,117.25798,2012-09-05,544,n,0,2.51,330.49,296.57,0.45,0.39,N,VIIRS,2,2012
0.59074,117.23437,2012-09-05,544,n,0,7.28,346.85,302.08,0.45,0.39,N,VIIRS,2,2012
0.40767,116.03624,2012-09-05,544,n,0,36.0,343.59,297.52,0.4,0.37,N,VIIRS,2,2012
0.40821,116.03986,2012-09-05,544,n,0,36.0,345.47,292.27,0.4,0.37,N,VIIRS,2,2012
0.58421,117.23946,2012-09-05,544,n,0,7.11,338.65,297.23,0.45,0.39,N,VIIRS,2,2012
0.31996,115.49879,2012-09-05,544,n,0,6.2,338.19,296.83,0.39,0.36,N,VIIRS,2,2012
0.58005,117.23598,2012-09-05,544,n,0,7.94,341.73,299.09,0.45,0.39,N,VIIRS,2,2012
0.41928,116.1833,2012-09-05,544,n,0,3.37,331.3,294.11,0.41,0.37,N,VIIRS,2,2012
0.41969,116.18378,2012-09-05,544,n,0,3.14,332.5,294.5,0.41,0.37,N,VIIRS,2,2012
0.58152,117.23567,2012-09-05,544,n,0,5.58,335.55,297.59,0.45,0.39,N,VIIRS,2,2012
0.58214,117.23969,2012-09-05,544,n,0,5.58,342.93,298.62,0.45,0.39,N,VIIRS,2,2012
0.29545,115.43853,2012-09-05,544,n,0,8.29,334.39,296.6,0.39,0.36,N,VIIRS,2,2012
0.50052,116.80294,2012-09-05,544,n,0,3.57,339.59,296.72,0.43,0.38,N,VIIRS,2,2012
0.28487,115.43652,2012-09-05,544,n,0,2.06,330.11,291.5,0.39,0.36,N,VIIRS,2,2012
0.37315,116.01611,2012-09-05,544,n,0,9.69,345.87,289.33,0.4,0.37,N,VIIRS,2,2012
0.36976,116.01661,2012-09-05,544,n,0,9.69,335.29,289.31,0.4,0.37,N,VIIRS,2,2012
0.36581,116.0135,2012-09-05,544,n,0,22.54,345.54,288.98,0.4,0.37,N,VIIRS,2,2012
0.36636,116.01711,2012-09-05,544,n,0,22.54,347.09,290.71,0.4,0.37,N,VIIRS,2,2012
0.61121,117.62012,2012-09-05,544,n,0,5.7,339.83,296.93,0.46,0.39,N,VIIRS,2,2012
0.36186,116.01038,2012-09-05,544,n,0,46.24,351.75,295.97,0.4,0.37,N,VIIRS,2,2012
0.36297,116.01762,2012-09-05,544,n,0,22.54,355.9,291.15,0.4,0.37,N,VIIRS,2,2012
0.48071,116.79022,2012-09-05,544,n,0,3.31,332.06,297.77,0.43,0.38,N,VIIRS,2,2012
0.36241,116.014,2012-09-05,544,h,0,22.54,367.0,295.27,0.4,0.37,N,VIIRS,2,2012
0.35847,116.0109,2012-09-05,544,n,0,3.61,336.82,289.59,0.4,0.37,N,VIIRS,2,2012
0.35902,116.01452,2012-09-05,544,n,0,20.88,344.81,289.19,0.4,0.37,N,VIIRS,2,2012
0.35957,116.01813,2012-09-05,544,n,0,20.88,349.86,298.96,0.4,0.37,N,VIIRS,2,2012
0.36451,116.05064,2012-09-05,544,n,0,32.31,334.29,289.75,0.4,0.37,N,VIIRS,2,2012
0.37059,116.09058,2012-09-05,544,n,0,4.85,331.57,292.88,0.4,0.37,N,VIIRS,2,2012
0.37115,116.09422,2012-09-05,544,n,0,8.79,332.35,293.88,0.4,0.37,N,VIIRS,2,2012
0.35562,116.01502,2012-09-05,544,n,0,20.88,347.77,292.4,0.4,0.37,N,VIIRS,2,2012
0.36111,116.05114,2012-09-05,544,n,0,32.31,338.58,287.91,0.4,0.37,N,VIIRS,2,2012
0.59968,117.61763,2012-09-05,544,n,0,13.56,345.73,297.91,0.46,0.39,N,VIIRS,2,2012
0.35497,116.03356,2012-09-05,544,n,0,8.55,339.54,289.64,0.4,0.37,N,VIIRS,2,2012
0.35607,116.04079,2012-09-05,544,n,0,24.44,348.77,287.36,0.4,0.37,N,VIIRS,2,2012
0.25718,115.412,2012-09-05,544,n,0,44.85,332.73,296.73,0.39,0.36,N,VIIRS,2,2012
0.35157,116.03406,2012-09-05,544,n,0,8.55,342.91,288.89,0.4,0.37,N,VIIRS,2,2012
0.35266,116.04128,2012-09-05,544,n,0,24.44,343.02,297.02,0.4,0.37,N,VIIRS,2,2012
0.35321,116.04488,2012-09-05,544,n,0,29.38,345.54,292.13,0.4,0.37,N,VIIRS,2,2012
0.35873,116.0812,2012-09-05,544,n,0,1.92,332.62,289.04,0.4,0.37,N,VIIRS,2,2012
0.25383,115.41249,2012-09-05,544,n,0,18.53,343.04,296.49,0.39,0.36,N,VIIRS,2,2012
0.4557,116.76655,2012-09-05,544,n,0,10.75,341.33,298.21,0.43,0.38,N,VIIRS,2,2012
0.34028,116.02833,2012-09-05,544,n,0,40.15,345.32,292.23,0.4,0.37,N,VIIRS,2,2012
0.35403,116.11906,2012-09-05,544,n,0,10.55,346.48,296.86,0.4,0.37,N,VIIRS,2,2012
0.35954,116.15546,2012-09-05,544,n,0,7.01,332.62,294.99,0.41,0.37,N,VIIRS,2,2012
0.44989,116.7518,2012-09-05,544,n,0,2.04,331.72,295.79,0.42,0.38,N,VIIRS,2,2012
0.33688,116.02882,2012-09-05,544,n,0,40.15,355.36,291.95,0.4,0.37,N,VIIRS,2,2012
0.2288,115.40547,2012-09-05,544,n,0,4.68,332.84,294.7,0.39,0.36,N,VIIRS,2,2012
0.22933,115.40897,2012-09-05,544,n,0,8.5,348.78,294.53,0.39,0.36,N,VIIRS,2,2012
0.22986,115.41249,2012-09-05,544,n,0,8.5,347.8,294.17,0.39,0.36,N,VIIRS,2,2012
0.23039,115.41598,2012-09-05,544,n,0,3.59,328.62,293.52,0.39,0.36,N,VIIRS,2,2012
0.22493,115.40247,2012-09-05,544,n,0,5.15,337.19,290.34,0.39,0.36,N,VIIRS,2,2012
0.22546,115.40596,2012-09-05,544,n,0,5.15,350.44,290.59,0.39,0.36,N,VIIRS,2,2012
0.22705,115.41648,2012-09-05,544,n,0,6.86,337.21,288.9,0.39,0.36,N,VIIRS,2,2012
0.22158,115.40297,2012-09-05,544,n,0,5.15,339.68,289.99,0.39,0.36,N,VIIRS,2,2012
0.21823,115.40347,2012-09-05,544,n,0,4.84,335.83,290.25,0.39,0.36,N,VIIRS,2,2012
0.28777,116.16652,2012-09-05,544,n,0,5.46,346.43,293.63,0.41,0.37,N,VIIRS,2,2012
0.27342,116.2097,2012-09-05,544,n,0,10.28,346.28,294.13,0.41,0.37,N,VIIRS,2,2012
0.36145,116.81193,2012-09-05,544,n,0,1.93,330.92,297.35,0.43,0.38,N,VIIRS,2,2012
0.35563,116.79713,2012-09-05,544,n,0,3.9,333.26,297.33,0.43,0.38,N,VIIRS,2,2012
0.23509,116.02604,2012-09-05,544,n,0,38.69,341.18,293.17,0.4,0.37,N,VIIRS,2,2012
0.4723,117.58923,2012-09-05,544,n,0,6.74,345.07,298.6,0.46,0.39,N,VIIRS,2,2012
0.2317,116.02654,2012-09-05,544,n,0,20.7,342.83,294.2,0.4,0.37,N,VIIRS,2,2012
0.31414,116.92527,2012-09-05,544,n,0,4.73,334.73,297.73,0.43,0.38,N,VIIRS,2,2012
0.3138,116.92484,2012-09-05,544,n,0,8.33,350.01,299.16,0.43,0.38,N,VIIRS,2,2012
0.3103,116.92535,2012-09-05,544,n,0,4.06,342.62,298.07,0.43,0.38,N,VIIRS,2,2012
0.08783,115.58537,2012-09-05,544,n,0,13.19,332.79,295.89,0.39,0.36,N,VIIRS,2,2012
0.05953,115.71597,2012-09-05,544,n,0,5.49,340.68,297.11,0.39,0.37,N,VIIRS,2,2012
0.02918,115.58334,2012-09-05,544,n,0,12.32,343.41,294.44,0.39,0.36,N,VIIRS,2,2012
0.1094,116.11495,2012-09-05,544,n,0,18.51,345.01,293.91,0.4,0.37,N,VIIRS,2,2012
0.106,116.11547,2012-09-05,544,n,0,18.51,348.76,295.92,0.4,0.37,N,VIIRS,2,2012
0.22849,116.95337,2012-09-05,544,n,0,13.37,342.14,294.48,0.43,0.38,N,VIIRS,2,2012
0.23023,116.96498,2012-09-05,544,n,0,14.42,348.98,292.06,0.43,0.38,N,VIIRS,2,2012
0.23081,116.96886,2012-09-05,544,n,0,14.42,345.74,296.54,0.43,0.38,N,VIIRS,2,2012
0.23198,116.97662,2012-09-05,544,n,0,10.94,339.38,291.21,0.43,0.38,N,VIIRS,2,2012
0.121,116.28465,2012-09-05,544,n,0,3.61,338.8,288.72,0.41,0.37,N,VIIRS,2,2012
0.01654,115.71577,2012-09-05,544,n,0,35.67,335.63,305.59,0.39,0.36,N,VIIRS,2,2012
0.02412,115.7654,2012-09-05,544,n,0,11.63,337.96,296.13,0.4,0.37,N,VIIRS,2,2012
0.01318,115.71627,2012-09-05,544,n,0,35.67,336.69,295.94,0.39,0.36,N,VIIRS,2,2012
0.0199,116.1473,2012-09-05,544,n,0,26.19,343.03,292.79,0.4,0.37,N,VIIRS,2,2012
0.11403,116.84059,2012-09-05,544,n,0,4.8,337.68,295.07,0.43,0.38,N,VIIRS,2,2012
0.20903,117.47134,2012-09-05,544,n,0,4.28,334.86,287.41,0.45,0.39,N,VIIRS,2,2012
-0.12289,115.45215,2012-09-05,544,n,0,4.23,338.97,295.74,0.39,0.36,N,VIIRS,2,2012
-0.12462,115.45324,2012-09-05,544,n,0,2.69,331.73,295.15,0.39,0.36,N,VIIRS,2,2012
0.0037,116.31436,2012-09-05,544,n,0,3.65,331.71,291.89,0.41,0.37,N,VIIRS,2,2012
0.00028,116.3149,2012-09-05,544,n,0,7.31,346.88,292.27,0.41,0.37,N,VIIRS,2,2012
-0.14627,115.44585,2012-09-05,544,n,0,3.62,333.68,295.99,0.39,0.36,N,VIIRS,2,2012
-0.13578,115.53725,2012-09-05,544,n,0,38.28,340.32,295.17,0.39,0.36,N,VIIRS,2,2012
-0.15204,115.47534,2012-09-05,544,n,0,18.84,333.5,296.03,0.39,0.36,N,VIIRS,2,2012
-0.16101,115.48389,2012-09-05,544,n,0,20.79,347.39,297.88,0.39,0.36,N,VIIRS,2,2012
0.0336,116.78662,2012-09-05,544,n,0,2.35,330.43,297.02,0.42,0.38,N,VIIRS,2,2012
0.03707,116.80942,2012-09-05,544,n,0,4.86,347.14,298.44,0.42,0.38,N,VIIRS,2,2012
-0.03405,116.36507,2012-09-05,544,n,0,4.44,336.61,287.29,0.41,0.37,N,VIIRS,2,2012
-0.02565,116.4203,2012-09-05,544,n,0,3.19,338.01,292.62,0.41,0.37,N,VIIRS,2,2012
-0.14845,115.67969,2012-09-05,544,n,0,4.07,331.83,289.51,0.39,0.36,N,VIIRS,2,2012
-0.04543,116.35925,2012-09-05,544,n,0,2.14,335.1,288.7,0.41,0.37,N,VIIRS,2,2012
-0.04885,116.35977,2012-09-05,544,n,0,9.28,349.61,292.18,0.41,0.37,N,VIIRS,2,2012
-0.16265,115.63126,2012-09-05,544,n,0,31.82,334.99,292.04,0.39,0.36,N,VIIRS,2,2012
-0.10421,116.06299,2012-09-05,544,n,0,2.99,335.36,291.04,0.4,0.37,N,VIIRS,2,2012
-0.19237,115.50278,2012-09-05,544,n,0,8.3,344.78,295.52,0.39,0.36,N,VIIRS,2,2012
-0.17174,115.73015,2012-09-05,544,n,0,5.21,332.78,292.97,0.39,0.36,N,VIIRS,2,2012
-0.20332,115.54355,2012-09-05,544,n,0,3.42,331.09,293.28,0.39,0.36,N,VIIRS,2,2012
-0.20279,115.54706,2012-09-05,544,n,0,8.07,336.28,294.32,0.39,0.36,N,VIIRS,2,2012
-0.07079,116.42326,2012-09-05,544,n,0,5.24,341.91,290.44,0.41,0.37,N,VIIRS,2,2012
-0.21122,115.59589,2012-09-05,544,n,0,3.43,334.38,293.19,0.39,0.36,N,VIIRS,2,2012
-0.21457,115.59639,2012-09-05,544,n,0,3.43,340.69,294.26,0.39,0.36,N,VIIRS,2,2012
-0.05263,116.67593,2012-09-05,544,n,0,6.57,346.71,288.29,0.42,0.38,N,VIIRS,2,2012
-0.24047,115.53897,2012-09-05,544,n,0,3.23,330.51,293.13,0.39,0.36,N,VIIRS,2,2012
0.04313,117.39199,2012-09-05,544,n,0,9.87,334.82,291.97,0.45,0.39,N,VIIRS,2,2012
0.03956,117.39252,2012-09-05,544,n,0,9.87,339.54,294.39,0.45,0.39,N,VIIRS,2,2012
-0.24716,115.53999,2012-09-05,544,n,0,11.92,339.56,297.55,0.39,0.36,N,VIIRS,2,2012
-0.05017,116.92418,2012-09-05,544,n,0,3.54,333.14,289.51,0.43,0.38,N,VIIRS,2,2012
-0.26615,115.55016,2012-09-05,544,n,0,3.36,332.76,291.31,0.39,0.36,N,VIIRS,2,2012
-0.28324,115.52772,2012-09-05,544,n,0,3.34,333.21,294.7,0.39,0.36,N,VIIRS,2,2012
-0.28271,115.53123,2012-09-05,544,n,0,3.92,333.9,290.8,0.39,0.36,N,VIIRS,2,2012
-0.28659,115.52827,2012-09-05,544,n,0,3.34,332.57,295.34,0.39,0.36,N,VIIRS,2,2012
-0.28606,115.53175,2012-09-05,544,n,0,3.92,331.98,294.97,0.39,0.36,N,VIIRS,2,2012
-0.28834,115.53929,2012-09-05,544,n,0,2.65,332.15,294.13,0.39,0.36,N,VIIRS,2,2012
-0.28477,115.58552,2012-09-05,544,n,0,3.06,330.69,294.72,0.39,0.36,N,VIIRS,2,2012
-0.08745,116.93758,2012-09-05,544,n,0,8.34,337.03,294.26,0.43,0.38,N,VIIRS,2,2012
-0.31828,115.45443,2012-09-05,544,n,0,29.56,336.86,297.42,0.39,0.36,N,VIIRS,2,2012
-0.32096,115.67388,2012-09-05,544,n,0,4.44,337.59,295.91,0.39,0.36,N,VIIRS,2,2012
-0.16334,116.70375,2012-09-05,544,n,0,1.38,331.9,288.7,0.42,0.38,N,VIIRS,2,2012
-0.11651,117.00841,2012-09-05,544,n,0,6.24,330.71,293.22,0.43,0.38,N,VIIRS,2,2012
-0.11592,117.01225,2012-09-05,544,n,0,6.24,338.93,293.88,0.43,0.38,N,VIIRS,2,2012
-0.18802,116.56592,2012-09-05,544,n,0,6.35,343.94,283.79,0.41,0.37,N,VIIRS,2,2012
-0.12534,116.97426,2012-09-05,544,n,0,3.72,331.85,293.82,0.43,0.38,N,VIIRS,2,2012
-0.08341,117.24695,2012-09-05,544,n,0,3.67,334.68,293.11,0.44,0.38,N,VIIRS,2,2012
-0.19146,116.56643,2012-09-05,544,n,0,4.4,336.51,281.34,0.41,0.37,N,VIIRS,2,2012
-0.13521,117.0033,2012-09-05,544,n,0,5.6,342.37,294.7,0.43,0.38,N,VIIRS,2,2012
-0.14222,117.00433,2012-09-05,544,n,0,7.59,334.62,294.04,0.43,0.38,N,VIIRS,2,2012
-0.14163,117.00818,2012-09-05,544,n,0,7.59,348.08,293.26,0.43,0.38,N,VIIRS,2,2012
-0.23969,116.38856,2012-09-05,544,n,0,7.52,338.45,286.82,0.41,0.37,N,VIIRS,2,2012
-0.20671,116.79126,2012-09-05,544,n,0,4.48,344.86,287.91,0.42,0.38,N,VIIRS,2,2012
-0.24134,116.85469,2012-09-05,544,n,0,4.45,335.71,294.47,0.42,0.38,N,VIIRS,2,2012
-0.68991,113.97799,2012-09-05,544,n,0,152.53,331.7,287.83,0.39,0.36,N,VIIRS,2,2012
-0.47878,115.61909,2012-09-05,544,n,0,5.45,335.98,292.04,0.39,0.36,N,VIIRS,2,2012
-0.42927,116.0137,2012-09-05,544,n,0,3.57,335.91,294.39,0.4,0.37,N,VIIRS,2,2012
-0.23738,117.37559,2012-09-05,544,n,0,4.27,334.53,289.17,0.44,0.39,N,VIIRS,2,2012
-0.39285,116.41556,2012-09-05,544,n,0,19.73,352.19,296.76,0.41,0.37,N,VIIRS,2,2012
-0.39738,116.40874,2012-09-05,544,n,0,9.06,342.36,292.49,0.41,0.37,N,VIIRS,2,2012
-0.39627,116.41608,2012-09-05,544,n,0,19.73,343.29,291.94,0.41,0.37,N,VIIRS,2,2012
-1.43991,116.52342,2012-09-05,544,n,0,23.75,345.72,301.35,0.4,0.37,N,VIIRS,2,2012
-1.72094,114.73775,2012-09-05,544,n,0,4.89,347.05,298.47,0.38,0.36,N,VIIRS,2,2012
-1.64843,115.23865,2012-09-05,544,n,0,7.61,336.79,294.82,0.38,0.36,N,VIIRS,2,2012
-1.65175,115.23916,2012-09-05,544,n,0,10.74,341.99,297.31,0.38,0.36,N,VIIRS,2,2012
-1.6556,115.23621,2012-09-05,544,h,0,10.93,367.0,296.52,0.38,0.36,N,VIIRS,2,2012
-1.65945,115.23324,2012-09-05,544,l,0,24.15,297.63,297.95,0.38,0.36,N,VIIRS,2,2012
-1.65892,115.23669,2012-09-05,544,n,0,24.15,355.06,300.32,0.38,0.36,N,VIIRS,2,2012
-1.4318,116.91508,2012-09-05,544,n,3,2.51,333.67,293.49,0.42,0.37,N,VIIRS,2,2012
-1.56464,116.07265,2012-09-05,544,n,0,2.95,333.15,296.94,0.39,0.36,N,VIIRS,2,2012
-0.30665,117.38995,2012-09-05,544,n,0,4.66,334.75,296.36,0.44,0.39,N,VIIRS,2,2012
-0.48718,116.3666,2012-09-05,544,n,0,4.41,343.11,297.51,0.41,0.37,N,VIIRS,2,2012
-0.49059,116.36712,2012-09-05,544,n,0,4.41,341.34,295.77,0.41,0.37,N,VIIRS,2,2012
-0.4929,116.37493,2012-09-05,544,n,0,3.55,341.26,295.3,0.41,0.37,N,VIIRS,2,2012
-0.49632,116.37544,2012-09-05,544,n,0,3.55,338.51,298.9,0.41,0.37,N,VIIRS,2,2012
-0.49576,116.37909,2012-09-05,544,n,0,3.55,337.8,296.39,0.41,0.37,N,VIIRS,2,2012
-0.56252,116.26293,2012-09-05,544,n,0,46.85,346.27,287.14,0.4,0.37,N,VIIRS,2,2012
-0.47634,117.01126,2012-09-05,544,n,0,3.81,335.24,294.72,0.43,0.38,N,VIIRS,2,2012
-0.65596,115.99033,2012-09-05,544,n,0,4.86,342.94,302.05,0.4,0.37,N,VIIRS,2,2012
-0.66408,116.11954,2012-09-05,544,n,0,26.76,351.02,296.8,0.4,0.37,N,VIIRS,2,2012
-0.66746,116.12007,2012-09-05,544,n,0,16.57,346.5,297.2,0.4,0.37,N,VIIRS,2,2012
-0.47671,117.38251,2012-09-05,544,n,0,2.71,334.07,296.23,0.44,0.38,N,VIIRS,2,2012
-0.75969,115.65606,2012-09-05,544,n,0,20.22,350.59,281.97,0.39,0.36,N,VIIRS,2,2012
-0.67466,116.25807,2012-09-05,544,n,0,8.82,333.39,292.88,0.4,0.37,N,VIIRS,2,2012
-0.67411,116.26168,2012-09-05,544,n,0,10.05,334.74,291.14,0.4,0.37,N,VIIRS,2,2012
-0.58187,116.91006,2012-09-05,544,n,0,3.87,343.43,299.01,0.42,0.38,N,VIIRS,2,2012
-0.50865,117.38729,2012-09-05,544,n,0,9.36,346.71,297.35,0.44,0.38,N,VIIRS,2,2012
-0.71369,116.13863,2012-09-05,544,n,0,2.76,337.27,293.45,0.4,0.37,N,VIIRS,2,2012
-0.61258,116.94193,2012-09-05,544,n,0,2.4,332.57,293.6,0.42,0.38,N,VIIRS,2,2012
-0.62702,116.89354,2012-09-05,544,n,0,25.87,333.35,300.68,0.42,0.38,N,VIIRS,2,2012
-0.62645,116.89734,2012-09-05,544,n,0,20.68,333.14,295.63,0.42,0.38,N,VIIRS,2,2012
-0.61665,116.96199,2012-09-05,544,n,0,10.5,343.04,294.06,0.42,0.38,N,VIIRS,2,2012
-0.62704,116.91692,2012-09-05,544,n,0,3.1,333.32,296.45,0.42,0.38,N,VIIRS,2,2012
-0.63402,116.94127,2012-09-05,544,n,0,2.19,330.43,294.25,0.42,0.38,N,VIIRS,2,2012
-0.65132,116.89725,2012-09-05,544,n,0,2.21,332.73,296.51,0.42,0.38,N,VIIRS,2,2012
-0.65462,117.0255,2012-09-05,544,n,0,6.54,333.2,292.29,0.43,0.38,N,VIIRS,2,2012
-0.6815,116.87405,2012-09-05,544,n,0,5.21,334.99,296.48,0.42,0.38,N,VIIRS,2,2012
-0.67447,116.94278,2012-09-05,544,n,0,22.88,339.43,297.35,0.42,0.38,N,VIIRS,2,2012
-0.68146,116.92046,2012-09-05,544,n,0,123.21,338.27,303.04,0.42,0.38,N,VIIRS,2,2012
-0.67795,116.94331,2012-09-05,544,n,0,22.88,334.0,299.29,0.42,0.38,N,VIIRS,2,2012
-0.67737,116.9471,2012-09-05,544,n,0,22.88,336.35,305.19,0.42,0.38,N,VIIRS,2,2012
-0.68957,116.91395,2012-09-05,544,n,0,2.31,330.8,296.36,0.42,0.38,N,VIIRS,2,2012
-0.69362,116.91068,2012-09-05,544,n,0,3.07,332.37,296.81,0.42,0.38,N,VIIRS,2,2012
-0.69304,116.91445,2012-09-05,544,n,0,6.13,335.25,298.02,0.42,0.38,N,VIIRS,2,2012
-0.68837,116.96821,2012-09-05,544,n,0,17.56,346.11,295.56,0.42,0.38,N,VIIRS,2,2012
-0.70983,116.99094,2012-09-05,544,n,0,8.35,336.43,294.53,0.42,0.38,N,VIIRS,2,2012
-1.23176,113.92214,2012-09-05,544,n,0,3.22,334.45,296.16,0.39,0.36,N,VIIRS,2,2012
-1.07386,115.25893,2012-09-05,544,n,0,4.82,342.32,297.63,0.39,0.36,N,VIIRS,2,2012
-0.81989,117.11739,2012-09-05,544,n,0,6.3,336.32,291.5,0.43,0.38,N,VIIRS,2,2012
-1.03,115.75114,2012-09-05,544,n,0,9.87,329.93,299.2,0.39,0.36,N,VIIRS,2,2012
-1.02947,115.75465,2012-09-05,544,n,0,8.91,332.42,296.22,0.39,0.36,N,VIIRS,2,2012
-0.9049,116.91955,2012-09-05,544,n,0,5.92,333.52,295.37,0.42,0.38,N,VIIRS,2,2012
-0.90432,116.92333,2012-09-05,544,n,0,14.4,342.96,299.64,0.42,0.38,N,VIIRS,2,2012
-0.88973,117.04159,2012-09-05,544,n,0,4.97,334.24,296.04,0.42,0.38,N,VIIRS,2,2012
-0.86137,117.22646,2012-09-05,544,n,0,14.17,340.04,298.76,0.43,0.38,N,VIIRS,2,2012
-0.9205,117.12071,2012-09-05,544,n,0,4.01,331.93,295.45,0.43,0.38,N,VIIRS,2,2012
-0.96681,116.97929,2012-09-05,544,n,0,3.48,335.15,297.13,0.42,0.38,N,VIIRS,2,2012
-1.07436,116.65538,2012-09-05,544,n,0,3.86,334.27,295.29,0.41,0.37,N,VIIRS,2,2012
-1.0102,117.09918,2012-09-05,544,n,0,3.08,332.01,297.27,0.43,0.38,N,VIIRS,2,2012
-1.29104,115.2754,2012-09-05,544,n,0,5.81,330.59,295.79,0.39,0.36,N,VIIRS,2,2012
-1.29052,115.27885,2012-09-05,544,n,0,5.81,336.38,296.3,0.39,0.36,N,VIIRS,2,2012
-1.30679,115.23885,2012-09-05,544,n,0,6.68,342.13,295.18,0.39,0.36,N,VIIRS,2,2012
-1.10563,116.6111,2012-09-05,544,n,0,3.53,330.94,296.18,0.41,0.37,N,VIIRS,2,2012
-1.09781,116.66267,2012-09-05,544,n,0,6.7,336.48,297.09,0.41,0.37,N,VIIRS,2,2012
-1.10905,116.61162,2012-09-05,544,n,0,3.53,337.09,296.52,0.41,0.37,N,VIIRS,2,2012
-1.32675,115.24184,2012-09-05,544,n,0,4.52,340.68,299.72,0.39,0.36,N,VIIRS,2,2012
-1.31628,115.31103,2012-09-05,544,n,0,4.39,336.25,296.6,0.39,0.36,N,VIIRS,2,2012
-1.32065,115.3046,2012-09-05,544,n,0,31.29,343.94,302.88,0.39,0.36,N,VIIRS,2,2012
-1.34391,115.24087,2012-09-05,544,n,0,2.52,331.28,295.75,0.39,0.36,N,VIIRS,2,2012
-1.34669,115.24142,2012-09-05,544,n,0,3.95,335.79,297.33,0.38,0.36,N,VIIRS,2,2012
-1.51761,114.40509,2012-09-05,544,n,0,21.38,343.59,292.03,0.39,0.36,N,VIIRS,2,2012
-1.4245,115.02,2012-09-05,544,n,0,9.04,337.81,295.6,0.38,0.36,N,VIIRS,2,2012
-1.20646,116.82286,2012-09-05,544,n,0,3.38,333.33,296.89,0.41,0.37,N,VIIRS,2,2012
-1.50871,114.84561,2012-09-05,544,n,0,2.54,335.85,296.37,0.38,0.36,N,VIIRS,2,2012
-1.27347,116.58398,2012-09-05,544,n,0,12.07,336.72,301.64,0.41,0.37,N,VIIRS,2,2012
-1.55267,114.79663,2012-09-05,544,n,0,3.7,331.36,297.94,0.38,0.36,N,VIIRS,2,2012
-1.40378,115.86694,2012-09-05,544,n,0,2.17,334.27,297.79,0.39,0.36,N,VIIRS,2,2012
-1.67474,114.3726,2012-09-05,544,n,0,29.17,335.56,294.47,0.39,0.36,N,VIIRS,2,2012
-1.56265,115.31071,2012-09-05,544,n,0,8.13,347.24,299.35,0.39,0.36,N,VIIRS,2,2012
-1.37072,116.56529,2012-09-05,544,n,0,8.58,339.65,298.46,0.41,0.37,N,VIIRS,2,2012
-1.60135,115.30235,2012-09-05,544,n,0,12.39,347.72,296.62,0.39,0.36,N,VIIRS,2,2012
-1.72263,115.16946,2012-09-05,544,n,0,1.71,333.03,295.42,0.38,0.36,N,VIIRS,2,2012
-1.70272,115.36795,2012-09-05,544,n,0,3.96,333.55,297.43,0.39,0.36,N,VIIRS,2,2012
-1.82984,114.77608,2012-09-05,544,n,0,4.23,334.55,296.99,0.38,0.36,N,VIIRS,2,2012
-1.82218,114.8491,2012-09-05,544,n,0,6.53,340.69,297.02,0.38,0.36,N,VIIRS,2,2012
-1.73584,115.41893,2012-09-05,544,n,0,7.93,332.08,297.81,0.39,0.36,N,VIIRS,2,2012
-1.76188,115.35568,2012-09-05,544,n,0,17.53,342.09,301.08,0.39,0.36,N,VIIRS,2,2012
-1.78186,115.29147,2012-09-05,544,n,0,10.61,339.27,299.59,0.38,0.36,N,VIIRS,2,2012
-1.91371,114.48786,2012-09-05,544,n,0,7.43,332.75,296.28,0.39,0.36,N,VIIRS,2,2012
-1.80042,115.39324,2012-09-05,544,n,0,2.91,334.01,299.92,0.39,0.36,N,VIIRS,2,2012
-1.80128,115.49974,2012-09-05,544,n,0,5.31,338.97,297.63,0.39,0.36,N,VIIRS,2,2012
-1.69791,116.18015,2012-09-05,544,n,0,8.78,346.49,299.1,0.4,0.37,N,VIIRS,2,2012
-1.98651,114.36725,2012-09-05,544,n,0,3.28,331.62,296.02,0.39,0.36,N,VIIRS,2,2012
-1.91675,114.89512,2012-09-05,544,n,0,4.62,330.26,297.73,0.38,0.36,N,VIIRS,2,2012
-1.95437,114.82043,2012-09-05,544,n,0,6.6,341.66,299.47,0.38,0.36,N,VIIRS,2,2012
-1.77774,116.13839,2012-09-05,544,n,0,20.91,343.53,297.61,0.39,0.37,N,VIIRS,2,2012
-1.7811,116.1389,2012-09-05,544,n,0,20.91,342.64,300.7,0.39,0.37,N,VIIRS,2,2012
-1.80298,116.0407,2012-09-05,544,n,0,12.66,343.72,297.46,0.39,0.36,N,VIIRS,2,2012
-2.15319,113.77357,2012-09-05,544,l,0,7.4,328.99,300.68,0.4,0.37,N,VIIRS,2,2012
-1.96703,115.25297,2012-09-05,544,n,0,24.01,337.21,299.66,0.38,0.36,N,VIIRS,2,2012
-2.03103,114.85309,2012-09-05,544,n,0,4.61,332.27,300.43,0.38,0.36,N,VIIRS,2,2012
-2.03435,114.85358,2012-09-05,544,n,0,6.57,342.54,300.83,0.38,0.36,N,VIIRS,2,2012
-1.93875,115.50706,2012-09-05,544,n,0,3.5,337.32,299.45,0.39,0.36,N,VIIRS,2,2012
-1.97772,115.27224,2012-09-05,544,n,0,10.17,348.22,298.67,0.38,0.36,N,VIIRS,2,2012
-2.0515,114.85261,2012-09-05,544,n,0,5.2,333.06,297.98,0.38,0.36,N,VIIRS,2,2012
-1.8877,115.93468,2012-09-05,544,n,0,15.46,351.56,301.1,0.39,0.36,N,VIIRS,2,2012
-1.88965,115.93563,2012-09-05,544,n,0,11.22,351.28,302.88,0.39,0.36,N,VIIRS,2,2012
-2.07703,114.86069,2012-09-05,544,n,0,2.92,331.7,297.22,0.38,0.36,N,VIIRS,2,2012
-1.92906,115.90202,2012-09-05,544,n,0,4.24,331.78,297.09,0.39,0.36,N,VIIRS,2,2012
-1.92759,115.93413,2012-09-05,544,n,0,2.71,334.65,297.44,0.39,0.36,N,VIIRS,2,2012
-1.91206,116.03598,2012-09-05,544,n,0,1.21,334.08,297.4,0.39,0.36,N,VIIRS,2,2012
-2.01706,115.41327,2012-09-05,544,n,0,3.41,339.77,296.11,0.39,0.36,N,VIIRS,2,2012
-2.2691,113.86057,2012-09-05,544,n,0,3.51,330.08,295.59,0.4,0.37,N,VIIRS,2,2012
-2.25042,114.07504,2012-09-05,544,n,0,3.25,330.78,297.26,0.39,0.36,N,VIIRS,2,2012
-1.94592,116.17516,2012-09-05,544,n,0,6.04,341.93,297.93,0.39,0.37,N,VIIRS,2,2012
-2.14424,114.8884,2012-09-05,544,n,0,2.23,332.22,297.45,0.38,0.36,N,VIIRS,2,2012
-1.95388,116.35562,2012-09-05,544,n,0,5.46,341.93,295.66,0.4,0.37,N,VIIRS,2,2012
-1.95333,116.3592,2012-09-05,544,n,0,5.46,335.66,296.29,0.4,0.37,N,VIIRS,2,2012
-2.20371,114.78158,2012-09-05,544,n,0,12.98,344.59,300.1,0.38,0.36,N,VIIRS,2,2012
-2.20319,114.78503,2012-09-05,544,n,0,12.98,344.78,298.92,0.38,0.36,N,VIIRS,2,2012
-2.01504,116.02343,2012-09-05,544,n,0,33.87,347.97,307.61,0.39,0.36,N,VIIRS,2,2012
-2.20756,114.77861,2012-09-05,544,n,0,6.04,335.83,304.05,0.38,0.36,N,VIIRS,2,2012
-2.20651,114.78552,2012-09-05,544,n,0,6.57,335.26,301.89,0.38,0.36,N,VIIRS,2,2012
-2.19449,114.86503,2012-09-05,544,n,0,19.23,333.2,297.53,0.38,0.36,N,VIIRS,2,2012
-2.20703,114.78207,2012-09-05,544,h,0,6.57,367.0,306.01,0.38,0.36,N,VIIRS,2,2012
-2.19781,114.86552,2012-09-05,544,n,0,19.23,350.15,310.38,0.38,0.36,N,VIIRS,2,2012
-2.19729,114.86897,2012-09-05,544,n,0,19.23,330.82,300.29,0.38,0.36,N,VIIRS,2,2012
-2.01744,116.05269,2012-09-05,544,n,0,2.78,333.33,297.6,0.39,0.36,N,VIIRS,2,2012
-2.20009,114.87292,2012-09-05,544,n,0,20.07,344.24,299.69,0.38,0.36,N,VIIRS,2,2012
-2.0208,116.05319,2012-09-05,544,n,0,6.18,350.16,302.03,0.39,0.36,N,VIIRS,2,2012
-2.27943,114.37044,2012-09-05,544,n,0,5.92,333.05,300.84,0.39,0.36,N,VIIRS,2,2012
-2.20394,114.86997,2012-09-05,544,n,0,10.63,336.65,301.55,0.38,0.36,N,VIIRS,2,2012
-2.20342,114.87341,2012-09-05,544,n,0,20.07,356.38,304.64,0.38,0.36,N,VIIRS,2,2012
-2.02415,116.05371,2012-09-05,544,n,0,6.18,344.39,302.11,0.39,0.36,N,VIIRS,2,2012
-2.20883,114.86009,2012-09-05,544,n,0,5.11,334.52,299.42,0.38,0.36,N,VIIRS,2,2012
-2.20674,114.87392,2012-09-05,544,n,0,3.73,338.26,301.91,0.38,0.36,N,VIIRS,2,2012
-2.21164,114.86406,2012-09-05,544,n,0,5.11,341.35,300.55,0.38,0.36,N,VIIRS,2,2012
-2.20955,114.87787,2012-09-05,544,n,0,3.73,333.41,299.94,0.38,0.36,N,VIIRS,2,2012
-2.20902,114.88132,2012-09-05,544,n,0,27.19,348.27,303.71,0.38,0.36,N,VIIRS,2,2012
-2.06017,115.9297,2012-09-05,544,n,0,6.0,334.45,296.84,0.39,0.36,N,VIIRS,2,2012
-2.08479,116.01591,2012-09-05,544,n,0,3.2,330.25,299.65,0.39,0.36,N,VIIRS,2,2012
-2.17949,115.65549,2012-09-05,544,n,0,20.16,335.8,301.34,0.39,0.36,N,VIIRS,2,2012
-2.18705,115.62822,2012-09-05,544,n,0,4.02,339.12,299.01,0.39,0.36,N,VIIRS,2,2012
-2.18913,115.68182,2012-09-05,544,n,0,5.23,337.63,297.98,0.39,0.36,N,VIIRS,2,2012
-2.33931,114.78129,2012-09-05,544,n,0,8.17,334.49,299.16,0.38,0.36,N,VIIRS,2,2012
-2.34264,114.78178,2012-09-05,544,n,0,4.57,333.3,299.46,0.38,0.36,N,VIIRS,2,2012
-2.34212,114.78525,2012-09-05,544,n,0,4.57,351.11,302.44,0.38,0.36,N,VIIRS,2,2012
-2.34249,114.82774,2012-09-05,544,n,0,1.44,330.26,298.32,0.38,0.36,N,VIIRS,2,2012
-2.35388,114.86479,2012-09-05,544,n,0,7.34,347.14,299.26,0.38,0.36,N,VIIRS,2,2012
-2.35336,114.86825,2012-09-05,544,n,0,6.2,344.86,299.17,0.38,0.36,N,VIIRS,2,2012
-2.35616,114.87222,2012-09-05,544,n,0,5.0,341.44,297.78,0.38,0.36,N,VIIRS,2,2012
-2.23108,115.72014,2012-09-05,544,n,0,2.4,333.16,298.71,0.39,0.36,N,VIIRS,2,2012
-2.36352,114.89098,2012-09-05,544,n,0,4.58,345.94,299.23,0.38,0.36,N,VIIRS,2,2012
-2.37901,114.87236,2012-09-05,544,n,0,2.61,333.58,296.79,0.38,0.36,N,VIIRS,2,2012
-2.32918,115.24633,2012-09-05,544,n,0,3.32,341.18,299.17,0.38,0.36,N,VIIRS,2,2012
-2.31449,115.34304,2012-09-05,544,n,0,5.55,346.42,300.23,0.38,0.36,N,VIIRS,2,2012
-2.31396,115.3465,2012-09-05,544,n,0,5.55,334.59,299.15,0.38,0.36,N,VIIRS,2,2012
-2.31782,115.34355,2012-09-05,544,n,0,3.31,331.17,299.75,0.38,0.36,N,VIIRS,2,2012
-2.31729,115.34701,2012-09-05,544,n,0,3.31,331.69,298.37,0.38,0.36,N,VIIRS,2,2012
-2.15885,116.49712,2012-09-05,544,n,0,2.79,331.76,297.74,0.4,0.37,N,VIIRS,2,2012
-2.40319,114.91486,2012-09-05,544,n,0,19.93,350.54,299.31,0.38,0.36,N,VIIRS,2,2012
-2.39535,114.96669,2012-09-05,544,n,0,4.1,343.85,296.91,0.38,0.36,N,VIIRS,2,2012
-2.40651,114.91535,2012-09-05,544,n,0,19.93,354.75,301.05,0.38,0.36,N,VIIRS,2,2012
-2.39867,114.96718,2012-09-05,544,n,0,4.1,330.12,298.13,0.38,0.36,N,VIIRS,2,2012
-2.39815,114.97063,2012-09-05,544,n,0,4.1,338.86,297.95,0.38,0.36,N,VIIRS,2,2012
-2.41036,114.9124,2012-09-05,544,n,0,9.24,343.32,301.88,0.38,0.36,N,VIIRS,2,2012
-2.40984,114.91586,2012-09-05,544,n,0,9.24,338.16,299.3,0.38,0.36,N,VIIRS,2,2012
-2.41369,114.9129,2012-09-05,544,n,0,9.24,343.66,302.21,0.38,0.36,N,VIIRS,2,2012
-2.41317,114.91635,2012-09-05,544,n,0,9.24,336.0,300.41,0.38,0.36,N,VIIRS,2,2012
-2.49675,114.45361,2012-09-05,544,n,0,8.85,347.73,300.48,0.39,0.36,N,VIIRS,2,2012
-2.43102,114.93317,2012-09-05,544,n,0,7.46,337.36,301.66,0.38,0.36,N,VIIRS,2,2012
-2.4305,114.93661,2012-09-05,544,n,0,6.58,336.83,298.0,0.38,0.36,N,VIIRS,2,2012
-2.43768,114.93415,2012-09-05,544,n,0,4.71,336.49,302.0,0.38,0.36,N,VIIRS,2,2012
-2.3462,115.56013,2012-09-05,544,n,0,7.76,338.25,298.21,0.39,0.36,N,VIIRS,2,2012
-2.41503,115.12852,2012-09-05,544,n,0,3.72,336.96,298.62,0.38,0.36,N,VIIRS,2,2012
-2.42201,115.10486,2012-09-05,544,n,0,2.92,334.15,301.68,0.38,0.36,N,VIIRS,2,2012
-2.41835,115.12903,2012-09-05,544,n,0,4.54,344.06,302.02,0.38,0.36,N,VIIRS,2,2012
-2.42586,115.1019,2012-09-05,544,n,0,4.19,339.08,299.43,0.38,0.36,N,VIIRS,2,2012
-2.40981,115.3616,2012-09-05,544,n,0,3.08,333.07,298.38,0.38,0.36,N,VIIRS,2,2012
-2.42118,115.33149,2012-09-05,544,n,0,3.97,334.22,300.7,0.38,0.36,N,VIIRS,2,2012
-2.32752,115.94603,2012-09-05,544,n,0,5.7,342.42,296.43,0.39,0.36,N,VIIRS,2,2012
-1.83077,114.50023,2012-09-05,544,n,0,4.3,332.38,293.72,0.39,0.36,N,VIIRS,2,2012
-1.69939,115.36745,2012-09-05,544,n,0,3.96,334.91,293.92,0.39,0.36,N,VIIRS,2,2012
-2.42993,115.31866,2012-09-05,544,n,0,5.82,340.66,303.76,0.38,0.36,N,VIIRS,2,2012
-2.37195,115.76698,2012-09-05,544,n,0,2.82,332.85,292.84,0.39,0.36,N,VIIRS,2,2012
-2.36609,115.87271,2012-09-05,544,n,0,18.71,347.78,300.89,0.39,0.36,N,VIIRS,2,2012
-2.36556,115.87618,2012-09-05,544,n,0,9.09,334.89,296.03,0.39,0.36,N,VIIRS,2,2012
-2.46444,115.47233,2012-09-05,544,n,0,5.53,336.48,297.25,0.38,0.36,N,VIIRS,2,2012
-2.46777,115.47282,2012-09-05,544,n,0,2.74,336.61,294.47,0.38,0.36,N,VIIRS,2,2012
-2.34147,116.32741,2012-09-05,544,n,0,2.98,332.06,296.89,0.4,0.37,N,VIIRS,2,2012
-2.34092,116.33098,2012-09-05,544,n,0,2.98,333.17,298.49,0.4,0.37,N,VIIRS,2,2012
-2.34376,116.33504,2012-09-05,544,n,0,4.24,340.79,300.37,0.4,0.37,N,VIIRS,2,2012
-2.40901,115.9728,2012-09-05,544,n,0,14.59,350.9,301.83,0.39,0.36,N,VIIRS,2,2012
-2.42102,115.93861,2012-09-05,544,n,0,4.3,333.23,296.95,0.39,0.36,N,VIIRS,2,2012
-2.42383,115.94267,2012-09-05,544,n,0,31.54,341.02,305.07,0.39,0.36,N,VIIRS,2,2012
-2.42664,115.94671,2012-09-05,544,n,0,31.54,334.31,296.97,0.39,0.36,N,VIIRS,2,2012
-2.37916,116.40308,2012-09-05,544,n,0,14.02,345.71,299.78,0.4,0.37,N,VIIRS,2,2012
-2.46178,115.95288,2012-09-05,544,n,0,43.14,345.21,304.75,0.39,0.36,N,VIIRS,2,2012
1.44212,117.98735,2012-09-05,545,n,0,45.87,347.46,300.65,0.49,0.41,N,VIIRS,2,2012
1.3064,117.03162,2012-09-05,545,n,0,2.22,330.47,296.46,0.44,0.39,N,VIIRS,2,2012
1.44328,117.98913,2012-09-05,545,n,0,45.15,334.61,297.53,0.5,0.41,N,VIIRS,2,2012
1.50987,118.17854,2012-09-05,545,n,0,12.87,346.11,286.53,0.51,0.41,N,VIIRS,2,2012
1.54679,118.19206,2012-09-05,545,n,0,2.99,331.84,284.49,0.51,0.41,N,VIIRS,2,2012
1.5545,118.06504,2012-09-05,545,n,0,12.15,342.53,290.76,0.5,0.41,N,VIIRS,2,2012
1.57041,118.11842,2012-09-05,545,n,0,5.54,331.86,288.59,0.5,0.41,N,VIIRS,2,2012
1.57419,118.11789,2012-09-05,545,n,0,5.54,345.8,288.78,0.5,0.41,N,VIIRS,2,2012
1.57383,118.11903,2012-09-05,545,n,0,11.91,337.24,288.97,0.51,0.41,N,VIIRS,2,2012
1.58694,118.10316,2012-09-05,545,n,0,25.99,347.67,293.37,0.5,0.41,N,VIIRS,2,2012
1.60312,118.08222,2012-09-05,545,n,0,9.3,332.74,284.87,0.5,0.41,N,VIIRS,2,2012
1.6241,117.94092,2012-09-05,545,n,0,3.11,330.12,293.12,0.49,0.41,N,VIIRS,2,2012
1.65858,117.991,2012-09-05,545,n,0,8.86,342.8,295.47,0.5,0.41,N,VIIRS,2,2012
1.66304,117.99499,2012-09-05,545,n,0,8.86,336.21,295.65,0.5,0.41,N,VIIRS,2,2012
1.66234,117.99046,2012-09-05,545,n,0,8.86,337.35,293.91,0.5,0.41,N,VIIRS,2,2012
1.66679,117.99442,2012-09-05,545,n,0,16.53,335.46,294.12,0.5,0.41,N,VIIRS,2,2012
1.65936,117.99213,2012-09-05,545,n,0,14.04,333.53,294.18,0.5,0.41,N,VIIRS,2,2012
1.65869,117.98759,2012-09-05,545,n,0,12.75,339.74,297.33,0.5,0.41,N,VIIRS,2,2012
1.66311,117.9916,2012-09-05,545,n,0,14.04,335.81,296.05,0.5,0.41,N,VIIRS,2,2012
1.66687,117.99103,2012-09-05,545,n,0,4.1,334.42,294.95,0.5,0.41,N,VIIRS,2,2012
1.73422,117.95386,2012-09-05,545,n,0,20.15,347.33,297.16,0.5,0.41,N,VIIRS,2,2012
1.73865,117.95778,2012-09-05,545,n,0,17.35,338.02,294.95,0.5,0.41,N,VIIRS,2,2012
1.73797,117.95331,2012-09-05,545,n,0,17.35,345.33,297.54,0.5,0.41,N,VIIRS,2,2012
1.73526,117.93544,2012-09-05,545,n,0,4.47,338.83,294.52,0.5,0.41,N,VIIRS,2,2012
1.7424,117.95723,2012-09-05,545,n,0,17.35,341.73,295.31,0.5,0.41,N,VIIRS,2,2012
1.21332,116.96842,2012-09-05,545,n,0,15.82,348.65,296.58,0.44,0.38,N,VIIRS,2,2012
1.42212,118.34043,2012-09-05,545,n,0,4.18,333.95,292.48,0.52,0.41,N,VIIRS,2,2012
1.46458,118.2346,2012-09-05,545,n,0,4.3,333.29,294.03,0.51,0.41,N,VIIRS,2,2012
1.47953,118.25603,2012-09-05,545,n,0,5.13,339.55,291.23,0.51,0.41,N,VIIRS,2,2012
2.49349,117.87942,2012-09-05,545,n,0,6.35,335.63,291.75,0.5,0.41,N,VIIRS,2,2012
2.47086,117.88271,2012-09-05,545,n,0,2.24,332.54,291.13,0.5,0.41,N,VIIRS,2,2012
2.41384,117.91424,2012-09-05,545,n,0,15.48,330.24,295.21,0.5,0.41,N,VIIRS,2,2012
2.4145,117.9188,2012-09-05,545,n,0,6.59,330.85,292.87,0.5,0.41,N,VIIRS,2,2012
2.41651,117.93246,2012-09-05,545,n,0,18.98,345.67,292.44,0.51,0.41,N,VIIRS,2,2012
2.41006,117.9148,2012-09-05,545,n,0,15.48,341.55,297.61,0.5,0.41,N,VIIRS,2,2012
2.40429,117.90169,2012-09-05,545,n,0,66.2,338.79,299.14,0.5,0.41,N,VIIRS,2,2012
1.97669,117.74497,2012-09-05,545,n,0,6.03,342.44,295.25,0.49,0.4,N,VIIRS,2,2012
1.44428,115.35341,2012-09-05,545,n,0,31.21,343.07,290.29,0.39,0.36,N,VIIRS,2,2012
2.41467,117.91698,2012-09-05,545,n,0,12.82,336.37,293.83,0.5,0.41,N,VIIRS,2,2012
2.41676,117.9306,2012-09-05,545,n,0,13.13,347.87,295.46,0.5,0.41,N,VIIRS,2,2012
2.41089,117.9175,2012-09-05,545,n,0,12.82,337.85,295.69,0.5,0.41,N,VIIRS,2,2012
2.40434,117.89989,2012-09-05,545,n,0,32.9,337.27,299.13,0.5,0.41,N,VIIRS,2,2012
2.40503,117.90442,2012-09-05,545,n,0,32.9,334.92,294.14,0.5,0.41,N,VIIRS,2,2012
2.32086,117.50144,2012-09-05,545,n,0,35.41,343.13,294.49,0.48,0.4,N,VIIRS,2,2012
2.31718,117.50198,2012-09-05,545,n,0,35.41,347.68,300.98,0.48,0.4,N,VIIRS,2,2012
2.1204,117.65329,2012-09-05,545,n,0,2.25,331.88,286.44,0.48,0.4,N,VIIRS,2,2012
2.23816,118.0537,2012-09-05,545,n,0,10.2,342.07,298.02,0.51,0.41,N,VIIRS,2,2012
2.26585,117.82674,2012-09-05,545,n,0,10.19,348.75,297.41,0.5,0.41,N,VIIRS,2,2012
2.27915,117.88902,2012-09-05,545,n,0,40.91,334.65,298.01,0.5,0.41,N,VIIRS,2,2012
2.239,117.52574,2012-09-05,545,n,0,3.3,334.26,290.17,0.48,0.4,N,VIIRS,2,2012
2.25998,117.63818,2012-09-05,545,n,0,6.5,335.23,293.11,0.48,0.4,N,VIIRS,2,2012
2.26302,117.63326,2012-09-05,545,n,0,5.36,336.08,295.62,0.48,0.4,N,VIIRS,2,2012
2.2417,117.52626,2012-09-05,545,n,0,3.96,336.75,289.22,0.48,0.4,N,VIIRS,2,2012
2.26137,117.63449,2012-09-05,545,n,0,8.46,345.51,295.76,0.49,0.4,N,VIIRS,2,2012
2.26178,117.48382,2012-09-05,545,n,0,4.5,335.51,291.63,0.48,0.4,N,VIIRS,2,2012
2.26609,117.48755,2012-09-05,545,n,0,9.19,332.22,291.24,0.48,0.4,N,VIIRS,2,2012
2.26545,117.48327,2012-09-05,545,n,0,4.5,332.07,291.6,0.48,0.4,N,VIIRS,2,2012
0.18314,117.48695,2012-09-05,1644,n,2,2.48,307.8,287.52,0.6,0.7,N,VIIRS,2,2012
0.10553,117.46883,2012-09-05,1644,n,2,2.76,308.4,288.72,0.6,0.7,N,VIIRS,2,2012
0.10757,117.46629,2012-09-05,1644,n,2,1.39,302.75,288.59,0.6,0.7,N,VIIRS,2,2012
0.1067,117.47169,2012-09-05,1644,n,2,1.39,304.28,288.33,0.6,0.7,N,VIIRS,2,2012
0.18194,117.48798,2012-09-05,1644,n,2,2.2,303.29,288.09,0.6,0.7,N,VIIRS,2,2012
-2.01277,116.02903,2012-09-05,1645,n,0,1.21,300.84,287.56,0.69,0.74,N,VIIRS,2,2012
-2.01166,116.02251,2012-09-05,1645,n,0,1.21,305.0,287.48,0.69,0.74,N,VIIRS,2,2012
-2.01309,116.02451,2012-09-05,1645,n,0,2.3,310.45,287.14,0.69,0.74,N,VIIRS,2,2012
-0.96171,117.14709,2012-09-05,1645,n,2,1.35,309.52,288.46,0.6,0.71,N,VIIRS,2,2012
-0.80829,117.10358,2012-09-05,1645,n,0,1.67,301.66,287.85,0.61,0.71,N,VIIRS,2,2012
-0.59604,115.86055,2012-09-05,1645,n,0,4.9,327.72,284.73,0.74,0.76,N,VIIRS,2,2012
-0.80344,117.10272,2012-09-05,1645,n,0,1.6,301.01,288.29,0.61,0.71,N,VIIRS,2,2012
-0.59307,115.86414,2012-09-05,1645,n,0,2.57,311.95,284.55,0.74,0.76,N,VIIRS,2,2012
-0.59199,115.85735,2012-09-05,1645,n,0,2.57,301.57,284.53,0.74,0.76,N,VIIRS,2,2012
-0.58259,117.38474,2012-09-05,1645,n,2,1.33,310.49,289.01,0.59,0.7,N,VIIRS,2,2012
-0.45178,117.39531,2012-09-05,1645,n,0,2.76,322.31,288.94,0.59,0.7,N,VIIRS,2,2012
-0.23609,117.37333,2012-09-05,1645,n,0,3.04,317.65,288.43,0.6,0.7,N,VIIRS,2,2012
1.48009,117.87464,2012-09-05,1824,n,0,0.93,300.3,284.75,0.71,0.75,N,VIIRS,2,2012
-0.23687,117.37635,2012-09-05,1825,n,0,2.83,312.24,286.32,0.69,0.75,N,VIIRS,2,2012
-2.01524,116.02535,2012-09-05,1825,n,0,2.13,306.35,287.81,0.6,0.7,N,VIIRS,2,2012
-0.96176,117.1525,2012-09-05,1825,n,2,1.77,304.75,287.88,0.69,0.74,N,VIIRS,2,2012
-0.96237,117.15166,2012-09-05,1825,n,2,0.91,305.02,288.0,0.69,0.74,N,VIIRS,2,2012
-0.58371,117.38248,2012-09-05,1825,n,2,1.44,300.12,286.63,0.7,0.75,N,VIIRS,2,2012
-0.23683,117.37698,2012-09-05,1825,n,0,2.22,311.75,286.12,0.69,0.75,N,VIIRS,2,2012
0.1067,117.47262,2012-09-05,1825,n,2,1.31,303.11,284.72,0.7,0.75,N,VIIRS,2,2012
-2.20722,114.78027,2012-09-05,1826,n,0,0.69,298.43,264.75,0.5,0.66,N,VIIRS,2,2012
-2.20629,114.78217,2012-09-05,1826,n,0,1.37,306.14,265.99,0.5,0.65,N,VIIRS,2,2012
0.2431,115.41868,2012-09-06,525,n,0,4.68,337.43,292.16,0.5,0.41,N,VIIRS,2,2012
-0.08701,115.67856,2012-09-06,525,n,0,3.03,331.8,295.61,0.49,0.4,N,VIIRS,2,2012
-0.08795,115.67759,2012-09-06,525,n,0,3.28,332.13,295.54,0.49,0.41,N,VIIRS,2,2012
-0.20061,115.31448,2012-09-06,525,n,0,5.97,336.28,295.15,0.52,0.41,N,VIIRS,2,2012
-0.20442,115.31508,2012-09-06,525,n,0,4.13,329.29,295.07,0.52,0.41,N,VIIRS,2,2012
-0.44616,114.70691,2012-09-06,525,n,0,10.24,345.01,294.66,0.57,0.43,N,VIIRS,2,2012
-0.44359,114.70838,2012-09-06,525,n,0,6.77,331.26,294.44,0.57,0.43,N,VIIRS,2,2012
-0.21521,116.39449,2012-09-06,525,n,0,6.65,343.92,298.4,0.46,0.39,N,VIIRS,2,2012
-0.2332,116.39719,2012-09-06,525,n,0,8.4,343.73,301.11,0.46,0.39,N,VIIRS,2,2012
-0.21911,116.63483,2012-09-06,525,n,0,5.5,333.04,296.17,0.44,0.39,N,VIIRS,2,2012
-0.25077,116.5946,2012-09-06,525,l,0,6.63,344.32,295.5,0.45,0.39,N,VIIRS,2,2012
-0.25015,116.59859,2012-09-06,525,l,0,6.63,333.95,296.07,0.45,0.39,N,VIIRS,2,2012
-0.25433,116.59514,2012-09-06,525,l,0,8.61,342.72,296.65,0.45,0.39,N,VIIRS,2,2012
-0.17592,117.28168,2012-09-06,525,n,0,4.85,333.41,288.16,0.42,0.38,N,VIIRS,2,2012
-0.28958,116.57113,2012-09-06,525,n,0,4.66,337.28,298.38,0.45,0.39,N,VIIRS,2,2012
-0.28898,116.57516,2012-09-06,525,l,0,3.84,332.65,297.2,0.45,0.39,N,VIIRS,2,2012
-0.29315,116.57166,2012-09-06,525,l,0,3.64,331.15,297.17,0.45,0.39,N,VIIRS,2,2012
-0.50521,116.19881,2012-09-06,525,n,0,13.61,332.25,298.46,0.47,0.4,N,VIIRS,2,2012
-0.58901,115.87326,2012-09-06,525,n,0,3.56,338.03,299.29,0.49,0.4,N,VIIRS,2,2012
-0.43284,117.31639,2012-09-06,525,n,0,49.19,337.92,298.54,0.42,0.38,N,VIIRS,2,2012
-0.54904,117.04823,2012-09-06,525,n,0,14.73,346.73,299.05,0.43,0.38,N,VIIRS,2,2012
-0.77225,115.66071,2012-09-06,525,n,0,5.25,332.14,291.51,0.5,0.41,N,VIIRS,2,2012
-0.77157,115.66525,2012-09-06,525,n,0,5.25,331.64,291.92,0.5,0.41,N,VIIRS,2,2012
-0.77534,115.66581,2012-09-06,525,n,0,88.58,334.42,297.95,0.5,0.41,N,VIIRS,2,2012
-0.71841,116.09363,2012-09-06,525,n,0,4.03,334.03,298.06,0.48,0.4,N,VIIRS,2,2012
-0.64655,116.90347,2012-09-06,525,n,0,3.88,331.93,295.64,0.44,0.38,N,VIIRS,2,2012
-0.69759,117.0664,2012-09-06,525,n,0,8.71,336.03,295.14,0.43,0.38,N,VIIRS,2,2012
-1.06778,115.2871,2012-09-06,525,n,0,17.85,340.23,298.02,0.53,0.42,N,VIIRS,2,2012
-1.54006,113.52924,2012-09-06,525,n,0,8.09,351.21,290.8,0.46,0.47,N,VIIRS,2,2012
-1.17788,116.94038,2012-09-06,525,n,0,3.52,334.5,296.04,0.44,0.38,N,VIIRS,2,2012
-1.25589,116.55534,2012-09-06,525,l,0,14.44,330.9,295.48,0.46,0.39,N,VIIRS,2,2012
-1.83086,113.71338,2012-09-06,525,n,0,7.84,340.68,293.59,0.46,0.47,N,VIIRS,2,2012
-1.63618,115.30638,2012-09-06,525,n,0,11.99,328.31,293.39,0.54,0.42,N,VIIRS,2,2012
-1.64008,115.30692,2012-09-06,525,n,0,24.78,330.94,294.22,0.54,0.42,N,VIIRS,2,2012
-1.52908,116.13155,2012-09-06,525,n,0,16.49,346.37,290.23,0.48,0.4,N,VIIRS,2,2012
-1.52704,116.13029,2012-09-06,525,n,0,6.85,343.16,287.22,0.49,0.4,N,VIIRS,2,2012
-1.76011,115.12011,2012-09-06,525,n,0,15.39,333.26,295.73,0.56,0.43,N,VIIRS,2,2012
-1.5695,116.39954,2012-09-06,525,l,0,7.32,334.45,299.9,0.47,0.4,N,VIIRS,2,2012
-1.99303,113.703,2012-09-06,525,n,0,12.6,335.65,291.8,0.46,0.47,N,VIIRS,2,2012
-1.99739,113.70363,2012-09-06,525,n,0,12.6,352.42,295.14,0.46,0.47,N,VIIRS,2,2012
-1.63656,116.08371,2012-09-06,525,n,0,46.58,333.85,298.03,0.49,0.4,N,VIIRS,2,2012
-1.63782,116.08624,2012-09-06,525,n,0,3.2,329.91,293.38,0.49,0.4,N,VIIRS,2,2012
-1.99424,113.70137,2012-09-06,525,n,0,15.75,340.87,293.28,0.46,0.47,N,VIIRS,2,2012
-1.9986,113.70201,2012-09-06,525,n,0,15.75,341.48,292.8,0.46,0.47,N,VIIRS,2,2012
-1.61442,116.32185,2012-09-06,525,n,0,3.72,331.11,297.16,0.48,0.4,N,VIIRS,2,2012
-1.68448,116.15555,2012-09-06,525,n,0,93.23,334.32,305.71,0.49,0.4,N,VIIRS,2,2012
-1.68819,116.15611,2012-09-06,525,n,0,4.53,333.7,296.49,0.49,0.4,N,VIIRS,2,2012
-1.81853,115.85083,2012-09-06,525,n,0,39.98,350.02,296.3,0.51,0.41,N,VIIRS,2,2012
-1.87226,115.51616,2012-09-06,525,n,0,4.6,338.84,295.55,0.53,0.42,N,VIIRS,2,2012
-2.12635,113.8335,2012-09-06,525,n,0,11.8,342.0,294.92,0.45,0.47,N,VIIRS,2,2012
-2.12575,113.83759,2012-09-06,525,n,0,9.5,342.34,294.88,0.45,0.47,N,VIIRS,2,2012
-2.13008,113.83822,2012-09-06,525,n,0,9.5,337.42,295.57,0.45,0.47,N,VIIRS,2,2012
-1.80224,116.03726,2012-09-06,525,n,0,7.86,336.66,298.52,0.49,0.41,N,VIIRS,2,2012
-1.80159,116.04156,2012-09-06,525,n,0,7.86,333.6,298.72,0.49,0.41,N,VIIRS,2,2012
-1.77274,116.23428,2012-09-06,525,n,0,4.25,330.23,299.19,0.48,0.4,N,VIIRS,2,2012
-1.88102,115.53671,2012-09-06,525,n,0,11.95,328.83,292.26,0.53,0.42,N,VIIRS,2,2012
-1.88031,115.54146,2012-09-06,525,n,0,11.02,333.55,289.84,0.53,0.42,N,VIIRS,2,2012
-2.00416,114.82339,2012-09-06,525,n,0,6.68,338.4,295.38,0.39,0.44,N,VIIRS,2,2012
-2.00363,114.82689,2012-09-06,525,n,0,6.68,341.75,296.1,0.39,0.44,N,VIIRS,2,2012
-1.95405,115.31573,2012-09-06,525,n,0,31.44,342.85,297.15,0.54,0.42,N,VIIRS,2,2012
-1.93982,115.56464,2012-09-06,525,n,0,29.96,341.46,296.7,0.53,0.42,N,VIIRS,2,2012
-1.94112,115.56772,2012-09-06,525,n,0,19.63,333.75,294.66,0.53,0.42,N,VIIRS,2,2012
-1.85586,116.24986,2012-09-06,525,n,0,3.99,332.94,298.11,0.48,0.4,N,VIIRS,2,2012
-2.01314,115.24113,2012-09-06,525,n,0,7.6,333.22,294.48,0.55,0.43,N,VIIRS,2,2012
-1.89834,116.04076,2012-09-06,525,n,0,5.73,333.11,299.22,0.5,0.41,N,VIIRS,2,2012
-1.99122,115.6534,2012-09-06,525,n,0,63.68,336.63,299.58,0.52,0.42,N,VIIRS,2,2012
-1.94528,116.03416,2012-09-06,525,n,0,6.66,333.28,298.05,0.5,0.41,N,VIIRS,2,2012
-1.94461,116.03859,2012-09-06,525,n,0,12.78,342.01,297.72,0.5,0.41,N,VIIRS,2,2012
-1.89263,116.43095,2012-09-06,525,l,0,4.96,335.54,296.73,0.47,0.4,N,VIIRS,2,2012
-1.97232,116.19026,2012-09-06,525,n,0,3.67,332.89,297.81,0.49,0.4,N,VIIRS,2,2012
-1.96195,116.26027,2012-09-06,525,n,0,9.17,341.2,296.11,0.48,0.4,N,VIIRS,2,2012
-1.96565,116.26082,2012-09-06,525,n,0,3.5,330.26,296.26,0.48,0.4,N,VIIRS,2,2012
-2.07421,115.63425,2012-09-06,525,n,0,24.82,329.37,294.86,0.52,0.42,N,VIIRS,2,2012
-2.07349,115.63904,2012-09-06,525,n,0,24.82,336.41,300.31,0.52,0.42,N,VIIRS,2,2012
-2.12508,115.34615,2012-09-06,525,n,0,7.21,335.32,296.33,0.55,0.42,N,VIIRS,2,2012
-2.2,114.87142,2012-09-06,525,n,0,5.38,336.8,295.32,0.39,0.44,N,VIIRS,2,2012
-2.02762,116.04963,2012-09-06,525,n,0,7.13,346.61,301.4,0.5,0.41,N,VIIRS,2,2012
-2.14149,115.60539,2012-09-06,525,n,0,7.05,340.63,297.07,0.53,0.42,N,VIIRS,2,2012
-2.13859,115.62439,2012-09-06,525,n,0,17.15,331.02,298.02,0.53,0.42,N,VIIRS,2,2012
-2.04702,116.2237,2012-09-06,525,n,0,29.67,341.06,302.41,0.49,0.4,N,VIIRS,2,2012
-2.13963,115.60323,2012-09-06,525,n,0,9.58,342.57,296.62,0.53,0.42,N,VIIRS,2,2012
-2.13615,115.62717,2012-09-06,525,n,0,18.29,346.34,295.72,0.53,0.42,N,VIIRS,2,2012
-2.04907,116.22284,2012-09-06,525,n,0,22.45,343.05,304.54,0.49,0.4,N,VIIRS,2,2012
-2.08698,116.12036,2012-09-06,525,n,0,6.9,342.37,298.08,0.49,0.41,N,VIIRS,2,2012
-2.09072,116.1209,2012-09-06,525,n,0,6.9,349.51,300.15,0.49,0.41,N,VIIRS,2,2012
-2.45575,114.17076,2012-09-06,525,n,0,5.66,338.12,294.57,0.43,0.46,N,VIIRS,2,2012
-2.46,114.17138,2012-09-06,525,n,0,4.1,338.02,292.42,0.43,0.46,N,VIIRS,2,2012
-2.47089,114.15692,2012-09-06,525,n,0,5.28,329.5,290.85,0.44,0.46,N,VIIRS,2,2012
-2.47391,114.15636,2012-09-06,525,n,0,4.89,334.97,294.4,0.44,0.46,N,VIIRS,2,2012
-2.483,114.15367,2012-09-06,525,n,0,2.63,335.79,293.69,0.44,0.46,N,VIIRS,2,2012
-2.49462,114.1634,2012-09-06,525,n,0,8.55,333.74,296.23,0.44,0.46,N,VIIRS,2,2012
-2.49404,114.16733,2012-09-06,525,n,0,6.15,337.72,296.55,0.44,0.46,N,VIIRS,2,2012
-2.2694,116.18153,2012-09-06,525,n,0,15.25,343.95,297.39,0.49,0.4,N,VIIRS,2,2012
-2.27313,116.18209,2012-09-06,525,n,0,15.25,343.45,299.31,0.49,0.4,N,VIIRS,2,2012
-2.26845,116.2624,2012-09-06,525,n,0,26.01,345.34,299.82,0.49,0.4,N,VIIRS,2,2012
-2.27022,116.18494,2012-09-06,525,n,0,34.92,332.01,297.18,0.49,0.4,N,VIIRS,2,2012
-2.26668,116.26101,2012-09-06,525,n,0,36.24,334.13,299.65,0.49,0.4,N,VIIRS,2,2012
-2.38903,115.69368,2012-09-06,525,n,0,11.96,335.58,298.61,0.52,0.42,N,VIIRS,2,2012
-2.39459,115.70914,2012-09-06,525,n,0,7.66,344.0,296.99,0.52,0.42,N,VIIRS,2,2012
-2.40759,115.64834,2012-09-06,525,n,0,6.06,335.08,297.43,0.53,0.42,N,VIIRS,2,2012
-2.44881,115.68846,2012-09-06,525,n,0,22.4,331.95,296.29,0.53,0.42,N,VIIRS,2,2012
-2.45031,115.687,2012-09-06,525,n,0,24.05,341.79,297.32,0.53,0.42,N,VIIRS,2,2012
-2.3794,116.40581,2012-09-06,525,n,0,6.58,338.55,297.51,0.48,0.4,N,VIIRS,2,2012
0.905,117.12785,2012-09-06,526,l,0,4.48,329.32,295.4,0.42,0.37,N,VIIRS,2,2012
0.90155,117.12837,2012-09-06,526,l,0,7.22,334.75,297.33,0.42,0.37,N,VIIRS,2,2012
0.5985,117.26867,2012-09-06,526,l,0,5.09,334.09,296.96,0.41,0.37,N,VIIRS,2,2012
0.60194,117.26814,2012-09-06,526,l,0,7.05,341.64,296.2,0.41,0.37,N,VIIRS,2,2012
0.8467,118.82618,2012-09-06,526,h,0,14.4,367.0,300.42,0.38,0.36,N,VIIRS,2,2012
0.85107,118.8326,2012-09-06,526,l,0,2.1,328.44,299.3,0.38,0.36,N,VIIRS,2,2012
0.85387,118.82865,2012-09-06,526,l,0,3.97,327.87,299.88,0.38,0.36,N,VIIRS,2,2012
0.35375,115.41278,2012-09-06,526,n,0,11.83,331.16,294.04,0.5,0.41,N,VIIRS,2,2012
0.8706,118.42188,2012-09-06,526,n,0,3.8,334.4,278.26,0.39,0.36,N,VIIRS,2,2012
0.53426,116.18279,2012-09-06,526,n,0,4.77,328.86,293.31,0.46,0.39,N,VIIRS,2,2012
0.53365,116.17867,2012-09-06,526,n,0,2.48,330.67,291.12,0.46,0.39,N,VIIRS,2,2012
0.53499,116.17913,2012-09-06,526,l,0,3.28,335.32,290.86,0.46,0.39,N,VIIRS,2,2012
1.5133,118.2077,2012-09-06,526,l,0,50.08,345.49,305.27,0.39,0.36,N,VIIRS,2,2012
1.26872,117.11028,2012-09-06,526,n,0,5.04,330.49,298.71,0.41,0.37,N,VIIRS,2,2012
1.26928,117.11399,2012-09-06,526,n,0,5.04,333.21,298.65,0.41,0.37,N,VIIRS,2,2012
2.49183,117.8837,2012-09-06,526,l,0,25.25,336.51,296.67,0.39,0.36,N,VIIRS,2,2012
2.40965,117.98571,2012-09-06,526,l,0,6.7,338.86,298.52,0.39,0.36,N,VIIRS,2,2012
2.41018,117.98921,2012-09-06,526,l,0,6.7,339.7,298.07,0.39,0.36,N,VIIRS,2,2012
2.41071,117.99269,2012-09-06,526,n,0,11.44,349.09,299.48,0.39,0.36,N,VIIRS,2,2012
2.27221,118.06419,2012-09-06,526,l,0,5.6,333.67,299.51,0.39,0.36,N,VIIRS,2,2012
2.24123,118.04028,2012-09-06,526,n,0,4.93,338.69,299.18,0.39,0.36,N,VIIRS,2,2012
2.11131,117.58071,2012-09-06,526,l,0,5.38,330.92,300.69,0.4,0.37,N,VIIRS,2,2012
2.09281,117.57254,2012-09-06,526,n,0,38.86,341.12,302.96,0.4,0.37,N,VIIRS,2,2012
2.04092,117.67192,2012-09-06,526,l,0,7.58,328.91,298.3,0.4,0.37,N,VIIRS,2,2012
2.002,117.50629,2012-09-06,526,n,0,2.7,329.38,295.21,0.4,0.37,N,VIIRS,2,2012
1.99862,117.50681,2012-09-06,526,n,0,2.7,330.38,295.28,0.4,0.37,N,VIIRS,2,2012
1.71677,117.18974,2012-09-06,526,n,0,16.37,344.48,299.53,0.41,0.37,N,VIIRS,2,2012
1.77587,117.89343,2012-09-06,526,n,0,4.02,333.54,296.13,0.39,0.36,N,VIIRS,2,2012
1.77641,117.89696,2012-09-06,526,n,0,6.3,332.38,296.91,0.39,0.36,N,VIIRS,2,2012
1.63651,117.18723,2012-09-06,526,l,0,7.96,330.67,296.95,0.41,0.37,N,VIIRS,2,2012
1.63252,117.18404,2012-09-06,526,n,0,7.96,331.38,297.65,0.41,0.37,N,VIIRS,2,2012
1.63309,117.18775,2012-09-06,526,n,0,7.96,333.25,300.67,0.41,0.37,N,VIIRS,2,2012
1.48116,117.13169,2012-09-06,526,l,0,5.01,336.07,300.61,0.41,0.37,N,VIIRS,2,2012
1.57767,118.07918,2012-09-06,526,n,0,4.93,341.23,296.41,0.39,0.36,N,VIIRS,2,2012
1.49319,117.87302,2012-09-06,526,n,0,5.86,333.93,300.52,0.39,0.36,N,VIIRS,2,2012
1.49373,117.87658,2012-09-06,526,n,0,14.83,347.98,302.35,0.39,0.36,N,VIIRS,2,2012
1.52931,118.22313,2012-09-06,526,n,0,2.36,332.21,294.87,0.39,0.36,N,VIIRS,2,2012
2.4242,117.93587,2012-09-06,1805,n,0,0.75,309.2,287.28,0.33,0.55,N,VIIRS,2,2012
2.40984,117.99165,2012-09-06,1805,n,0,0.6,305.05,288.33,0.33,0.55,N,VIIRS,2,2012
2.40704,117.94517,2012-09-06,1805,n,0,0.66,302.79,287.86,0.33,0.55,N,VIIRS,2,2012
2.26375,118.06941,2012-09-06,1805,n,0,1.21,301.42,288.39,0.34,0.56,N,VIIRS,2,2012
2.12188,117.59689,2012-09-06,1805,n,0,7.89,337.66,289.42,0.63,0.54,N,VIIRS,2,2012
2.48,117.81579,2012-09-06,1805,n,0,1.16,316.22,285.08,0.32,0.55,N,VIIRS,2,2012
-0.58215,117.38577,2012-09-06,1806,n,2,1.19,308.18,287.87,0.33,0.56,N,VIIRS,2,2012
-0.68226,115.76586,2012-09-06,1806,n,0,1.84,310.77,289.77,0.52,0.5,N,VIIRS,2,2012
-0.67767,115.76653,2012-09-06,1806,n,0,2.6,315.15,289.91,0.52,0.5,N,VIIRS,2,2012
-0.71931,116.09489,2012-09-06,1806,n,0,1.93,313.95,289.61,0.55,0.51,N,VIIRS,2,2012
-0.71854,116.08994,2012-09-06,1806,n,0,1.93,317.23,290.03,0.55,0.51,N,VIIRS,2,2012
-0.46479,116.11784,2012-09-06,1806,n,0,4.06,325.07,289.68,0.54,0.51,N,VIIRS,2,2012
-0.463,116.11983,2012-09-06,1806,n,0,2.42,304.67,289.12,0.54,0.51,N,VIIRS,2,2012
-0.46221,116.1149,2012-09-06,1806,n,0,2.96,309.0,289.36,0.54,0.51,N,VIIRS,2,2012
1.48126,117.12718,2012-09-06,1806,n,0,2.55,302.52,288.0,0.6,0.53,N,VIIRS,2,2012
-1.87279,115.9164,2012-09-06,1807,n,0,2.0,303.87,287.88,0.55,0.51,N,VIIRS,2,2012
-2.00241,116.02833,2012-09-06,1807,n,0,2.1,302.59,288.25,0.57,0.52,N,VIIRS,2,2012
-1.76722,113.63702,2012-09-06,1807,n,0,1.01,306.29,289.26,0.39,0.44,N,VIIRS,2,2012
-1.76777,113.64054,2012-09-06,1807,n,0,1.01,304.61,288.87,0.39,0.44,N,VIIRS,2,2012
-1.76832,113.64406,2012-09-06,1807,n,0,0.69,302.2,289.02,0.39,0.44,N,VIIRS,2,2012
-1.77126,113.63641,2012-09-06,1807,n,0,1.01,313.65,289.92,0.39,0.44,N,VIIRS,2,2012
-1.77181,113.63992,2012-09-06,1807,n,0,1.01,315.49,289.43,0.39,0.44,N,VIIRS,2,2012
-1.77236,113.64343,2012-09-06,1807,n,0,0.69,305.42,289.43,0.39,0.44,N,VIIRS,2,2012
-2.20586,114.78239,2012-09-06,1807,n,0,1.94,312.37,290.0,0.47,0.48,N,VIIRS,2,2012
-2.13044,113.83578,2012-09-06,1807,n,0,1.08,307.04,290.26,0.41,0.45,N,VIIRS,2,2012
-2.41181,114.45746,2012-09-06,1807,n,0,0.82,304.34,290.39,0.45,0.47,N,VIIRS,2,2012
-2.4799,114.40217,2012-09-06,1807,n,0,2.53,315.1,291.08,0.45,0.47,N,VIIRS,2,2012
-2.45791,114.17026,2012-09-06,1807,n,0,4.29,328.61,288.89,0.43,0.46,N,VIIRS,2,2012
-2.4585,114.17416,2012-09-06,1807,n,0,4.29,332.32,290.4,0.43,0.46,N,VIIRS,2,2012
-2.45909,114.17805,2012-09-06,1807,n,0,1.42,311.25,289.69,0.43,0.46,N,VIIRS,2,2012
-2.46214,114.16962,2012-09-06,1807,n,0,1.88,321.67,291.67,0.43,0.46,N,VIIRS,2,2012
-2.46036,114.15794,2012-09-06,1807,n,0,1.56,305.4,291.04,0.43,0.46,N,VIIRS,2,2012
-2.46273,114.17351,2012-09-06,1807,n,0,1.88,311.87,291.14,0.43,0.46,N,VIIRS,2,2012
-2.464,114.1534,2012-09-06,1807,n,0,1.56,308.79,291.1,0.43,0.46,N,VIIRS,2,2012
-2.46459,114.1573,2012-09-06,1807,n,0,1.56,308.18,291.1,0.43,0.46,N,VIIRS,2,2012
-2.46518,114.16118,2012-09-06,1807,n,0,3.69,305.44,291.01,0.43,0.46,N,VIIRS,2,2012
-2.46637,114.16898,2012-09-06,1807,n,0,1.88,312.82,291.42,0.43,0.46,N,VIIRS,2,2012
-2.46697,114.17287,2012-09-06,1807,n,0,1.88,305.63,291.01,0.43,0.46,N,VIIRS,2,2012
-2.46756,114.17677,2012-09-06,1807,n,0,1.75,306.88,291.14,0.43,0.46,N,VIIRS,2,2012
-2.46882,114.15665,2012-09-06,1807,n,0,2.86,309.35,291.49,0.43,0.46,N,VIIRS,2,2012
-2.47305,114.15601,2012-09-06,1807,n,0,2.86,331.91,292.0,0.43,0.46,N,VIIRS,2,2012
-2.47245,114.15211,2012-09-06,1807,n,0,2.86,312.9,290.97,0.43,0.46,N,VIIRS,2,2012
-2.47662,114.17937,2012-09-06,1807,n,0,2.23,303.45,290.97,0.43,0.46,N,VIIRS,2,2012
-2.47847,114.16315,2012-09-06,1807,n,0,1.33,303.65,290.72,0.43,0.46,N,VIIRS,2,2012
-2.47851,114.13529,2012-09-06,1807,n,0,1.24,307.26,289.22,0.43,0.46,N,VIIRS,2,2012
-2.48334,114.13854,2012-09-06,1807,n,0,1.68,313.54,291.2,0.43,0.46,N,VIIRS,2,2012
-2.48756,114.13789,2012-09-06,1807,n,0,1.68,310.68,290.46,0.43,0.46,N,VIIRS,2,2012
-2.48816,114.14177,2012-09-06,1807,n,0,1.13,303.39,290.68,0.43,0.46,N,VIIRS,2,2012
-2.48996,114.15344,2012-09-06,1807,n,0,1.53,307.21,290.59,0.43,0.46,N,VIIRS,2,2012
-2.49056,114.15733,2012-09-06,1807,n,0,1.96,311.46,291.41,0.43,0.46,N,VIIRS,2,2012
-2.49599,114.16447,2012-09-06,1807,n,0,8.24,342.9,293.99,0.43,0.46,N,VIIRS,2,2012
-2.49238,114.14113,2012-09-06,1807,n,0,1.44,311.33,291.11,0.43,0.46,N,VIIRS,2,2012
-2.49479,114.15668,2012-09-06,1807,n,0,1.43,308.16,290.53,0.43,0.46,N,VIIRS,2,2012
-2.49539,114.16058,2012-09-06,1807,n,0,1.43,306.07,291.06,0.43,0.46,N,VIIRS,2,2012
-0.99755,116.78789,2012-09-07,506,n,0,7.71,327.91,274.94,0.58,0.52,N,VIIRS,2,2012
-2.18133,115.96111,2012-09-07,506,n,0,2.66,338.53,281.97,0.34,0.56,N,VIIRS,2,2012
-2.18167,115.96148,2012-09-07,506,n,0,3.36,333.32,284.15,0.34,0.56,N,VIIRS,2,2012
-2.21083,115.94344,2012-09-07,506,l,0,18.97,356.7,285.48,0.34,0.56,N,VIIRS,2,2012
-2.2113,115.94026,2012-09-07,506,n,0,18.97,347.13,288.0,0.34,0.56,N,VIIRS,2,2012
-2.47964,114.17778,2012-09-07,506,n,0,6.28,326.42,289.59,0.46,0.63,N,VIIRS,2,2012
-2.47903,114.18195,2012-09-07,506,n,0,6.28,350.56,290.03,0.46,0.63,N,VIIRS,2,2012
-2.48419,114.46984,2012-09-07,506,n,0,5.26,339.1,284.88,0.44,0.62,N,VIIRS,2,2012
-2.4836,114.47382,2012-09-07,506,n,0,5.26,335.44,285.69,0.44,0.62,N,VIIRS,2,2012
-2.38823,115.37259,2012-09-07,506,l,0,5.19,355.98,287.98,0.38,0.59,N,VIIRS,2,2012
-2.38875,115.36916,2012-09-07,506,n,0,5.19,329.44,285.49,0.38,0.59,N,VIIRS,2,2012
-2.39418,115.36994,2012-09-07,506,n,0,5.19,332.88,285.9,0.38,0.59,N,VIIRS,2,2012
-2.39365,115.37338,2012-09-07,506,n,0,5.19,342.46,286.49,0.38,0.59,N,VIIRS,2,2012
-2.39036,115.37032,2012-09-07,506,l,0,10.19,356.81,286.44,0.38,0.59,N,VIIRS,2,2012
-2.38987,115.37378,2012-09-07,506,n,0,10.19,353.67,288.16,0.38,0.59,N,VIIRS,2,2012
-2.39432,115.96715,2012-09-07,506,h,0,9.71,367.0,291.03,0.34,0.56,N,VIIRS,2,2012
-2.39957,115.96767,2012-09-07,506,n,0,9.71,341.66,289.05,0.34,0.56,N,VIIRS,2,2012
-2.39418,115.96876,2012-09-07,506,l,0,16.54,356.64,289.79,0.34,0.56,N,VIIRS,2,2012
-2.3946,115.96579,2012-09-07,506,n,0,11.53,353.45,290.38,0.34,0.56,N,VIIRS,2,2012
0.99217,118.24561,2012-09-07,507,n,0,10.56,343.76,291.04,0.43,0.46,N,VIIRS,2,2012
0.17231,116.74261,2012-09-07,507,n,0,2.12,326.39,290.77,0.56,0.51,N,VIIRS,2,2012
0.17178,116.74543,2012-09-07,507,n,0,2.78,327.54,290.73,0.56,0.51,N,VIIRS,2,2012
2.42233,117.93591,2012-09-07,507,n,0,2.78,327.83,287.0,0.43,0.46,N,VIIRS,2,2012
2.43028,117.98557,2012-09-07,507,n,0,5.17,339.82,292.21,0.42,0.46,N,VIIRS,2,2012
2.4309,117.98939,2012-09-07,507,n,0,9.3,342.05,294.09,0.42,0.46,N,VIIRS,2,2012
2.2014,116.70335,2012-09-07,507,n,0,2.37,326.5,291.27,0.52,0.5,N,VIIRS,2,2012
2.25449,117.66972,2012-09-07,507,n,0,4.01,335.49,284.68,0.45,0.47,N,VIIRS,2,2012
2.25216,117.66964,2012-09-07,507,n,0,6.39,340.21,287.09,0.45,0.47,N,VIIRS,2,2012
2.08538,117.23669,2012-09-07,507,n,0,7.52,343.52,295.05,0.48,0.48,N,VIIRS,2,2012
2.08706,117.23555,2012-09-07,507,n,0,5.05,340.36,294.11,0.48,0.48,N,VIIRS,2,2012
2.08107,117.54491,2012-09-07,507,n,0,5.43,336.85,289.18,0.46,0.47,N,VIIRS,2,2012
1.99497,117.05611,2012-09-07,507,n,0,18.91,341.98,292.9,0.5,0.49,N,VIIRS,2,2012
1.73257,117.95977,2012-09-07,507,n,0,9.85,342.91,286.37,0.44,0.46,N,VIIRS,2,2012
1.54732,118.18294,2012-09-07,507,n,0,14.56,339.79,278.87,0.43,0.46,N,VIIRS,2,2012
1.54791,118.18677,2012-09-07,507,n,0,27.6,345.47,282.34,0.43,0.46,N,VIIRS,2,2012
2.48095,117.8191,2012-09-07,1746,n,0,3.26,322.51,286.19,0.48,0.4,N,VIIRS,2,2012
2.48462,117.81969,2012-09-07,1746,n,0,3.26,319.36,285.92,0.48,0.4,N,VIIRS,2,2012
-2.30641,115.42737,2012-09-07,1748,n,0,0.51,305.45,286.44,0.42,0.38,N,VIIRS,2,2012
-1.90193,115.11562,2012-09-07,1748,n,0,1.59,307.62,288.46,0.41,0.37,N,VIIRS,2,2012
-1.90221,115.115,2012-09-07,1748,n,0,1.23,308.39,288.68,0.41,0.37,N,VIIRS,2,2012
-1.99288,116.03342,2012-09-07,1748,n,0,0.76,304.85,288.92,0.44,0.38,N,VIIRS,2,2012
-2.44347,115.69617,2012-09-08,447,n,0,8.98,340.94,286.04,0.76,0.77,N,VIIRS,2,2012
-2.43837,115.69686,2012-09-08,447,n,0,13.22,340.67,286.06,0.76,0.77,N,VIIRS,2,2012
-0.30292,116.80917,2012-09-08,448,n,0,31.27,350.84,286.31,0.59,0.7,N,VIIRS,2,2012
-0.30209,116.81451,2012-09-08,448,l,3,31.27,357.7,285.95,0.59,0.7,N,VIIRS,2,2012
1.14588,117.67252,2012-09-08,448,n,0,4.28,332.14,287.2,0.49,0.65,N,VIIRS,2,2012
1.66037,117.98683,2012-09-08,448,n,0,7.82,354.21,289.4,0.46,0.63,N,VIIRS,2,2012
1.69879,118.00128,2012-09-08,448,n,0,3.06,325.88,288.4,0.46,0.63,N,VIIRS,2,2012
1.73186,117.86723,2012-09-08,448,n,0,3.83,325.03,289.53,0.47,0.64,N,VIIRS,2,2012
-0.59347,116.9353,2012-09-08,628,n,0,6.53,327.45,285.69,0.7,0.75,N,VIIRS,2,2012
-1.03843,114.39032,2012-09-08,628,l,0,19.75,357.81,288.9,0.47,0.64,N,VIIRS,2,2012
-1.0391,114.38615,2012-09-08,628,n,0,14.69,356.96,288.57,0.47,0.64,N,VIIRS,2,2012
-1.12783,115.56433,2012-09-08,628,h,0,14.78,367.0,291.01,0.56,0.69,N,VIIRS,2,2012
-1.1293,115.56515,2012-09-08,628,h,0,18.9,367.0,290.53,0.56,0.69,N,VIIRS,2,2012
-1.48084,115.06777,2012-09-08,628,n,0,7.01,347.22,289.76,0.51,0.66,N,VIIRS,2,2012
-1.63843,115.10126,2012-09-08,628,n,0,8.99,338.59,290.05,0.51,0.66,N,VIIRS,2,2012
-1.61464,115.29253,2012-09-08,628,n,0,4.55,333.45,289.33,0.53,0.67,N,VIIRS,2,2012
-1.6382,115.09772,2012-09-08,628,n,0,6.54,338.11,290.37,0.51,0.66,N,VIIRS,2,2012
-1.61231,115.29325,2012-09-08,628,n,0,5.62,328.73,287.5,0.53,0.67,N,VIIRS,2,2012
-1.95101,114.20609,2012-09-08,628,n,0,30.11,352.75,292.77,0.44,0.62,N,VIIRS,2,2012
-1.95037,114.21008,2012-09-08,628,n,0,30.11,330.68,289.51,0.44,0.62,N,VIIRS,2,2012
-1.95679,114.20709,2012-09-08,628,n,0,2.73,340.24,287.05,0.44,0.62,N,VIIRS,2,2012
-1.95332,114.37861,2012-09-08,628,l,0,8.33,357.48,289.64,0.45,0.63,N,VIIRS,2,2012
-1.95398,114.37446,2012-09-08,628,n,0,8.33,344.36,290.29,0.45,0.63,N,VIIRS,2,2012
-1.95919,114.37952,2012-09-08,628,n,0,8.33,330.18,290.06,0.45,0.63,N,VIIRS,2,2012
-1.95218,114.37843,2012-09-08,628,n,0,8.46,329.08,289.58,0.45,0.63,N,VIIRS,2,2012
-1.95872,114.37518,2012-09-08,628,n,0,8.46,337.26,290.12,0.45,0.63,N,VIIRS,2,2012
-1.95804,114.37933,2012-09-08,628,h,0,8.46,367.0,290.73,0.45,0.63,N,VIIRS,2,2012
-1.80338,115.50288,2012-09-08,628,n,0,4.29,333.95,286.57,0.54,0.68,N,VIIRS,2,2012
-1.98969,115.28674,2012-09-08,628,n,0,5.59,337.13,287.86,0.52,0.67,N,VIIRS,2,2012
-1.99588,115.28781,2012-09-08,628,n,0,5.4,341.44,288.75,0.52,0.67,N,VIIRS,2,2012
-2.00899,115.46777,2012-09-08,628,n,0,3.22,333.27,286.25,0.53,0.67,N,VIIRS,2,2012
-2.05187,115.5601,2012-09-08,628,n,0,5.34,331.74,291.32,0.54,0.68,N,VIIRS,2,2012
-2.17659,114.83002,2012-09-08,628,n,0,10.54,328.2,289.88,0.48,0.65,N,VIIRS,2,2012
-2.17731,114.8256,2012-09-08,628,h,0,12.1,367.0,292.22,0.48,0.65,N,VIIRS,2,2012
-2.19496,114.8693,2012-09-08,628,n,0,8.08,345.02,292.22,0.48,0.65,N,VIIRS,2,2012
-2.04405,115.93339,2012-09-08,628,n,0,5.1,332.83,290.3,0.57,0.69,N,VIIRS,2,2012
-2.19639,114.86771,2012-09-08,628,n,0,9.38,342.29,292.84,0.48,0.65,N,VIIRS,2,2012
-2.20696,114.87844,2012-09-08,628,n,0,4.81,330.14,291.38,0.48,0.65,N,VIIRS,2,2012
-2.05889,116.12501,2012-09-08,628,n,0,12.49,343.17,290.49,0.59,0.7,N,VIIRS,2,2012
-2.14283,115.97919,2012-09-08,628,n,0,6.08,328.86,290.9,0.57,0.69,N,VIIRS,2,2012
-2.1502,115.97474,2012-09-08,628,n,0,11.63,335.86,290.37,0.57,0.69,N,VIIRS,2,2012
-2.1493,115.98015,2012-09-08,628,h,0,16.79,367.0,290.65,0.57,0.69,N,VIIRS,2,2012
-2.15713,116.09335,2012-09-08,628,n,0,12.33,353.45,291.24,0.58,0.7,N,VIIRS,2,2012
1.43948,117.17625,2012-09-08,628,n,0,44.37,350.81,285.56,0.78,0.78,N,VIIRS,2,2012
1.44061,117.1836,2012-09-08,628,n,0,44.37,353.02,284.68,0.78,0.78,N,VIIRS,2,2012
0.84823,116.54212,2012-09-08,628,l,0,44.03,356.64,285.82,0.7,0.75,N,VIIRS,2,2012
0.84925,116.54881,2012-09-08,628,n,0,60.11,349.46,286.77,0.7,0.75,N,VIIRS,2,2012
0.85027,116.5555,2012-09-08,628,n,0,60.11,355.86,285.48,0.7,0.75,N,VIIRS,2,2012
0.84231,116.55003,2012-09-08,628,l,0,60.11,356.13,286.94,0.7,0.75,N,VIIRS,2,2012
0.8413,116.54337,2012-09-08,628,n,0,44.03,352.35,286.83,0.7,0.75,N,VIIRS,2,2012
0.8433,116.55656,2012-09-08,628,n,0,60.11,344.09,285.87,0.7,0.75,N,VIIRS,2,2012
0.82042,116.54671,2012-09-08,628,n,0,7.96,354.78,285.98,0.7,0.75,N,VIIRS,2,2012
0.81343,116.5476,2012-09-08,628,n,0,7.96,333.59,286.53,0.7,0.75,N,VIIRS,2,2012
0.81639,116.56731,2012-09-08,628,n,0,10.04,334.01,285.78,0.7,0.75,N,VIIRS,2,2012
0.80043,116.55602,2012-09-08,628,n,0,10.56,345.18,285.73,0.7,0.75,N,VIIRS,2,2012
0.85056,116.54573,2012-09-08,628,l,0,34.34,357.47,285.69,0.7,0.75,N,VIIRS,2,2012
0.85164,116.55248,2012-09-08,628,l,0,34.34,357.41,286.32,0.7,0.75,N,VIIRS,2,2012
0.84952,116.53916,2012-09-08,628,n,0,12.75,332.01,285.63,0.7,0.75,N,VIIRS,2,2012
0.84468,116.55366,2012-09-08,628,l,0,62.06,356.58,287.24,0.7,0.75,N,VIIRS,2,2012
0.84257,116.54031,2012-09-08,628,n,0,25.71,343.89,285.83,0.7,0.75,N,VIIRS,2,2012
0.84362,116.54696,2012-09-08,628,n,0,62.06,356.39,288.23,0.7,0.75,N,VIIRS,2,2012
0.81472,116.54459,2012-09-08,628,n,0,8.11,332.43,286.23,0.7,0.75,N,VIIRS,2,2012
0.81575,116.55114,2012-09-08,628,n,0,14.07,346.29,286.6,0.7,0.75,N,VIIRS,2,2012
0.81882,116.57066,2012-09-08,628,n,0,8.58,345.83,285.79,0.7,0.75,N,VIIRS,2,2012
0.80282,116.55965,2012-09-08,628,n,0,8.3,341.83,285.79,0.7,0.75,N,VIIRS,2,2012
0.74602,116.60802,2012-09-08,628,n,0,10.35,331.86,285.72,0.7,0.75,N,VIIRS,2,2012
0.74661,116.60302,2012-09-08,628,n,0,7.05,338.96,285.84,0.7,0.75,N,VIIRS,2,2012
0.43614,115.27155,2012-09-08,628,n,0,5.12,333.87,287.28,0.57,0.69,N,VIIRS,2,2012
0.42017,115.20989,2012-09-08,628,n,0,4.95,326.88,287.24,0.56,0.69,N,VIIRS,2,2012
0.43545,115.2707,2012-09-08,628,n,0,7.16,328.17,287.21,0.56,0.69,N,VIIRS,2,2012
0.41905,115.20904,2012-09-08,628,n,0,5.3,332.62,286.97,0.56,0.69,N,VIIRS,2,2012
0.61223,116.59913,2012-09-08,628,n,0,5.13,333.38,285.39,0.7,0.75,N,VIIRS,2,2012
0.23058,115.48562,2012-09-08,628,l,0,29.18,356.9,286.53,0.58,0.7,N,VIIRS,2,2012
0.22979,115.48038,2012-09-08,628,n,0,29.18,355.04,286.75,0.58,0.7,N,VIIRS,2,2012
0.22088,115.46542,2012-09-08,628,n,0,11.2,338.65,285.64,0.58,0.7,N,VIIRS,2,2012
0.20537,115.40661,2012-09-08,628,n,0,10.38,346.01,286.69,0.57,0.69,N,VIIRS,2,2012
0.21274,115.45538,2012-09-08,628,n,0,3.94,328.12,285.81,0.58,0.7,N,VIIRS,2,2012
0.23834,115.48862,2012-09-08,628,n,0,11.97,328.55,285.96,0.58,0.7,N,VIIRS,2,2012
0.23105,115.48453,2012-09-08,628,l,0,27.97,356.93,286.74,0.58,0.7,N,VIIRS,2,2012
0.23021,115.47926,2012-09-08,628,n,0,27.97,356.8,286.71,0.58,0.7,N,VIIRS,2,2012
0.23188,115.48975,2012-09-08,628,n,0,11.97,331.78,285.79,0.58,0.7,N,VIIRS,2,2012
0.2212,115.46431,2012-09-08,628,n,0,5.18,337.45,285.82,0.58,0.7,N,VIIRS,2,2012
0.20529,115.40565,2012-09-08,628,n,0,10.86,353.1,287.0,0.57,0.69,N,VIIRS,2,2012
0.21385,115.45979,2012-09-08,628,n,0,5.18,330.05,285.81,0.58,0.69,N,VIIRS,2,2012
0.20651,115.45528,2012-09-08,628,n,0,12.37,356.39,285.82,0.58,0.69,N,VIIRS,2,2012
0.19688,115.47842,2012-09-08,628,n,0,4.38,332.35,285.67,0.58,0.7,N,VIIRS,2,2012
0.16889,115.38409,2012-09-08,628,n,0,8.75,347.31,285.75,0.57,0.69,N,VIIRS,2,2012
0.17133,115.3997,2012-09-08,628,n,0,4.93,329.36,285.41,0.57,0.69,N,VIIRS,2,2012
0.18556,115.49088,2012-09-08,628,n,0,15.16,347.33,285.9,0.58,0.7,N,VIIRS,2,2012
0.18641,115.49633,2012-09-08,628,n,0,21.7,348.46,285.95,0.58,0.7,N,VIIRS,2,2012
0.17907,115.49184,2012-09-08,628,l,0,15.16,356.62,286.76,0.58,0.7,N,VIIRS,2,2012
0.17992,115.49731,2012-09-08,628,l,0,21.7,356.65,286.69,0.58,0.7,N,VIIRS,2,2012
0.018,115.562,2012-09-08,628,n,0,6.52,328.79,286.41,0.58,0.7,N,VIIRS,2,2012
-0.30742,115.51795,2012-09-08,628,n,0,4.75,326.07,286.75,0.57,0.69,N,VIIRS,2,2012
-0.41815,115.52873,2012-09-08,628,n,0,10.2,350.3,287.03,0.57,0.69,N,VIIRS,2,2012
-0.34629,116.76772,2012-09-08,1728,n,0,0.57,304.4,288.68,0.41,0.37,N,VIIRS,2,2012
0.09156,117.47036,2012-09-08,1728,n,3,3.03,314.89,294.43,0.39,0.36,N,VIIRS,2,2012
0.09716,117.47845,2012-09-08,1728,n,0,3.96,331.39,292.68,0.39,0.36,N,VIIRS,2,2012
0.10498,117.47245,2012-09-08,1728,n,2,1.23,307.11,291.08,0.39,0.36,N,VIIRS,2,2012
0.18311,117.48786,2012-09-08,1728,n,2,1.56,315.62,290.75,0.39,0.36,N,VIIRS,2,2012
0.6014,116.87059,2012-09-08,1728,n,0,0.85,298.1,269.65,0.41,0.37,N,VIIRS,2,2012
1.34512,118.29799,2012-09-08,1728,n,0,3.23,330.75,283.87,0.39,0.36,N,VIIRS,2,2012
-2.18418,115.34235,2012-09-08,1729,n,0,0.67,305.0,291.89,0.44,0.39,N,VIIRS,2,2012
-2.18355,115.33837,2012-09-08,1729,n,0,0.67,305.37,291.83,0.44,0.39,N,VIIRS,2,2012
-2.17859,115.96556,2012-09-08,1729,n,0,1.25,306.71,291.85,0.42,0.38,N,VIIRS,2,2012
-2.0541,116.06506,2012-09-08,1729,n,0,0.69,306.11,291.85,0.42,0.37,N,VIIRS,2,2012
-1.90234,115.11579,2012-09-08,1729,n,0,1.28,305.02,291.83,0.46,0.39,N,VIIRS,2,2012
-2.02982,116.04591,2012-09-08,1729,n,0,0.94,308.42,291.28,0.42,0.37,N,VIIRS,2,2012
-2.02783,116.04545,2012-09-08,1729,n,0,0.51,305.42,291.31,0.42,0.38,N,VIIRS,2,2012
-2.02448,116.09181,2012-09-08,1729,n,0,1.61,304.06,291.63,0.42,0.37,N,VIIRS,2,2012
-2.02389,116.08807,2012-09-08,1729,n,0,1.61,328.33,291.95,0.42,0.37,N,VIIRS,2,2012
-2.01455,116.02843,2012-09-08,1729,n,0,3.83,330.18,291.67,0.42,0.38,N,VIIRS,2,2012
-2.0111,116.02898,2012-09-08,1729,n,0,2.05,324.61,291.62,0.42,0.38,N,VIIRS,2,2012
-1.99036,116.0321,2012-09-08,1729,n,0,0.85,311.24,291.18,0.42,0.38,N,VIIRS,2,2012
-2.49894,114.16468,2012-09-08,1729,n,0,5.58,327.68,292.86,0.5,0.41,N,VIIRS,2,2012
-1.49751,116.16042,2012-09-08,1729,n,0,0.83,309.25,291.41,0.42,0.38,N,VIIRS,2,2012
-0.80798,117.10279,2012-09-08,1729,n,0,1.47,311.39,287.13,0.4,0.37,N,VIIRS,2,2012
-0.68463,117.05245,2012-09-08,1729,n,0,0.55,300.35,284.31,0.4,0.37,N,VIIRS,2,2012
-0.44426,115.5977,2012-09-08,1729,n,0,0.73,301.67,287.94,0.45,0.39,N,VIIRS,2,2012
-2.49591,114.16978,2012-09-08,1729,n,0,6.45,330.35,294.44,0.5,0.41,N,VIIRS,2,2012
-2.49518,114.16528,2012-09-08,1729,n,0,5.58,329.4,293.71,0.5,0.41,N,VIIRS,2,2012
-2.47874,114.13548,2012-09-08,1729,n,0,2.12,308.25,291.85,0.5,0.41,N,VIIRS,2,2012
-2.47898,114.13791,2012-09-08,1729,n,0,2.03,311.34,292.43,0.5,0.41,N,VIIRS,2,2012
-2.46961,114.17648,2012-09-08,1729,n,0,2.27,304.79,292.25,0.5,0.41,N,VIIRS,2,2012
-2.46442,114.16805,2012-09-08,1729,n,0,1.99,304.24,292.39,0.5,0.41,N,VIIRS,2,2012
-2.46137,114.17317,2012-09-08,1729,n,0,3.0,314.51,292.61,0.5,0.41,N,VIIRS,2,2012
-2.45761,114.17377,2012-09-08,1729,n,0,3.0,324.1,294.17,0.5,0.41,N,VIIRS,2,2012
-2.45385,114.17437,2012-09-08,1729,n,0,1.98,316.23,293.14,0.5,0.41,N,VIIRS,2,2012
-2.45314,114.16985,2012-09-08,1729,n,0,3.44,321.71,293.36,0.5,0.41,N,VIIRS,2,2012
-2.45099,114.25323,2012-09-08,1729,n,0,0.98,302.87,291.66,0.5,0.41,N,VIIRS,2,2012
-2.42139,116.5028,2012-09-09,609,n,0,13.33,335.04,299.1,0.59,0.53,N,VIIRS,2,2012
-2.41651,116.50208,2012-09-09,609,n,0,13.33,339.11,301.18,0.59,0.53,N,VIIRS,2,2012
-2.41864,116.50605,2012-09-09,609,n,0,21.46,341.65,302.66,0.59,0.53,N,VIIRS,2,2012
-2.41948,116.50065,2012-09-09,609,n,0,21.46,333.26,298.09,0.59,0.53,N,VIIRS,2,2012
-2.34865,116.50617,2012-09-09,609,n,0,11.61,352.95,299.48,0.59,0.53,N,VIIRS,2,2012
-2.35468,116.46863,2012-09-09,609,n,0,7.96,335.27,298.76,0.59,0.53,N,VIIRS,2,2012
-2.42037,115.90948,2012-09-09,609,n,0,9.66,339.69,293.42,0.54,0.51,N,VIIRS,2,2012
-2.42104,115.90536,2012-09-09,609,n,0,6.47,330.45,291.88,0.54,0.51,N,VIIRS,2,2012
-2.41561,115.90928,2012-09-09,609,n,0,9.66,339.33,292.82,0.54,0.51,N,VIIRS,2,2012
-2.41629,115.90506,2012-09-09,609,n,0,6.47,338.02,292.91,0.54,0.51,N,VIIRS,2,2012
-2.49441,115.06084,2012-09-09,609,n,0,6.12,343.81,296.73,0.47,0.48,N,VIIRS,2,2012
-2.30067,116.1951,2012-09-09,609,n,0,4.67,335.41,297.57,0.56,0.52,N,VIIRS,2,2012
-2.45984,115.05116,2012-09-09,609,n,0,6.59,354.74,291.26,0.47,0.48,N,VIIRS,2,2012
-2.46051,115.04693,2012-09-09,609,n,0,6.59,335.09,290.76,0.47,0.48,N,VIIRS,2,2012
-2.3782,115.38774,2012-09-09,609,n,0,3.68,333.16,298.16,0.5,0.49,N,VIIRS,2,2012
-2.42239,115.12454,2012-09-09,609,n,0,3.65,333.08,294.1,0.48,0.48,N,VIIRS,2,2012
-2.37718,115.38808,2012-09-09,609,n,0,4.08,334.88,297.33,0.5,0.49,N,VIIRS,2,2012
-2.47097,114.5536,2012-09-09,609,n,0,53.25,346.77,301.87,0.44,0.46,N,VIIRS,2,2012
-2.47159,114.54966,2012-09-09,609,n,0,9.61,342.01,299.38,0.44,0.46,N,VIIRS,2,2012
-2.46671,114.55297,2012-09-09,609,n,0,15.35,353.01,297.82,0.44,0.46,N,VIIRS,2,2012
-2.30304,115.53508,2012-09-09,609,n,0,2.99,330.02,297.34,0.51,0.49,N,VIIRS,2,2012
-2.48088,114.40742,2012-09-09,609,n,0,24.19,353.78,298.95,0.43,0.46,N,VIIRS,2,2012
-2.29774,115.53896,2012-09-09,609,n,0,6.84,330.64,297.12,0.51,0.49,N,VIIRS,2,2012
-2.29847,115.53437,2012-09-09,609,n,0,2.99,330.33,297.17,0.51,0.49,N,VIIRS,2,2012
-2.47545,114.41449,2012-09-09,609,n,0,12.53,341.6,298.51,0.43,0.46,N,VIIRS,2,2012
-2.31014,115.37316,2012-09-09,609,n,0,5.24,332.84,299.61,0.5,0.49,N,VIIRS,2,2012
-2.4976,114.16573,2012-09-09,609,n,0,7.77,343.19,296.83,0.41,0.45,N,VIIRS,2,2012
-2.21008,115.93938,2012-09-09,609,n,0,5.14,336.39,294.85,0.54,0.51,N,VIIRS,2,2012
-2.29823,115.38976,2012-09-09,609,n,0,3.14,333.83,298.05,0.5,0.49,N,VIIRS,2,2012
-2.49227,114.17253,2012-09-09,609,n,0,5.63,336.93,287.33,0.41,0.45,N,VIIRS,2,2012
-2.49286,114.16881,2012-09-09,609,n,0,8.54,347.28,291.26,0.41,0.45,N,VIIRS,2,2012
-2.48101,114.1632,2012-09-09,609,n,0,22.88,347.43,298.24,0.41,0.45,N,VIIRS,2,2012
-2.16765,116.08215,2012-09-09,609,n,0,10.06,338.41,297.88,0.56,0.51,N,VIIRS,2,2012
-2.16849,116.077,2012-09-09,609,n,0,9.19,340.46,298.56,0.56,0.51,N,VIIRS,2,2012
-2.45774,114.25543,2012-09-09,609,n,0,7.38,355.2,298.97,0.42,0.45,N,VIIRS,2,2012
-2.15645,116.09109,2012-09-09,609,n,0,7.18,335.74,298.42,0.56,0.51,N,VIIRS,2,2012
-2.45357,114.25476,2012-09-09,609,n,0,10.12,339.33,299.3,0.42,0.45,N,VIIRS,2,2012
-2.4494,114.25412,2012-09-09,609,h,0,10.12,367.0,302.14,0.42,0.45,N,VIIRS,2,2012
-2.44879,114.2579,2012-09-09,609,n,0,12.7,336.34,301.97,0.42,0.45,N,VIIRS,2,2012
-2.46323,114.1681,2012-09-09,609,n,0,10.8,343.16,295.12,0.41,0.45,N,VIIRS,2,2012
-2.46383,114.16438,2012-09-09,609,n,0,7.81,355.42,299.03,0.41,0.45,N,VIIRS,2,2012
-2.46443,114.16066,2012-09-09,609,n,0,7.81,338.44,296.68,0.41,0.45,N,VIIRS,2,2012
-2.44522,114.25349,2012-09-09,609,n,0,6.33,344.33,298.19,0.42,0.45,N,VIIRS,2,2012
-2.45908,114.16747,2012-09-09,609,n,0,15.63,338.34,289.3,0.41,0.45,N,VIIRS,2,2012
-2.45968,114.16374,2012-09-09,609,n,0,29.71,354.36,303.7,0.41,0.45,N,VIIRS,2,2012
-2.46028,114.16002,2012-09-09,609,n,0,29.71,349.25,295.54,0.41,0.45,N,VIIRS,2,2012
-2.2634,115.34758,2012-09-09,609,n,0,11.07,345.47,299.09,0.49,0.49,N,VIIRS,2,2012
-2.45553,114.16312,2012-09-09,609,n,0,29.71,350.93,298.79,0.41,0.45,N,VIIRS,2,2012
-2.1676,116.07899,2012-09-09,609,h,0,14.57,367.0,299.89,0.56,0.51,N,VIIRS,2,2012
-2.44835,114.2536,2012-09-09,609,h,0,15.75,367.0,301.49,0.42,0.45,N,VIIRS,2,2012
-2.46214,114.16366,2012-09-09,609,h,0,24.11,367.0,302.48,0.41,0.45,N,VIIRS,2,2012
-2.44777,114.25739,2012-09-09,609,n,0,11.74,339.13,301.68,0.42,0.45,N,VIIRS,2,2012
-2.46156,114.16738,2012-09-09,609,n,0,11.38,348.41,292.54,0.41,0.45,N,VIIRS,2,2012
-2.46271,114.15993,2012-09-09,609,n,0,24.11,333.79,294.21,0.41,0.45,N,VIIRS,2,2012
-2.45742,114.16674,2012-09-09,609,n,0,11.38,334.24,289.67,0.41,0.45,N,VIIRS,2,2012
-2.45799,114.16301,2012-09-09,609,n,0,24.11,347.48,303.32,0.41,0.45,N,VIIRS,2,2012
-2.45856,114.15929,2012-09-09,609,n,0,24.11,348.35,297.28,0.41,0.45,N,VIIRS,2,2012
-2.15569,116.09306,2012-09-09,609,n,0,5.26,339.81,298.89,0.56,0.51,N,VIIRS,2,2012
-2.26624,115.34901,2012-09-09,609,n,0,7.58,339.9,298.52,0.5,0.49,N,VIIRS,2,2012
-2.11217,116.06004,2012-09-09,609,n,0,5.7,339.39,297.18,0.56,0.51,N,VIIRS,2,2012
-2.36712,114.33458,2012-09-09,609,n,0,5.3,349.08,298.83,0.42,0.45,N,VIIRS,2,2012
-2.36292,114.33395,2012-09-09,609,n,0,5.3,332.67,292.43,0.42,0.45,N,VIIRS,2,2012
-2.36352,114.33012,2012-09-09,609,n,0,5.3,338.04,298.21,0.42,0.45,N,VIIRS,2,2012
-2.1843,115.34098,2012-09-09,609,n,0,4.4,341.04,298.11,0.5,0.49,N,VIIRS,2,2012
-2.18503,115.33646,2012-09-09,609,n,0,4.4,330.08,296.29,0.5,0.49,N,VIIRS,2,2012
-2.18052,115.33576,2012-09-09,609,n,0,8.2,333.7,295.0,0.5,0.49,N,VIIRS,2,2012
-2.05165,116.10289,2012-09-09,609,n,0,4.69,332.86,299.19,0.56,0.51,N,VIIRS,2,2012
-2.03011,116.20515,2012-09-09,609,n,0,7.21,347.54,297.57,0.57,0.52,N,VIIRS,2,2012
-2.04687,116.10223,2012-09-09,609,n,0,17.13,356.71,300.75,0.56,0.51,N,VIIRS,2,2012
-2.04377,116.09122,2012-09-09,609,n,0,6.9,340.51,299.13,0.56,0.51,N,VIIRS,2,2012
-2.03149,116.20325,2012-09-09,609,n,0,10.13,340.07,298.04,0.57,0.52,N,VIIRS,2,2012
-2.04666,116.10526,2012-09-09,609,n,0,12.21,340.97,299.29,0.56,0.52,N,VIIRS,2,2012
-2.04747,116.10002,2012-09-09,609,n,0,12.21,341.33,299.91,0.56,0.52,N,VIIRS,2,2012
-2.04429,116.08909,2012-09-09,609,n,0,6.6,342.38,299.11,0.56,0.51,N,VIIRS,2,2012
-2.02918,116.09209,2012-09-09,609,n,0,6.49,330.64,298.55,0.56,0.51,N,VIIRS,2,2012
-2.2963,114.37537,2012-09-09,609,n,0,62.5,346.89,308.4,0.43,0.46,N,VIIRS,2,2012
-2.03084,116.05025,2012-09-09,609,n,0,7.69,334.97,298.93,0.56,0.51,N,VIIRS,2,2012
-2.10303,115.58855,2012-09-09,609,n,0,3.92,333.61,295.17,0.52,0.5,N,VIIRS,2,2012
-2.21222,114.85959,2012-09-09,609,n,0,3.76,334.97,299.75,0.46,0.47,N,VIIRS,2,2012
-2.2059,114.87144,2012-09-09,609,n,0,6.34,330.81,299.59,0.46,0.47,N,VIIRS,2,2012
-2.20786,114.85892,2012-09-09,609,n,0,3.76,335.01,298.84,0.46,0.47,N,VIIRS,2,2012
-2.2184,114.76306,2012-09-09,609,n,0,48.57,349.61,305.33,0.45,0.47,N,VIIRS,2,2012
-2.12079,115.3561,2012-09-09,609,n,0,10.36,348.8,299.79,0.5,0.49,N,VIIRS,2,2012
-2.18596,114.94144,2012-09-09,609,n,0,7.41,344.15,297.14,0.47,0.47,N,VIIRS,2,2012
-2.23698,114.61622,2012-09-09,609,n,0,5.32,332.52,297.66,0.44,0.46,N,VIIRS,2,2012
-2.2752,114.37215,2012-09-09,609,n,0,10.27,348.23,300.24,0.43,0.46,N,VIIRS,2,2012
-1.96354,116.32146,2012-09-09,609,n,0,2.47,332.34,295.99,0.58,0.52,N,VIIRS,2,2012
-2.20584,114.78644,2012-09-09,609,n,0,12.01,333.31,303.94,0.46,0.47,N,VIIRS,2,2012
-2.20649,114.78231,2012-09-09,609,n,0,8.68,345.87,306.92,0.45,0.47,N,VIIRS,2,2012
-2.20714,114.77819,2012-09-09,609,n,0,8.68,346.54,306.92,0.45,0.47,N,VIIRS,2,2012
-2.23269,114.61558,2012-09-09,609,n,0,10.29,342.22,294.15,0.44,0.46,N,VIIRS,2,2012
-2.20085,114.78988,2012-09-09,609,h,0,12.01,367.0,308.12,0.46,0.47,N,VIIRS,2,2012
-2.2015,114.78575,2012-09-09,609,h,0,12.01,367.0,303.67,0.46,0.47,N,VIIRS,2,2012
-2.2002,114.79401,2012-09-09,609,n,0,41.19,343.57,306.08,0.46,0.47,N,VIIRS,2,2012
-2.20215,114.78165,2012-09-09,609,n,0,8.68,349.92,300.25,0.45,0.47,N,VIIRS,2,2012
-2.2028,114.7775,2012-09-09,609,n,0,8.68,335.26,298.27,0.45,0.47,N,VIIRS,2,2012
-2.00867,115.97529,2012-09-09,609,n,0,3.01,337.11,295.21,0.55,0.51,N,VIIRS,2,2012
-2.18997,114.83063,2012-09-09,609,n,0,8.14,335.0,296.71,0.46,0.47,N,VIIRS,2,2012
-2.19585,114.79333,2012-09-09,609,n,0,45.83,343.88,297.93,0.46,0.47,N,VIIRS,2,2012
-2.1965,114.78921,2012-09-09,609,n,0,48.99,349.79,301.9,0.46,0.47,N,VIIRS,2,2012
-2.01022,115.93506,2012-09-09,609,n,0,11.42,331.18,293.56,0.55,0.51,N,VIIRS,2,2012
-2.01102,115.93008,2012-09-09,609,n,0,11.42,344.36,292.09,0.55,0.51,N,VIIRS,2,2012
-2.18495,114.8341,2012-09-09,609,n,0,11.01,342.35,296.0,0.46,0.47,N,VIIRS,2,2012
-2.18561,114.82996,2012-09-09,609,n,0,8.14,353.6,296.64,0.46,0.47,N,VIIRS,2,2012
-2.18626,114.82582,2012-09-09,609,n,0,8.14,341.18,297.78,0.46,0.47,N,VIIRS,2,2012
-2.16829,114.8828,2012-09-09,609,n,0,22.04,354.61,300.81,0.46,0.47,N,VIIRS,2,2012
-2.2462,114.39157,2012-09-09,609,n,0,4.22,341.2,295.47,0.43,0.46,N,VIIRS,2,2012
-2.29002,114.11462,2012-09-09,609,n,0,1.54,333.57,297.44,0.41,0.45,N,VIIRS,2,2012
-2.24197,114.39094,2012-09-09,609,h,0,11.33,367.0,300.47,0.43,0.46,N,VIIRS,2,2012
-2.24259,114.38706,2012-09-09,609,n,0,7.69,337.67,300.47,0.43,0.46,N,VIIRS,2,2012
-2.23713,114.39416,2012-09-09,609,n,0,11.33,332.68,296.64,0.43,0.46,N,VIIRS,2,2012
-2.23775,114.3903,2012-09-09,609,n,0,11.33,352.18,299.83,0.43,0.46,N,VIIRS,2,2012
-2.22022,114.39159,2012-09-09,609,n,0,5.12,343.75,297.21,0.43,0.46,N,VIIRS,2,2012
-1.89391,116.20592,2012-09-09,609,n,0,4.3,333.75,298.63,0.57,0.52,N,VIIRS,2,2012
-1.84327,116.21397,2012-09-09,609,n,0,2.8,339.33,296.81,0.57,0.52,N,VIIRS,2,2012
-1.8914,115.91349,2012-09-09,609,n,0,19.98,345.22,274.76,0.55,0.51,N,VIIRS,2,2012
-2.03553,115.01045,2012-09-09,609,n,0,7.48,330.05,296.17,0.47,0.48,N,VIIRS,2,2012
-1.8867,115.91268,2012-09-09,609,n,0,19.98,343.7,274.72,0.55,0.51,N,VIIRS,2,2012
-2.04829,114.81787,2012-09-09,609,n,0,7.29,341.68,295.28,0.46,0.47,N,VIIRS,2,2012
-1.81854,116.18368,2012-09-09,609,n,0,6.0,335.72,296.48,0.57,0.52,N,VIIRS,2,2012
-1.82035,116.18056,2012-09-09,609,n,0,5.76,341.94,296.88,0.57,0.52,N,VIIRS,2,2012
-2.09121,114.25289,2012-09-09,609,n,0,5.23,342.16,304.2,0.42,0.45,N,VIIRS,2,2012
-2.09181,114.24904,2012-09-09,609,n,0,5.23,344.39,304.1,0.42,0.45,N,VIIRS,2,2012
-2.0441,114.44411,2012-09-09,609,n,0,3.16,333.04,299.41,0.43,0.46,N,VIIRS,2,2012
-2.03497,114.44674,2012-09-09,609,n,0,9.69,341.17,298.21,0.44,0.46,N,VIIRS,2,2012
-2.03559,114.4428,2012-09-09,609,n,0,6.92,338.97,297.63,0.43,0.46,N,VIIRS,2,2012
-1.72573,116.15546,2012-09-09,609,n,0,15.46,340.73,286.15,0.57,0.52,N,VIIRS,2,2012
-1.72657,116.15025,2012-09-09,609,n,0,15.46,339.87,278.44,0.57,0.52,N,VIIRS,2,2012
-2.05883,113.97215,2012-09-09,609,n,0,84.93,342.3,301.44,0.41,0.45,N,VIIRS,2,2012
-1.72696,116.15279,2012-09-09,609,n,0,27.19,355.13,286.23,0.57,0.52,N,VIIRS,2,2012
-2.06057,113.97189,2012-09-09,609,n,0,87.88,342.51,305.25,0.41,0.45,N,VIIRS,2,2012
-1.73427,115.19458,2012-09-09,609,n,0,4.9,336.64,288.74,0.49,0.49,N,VIIRS,2,2012
-1.70098,115.23045,2012-09-09,609,n,0,10.04,347.89,269.23,0.5,0.49,N,VIIRS,2,2012
-1.81714,114.46197,2012-09-09,609,n,0,15.57,342.41,300.24,0.44,0.46,N,VIIRS,2,2012
-1.66004,114.89059,2012-09-09,609,n,0,7.25,341.22,291.84,0.47,0.48,N,VIIRS,2,2012
-1.61282,114.81831,2012-09-09,609,n,0,5.36,333.55,294.62,0.47,0.47,N,VIIRS,2,2012
-1.6,114.78613,2012-09-09,609,n,0,3.71,331.92,297.27,0.46,0.47,N,VIIRS,2,2012
-1.60068,114.78191,2012-09-09,609,n,0,3.71,330.43,294.31,0.46,0.47,N,VIIRS,2,2012
-1.35864,116.36036,2012-09-09,609,n,0,5.36,334.37,286.25,0.6,0.53,N,VIIRS,2,2012
-1.60034,114.78625,2012-09-09,609,n,0,3.79,330.13,296.17,0.47,0.47,N,VIIRS,2,2012
-1.60099,114.78203,2012-09-09,609,n,0,3.79,333.02,293.84,0.46,0.47,N,VIIRS,2,2012
-1.59157,114.78487,2012-09-09,609,n,0,10.85,342.43,292.42,0.47,0.47,N,VIIRS,2,2012
-1.59352,114.77222,2012-09-09,609,n,0,6.75,340.53,291.99,0.46,0.47,N,VIIRS,2,2012
-1.10052,116.57488,2012-09-09,609,n,0,4.63,330.47,295.29,0.62,0.54,N,VIIRS,2,2012
-1.09836,116.65961,2012-09-09,609,n,0,7.2,346.43,290.28,0.63,0.54,N,VIIRS,2,2012
-0.96418,117.15113,2012-09-09,609,l,2,1.48,327.3,297.81,0.34,0.56,N,VIIRS,2,2012
-0.91534,116.91307,2012-09-09,609,n,0,3.19,331.99,282.42,0.33,0.55,N,VIIRS,2,2012
-1.10105,114.7085,2012-09-09,609,n,0,8.49,350.17,286.15,0.47,0.48,N,VIIRS,2,2012
-1.09665,114.7079,2012-09-09,609,l,0,17.2,356.96,284.9,0.47,0.48,N,VIIRS,2,2012
-1.0547,113.63519,2012-09-09,609,n,0,6.68,344.71,295.06,0.4,0.44,N,VIIRS,2,2012
-0.98852,113.80067,2012-09-09,609,n,0,17.36,341.9,297.07,0.41,0.45,N,VIIRS,2,2012
-0.98909,113.79691,2012-09-09,609,n,0,12.92,337.06,298.3,0.41,0.45,N,VIIRS,2,2012
0.89794,114.65376,2012-09-09,610,n,0,3.99,334.44,290.69,0.5,0.49,N,VIIRS,2,2012
-1.58745,114.78136,2012-09-09,1710,n,0,0.88,301.37,287.73,0.64,0.54,N,VIIRS,2,2012
-2.49391,114.16993,2012-09-09,1710,n,0,4.95,347.36,289.13,0.34,0.56,N,VIIRS,2,2012
-2.4934,114.16685,2012-09-09,1710,h,0,4.95,367.0,291.23,0.34,0.56,N,VIIRS,2,2012
-2.48824,114.16772,2012-09-09,1710,n,0,4.95,319.96,266.03,0.34,0.56,N,VIIRS,2,2012
-2.48621,114.15541,2012-09-09,1710,n,0,1.08,301.28,282.48,0.34,0.56,N,VIIRS,2,2012
-2.48874,114.17079,2012-09-09,1710,n,0,4.95,331.57,272.29,0.34,0.56,N,VIIRS,2,2012
-2.47851,114.14088,2012-09-09,1710,n,0,0.88,300.77,285.02,0.34,0.56,N,VIIRS,2,2012
-2.478,114.1378,2012-09-09,1710,n,0,0.88,312.72,286.26,0.34,0.56,N,VIIRS,2,2012
-2.46344,114.17815,2012-09-09,1710,n,0,1.5,310.68,268.48,0.34,0.56,N,VIIRS,2,2012
-2.46037,114.15971,2012-09-09,1710,n,0,2.28,317.43,283.9,0.34,0.56,N,VIIRS,2,2012
-2.4619,114.16893,2012-09-09,1710,n,0,4.86,323.29,284.38,0.34,0.56,N,VIIRS,2,2012
-2.46139,114.16586,2012-09-09,1710,n,0,4.86,339.03,286.33,0.34,0.56,N,VIIRS,2,2012
-2.46088,114.16278,2012-09-09,1710,n,0,2.28,322.05,284.63,0.34,0.56,N,VIIRS,2,2012
-2.45878,114.18208,2012-09-09,1710,n,0,1.5,314.28,272.41,0.34,0.56,N,VIIRS,2,2012
-2.45827,114.179,2012-09-09,1710,n,0,1.5,316.25,273.96,0.34,0.56,N,VIIRS,2,2012
-2.45571,114.16364,2012-09-09,1710,n,0,2.28,317.71,286.42,0.34,0.56,N,VIIRS,2,2012
-2.4552,114.16056,2012-09-09,1710,n,0,2.28,308.07,282.31,0.34,0.56,N,VIIRS,2,2012
-2.45776,114.17593,2012-09-09,1710,n,0,3.83,322.84,277.11,0.34,0.56,N,VIIRS,2,2012
-2.45725,114.17285,2012-09-09,1710,n,0,3.83,321.26,284.44,0.34,0.56,N,VIIRS,2,2012
-2.45208,114.17371,2012-09-09,1710,n,0,2.3,319.32,287.13,0.34,0.56,N,VIIRS,2,2012
-2.4526,114.17678,2012-09-09,1710,n,0,2.3,321.87,285.22,0.34,0.56,N,VIIRS,2,2012
-2.44743,114.17764,2012-09-09,1710,n,0,2.3,315.79,286.65,0.34,0.56,N,VIIRS,2,2012
-2.48068,114.40745,2012-09-09,1710,n,0,0.58,299.24,287.05,0.33,0.55,N,VIIRS,2,2012
-2.48018,114.40451,2012-09-09,1710,n,0,0.58,304.75,289.25,0.33,0.55,N,VIIRS,2,2012
-2.47659,114.41421,2012-09-09,1710,n,0,1.22,313.02,290.27,0.32,0.55,N,VIIRS,2,2012
-2.4756,114.40829,2012-09-09,1710,n,0,0.58,305.7,289.09,0.33,0.55,N,VIIRS,2,2012
-2.45135,114.17773,2012-09-09,1710,n,0,1.97,316.84,285.68,0.34,0.56,N,VIIRS,2,2012
-2.45037,114.17157,2012-09-09,1710,n,0,1.82,304.42,286.81,0.34,0.56,N,VIIRS,2,2012
-2.44988,114.16849,2012-09-09,1710,n,0,1.82,300.33,286.03,0.34,0.56,N,VIIRS,2,2012
-2.45086,114.17465,2012-09-09,1710,n,0,1.97,326.99,287.68,0.34,0.56,N,VIIRS,2,2012
-2.44619,114.17859,2012-09-09,1710,n,0,1.97,300.21,285.26,0.34,0.56,N,VIIRS,2,2012
-2.47267,114.4098,2012-09-09,1710,n,0,2.22,308.5,289.97,0.33,0.55,N,VIIRS,2,2012
-2.40404,114.24538,2012-09-09,1710,n,0,1.86,303.9,282.82,0.33,0.56,N,VIIRS,2,2012
-2.40355,114.24233,2012-09-09,1710,n,0,4.4,325.78,283.41,0.34,0.56,N,VIIRS,2,2012
-2.40305,114.23927,2012-09-09,1710,n,0,4.4,344.21,285.18,0.34,0.56,N,VIIRS,2,2012
-2.40255,114.23622,2012-09-09,1710,n,0,5.37,320.54,283.08,0.34,0.56,N,VIIRS,2,2012
-2.3989,114.24625,2012-09-09,1710,n,0,2.51,310.31,284.75,0.33,0.56,N,VIIRS,2,2012
-2.3979,114.24014,2012-09-09,1710,n,0,2.35,307.55,284.35,0.34,0.56,N,VIIRS,2,2012
-2.3984,114.24319,2012-09-09,1710,n,0,2.35,322.61,285.86,0.34,0.56,N,VIIRS,2,2012
-2.36065,114.33354,2012-09-09,1710,n,0,0.8,300.02,283.41,0.33,0.55,N,VIIRS,2,2012
-2.36014,114.33052,2012-09-09,1710,n,0,0.69,302.23,286.03,0.33,0.55,N,VIIRS,2,2012
-2.35855,114.33252,2012-09-09,1710,n,0,0.76,296.36,274.41,0.33,0.55,N,VIIRS,2,2012
-2.20528,114.78175,2012-09-09,1710,n,0,2.68,303.63,284.59,0.62,0.54,N,VIIRS,2,2012
-2.20553,114.78252,2012-09-09,1710,n,0,2.58,303.67,284.09,0.62,0.54,N,VIIRS,2,2012
-2.20236,114.79462,2012-09-09,1710,n,0,0.9,299.99,277.95,0.62,0.54,N,VIIRS,2,2012
-2.20056,114.78336,2012-09-09,1710,n,0,2.58,303.1,284.12,0.62,0.54,N,VIIRS,2,2012
-2.20146,114.78899,2012-09-09,1710,n,0,2.58,320.76,284.85,0.62,0.54,N,VIIRS,2,2012
-2.19739,114.79547,2012-09-09,1710,n,0,3.43,314.54,285.32,0.62,0.54,N,VIIRS,2,2012
-2.18881,114.83714,2012-09-09,1710,n,0,2.8,313.73,286.31,0.62,0.54,N,VIIRS,2,2012
-2.10983,114.44579,2012-09-09,1710,n,0,0.57,307.57,285.67,0.33,0.55,N,VIIRS,2,2012
-2.35675,116.16545,2012-09-09,1710,n,0,1.72,310.41,292.13,0.5,0.49,N,VIIRS,2,2012
-0.46531,117.58542,2012-09-09,1710,n,2,1.07,306.38,292.38,0.43,0.46,N,VIIRS,2,2012
-0.36584,116.53718,2012-09-09,1710,n,0,0.81,305.3,290.16,0.5,0.49,N,VIIRS,2,2012
-0.58094,117.38686,2012-09-09,1710,n,2,0.43,303.87,289.56,0.44,0.46,N,VIIRS,2,2012
-0.58459,117.38219,2012-09-09,1710,n,2,0.23,304.17,287.64,0.44,0.46,N,VIIRS,2,2012
-0.67521,117.24181,2012-09-09,1710,n,0,1.31,301.16,285.77,0.45,0.47,N,VIIRS,2,2012
-0.80682,117.10246,2012-09-09,1710,n,0,2.41,312.86,292.18,0.46,0.47,N,VIIRS,2,2012
-0.8118,117.10582,2012-09-09,1710,n,0,1.09,302.7,291.1,0.45,0.47,N,VIIRS,2,2012
-1.45,116.1473,2012-09-09,1710,n,0,1.0,303.69,291.64,0.52,0.5,N,VIIRS,2,2012
-1.51987,114.81015,2012-09-09,1710,n,0,1.76,311.81,287.54,0.63,0.54,N,VIIRS,2,2012
-1.59247,114.78048,2012-09-09,1710,n,0,0.88,303.24,286.85,0.64,0.54,N,VIIRS,2,2012
-1.59187,114.78452,2012-09-09,1710,n,0,2.51,310.61,285.96,0.63,0.54,N,VIIRS,2,2012
-1.60444,114.57412,2012-09-09,1710,n,0,0.84,307.92,290.61,0.33,0.55,N,VIIRS,2,2012
-2.49857,114.166,2012-09-09,1710,n,0,2.48,320.62,291.21,0.34,0.56,N,VIIRS,2,2012
-1.87716,116.37386,2012-09-10,550,n,0,4.94,341.69,302.24,0.45,0.39,N,VIIRS,2,2012
-1.903,116.22862,2012-09-10,550,n,0,3.92,338.2,303.42,0.45,0.39,N,VIIRS,2,2012
-2.25534,113.93427,2012-09-10,550,l,0,2.57,330.23,302.36,0.39,0.36,N,VIIRS,2,2012
-1.9035,116.24929,2012-09-10,550,n,0,1.77,332.92,300.26,0.45,0.39,N,VIIRS,2,2012
-1.9618,115.91376,2012-09-10,550,n,0,16.72,354.74,302.17,0.43,0.38,N,VIIRS,2,2012
-1.96531,115.91432,2012-09-10,550,n,0,31.92,349.84,310.91,0.43,0.38,N,VIIRS,2,2012
-1.96472,115.91823,2012-09-10,550,n,0,26.88,339.13,305.66,0.43,0.38,N,VIIRS,2,2012
-1.98727,115.93758,2012-09-10,550,n,0,3.25,334.14,299.81,0.43,0.38,N,VIIRS,2,2012
-2.04897,115.58592,2012-09-10,550,n,0,12.3,351.16,302.27,0.42,0.38,N,VIIRS,2,2012
-1.9925,115.9503,2012-09-10,550,n,0,4.05,338.25,303.37,0.43,0.38,N,VIIRS,2,2012
-1.99189,115.95424,2012-09-10,550,n,0,10.86,349.75,304.18,0.43,0.38,N,VIIRS,2,2012
-2.23713,114.38464,2012-09-10,550,n,0,5.02,332.38,299.42,0.39,0.36,N,VIIRS,2,2012
-2.2366,114.38815,2012-09-10,550,n,0,5.02,340.68,304.87,0.39,0.36,N,VIIRS,2,2012
-2.23606,114.39166,2012-09-10,550,l,0,5.13,336.14,308.24,0.39,0.36,N,VIIRS,2,2012
-2.05244,115.58643,2012-09-10,550,n,0,3.29,331.32,298.77,0.42,0.38,N,VIIRS,2,2012
-1.93861,116.32035,2012-09-10,550,n,0,14.86,345.11,303.12,0.45,0.39,N,VIIRS,2,2012
-2.24102,114.38164,2012-09-10,550,n,0,14.31,352.67,303.86,0.39,0.36,N,VIIRS,2,2012
-2.24048,114.38515,2012-09-10,550,n,0,5.02,337.67,297.8,0.39,0.36,N,VIIRS,2,2012
-2.23994,114.38866,2012-09-10,550,n,0,5.02,337.27,305.43,0.39,0.36,N,VIIRS,2,2012
-2.23941,114.39217,2012-09-10,550,n,0,5.13,338.86,309.47,0.39,0.36,N,VIIRS,2,2012
-1.94219,116.32088,2012-09-10,550,n,0,14.86,352.0,306.8,0.45,0.39,N,VIIRS,2,2012
-2.24437,114.38214,2012-09-10,550,n,0,6.43,344.18,296.42,0.39,0.36,N,VIIRS,2,2012
-2.16789,114.88197,2012-09-10,550,n,0,4.87,341.37,306.74,0.4,0.37,N,VIIRS,2,2012
-2.00221,116.02739,2012-09-10,550,n,0,2.01,338.34,303.07,0.44,0.38,N,VIIRS,2,2012
-2.26683,114.3246,2012-09-10,550,n,0,10.33,339.47,297.47,0.39,0.36,N,VIIRS,2,2012
0.40399,117.49531,2012-09-10,550,n,0,14.37,346.36,299.21,0.55,0.43,N,VIIRS,2,2012
0.06967,115.68091,2012-09-10,550,l,0,10.82,332.16,302.47,0.44,0.38,N,VIIRS,2,2012
0.06693,115.78349,2012-09-10,550,n,0,4.3,334.43,300.06,0.45,0.39,N,VIIRS,2,2012
0.31335,117.50914,2012-09-10,550,n,0,7.84,339.88,296.9,0.55,0.43,N,VIIRS,2,2012
0.31506,117.51209,2012-09-10,550,n,0,8.46,333.4,299.43,0.55,0.43,N,VIIRS,2,2012
0.17063,116.7325,2012-09-10,550,n,0,3.17,336.2,300.48,0.5,0.41,N,VIIRS,2,2012
0.13991,116.83387,2012-09-10,550,n,0,5.99,339.77,302.08,0.5,0.41,N,VIIRS,2,2012
0.18319,117.48894,2012-09-10,550,n,2,3.87,337.9,301.89,0.55,0.43,N,VIIRS,2,2012
-0.12398,115.68523,2012-09-10,550,n,0,86.64,340.64,301.6,0.44,0.38,N,VIIRS,2,2012
-0.21215,115.31656,2012-09-10,550,n,0,2.92,333.5,301.68,0.42,0.38,N,VIIRS,2,2012
-0.2289,115.27621,2012-09-10,550,n,0,2.84,330.29,300.33,0.42,0.38,N,VIIRS,2,2012
-0.14885,115.91734,2012-09-10,550,n,0,8.18,332.89,300.19,0.45,0.39,N,VIIRS,2,2012
-0.15243,115.91788,2012-09-10,550,n,0,8.18,355.23,304.73,0.45,0.39,N,VIIRS,2,2012
-0.1518,115.92193,2012-09-10,550,n,0,8.18,336.9,304.44,0.45,0.39,N,VIIRS,2,2012
-0.156,115.91845,2012-09-10,550,n,0,6.93,343.78,307.22,0.45,0.39,N,VIIRS,2,2012
-0.15538,115.92249,2012-09-10,550,n,0,6.93,344.49,304.26,0.45,0.39,N,VIIRS,2,2012
-0.21285,115.5967,2012-09-10,550,n,0,2.79,333.83,300.35,0.44,0.38,N,VIIRS,2,2012
-0.205,115.90926,2012-09-10,550,n,0,3.98,336.24,295.98,0.45,0.39,N,VIIRS,2,2012
-0.21103,115.89368,2012-09-10,550,n,0,4.46,335.48,299.02,0.45,0.39,N,VIIRS,2,2012
-0.24501,115.88641,2012-09-10,550,n,0,1.93,331.3,298.08,0.45,0.39,N,VIIRS,2,2012
-0.02082,117.38131,2012-09-10,550,n,0,7.45,337.99,299.14,0.54,0.42,N,VIIRS,2,2012
-0.15242,116.69023,2012-09-10,550,n,0,8.6,346.51,300.1,0.49,0.4,N,VIIRS,2,2012
-0.64118,113.61472,2012-09-10,550,n,0,2.5,330.84,288.72,0.39,0.36,N,VIIRS,2,2012
-0.1994,116.60735,2012-09-10,550,n,0,7.81,341.55,299.94,0.49,0.4,N,VIIRS,2,2012
-0.53408,114.47829,2012-09-10,550,n,0,2.98,334.03,295.23,0.4,0.37,N,VIIRS,2,2012
-0.11565,117.28474,2012-09-10,550,n,0,4.61,339.23,295.48,0.53,0.42,N,VIIRS,2,2012
-0.13613,117.25369,2012-09-10,550,n,0,7.83,338.26,300.67,0.53,0.42,N,VIIRS,2,2012
-0.40615,115.63014,2012-09-10,550,n,0,2.79,332.98,295.55,0.44,0.38,N,VIIRS,2,2012
-0.4058,115.63021,2012-09-10,550,n,0,2.63,333.22,295.82,0.43,0.38,N,VIIRS,2,2012
-0.6709,114.06168,2012-09-10,550,n,0,11.87,332.21,298.91,0.39,0.36,N,VIIRS,2,2012
-0.67037,114.06518,2012-09-10,550,n,0,11.87,334.69,299.52,0.39,0.36,N,VIIRS,2,2012
-0.67372,114.06567,2012-09-10,550,n,0,11.87,333.95,302.12,0.39,0.36,N,VIIRS,2,2012
-0.5493,114.90437,2012-09-10,550,n,0,13.55,340.59,304.52,0.41,0.37,N,VIIRS,2,2012
-0.27375,116.82568,2012-09-10,550,n,0,3.16,331.04,301.1,0.5,0.41,N,VIIRS,2,2012
-0.6367,114.51295,2012-09-10,550,n,0,26.32,340.89,304.57,0.4,0.37,N,VIIRS,2,2012
-0.68457,114.26543,2012-09-10,550,n,0,53.08,344.96,309.62,0.39,0.36,N,VIIRS,2,2012
-0.78954,113.79746,2012-09-10,550,n,0,2.56,336.04,300.6,0.39,0.36,N,VIIRS,2,2012
-0.26851,117.27229,2012-09-10,550,n,0,9.69,346.78,299.13,0.53,0.42,N,VIIRS,2,2012
-0.2704,117.27082,2012-09-10,550,n,0,10.11,339.58,301.27,0.53,0.42,N,VIIRS,2,2012
-0.51468,115.76694,2012-09-10,550,n,0,7.15,334.57,297.18,0.44,0.38,N,VIIRS,2,2012
-0.43312,116.36855,2012-09-10,550,n,0,5.07,338.35,300.73,0.47,0.4,N,VIIRS,2,2012
-0.43677,116.36909,2012-09-10,550,n,0,5.07,334.69,299.48,0.47,0.4,N,VIIRS,2,2012
-0.81981,113.95227,2012-09-10,550,n,0,2.51,331.96,301.21,0.39,0.36,N,VIIRS,2,2012
-0.81928,113.95575,2012-09-10,550,n,0,6.81,339.23,305.55,0.39,0.36,N,VIIRS,2,2012
-0.50005,116.17368,2012-09-10,550,n,0,5.59,335.97,299.35,0.46,0.39,N,VIIRS,2,2012
-0.87307,113.80356,2012-09-10,550,n,0,3.36,332.4,301.01,0.39,0.36,N,VIIRS,2,2012
-0.87202,113.81051,2012-09-10,550,n,0,9.19,332.77,302.1,0.39,0.36,N,VIIRS,2,2012
-0.87044,113.82095,2012-09-10,550,n,0,31.48,332.15,306.91,0.39,0.36,N,VIIRS,2,2012
-0.86939,113.8279,2012-09-10,550,n,0,1.61,331.4,296.28,0.39,0.36,N,VIIRS,2,2012
-0.87255,113.80704,2012-09-10,550,h,0,9.19,367.0,306.36,0.39,0.36,N,VIIRS,2,2012
-0.50202,116.35728,2012-09-10,550,l,0,10.1,332.55,306.08,0.47,0.4,N,VIIRS,2,2012
-0.47567,116.55788,2012-09-10,550,n,0,120.7,345.78,307.2,0.48,0.4,N,VIIRS,2,2012
-0.47936,116.55838,2012-09-10,550,l,0,263.69,367.0,329.57,0.48,0.4,N,VIIRS,2,2012
-0.48064,116.54984,2012-09-10,550,n,0,5.1,338.12,299.17,0.48,0.4,N,VIIRS,2,2012
-0.48,116.55412,2012-09-10,550,h,0,263.69,367.0,344.51,0.48,0.4,N,VIIRS,2,2012
-0.48433,116.55036,2012-09-10,550,n,0,5.1,340.73,287.94,0.48,0.4,N,VIIRS,2,2012
-0.48306,116.5589,2012-09-10,550,n,0,263.69,341.8,304.45,0.48,0.4,N,VIIRS,2,2012
-0.50483,116.36082,2012-09-10,550,l,0,6.15,332.95,305.82,0.47,0.4,N,VIIRS,2,2012
-0.47432,116.55633,2012-09-10,550,n,0,285.24,345.83,301.21,0.48,0.4,N,VIIRS,2,2012
-0.47935,116.5483,2012-09-10,550,n,0,6.42,332.88,295.63,0.48,0.4,N,VIIRS,2,2012
-0.47735,116.56109,2012-09-10,550,n,0,7.61,330.13,299.12,0.48,0.4,N,VIIRS,2,2012
-0.47802,116.55682,2012-09-10,550,h,0,285.24,367.0,354.64,0.48,0.4,N,VIIRS,2,2012
-0.48171,116.55733,2012-09-10,550,l,0,193.41,367.0,339.44,0.48,0.4,N,VIIRS,2,2012
-0.48304,116.54882,2012-09-10,550,n,0,2.22,338.79,289.63,0.48,0.4,N,VIIRS,2,2012
-0.48238,116.55308,2012-09-10,550,n,0,193.41,347.0,303.18,0.48,0.4,N,VIIRS,2,2012
-0.48541,116.55785,2012-09-10,550,l,0,193.41,367.0,329.96,0.48,0.4,N,VIIRS,2,2012
-0.48673,116.54932,2012-09-10,550,n,0,2.22,333.87,287.49,0.48,0.4,N,VIIRS,2,2012
-0.49042,116.54984,2012-09-10,550,n,0,0.65,330.04,288.89,0.48,0.4,N,VIIRS,2,2012
-0.48976,116.55411,2012-09-10,550,n,0,16.25,341.3,298.72,0.48,0.4,N,VIIRS,2,2012
-0.4891,116.55835,2012-09-10,550,n,0,16.25,339.1,307.78,0.48,0.4,N,VIIRS,2,2012
-0.42863,116.94706,2012-09-10,550,n,0,4.87,333.1,302.98,0.5,0.41,N,VIIRS,2,2012
-0.92263,113.76153,2012-09-10,550,n,0,2.5,333.53,301.49,0.39,0.36,N,VIIRS,2,2012
-0.44931,116.91319,2012-09-10,550,n,0,12.05,344.54,302.71,0.5,0.41,N,VIIRS,2,2012
-0.45308,116.91373,2012-09-10,550,n,0,12.05,348.07,308.06,0.5,0.41,N,VIIRS,2,2012
-0.45573,116.94649,2012-09-10,550,n,0,5.96,336.55,304.58,0.5,0.41,N,VIIRS,2,2012
-0.95226,113.72343,2012-09-10,550,l,0,44.36,309.07,313.1,0.39,0.36,N,VIIRS,2,2012
-0.95174,113.72689,2012-09-10,550,n,0,28.39,333.41,300.26,0.39,0.36,N,VIIRS,2,2012
-0.4595,116.94704,2012-09-10,550,n,0,5.25,333.04,301.21,0.5,0.41,N,VIIRS,2,2012
-0.46327,116.94762,2012-09-10,550,n,0,5.25,344.43,302.85,0.5,0.41,N,VIIRS,2,2012
-0.49037,116.89629,2012-09-10,550,n,0,4.24,336.39,304.11,0.5,0.41,N,VIIRS,2,2012
-0.50949,116.87158,2012-09-10,550,n,0,2.15,331.25,302.39,0.5,0.41,N,VIIRS,2,2012
-0.9891,113.81768,2012-09-10,550,n,0,35.05,345.13,306.36,0.39,0.36,N,VIIRS,2,2012
-1.04094,113.6064,2012-09-10,550,n,0,5.86,338.87,296.77,0.39,0.36,N,VIIRS,2,2012
-0.55069,116.8582,2012-09-10,550,l,0,10.7,332.45,303.45,0.5,0.41,N,VIIRS,2,2012
-0.55,116.86268,2012-09-10,550,n,0,10.7,344.39,306.98,0.5,0.41,N,VIIRS,2,2012
-1.01577,113.86141,2012-09-10,550,n,0,3.85,330.92,289.72,0.39,0.36,N,VIIRS,2,2012
-1.0207,113.85149,2012-09-10,550,n,0,9.33,329.83,291.1,0.39,0.36,N,VIIRS,2,2012
-1.02017,113.85496,2012-09-10,550,n,0,9.33,335.5,300.23,0.39,0.36,N,VIIRS,2,2012
-1.01964,113.85844,2012-09-10,550,n,0,176.64,350.41,302.19,0.39,0.36,N,VIIRS,2,2012
-1.01911,113.8619,2012-09-10,550,n,0,176.64,339.68,297.31,0.39,0.36,N,VIIRS,2,2012
-1.02297,113.85893,2012-09-10,550,l,0,176.64,367.0,360.39,0.39,0.36,N,VIIRS,2,2012
-1.02245,113.8624,2012-09-10,550,l,0,176.64,367.0,330.07,0.39,0.36,N,VIIRS,2,2012
-1.02403,113.85199,2012-09-10,550,n,0,9.33,336.78,289.26,0.39,0.36,N,VIIRS,2,2012
-1.0235,113.85546,2012-09-10,550,n,0,9.33,349.56,297.6,0.39,0.36,N,VIIRS,2,2012
-1.02736,113.85249,2012-09-10,550,n,0,4.43,333.57,297.85,0.39,0.36,N,VIIRS,2,2012
-1.02684,113.85596,2012-09-10,550,n,0,4.43,355.45,296.42,0.39,0.36,N,VIIRS,2,2012
-1.02631,113.85943,2012-09-10,550,n,0,37.67,343.28,309.59,0.39,0.36,N,VIIRS,2,2012
-1.02578,113.8629,2012-09-10,550,n,0,37.67,350.59,308.46,0.39,0.36,N,VIIRS,2,2012
-0.97471,114.37893,2012-09-10,550,n,0,5.96,346.0,300.34,0.39,0.37,N,VIIRS,2,2012
-0.62086,116.90076,2012-09-10,550,n,0,53.22,333.66,303.19,0.5,0.41,N,VIIRS,2,2012
-1.06542,114.09718,2012-09-10,550,n,0,49.67,348.22,298.55,0.39,0.36,N,VIIRS,2,2012
-0.64713,116.9047,2012-09-10,550,n,0,6.97,346.68,306.28,0.5,0.41,N,VIIRS,2,2012
-0.62714,116.96039,2012-09-10,550,n,0,23.86,338.23,301.96,0.5,0.41,N,VIIRS,2,2012
-1.15315,113.57816,2012-09-10,550,n,0,2.31,334.64,301.09,0.38,0.36,N,VIIRS,2,2012
-1.15263,113.58162,2012-09-10,550,n,0,5.24,336.81,301.99,0.38,0.36,N,VIIRS,2,2012
-0.64753,116.90384,2012-09-10,550,l,0,4.8,334.68,305.47,0.5,0.41,N,VIIRS,2,2012
-1.15736,113.61765,2012-09-10,550,n,0,31.62,340.74,307.57,0.38,0.36,N,VIIRS,2,2012
-1.15684,113.62111,2012-09-10,550,n,0,31.62,343.33,306.5,0.39,0.36,N,VIIRS,2,2012
-0.65337,116.89097,2012-09-10,550,l,0,17.75,336.55,307.57,0.5,0.41,N,VIIRS,2,2012
-0.69194,116.81491,2012-09-10,550,n,0,61.59,335.46,308.45,0.49,0.4,N,VIIRS,2,2012
-0.66855,116.96654,2012-09-10,550,n,0,6.8,338.35,302.84,0.5,0.41,N,VIIRS,2,2012
-0.68261,116.95024,2012-09-10,550,n,0,19.23,333.37,303.18,0.5,0.41,N,VIIRS,2,2012
-0.68192,116.95472,2012-09-10,550,n,0,19.23,338.26,306.77,0.5,0.41,N,VIIRS,2,2012
-1.01934,114.86372,2012-09-10,550,n,0,5.51,332.47,297.28,0.41,0.37,N,VIIRS,2,2012
-0.80956,116.24329,2012-09-10,550,n,0,3.48,333.65,302.89,0.46,0.39,N,VIIRS,2,2012
-1.02635,114.90953,2012-09-10,550,n,0,4.1,334.25,302.3,0.41,0.37,N,VIIRS,2,2012
-1.07857,114.86564,2012-09-10,550,n,0,3.84,334.41,303.12,0.4,0.37,N,VIIRS,2,2012
-0.76638,116.9341,2012-09-10,550,n,0,4.79,332.17,300.48,0.5,0.41,N,VIIRS,2,2012
-0.77083,116.93015,2012-09-10,550,n,0,6.97,331.56,301.03,0.5,0.41,N,VIIRS,2,2012
-0.77014,116.93464,2012-09-10,550,n,0,29.51,337.17,305.71,0.5,0.41,N,VIIRS,2,2012
-1.16261,114.45198,2012-09-10,550,n,0,103.32,335.82,299.42,0.4,0.37,N,VIIRS,2,2012
-1.16315,114.44843,2012-09-10,550,h,0,103.32,367.0,329.89,0.4,0.37,N,VIIRS,2,2012
-1.16652,114.44892,2012-09-10,550,n,0,30.63,340.74,307.31,0.4,0.37,N,VIIRS,2,2012
-0.80926,117.10719,2012-09-10,550,n,0,3.92,335.77,302.16,0.51,0.41,N,VIIRS,2,2012
-0.81266,117.1877,2012-09-10,550,l,0,2.37,331.14,301.38,0.51,0.41,N,VIIRS,2,2012
-0.81472,117.22592,2012-09-10,550,n,0,4.77,335.74,302.65,0.52,0.41,N,VIIRS,2,2012
-0.81402,117.23058,2012-09-10,550,n,0,5.11,331.92,300.11,0.52,0.41,N,VIIRS,2,2012
-0.81158,117.18645,2012-09-10,550,n,0,0.9,330.7,300.71,0.51,0.41,N,VIIRS,2,2012
-0.81648,117.22976,2012-09-10,550,n,0,9.71,340.25,302.17,0.51,0.41,N,VIIRS,2,2012
-0.88697,116.90113,2012-09-10,550,n,0,10.88,330.71,300.75,0.49,0.41,N,VIIRS,2,2012
-0.88629,116.90555,2012-09-10,550,n,0,32.94,337.68,308.94,0.49,0.41,N,VIIRS,2,2012
-0.89139,116.89728,2012-09-10,550,n,0,15.34,342.12,308.95,0.49,0.4,N,VIIRS,2,2012
-0.89071,116.9017,2012-09-10,550,n,0,15.34,332.91,300.35,0.49,0.41,N,VIIRS,2,2012
-0.89513,116.89784,2012-09-10,550,n,0,15.34,330.28,304.22,0.49,0.4,N,VIIRS,2,2012
-0.89445,116.90225,2012-09-10,550,n,0,15.34,333.49,300.89,0.49,0.41,N,VIIRS,2,2012
-0.8945,117.0769,2012-09-10,550,n,0,5.91,339.36,302.15,0.5,0.41,N,VIIRS,2,2012
-0.89381,117.08144,2012-09-10,550,l,0,2.43,330.62,300.83,0.5,0.41,N,VIIRS,2,2012
-1.44737,113.66987,2012-09-10,550,n,0,4.1,338.18,304.45,0.38,0.36,N,VIIRS,2,2012
-0.95774,116.93894,2012-09-10,550,n,0,25.81,340.48,304.14,0.49,0.41,N,VIIRS,2,2012
-0.95896,116.93718,2012-09-10,550,n,0,22.68,342.58,305.99,0.49,0.41,N,VIIRS,2,2012
-0.95028,117.04156,2012-09-10,550,l,0,3.51,331.06,305.54,0.5,0.41,N,VIIRS,2,2012
-0.96272,117.01126,2012-09-10,550,n,0,33.4,349.66,306.34,0.5,0.41,N,VIIRS,2,2012
-0.99689,116.81654,2012-09-10,550,n,0,1.57,331.55,299.57,0.49,0.4,N,VIIRS,2,2012
-0.99788,116.83462,2012-09-10,550,n,0,3.1,330.74,301.35,0.49,0.4,N,VIIRS,2,2012
-0.97006,117.0631,2012-09-10,550,n,0,8.61,343.81,302.76,0.5,0.41,N,VIIRS,2,2012
-0.97383,117.06367,2012-09-10,550,l,0,3.82,332.49,303.37,0.5,0.41,N,VIIRS,2,2012
-0.96423,117.15064,2012-09-10,550,l,2,1.77,330.61,302.33,0.51,0.41,N,VIIRS,2,2012
-1.04932,116.67342,2012-09-10,550,n,0,4.77,338.52,303.42,0.48,0.4,N,VIIRS,2,2012
-1.01945,116.99225,2012-09-10,550,n,0,10.63,353.86,302.74,0.5,0.41,N,VIIRS,2,2012
-1.0022,117.10508,2012-09-10,550,n,0,3.82,335.03,301.33,0.5,0.41,N,VIIRS,2,2012
-1.3586,114.90433,2012-09-10,550,n,0,4.96,332.55,301.37,0.4,0.37,N,VIIRS,2,2012
-1.11191,116.6082,2012-09-10,550,n,0,7.51,344.89,304.99,0.47,0.4,N,VIIRS,2,2012
-1.1186,116.61362,2012-09-10,550,n,0,2.71,338.93,304.18,0.47,0.4,N,VIIRS,2,2012
-1.33199,115.21953,2012-09-10,550,n,0,4.58,335.33,295.42,0.41,0.37,N,VIIRS,2,2012
